timestamp,ema50_dist_trx_btc_6h,ema200_dist_trx_btc_6h,upper_bb_dist_trx_btc_6h,lower_bb_dist_trx_btc_6h,width_bb_trx_btc_6h,rsi_trx_btc_6h,stoch_rsi_fastk_trx_btc_6h,stoch_rsi_fastd_trx_btc_6h,kijun_dist_trx_btc_6h,tenkan_dist_trx_btc_6h
2018-10-24 20:00:00,,,,,,,,,108.86,99.45
2018-10-25 02:00:00,,,,,,,,,108.86,99.45
2018-10-25 08:00:00,,,,,,,,,110.03,100.56
2018-10-25 14:00:00,,,,,,,,,108.86,99.45
2018-10-25 20:00:00,,,,,,,,,110.61,101.12
2018-10-26 02:00:00,,,,,,,,,111.2,101.68
2018-10-26 08:00:00,,,,,,,,,110.03,100.56
2018-10-26 14:00:00,,,,,,,,,109.44,100.0
2018-10-26 20:00:00,,,,,,,,,106.58,97.26
2018-10-27 02:00:00,,,,,,,,,107.71,98.35
2018-10-27 08:00:00,,,,,,,,,107.14,97.8
2018-10-27 14:00:00,,,,,,,,,108.86,99.45
2018-10-27 20:00:00,,,,,,,,,108.86,99.45
2018-10-28 02:00:00,,,,,,,,,108.29,98.9
2018-10-28 07:00:00,,,,,,50.0,,,108.86,99.45
2018-10-28 13:00:00,,,,,,54.12,,,107.71,98.35
2018-10-28 19:00:00,,,,,,54.12,,,107.71,98.35
2018-10-29 01:00:00,,,,,,51.65,,,108.29,98.9
2018-10-29 07:00:00,,,,,,43.17,,,110.61,101.12
2018-10-29 13:00:00,,,5.16,1.37,3.67,30.89,,,116.05,106.3
2018-10-29 19:00:00,,,4.75,0.32,4.32,35.3,18.97,6.32,114.81,105.13
2018-10-30 01:00:00,,,4.86,-0.07,4.82,35.3,21.22,13.4,114.81,105.13
2018-10-30 07:00:00,,,5.29,-0.18,5.34,34.04,25.62,21.94,115.43,105.71
2018-10-30 13:00:00,,,5.67,-0.32,5.84,32.78,42.88,29.91,116.05,106.3
2018-10-30 19:00:00,,,5.43,-0.89,6.19,35.35,100.0,56.17,115.43,105.71
2018-10-31 01:00:00,,,5.49,-1.14,6.49,35.35,100.0,80.96,115.43,105.71
2018-10-31 07:00:00,,,5.81,-1.16,6.81,33.85,41.6,80.53,116.05,106.3
2018-10-31 13:00:00,,,5.45,-1.68,6.99,36.75,100.0,80.53,115.43,105.71
2018-10-31 19:00:00,,,4.83,-2.04,6.78,39.59,100.0,80.53,114.81,105.13
2018-11-01 01:00:00,,,4.28,-2.38,6.6,42.39,100.0,100.0,114.2,104.55
2018-11-01 07:00:00,,,3.93,-2.37,6.26,42.39,100.0,100.0,114.2,104.55
2018-11-01 13:00:00,,,4.62,-1.67,6.2,36.51,0.0,66.67,116.05,106.3
2018-11-01 19:00:00,,,3.48,-2.51,5.96,44.76,100.0,66.67,114.2,104.55
2018-11-02 01:00:00,,,3.14,-2.46,5.58,44.76,100.0,66.67,114.2,104.55
2018-11-02 07:00:00,,,3.11,-2.14,5.22,42.62,74.05,91.35,114.81,105.13
2018-11-02 13:00:00,,,0.77,-3.87,4.71,57.82,100.0,91.35,110.61,101.12
2018-11-02 19:00:00,,,0.41,-3.65,4.12,57.82,100.0,91.35,110.61,101.12
2018-11-03 01:00:00,,,0.31,-3.14,3.49,55.39,84.01,94.67,111.2,101.68
2018-11-03 07:00:00,,,0.7,-2.5,3.23,50.79,53.75,79.25,112.39,102.82
2018-11-03 13:00:00,,,1.03,-2.13,3.18,48.62,0.0,45.92,112.99,103.39
2018-11-03 19:00:00,,,0.37,-2.98,3.39,54.86,67.81,40.52,111.2,101.68
2018-11-04 01:00:00,,,1.8,-1.58,3.37,45.04,0.0,22.6,114.2,104.55
2018-11-04 07:00:00,,,-0.51,-4.46,4.05,60.33,100.0,55.94,108.29,98.9
2018-11-04 13:00:00,,,-0.89,-5.75,5.02,64.58,100.0,66.67,106.01,96.72
2018-11-04 19:00:00,,,-0.13,-5.57,5.6,62.77,90.74,96.91,106.58,97.26
2018-11-05 01:00:00,,,0.71,-4.98,5.82,59.2,72.46,87.74,107.71,98.35
2018-11-05 07:00:00,,,0.71,-5.11,5.95,60.41,22.54,61.92,107.14,97.8
2018-11-05 13:00:00,,,0.29,-5.83,6.29,63.88,87.02,60.67,105.45,96.19
2018-11-05 19:00:00,,,-0.19,-6.9,6.97,67.92,100.0,69.85,103.23,94.07
2018-11-06 01:00:00,-3.32,,0.53,-6.61,7.37,65.93,77.25,88.09,103.78,94.59
2018-11-06 07:00:00,-3.94,,0.27,-7.35,7.9,68.87,100.0,92.42,102.14,93.03
2018-11-06 13:00:00,-4.52,,0.03,-7.93,8.28,71.52,100.0,92.42,100.53,91.49
2018-11-06 19:00:00,-5.07,,-0.07,-8.64,8.95,73.9,100.0,100.0,98.94,89.97
2018-11-07 01:00:00,-2.9,,2.25,-6.32,8.74,59.56,0.0,66.67,103.23,94.07
2018-11-07 07:00:00,-2.54,,2.55,-5.58,8.25,58.05,0.0,33.33,103.78,94.59
2018-11-07 13:00:00,-2.44,,2.68,-5.39,8.18,58.05,0.0,0.0,103.78,94.59
2018-11-07 19:00:00,-1.83,,3.29,-4.65,8.0,54.81,0.0,0.0,104.89,95.65
2018-11-08 01:00:00,-0.2,,4.96,-2.89,7.76,46.44,0.0,0.0,108.29,98.9
2018-11-08 07:00:00,-0.98,,3.99,-3.31,7.28,50.51,35.06,11.69,106.58,97.26
2018-11-08 13:00:00,-0.41,,4.38,-2.34,6.65,47.9,12.55,15.87,107.71,98.35
2018-11-08 19:00:00,1.21,,6.13,-0.7,6.65,41.04,0.0,15.87,111.2,101.68
2018-11-09 01:00:00,0.89,,5.58,-0.55,5.98,42.52,15.6,9.38,110.61,101.12
2018-11-09 07:00:00,0.32,,5.02,-1.19,6.1,45.46,46.67,20.76,109.44,100.0
2018-11-09 13:00:00,0.31,,5.05,-1.38,6.32,45.46,64.45,42.24,109.44,100.0
2018-11-09 19:00:00,0.03,,4.77,-1.78,6.45,47.03,100.0,70.38,108.86,99.45
2018-11-10 01:00:00,0.56,,5.4,-1.39,6.65,44.28,39.09,67.85,110.03,100.56
2018-11-10 07:00:00,1.08,,6.06,-1.11,6.99,41.66,0.0,46.36,111.2,101.68
2018-11-10 13:00:00,0.23,,5.15,-2.09,7.13,46.76,94.82,44.64,109.44,100.0
2018-11-10 19:00:00,0.76,,5.59,-1.76,7.22,44.0,43.48,46.1,110.61,101.12
2018-11-11 01:00:00,1.0,,5.76,-1.73,7.34,42.64,19.26,52.52,111.2,101.68
2018-11-11 07:00:00,0.69,,5.15,-2.1,7.14,44.48,55.4,39.38,110.61,101.12
2018-11-11 13:00:00,1.21,,5.18,-1.56,6.63,41.61,0.0,24.89,111.8,102.25
2018-11-11 19:00:00,0.89,,3.88,-1.45,5.27,43.57,68.3,41.23,111.2,101.68
2018-11-12 01:00:00,1.67,,4.36,-0.69,4.96,39.3,0.0,22.77,112.99,103.39
2018-11-12 07:00:00,1.88,,4.26,-0.49,4.66,37.96,0.0,22.77,113.6,103.97
2018-11-12 13:00:00,1.53,,3.42,-0.68,4.04,40.16,39.07,13.02,112.99,103.39
2018-11-12 19:00:00,2.03,,3.57,-0.14,3.65,37.32,0.0,13.02,114.2,104.55
2018-11-13 01:00:00,2.23,,3.83,-0.13,3.88,35.95,0.0,13.02,114.81,105.13
2018-11-13 07:00:00,1.58,,2.89,-0.68,3.52,40.64,100.0,33.33,113.6,103.97
2018-11-13 13:00:00,2.36,,3.59,-0.02,3.55,36.34,8.35,36.12,115.43,105.71
2018-11-13 19:00:00,3.98,,5.77,0.97,4.64,29.6,0.0,36.12,119.19,109.3
2018-11-14 01:00:00,4.7,,7.06,1.0,5.82,26.91,0.0,2.78,121.11,111.14
2018-11-14 07:00:00,4.81,,7.53,0.55,6.71,26.06,0.0,0.0,121.76,111.76
2018-11-14 13:00:00,6.74,,10.2,1.46,8.26,21.05,0.0,0.0,126.43,116.22
2018-11-14 19:00:00,4.96,,8.44,-0.6,8.69,31.22,100.0,33.33,123.08,113.02
2018-11-15 01:00:00,6.59,,10.5,0.28,9.7,26.77,56.19,52.06,127.11,116.87
2018-11-15 07:00:00,6.02,,10.16,-0.73,10.41,28.6,74.17,76.79,126.43,116.22
2018-11-15 13:00:00,5.18,,9.18,-1.75,10.54,32.24,100.0,76.79,125.07,114.93
2018-11-15 19:00:00,4.38,,8.18,-2.6,10.49,35.77,100.0,91.39,123.74,113.65
2018-11-16 01:00:00,2.74,,6.21,-4.08,10.18,43.67,100.0,100.0,120.47,110.53
2018-11-16 07:00:00,3.21,,6.34,-3.54,9.74,41.48,85.42,95.14,121.76,111.76
2018-11-16 13:00:00,2.51,,5.28,-4.08,9.3,44.49,100.0,95.14,120.47,110.53
2018-11-16 19:00:00,3.57,,5.96,-2.94,8.77,40.05,49.1,78.17,123.08,113.02
2018-11-17 01:00:00,4.03,,6.15,-2.46,8.46,38.01,0.0,49.7,124.4,114.29
2018-11-17 07:00:00,3.87,,5.7,-2.52,8.1,38.01,0.0,16.37,124.4,114.29
2018-11-17 13:00:00,2.83,,4.18,-3.23,7.38,43.06,77.94,25.98,122.42,112.39
2018-11-17 19:00:00,3.01,,3.95,-2.83,6.74,41.83,75.78,51.24,123.08,113.02
2018-11-18 01:00:00,2.02,,2.55,-3.49,6.06,46.72,100.0,84.57,121.11,111.14
2018-11-18 07:00:00,3.7,,3.53,-1.44,4.92,39.56,17.81,64.53,125.07,114.93
2018-11-18 13:00:00,2.96,,2.17,-1.66,3.82,42.71,44.01,53.94,123.74,113.65
2018-11-18 19:00:00,3.74,,2.8,-0.8,3.56,39.39,0.0,20.61,125.75,115.57
2018-11-19 01:00:00,6.98,,6.78,1.55,5.02,30.15,0.0,14.67,133.44,122.91
2018-11-19 07:00:00,9.66,,10.8,2.67,7.62,24.98,0.0,0.0,140.13,129.3
2018-11-19 13:00:00,6.66,,8.25,-0.43,8.35,35.55,59.63,19.88,134.16,123.6
2018-11-19 19:00:00,6.08,,7.93,-1.21,8.84,36.75,81.68,47.1,133.44,122.91
2018-11-20 01:00:00,8.77,,11.48,0.59,10.27,31.13,52.28,64.53,140.13,129.3
2018-11-20 07:00:00,11.86,,16.04,2.05,12.82,26.32,11.38,48.45,148.03,136.84
2018-11-20 13:00:00,7.64,,12.02,-2.18,13.53,37.73,100.0,54.55,139.37,128.57
2018-11-20 19:00:00,8.67,,13.47,-1.76,14.39,35.57,81.09,64.16,142.44,131.51
2018-11-21 01:00:00,9.01,,13.92,-1.91,14.94,34.51,71.78,84.29,144.01,133.01
2018-11-21 07:00:00,6.33,,10.95,-4.4,14.87,41.13,100.0,84.29,138.61,127.85
2018-11-21 13:00:00,7.06,,11.41,-3.8,14.65,39.3,72.3,81.36,140.89,130.03
2018-11-21 19:00:00,4.22,,8.14,-6.24,14.24,46.19,100.0,90.77,134.89,124.3
2018-11-22 01:00:00,4.37,,8.04,-6.01,13.9,45.5,94.05,88.78,135.63,125.0
2018-11-22 07:00:00,4.83,,8.22,-5.48,13.52,44.07,69.18,87.74,137.11,126.42
2018-11-22 13:00:00,4.33,,7.14,-5.67,12.71,45.0,82.67,81.97,136.36,125.71
2018-11-22 19:00:00,4.79,,7.04,-4.95,11.87,43.44,0.0,50.62,137.85,127.13
2018-11-23 01:00:00,5.89,,7.22,-3.45,10.46,40.43,0.0,27.56,140.89,130.03
2018-11-23 07:00:00,5.33,,6.02,-3.57,9.48,41.52,23.89,7.96,140.13,129.3
2018-11-23 13:00:00,5.77,,5.45,-2.51,7.84,39.95,0.0,7.96,141.67,130.77
2018-11-23 19:00:00,4.9,,3.55,-2.53,6.04,42.3,67.46,30.45,140.13,129.3
2018-11-24 01:00:00,3.44,,2.0,-3.66,5.7,46.81,100.0,55.82,137.11,126.42
2018-11-24 07:00:00,4.25,,2.98,-2.72,5.69,44.03,59.56,75.67,139.37,128.57
2018-11-24 13:00:00,4.4,,3.01,-2.38,5.37,43.11,46.19,68.58,140.13,129.3
2018-11-24 19:00:00,1.74,,0.38,-4.76,5.26,51.77,100.0,68.58,134.16,123.6
2018-11-25 01:00:00,4.8,,3.6,-1.77,5.32,42.97,0.0,48.73,141.67,130.77
2018-11-25 07:00:00,5.59,,4.33,-0.39,4.63,40.73,0.0,33.33,144.01,133.01
2018-11-25 13:00:00,8.42,,8.06,1.51,6.25,34.87,0.0,0.0,151.33,140.0
2018-11-25 19:00:00,6.04,,6.04,-0.75,6.62,40.97,36.1,12.03,146.41,135.29
2018-11-26 01:00:00,4.17,,4.32,-2.26,6.51,45.55,100.0,45.37,142.44,131.51
2018-11-26 07:00:00,4.33,,4.6,-2.08,6.6,44.8,92.99,76.37,143.23,132.26
2018-11-26 13:00:00,4.81,,5.3,-1.63,6.8,43.27,78.66,90.55,144.81,133.77
2018-11-26 19:00:00,4.62,,4.99,-1.74,6.63,43.27,50.21,73.95,144.81,133.77
2018-11-27 01:00:00,4.77,,5.05,-1.57,6.51,42.43,0.0,42.96,145.6,134.53
2018-11-27 07:00:00,4.25,,4.49,-1.99,6.4,43.61,49.76,33.32,144.81,133.77
2018-11-27 13:00:00,4.09,,4.17,-2.03,6.14,43.61,100.0,49.92,144.81,133.77
2018-11-27 19:00:00,2.96,,2.95,-2.95,5.91,47.36,100.0,83.25,142.44,131.51
2018-11-28 01:00:00,3.16,,3.23,-2.68,5.89,46.26,77.6,92.53,143.23,132.26
2018-11-28 07:00:00,2.72,,2.81,-3.0,5.82,47.57,100.0,92.53,142.44,131.51
2018-11-28 13:00:00,-12.44,,-7.46,-21.72,16.7,78.85,100.0,92.53,105.45,96.19
2018-11-28 19:00:00,-6.33,,0.09,-16.98,18.65,62.39,49.49,83.16,119.19,109.3
2018-11-29 01:00:00,-10.32,,-2.3,-22.02,22.44,67.75,65.94,71.81,108.86,99.45
2018-11-29 07:00:00,-13.35,,-3.19,-26.51,27.39,71.59,76.8,64.08,100.53,91.49
2018-11-29 13:00:00,-12.61,,-0.54,-27.09,30.81,70.99,52.23,64.99,101.07,92.0
2018-11-29 19:00:00,-10.28,,3.2,-25.85,32.76,66.15,40.84,56.62,105.45,96.19
2018-11-30 01:00:00,-5.95,,8.68,-22.12,33.02,57.68,0.0,31.02,114.81,105.13
2018-11-30 07:00:00,-4.15,,11.04,-20.2,32.73,54.85,0.0,13.61,118.55,108.7
2018-11-30 13:00:00,-6.83,,8.24,-21.72,32.13,58.84,24.75,8.25,111.8,102.25
2018-11-30 19:00:00,-7.56,,7.77,-21.82,31.83,60.22,47.53,24.09,109.44,100.0
2018-12-01 01:00:00,-6.01,,9.77,-19.97,31.34,57.62,51.66,41.31,112.39,102.82
2018-12-01 07:00:00,-8.25,,7.48,-21.37,30.99,61.22,100.0,66.4,106.58,97.26
2018-12-01 13:00:00,-6.45,,9.58,-18.93,29.91,58.04,11.51,54.39,110.03,100.56
2018-12-01 19:00:00,-6.45,,9.45,-17.89,28.54,58.42,22.3,44.6,109.44,100.0
2018-12-02 01:00:00,-5.94,,9.68,-16.14,26.69,57.85,6.29,13.37,110.03,100.56
2018-12-02 07:00:00,-5.71,,9.43,-14.47,24.51,57.85,0.0,9.53,110.03,100.56
2018-12-02 13:00:00,-5.49,,8.9,-12.52,21.81,57.85,0.0,2.1,110.03,100.56
2018-12-02 19:00:00,-5.52,,7.9,-10.7,18.86,58.36,89.01,29.67,109.44,100.0
2018-12-03 01:00:00,-5.31,,6.62,-8.04,14.77,58.36,100.0,63.0,109.44,100.0
2018-12-03 07:00:00,-5.1,,4.3,-4.35,8.65,58.36,100.0,96.34,109.44,100.0
2018-12-03 13:00:00,-3.62,,5.54,-3.11,8.54,54.24,0.0,66.67,112.39,102.82
2018-12-03 19:00:00,-3.47,,5.26,-2.53,7.69,54.24,0.0,33.33,112.39,102.82
2018-12-04 01:00:00,-2.55,,6.15,-1.94,7.92,51.69,0.0,0.0,114.2,104.55
2018-12-04 07:00:00,-5.53,,1.94,-4.8,6.83,59.81,100.0,33.33,107.14,97.8
2018-12-04 13:00:00,-5.57,,0.96,-4.64,5.7,60.41,100.0,66.67,106.58,97.26
2018-12-04 19:00:00,-4.85,,1.31,-4.01,5.4,58.53,78.51,92.84,107.71,98.35
2018-12-05 01:00:00,-6.39,,-0.15,-5.77,5.79,62.87,100.0,92.84,103.78,94.59
2018-12-05 07:00:00,-7.1,,-0.87,-6.35,5.68,65.12,100.0,92.84,101.6,92.51
2018-12-05 13:00:00,-6.58,,-0.07,-6.17,6.29,64.07,84.15,94.72,102.14,93.03
2018-12-05 19:00:00,-6.08,,0.59,-6.0,6.77,62.99,67.64,83.93,102.69,93.55
2018-12-06 01:00:00,-5.84,,0.9,-5.85,6.93,62.99,5.14,52.31,102.69,93.55
2018-12-06 07:00:00,-4.13,,2.58,-4.3,6.95,56.34,0.0,24.26,106.01,96.72
2018-12-06 13:00:00,-4.72,,1.92,-4.99,7.02,58.69,30.36,11.83,104.34,95.12
2018-12-06 19:00:00,-3.28,,3.35,-3.6,6.96,53.52,0.0,10.12,107.14,97.8
2018-12-07 01:00:00,-6.11,,0.52,-6.69,7.45,62.14,91.0,40.45,100.53,91.49
2018-12-07 07:00:00,-7.75,,-0.67,-8.89,8.63,66.58,100.0,63.67,96.35,87.5
2018-12-07 13:00:00,-6.75,,0.67,-8.15,9.16,63.57,76.92,89.31,97.9,88.98
2018-12-07 19:00:00,-8.33,,-0.44,-10.25,10.36,67.76,100.0,92.31,93.83,85.09
2018-12-08 01:00:00,-8.0,,0.35,-10.3,11.2,67.76,100.0,92.31,93.83,85.09
2018-12-08 07:00:00,-6.54,,2.07,-8.92,11.38,62.54,0.0,66.67,96.35,87.5
2018-12-08 13:00:00,-7.89,,0.81,-10.2,11.55,66.44,74.67,58.22,92.84,84.14
2018-12-08 19:00:00,-6.89,,1.86,-8.92,11.17,63.4,16.34,30.34,94.33,85.57
2018-12-09 01:00:00,-6.62,,1.84,-7.97,10.12,63.4,16.34,35.78,94.33,85.57
2018-12-09 07:00:00,-5.9,,2.55,-7.11,9.89,61.23,0.0,10.89,95.34,86.53
2018-12-09 13:00:00,-4.0,,4.41,-4.99,9.42,54.23,0.0,5.45,98.94,89.97
2018-12-09 19:00:00,-3.6,,4.52,-4.18,8.68,53.3,0.0,0.0,99.47,90.48
2018-12-10 01:00:00,-2.96,,5.04,-3.47,8.45,51.39,0.0,0.0,100.53,91.49
2018-12-10 07:00:00,-3.09,,4.77,-3.65,8.37,52.31,9.36,3.12,100.0,90.98
2018-12-10 13:00:00,-3.46,,4.23,-4.02,8.24,54.18,97.99,35.78,98.94,89.97
2018-12-10 19:00:00,-4.06,,3.45,-4.55,8.05,56.91,100.0,69.12,97.38,88.48
2018-12-11 01:00:00,-4.38,,2.98,-4.8,7.85,58.67,100.0,99.33,96.35,87.5
2018-12-11 07:00:00,-4.45,,2.58,-4.42,7.06,59.57,100.0,100.0,95.84,87.01
2018-12-11 13:00:00,-5.68,,1.11,-5.43,6.69,64.52,100.0,100.0,92.84,84.14
2018-12-11 19:00:00,-4.99,,1.2,-3.87,5.13,61.8,64.3,88.1,93.83,85.09
2018-12-12 01:00:00,-4.56,,1.48,-3.33,4.85,60.43,30.07,64.79,94.33,85.57
2018-12-12 07:00:00,-4.38,,1.56,-3.31,4.92,60.43,17.46,37.28,94.33,85.57
2018-12-12 13:00:00,-3.97,,1.88,-2.96,4.86,58.92,0.0,15.84,94.83,86.05
2018-12-12 19:00:00,-2.61,,3.09,-1.75,4.81,51.91,0.0,5.82,97.38,88.48
2018-12-13 01:00:00,-3.95,,1.46,-3.26,4.76,58.32,75.18,25.06,94.33,85.57
2018-12-13 07:00:00,-4.74,,0.67,-4.29,5.05,61.95,100.0,58.39,92.35,83.67
2018-12-13 13:00:00,-4.79,-10.43,0.51,-4.58,5.19,62.83,100.0,91.73,91.86,83.21
2018-12-13 19:00:00,-5.29,-10.99,0.11,-5.46,5.73,65.4,100.0,100.0,90.4,81.82
2018-12-14 01:00:00,-5.31,-11.11,0.24,-5.86,6.27,66.23,100.0,100.0,89.92,81.36
2018-12-14 07:00:00,-4.88,-10.77,0.82,-5.69,6.67,64.55,60.69,86.9,90.4,81.82
2018-12-14 13:00:00,-4.22,-10.22,1.51,-5.01,6.63,61.2,0.0,53.56,91.37,82.74
2018-12-14 19:00:00,-4.06,-10.12,1.61,-4.71,6.42,61.2,0.0,20.23,91.37,82.74
2018-12-15 01:00:00,-3.43,-9.56,2.04,-3.72,5.81,57.73,0.0,0.0,92.35,83.67
2018-12-15 07:00:00,-4.46,-10.59,0.8,-4.48,5.38,63.33,82.12,27.37,89.92,81.36
2018-12-15 13:00:00,-4.29,-10.49,0.84,-4.06,4.98,63.33,100.0,60.71,89.92,81.36
2018-12-15 19:00:00,-3.88,-10.16,1.12,-3.5,4.67,61.44,66.28,82.8,90.4,81.82
2018-12-16 01:00:00,-5.11,-11.39,-0.04,-4.83,4.91,67.67,100.0,88.76,87.56,79.1
2018-12-16 07:00:00,-4.91,-11.27,0.24,-4.7,5.05,67.67,100.0,88.76,87.56,79.1
2018-12-16 13:00:00,-5.17,-11.6,0.16,-5.26,5.57,69.57,100.0,100.0,86.63,78.22
2018-12-16 19:00:00,-4.06,-10.61,1.33,-4.2,5.61,61.75,3.82,67.94,88.5,80.0
2018-12-17 01:00:00,-4.13,-10.72,1.23,-4.28,5.59,62.88,14.37,39.4,88.03,79.55
2018-12-17 07:00:00,-3.97,-10.61,1.35,-4.07,5.5,62.88,14.37,10.85,88.03,79.55
2018-12-17 13:00:00,-3.81,-10.51,1.4,-3.77,5.23,62.88,14.37,14.37,88.03,79.55
2018-12-17 19:00:00,-3.66,-10.4,1.11,-3.0,4.15,62.88,100.0,42.91,88.03,79.55
2018-12-18 01:00:00,-4.43,-11.18,0.2,-3.63,3.9,67.94,100.0,71.46,86.17,77.78
2018-12-18 07:00:00,-4.03,-10.85,0.57,-3.22,3.84,65.53,52.47,84.16,86.63,78.22
2018-12-18 13:00:00,-3.87,-10.74,0.67,-3.05,3.77,65.53,52.47,68.31,86.63,78.22
2018-12-18 19:00:00,-3.49,-10.41,1.02,-2.73,3.78,62.95,1.4,35.45,87.1,78.66
2018-12-19 01:00:00,-8.77,-15.49,-2.92,-9.65,7.19,82.04,100.0,51.29,76.17,68.22
2018-12-19 07:00:00,-10.62,-17.43,-3.2,-13.09,10.77,85.56,100.0,67.13,71.75,64.01
2018-12-19 13:00:00,-8.81,-15.94,-0.52,-11.91,12.15,75.42,55.15,85.05,74.54,66.67
2018-12-19 19:00:00,-5.53,-12.99,3.11,-8.68,12.13,60.08,0.0,51.72,80.38,72.25
2018-12-20 01:00:00,-6.18,-13.68,2.48,-9.19,12.08,62.43,9.23,21.46,78.67,70.62
2018-12-20 07:00:00,-5.72,-13.34,3.04,-8.71,12.09,61.46,5.4,4.88,79.1,71.02
2018-12-20 13:00:00,-5.71,-13.41,3.08,-8.63,12.04,62.09,13.13,9.25,78.67,70.62
2018-12-20 19:00:00,-5.06,-12.87,3.72,-7.77,11.73,59.96,0.0,6.18,79.52,71.43
2018-12-21 01:00:00,-10.37,-17.95,-1.13,-13.75,13.64,73.3,100.0,37.71,68.68,61.07
2018-12-21 07:00:00,-17.84,-25.2,-6.1,-23.88,20.91,83.3,100.0,66.67,53.25,46.34
2018-12-21 13:00:00,-19.47,-27.14,-5.09,-27.89,27.3,85.27,100.0,100.0,48.72,42.01
2018-12-21 19:00:00,-19.91,-27.99,-3.25,-30.09,32.21,86.21,100.0,100.0,46.41,39.81
2018-12-22 01:00:00,-16.98,-25.72,1.53,-28.21,34.32,76.97,28.42,76.14,50.5,43.71
2018-12-22 07:00:00,-19.08,-28.02,0.48,-30.9,37.01,79.95,32.2,53.54,45.28,38.73
2018-12-22 13:00:00,-18.03,-27.46,2.85,-30.37,38.53,78.73,19.03,26.55,45.84,39.26
2018-12-22 19:00:00,-18.23,-28.01,3.53,-30.7,39.62,79.73,29.82,27.02,44.17,37.67
2018-12-23 01:00:00,-17.06,-27.32,5.61,-29.57,39.97,77.76,26.62,25.16,45.0,38.46
2018-12-23 07:00:00,-17.75,-28.27,5.29,-29.88,40.1,79.4,75.05,43.83,42.53,36.11
2018-12-23 13:00:00,-16.14,-27.18,7.46,-27.77,39.22,75.41,0.0,33.89,44.17,37.67
2018-12-23 19:00:00,-15.67,-27.05,7.93,-26.27,37.66,75.63,5.09,26.71,43.89,37.4
2018-12-24 01:00:00,-15.82,-27.46,7.87,-26.02,37.27,76.75,33.55,12.88,42.53,36.11
2018-12-24 07:00:00,-17.57,-29.29,6.03,-27.58,37.67,79.93,100.0,46.22,38.35,32.11
2018-12-24 13:00:00,-15.55,-27.83,8.58,-25.18,36.81,73.82,0.0,44.52,40.67,34.33
2018-12-24 19:00:00,-11.63,-24.64,12.76,-20.01,34.0,61.92,0.0,33.33,46.41,39.81
2018-12-25 01:00:00,-9.32,-22.76,14.61,-16.02,30.85,56.76,0.0,0.0,49.6,42.86
2018-12-25 07:00:00,-10.82,-24.17,11.33,-15.15,27.0,60.32,15.37,5.12,46.41,39.81
2018-12-25 13:00:00,-9.21,-22.89,11.41,-10.84,22.19,57.1,1.98,5.78,48.43,41.73
2018-12-25 19:00:00,-11.84,-25.28,5.32,-9.59,15.24,62.63,100.0,39.12,43.35,36.88
2018-12-26 01:00:00,-12.95,-26.41,1.55,-7.82,9.68,65.3,100.0,67.33,40.67,34.33
2018-12-26 07:00:00,-10.69,-24.62,3.38,-4.96,8.4,60.2,37.77,79.26,43.62,37.14
2018-12-26 13:00:00,-10.11,-24.23,3.56,-4.44,8.04,59.74,32.2,56.66,43.89,37.4
2018-12-26 19:00:00,-10.69,-24.84,2.54,-5.39,8.05,61.63,33.86,34.61,42.26,35.85
2018-12-27 01:00:00,-8.96,-23.45,3.85,-3.28,7.1,57.75,0.0,22.02,44.44,37.93
2018-12-27 07:00:00,-8.77,-23.36,3.67,-3.4,7.06,58.1,9.15,14.34,44.17,37.67
2018-12-27 13:00:00,-8.76,-23.42,3.3,-3.64,6.96,58.85,28.35,12.5,43.62,37.14
2018-12-27 19:00:00,-4.77,-20.03,7.81,-0.21,7.73,49.0,0.0,12.5,49.6,42.86
2018-12-28 01:00:00,-5.48,-20.61,6.82,-1.48,8.08,51.1,21.31,16.55,48.13,41.45
2018-12-28 07:00:00,-5.97,-21.01,5.87,-2.44,8.17,52.77,38.31,19.87,46.98,40.35
2018-12-28 13:00:00,-8.3,-23.03,2.94,-5.19,8.23,58.51,96.56,52.06,42.8,36.36
2018-12-28 19:00:00,-7.98,-22.8,3.0,-5.18,8.28,58.51,100.0,78.29,42.8,36.36
2018-12-29 01:00:00,-6.82,-21.84,3.89,-4.29,8.2,55.88,64.59,87.05,44.17,37.67
2018-12-29 07:00:00,-6.38,-21.47,3.33,-3.79,7.15,55.35,44.94,69.84,44.44,37.93
2018-12-29 13:00:00,-5.26,-20.51,3.9,-2.8,6.66,52.64,0.0,36.51,45.84,39.26
2018-12-29 19:00:00,-6.44,-21.5,2.41,-4.18,6.65,56.32,62.81,35.91,43.62,37.14
2018-12-30 01:00:00,-5.33,-20.54,3.22,-2.78,5.98,53.52,23.94,28.92,45.0,38.46
2018-12-30 07:00:00,-5.29,-20.49,3.03,-2.86,5.88,54.01,37.32,41.35,44.72,38.2
2018-12-30 13:00:00,-4.73,-19.98,3.29,-2.14,5.4,52.81,4.59,21.95,45.28,38.73
2018-12-30 19:00:00,-3.84,-19.17,4.03,-1.52,5.48,50.38,0.0,13.97,46.41,39.81
2018-12-31 01:00:00,-4.04,-19.29,3.14,-1.79,4.89,51.58,32.97,12.52,45.84,39.26
2018-12-31 07:00:00,-2.07,-17.52,5.21,-0.24,5.32,45.65,0.0,10.99,48.72,42.01
2018-12-31 13:00:00,-2.17,-17.51,4.99,-0.74,5.61,46.31,9.29,14.08,48.43,41.73
2018-12-31 19:00:00,-1.34,-16.68,5.65,-0.29,5.78,44.0,0.0,3.1,49.6,42.86
2019-01-01 01:00:00,-2.59,-17.65,4.11,-1.78,5.83,48.82,63.65,24.31,47.55,40.9
2019-01-01 07:00:00,-2.67,-17.63,3.78,-2.06,5.79,49.49,100.0,54.55,47.27,40.62
2019-01-01 13:00:00,-1.64,-16.65,4.62,-1.27,5.79,46.24,40.73,68.13,48.72,42.01
2019-01-01 19:00:00,-1.76,-16.65,4.35,-1.32,5.59,46.99,54.4,65.04,48.43,41.73
2019-01-02 01:00:00,-0.94,-15.83,5.25,-0.71,5.83,44.32,0.0,31.71,49.6,42.86
2019-01-02 07:00:00,-2.76,-17.29,3.21,-2.63,5.82,51.7,100.0,51.47,46.69,40.08
2019-01-02 13:00:00,-1.92,-16.48,3.65,-1.85,5.45,48.91,62.16,54.05,47.84,41.18
2019-01-02 19:00:00,-2.58,-16.96,2.43,-2.47,4.9,51.72,100.0,87.39,46.69,40.08
2019-01-03 01:00:00,-1.18,-15.65,3.61,-1.21,4.76,46.86,34.37,65.51,48.72,42.01
2019-01-03 07:00:00,-2.06,-16.31,2.37,-2.13,4.49,50.44,73.71,69.36,47.27,40.62
2019-01-03 13:00:00,-4.49,-18.35,-0.03,-4.9,4.99,58.81,100.0,69.36,43.35,36.88
2019-01-03 19:00:00,-3.78,-17.71,0.46,-4.3,4.85,56.6,81.54,85.08,44.17,37.67
2019-01-04 01:00:00,-4.16,-18.0,0.12,-4.97,5.21,58.29,95.64,92.39,43.35,36.88
2019-01-04 07:00:00,-4.35,-18.13,0.02,-5.47,5.64,59.42,100.0,92.39,42.8,36.36
2019-01-04 13:00:00,-7.85,-21.19,-2.44,-10.23,8.32,69.29,100.0,98.55,37.09,30.91
2019-01-04 19:00:00,-8.34,-21.68,-1.85,-11.79,10.67,71.01,100.0,100.0,35.86,29.73
2019-01-05 01:00:00,-10.18,-23.37,-2.39,-14.92,13.72,75.21,100.0,100.0,32.51,26.54
2019-01-05 07:00:00,-11.42,-24.58,-2.22,-17.3,16.71,77.92,100.0,100.0,30.0,24.14
2019-01-05 13:00:00,-12.56,-25.72,-1.93,-19.54,19.73,80.24,100.0,100.0,27.58,21.83
2019-01-05 19:00:00,-10.62,-24.2,1.06,-18.14,20.99,72.75,18.8,72.93,29.78,23.92
2019-01-06 01:00:00,-10.64,-24.35,1.79,-18.55,22.2,73.55,10.65,43.15,29.11,23.29
2019-01-06 07:00:00,-12.38,-25.98,0.82,-20.72,23.92,77.15,58.74,29.4,25.88,20.2
2019-01-06 13:00:00,-7.76,-22.13,6.26,-16.2,23.64,60.57,0.0,23.13,32.05,26.09
2019-01-06 19:00:00,-6.36,-20.95,7.82,-14.42,23.0,57.25,0.0,19.58,33.69,27.66
2019-01-07 01:00:00,-6.27,-20.88,7.73,-13.59,21.97,57.61,1.79,0.6,33.45,27.43
2019-01-07 07:00:00,-7.28,-21.77,6.52,-14.06,21.39,60.45,16.09,5.96,31.59,25.65
2019-01-07 13:00:00,-9.85,-24.04,3.68,-16.01,20.99,66.24,100.0,39.29,27.36,21.62
2019-01-07 19:00:00,-8.88,-23.29,4.74,-14.53,20.26,64.12,76.33,64.14,28.23,22.45
2019-01-08 01:00:00,-10.28,-24.57,2.97,-15.02,19.14,67.49,100.0,92.11,25.67,20.0
2019-01-08 07:00:00,-15.89,-29.54,-2.36,-20.74,20.78,76.44,100.0,92.11,16.9,11.63
2019-01-08 13:00:00,-13.47,-27.7,0.94,-18.45,21.24,69.99,47.63,82.54,19.49,14.1
2019-01-08 19:00:00,-15.87,-29.94,-1.01,-20.92,22.35,73.89,79.28,75.64,15.29,10.09
2019-01-09 01:00:00,-13.86,-28.45,1.55,-18.61,22.04,69.25,19.66,48.86,17.26,11.98
2019-01-09 07:00:00,-17.71,-31.93,-1.96,-22.58,23.5,74.82,77.46,58.8,11.05,6.04
2019-01-09 13:00:00,-21.52,-35.45,-4.23,-27.94,28.25,79.4,100.0,65.71,4.72,0.0
2019-01-09 19:00:00,-18.85,-33.55,0.14,-26.14,30.21,73.44,41.26,72.9,7.25,2.42
2019-01-10 01:00:00,-27.22,-40.9,-6.64,-36.84,38.6,81.58,100.0,80.42,-5.28,-9.55
2019-01-10 07:00:00,-19.3,-34.76,4.35,-30.5,40.09,65.16,0.0,47.09,4.0,-0.69
2019-01-10 13:00:00,-13.66,-30.35,11.68,-25.54,39.99,57.59,0.0,33.33,10.56,5.57
2019-01-10 19:00:00,-16.06,-32.48,8.79,-27.45,39.97,60.47,11.98,3.99,6.65,1.84
2019-01-11 01:00:00,-17.43,-33.82,7.36,-28.58,40.2,62.44,20.2,10.73,4.0,-0.69
2019-01-11 07:00:00,-12.96,-30.36,13.05,-24.4,39.7,56.84,0.0,10.73,8.96,4.05
2019-01-11 13:00:00,-14.34,-31.61,10.96,-24.63,38.21,58.77,34.48,18.23,6.5,1.69
2019-01-11 19:00:00,-10.52,-28.61,15.09,-19.66,35.57,54.35,0.0,11.49,10.72,5.73
2019-01-12 01:00:00,-5.45,-24.5,20.59,-13.32,32.72,49.19,0.0,11.49,16.72,11.46
2019-01-12 07:00:00,-5.09,-24.14,20.02,-11.3,30.01,49.04,0.0,0.0,16.9,11.63
2019-01-12 13:00:00,-4.75,-23.78,19.68,-9.83,28.12,48.89,0.0,0.0,17.08,11.8
2019-01-12 19:00:00,-4.14,-23.19,19.52,-7.86,25.88,48.4,0.0,0.0,17.63,12.32
2019-01-13 01:00:00,-0.39,-20.01,23.86,-3.69,25.03,44.56,0.0,0.0,22.2,16.69
2019-01-13 07:00:00,-1.9,-21.07,22.02,-5.66,25.59,46.47,42.52,14.17,20.26,14.83
2019-01-13 13:00:00,2.41,-17.34,27.98,-2.39,26.93,42.24,0.0,14.17,25.67,20.0
2019-01-13 19:00:00,2.48,-17.03,28.69,-3.65,28.73,42.09,0.0,14.17,25.88,20.2
2019-01-14 01:00:00,-8.18,-25.68,14.93,-13.62,28.37,54.76,100.0,33.33,12.37,7.3
2019-01-14 07:00:00,-5.71,-23.63,17.62,-11.75,28.54,52.04,78.5,59.5,15.11,9.92
2019-01-14 13:00:00,-8.43,-25.85,13.14,-14.6,27.94,55.33,100.0,92.83,11.37,6.35
2019-01-14 19:00:00,-10.37,-27.49,10.08,-16.8,27.82,57.88,100.0,92.83,8.49,3.6
2019-01-15 01:00:00,-7.68,-25.31,9.29,-12.63,22.28,54.53,42.65,80.88,11.37,6.35
2019-01-15 07:00:00,-8.41,-25.92,7.06,-13.28,21.0,55.75,63.64,68.76,10.07,5.11
2019-01-15 13:00:00,-6.51,-24.36,8.85,-11.75,20.91,53.43,0.0,35.43,12.04,6.98
2019-01-15 19:00:00,-6.66,-24.45,7.75,-11.98,20.15,53.94,11.63,25.09,11.54,6.51
2019-01-16 01:00:00,-5.46,-23.42,7.49,-10.51,18.27,52.48,0.0,3.88,12.71,7.62
2019-01-16 07:00:00,-6.18,-23.97,6.05,-11.35,17.88,53.83,41.24,17.62,11.54,6.51
2019-01-16 13:00:00,-7.0,-24.61,4.17,-12.09,16.93,55.39,100.0,47.08,10.23,5.26
2019-01-16 19:00:00,-7.75,-25.23,3.21,-13.19,17.26,56.96,100.0,80.41,8.96,4.05
2019-01-17 01:00:00,-4.68,-22.66,6.63,-10.3,17.24,51.81,0.0,66.67,12.37,7.3
2019-01-17 07:00:00,-5.3,-23.12,5.95,-10.88,17.25,53.12,25.33,41.78,11.37,6.35
2019-01-17 13:00:00,-6.81,-24.32,4.41,-12.35,17.46,55.9,79.42,34.92,9.28,4.35
2019-01-17 19:00:00,-6.54,-24.08,4.81,-12.04,17.48,55.9,79.42,61.39,9.28,4.35
2019-01-18 01:00:00,-5.89,-23.51,5.24,-10.61,16.29,55.02,78.61,79.15,9.75,4.8
2019-01-18 07:00:00,-5.66,-23.28,5.25,-9.74,15.34,55.02,68.59,75.54,9.75,4.8
2019-01-18 13:00:00,-5.31,-22.94,4.34,-7.3,11.82,54.69,0.0,49.07,9.91,4.96
2019-01-18 19:00:00,-4.16,-21.92,2.89,-2.64,5.52,52.32,0.0,22.86,11.05,6.04
2019-01-19 01:00:00,-2.2,-20.19,4.95,-0.86,5.7,48.15,0.0,0.0,13.21,8.11
2019-01-19 07:00:00,-2.54,-20.35,4.16,-0.79,4.87,49.16,14.66,4.89,12.71,7.62
2019-01-19 13:00:00,-1.59,-19.43,5.24,-0.24,5.34,47.19,0.0,4.89,13.73,8.6
2019-01-19 19:00:00,-0.95,-18.75,5.71,-0.0,5.55,45.86,0.0,4.89,14.42,9.26
2019-01-20 01:00:00,-1.06,-18.69,5.65,-0.52,6.02,46.27,12.3,4.1,14.24,9.09
2019-01-20 07:00:00,-1.02,-18.5,5.6,-0.85,6.3,46.27,12.3,8.2,14.24,9.09
2019-01-20 13:00:00,-1.69,-18.93,4.82,-1.72,6.45,48.51,100.0,41.53,13.38,8.27
2019-01-20 19:00:00,-1.77,-18.86,4.64,-2.0,6.56,48.96,100.0,70.77,13.21,8.11
2019-01-21 01:00:00,-1.56,-18.55,4.81,-1.93,6.64,48.5,82.77,94.26,13.38,8.27
2019-01-21 07:00:00,-7.49,-23.48,-0.91,-8.58,8.05,64.71,100.0,94.26,6.2,1.41
2019-01-21 13:00:00,-6.57,-22.7,0.31,-8.15,8.81,62.36,85.51,89.43,6.95,2.13
2019-01-21 19:00:00,-7.94,-23.86,-0.72,-10.24,10.08,65.83,100.0,95.17,5.01,0.28
2019-01-22 01:00:00,-9.43,-25.17,-1.35,-12.63,12.13,69.35,100.0,95.17,2.86,-1.77
2019-01-22 07:00:00,-8.1,-24.1,0.62,-11.89,13.26,65.48,44.64,81.55,4.0,-0.69
2019-01-22 13:00:00,-8.99,-24.88,0.25,-13.48,14.71,67.89,79.15,74.6,2.59,-2.04
2019-01-22 19:00:00,-8.4,-24.43,1.36,-13.49,15.8,66.88,36.32,53.37,2.86,-1.77
2019-01-23 01:00:00,-6.85,-23.16,3.29,-12.32,16.35,61.94,0.0,38.49,4.29,-0.41
2019-01-23 07:00:00,-9.46,-25.37,1.06,-15.42,17.75,68.04,100.0,45.44,0.94,-3.61
2019-01-23 13:00:00,-9.43,-25.41,1.7,-15.95,19.0,68.72,100.0,66.67,0.53,-4.0
2019-01-23 19:00:00,-8.01,-24.26,3.65,-14.81,19.54,64.33,35.21,78.4,1.75,-2.83
2019-01-24 01:00:00,-7.93,-24.22,3.97,-14.61,19.62,64.86,43.14,59.45,1.48,-3.1
2019-01-24 07:00:00,-9.37,-25.47,2.76,-15.97,20.06,68.68,99.02,59.12,-0.53,-5.01
2019-01-24 13:00:00,-8.19,-24.53,4.2,-14.5,19.71,65.13,18.18,53.45,0.4,-4.13
2019-01-24 19:00:00,-7.63,-24.08,4.71,-13.3,18.81,64.11,0.0,39.06,0.67,-3.87
2019-01-25 01:00:00,-7.57,-24.04,4.53,-12.42,17.65,64.7,13.02,10.4,0.4,-4.13
2019-01-25 07:00:00,-7.04,-23.6,4.66,-10.84,16.0,63.57,0.0,4.34,0.67,-3.87
2019-01-25 13:00:00,-6.4,-23.06,4.74,-9.05,14.09,61.81,0.0,4.34,1.07,-3.49
2019-01-25 19:00:00,-5.91,-22.63,4.34,-7.09,11.59,60.61,0.0,0.0,1.34,-3.23
2019-01-26 01:00:00,-5.56,-22.3,3.14,-4.56,7.75,59.99,0.0,0.0,1.48,-3.1
2019-01-26 07:00:00,-6.54,-23.1,1.75,-5.24,7.11,64.0,100.0,33.33,0.13,-4.38
2019-01-26 13:00:00,-11.14,-26.98,-2.51,-10.45,8.48,75.41,100.0,66.67,-5.28,-9.55
2019-01-26 19:00:00,-11.02,-26.99,-1.66,-10.99,9.96,75.98,100.0,100.0,-5.63,-9.89
2019-01-27 01:00:00,-13.88,-29.5,-3.2,-15.49,13.56,81.04,100.0,100.0,-9.27,-13.36
2019-01-27 07:00:00,-13.73,-29.54,-1.88,-16.36,15.94,81.57,100.0,100.0,-9.7,-13.77
2019-01-27 13:00:00,-10.11,-26.65,2.48,-13.08,16.43,66.7,0.0,66.67,-6.34,-10.56
2019-01-27 19:00:00,-10.98,-27.45,1.83,-14.18,17.06,69.12,16.31,38.77,-7.71,-11.87
2019-01-28 01:00:00,-6.14,-23.48,7.03,-9.02,16.22,54.8,0.0,5.44,-2.96,-7.34
2019-01-28 07:00:00,-8.5,-25.42,4.35,-11.37,16.29,59.94,19.2,11.84,-5.75,-10.0
2019-01-28 13:00:00,-4.26,-21.89,8.99,-7.24,16.08,50.75,0.0,6.4,-1.57,-6.01
2019-01-28 19:00:00,-5.51,-22.87,7.32,-8.21,15.6,53.46,14.76,11.32,-3.08,-7.46
2019-01-29 01:00:00,-4.83,-22.25,7.85,-7.31,15.12,52.43,18.23,11.0,-2.58,-6.98
2019-01-29 07:00:00,-6.03,-23.2,6.33,-8.49,14.98,55.23,48.74,27.24,-4.07,-8.4
2019-01-29 13:00:00,-7.04,-24.02,5.05,-9.37,14.74,57.69,100.0,55.66,-5.4,-9.66
2019-01-29 19:00:00,-6.54,-23.59,5.42,-8.67,14.33,57.08,88.33,79.02,-5.16,-9.43
2019-01-30 01:00:00,-7.07,-24.02,4.66,-8.99,13.96,58.73,100.0,96.11,-5.99,-10.22
2019-01-30 07:00:00,-7.67,-24.52,3.82,-9.33,13.52,60.6,100.0,96.11,-6.91,-11.11
2019-01-30 13:00:00,-4.43,-21.8,7.06,-5.63,12.61,52.3,0.0,66.67,-3.83,-8.16
2019-01-30 19:00:00,-4.37,-21.68,6.61,-4.92,11.43,52.57,3.24,34.41,-3.95,-8.28
2019-01-31 01:00:00,-3.97,-21.27,6.43,-3.71,10.0,51.94,0.0,1.08,-3.7,-8.05
2019-01-31 07:00:00,-0.26,-18.06,10.5,0.03,9.95,43.74,0.0,1.08,0.0,-4.51
2019-01-31 13:00:00,-0.13,-17.77,10.86,-0.62,10.92,43.49,0.0,0.0,0.13,-4.38
2019-01-31 19:00:00,2.77,-15.14,14.72,0.92,12.8,38.21,0.0,0.0,3.15,-1.5
2019-02-01 01:00:00,0.8,-16.57,11.89,-1.47,12.7,42.96,34.54,11.51,1.21,-3.36
2019-02-01 07:00:00,0.13,-16.96,10.07,-2.18,11.78,44.59,100.0,44.85,0.53,-4.0
2019-02-01 13:00:00,-0.14,-17.01,9.42,-2.78,11.81,45.27,100.0,78.18,0.27,-4.26
2019-02-01 19:00:00,-0.64,-17.27,8.03,-3.3,11.07,46.67,100.0,100.0,-0.26,-4.76
2019-02-02 01:00:00,0.67,-16.0,9.5,-2.43,11.52,43.66,18.94,72.98,1.07,-3.49
2019-02-02 07:00:00,0.25,-16.18,8.61,-3.06,11.35,44.81,38.21,52.38,0.67,-3.87
2019-02-02 13:00:00,0.37,-15.9,8.77,-3.18,11.63,44.48,27.38,28.18,0.8,-3.74
2019-02-02 19:00:00,0.75,-15.41,9.12,-3.14,11.9,43.46,0.0,21.86,1.21,-3.36
2019-02-03 01:00:00,1.11,-14.92,9.5,-3.12,12.23,42.41,0.0,9.13,1.62,-2.96
2019-02-03 07:00:00,0.29,-15.45,8.32,-4.11,12.17,45.26,100.0,33.33,0.8,-3.74
2019-02-03 13:00:00,1.32,-14.39,8.89,-3.25,11.81,42.26,0.0,33.33,1.89,-2.7
2019-02-03 19:00:00,1.79,-13.78,8.86,-2.9,11.42,40.8,0.0,33.33,2.45,-2.17
2019-02-04 01:00:00,2.66,-12.83,8.96,-2.02,10.61,38.32,0.0,0.0,3.43,-1.23
2019-02-04 07:00:00,-4.83,-19.16,-0.02,-8.82,9.21,60.29,100.0,33.33,-4.31,-8.63
2019-02-04 13:00:00,-4.41,-18.77,0.3,-8.62,9.3,59.51,96.48,65.49,-4.07,-8.4
2019-02-04 19:00:00,-3.41,-17.86,1.03,-7.71,9.04,56.77,83.98,93.48,-3.21,-7.57
2019-02-05 01:00:00,-3.27,-17.68,0.92,-7.65,8.87,56.77,83.98,88.14,-3.21,-7.57
2019-02-05 07:00:00,-2.55,-16.98,1.86,-7.08,9.19,54.68,0.0,55.98,-2.58,-6.98
2019-02-05 13:00:00,-1.47,-15.95,3.07,-6.08,9.29,51.42,0.0,27.99,-1.57,-6.01
2019-02-05 19:00:00,-0.03,-14.58,4.5,-4.33,8.82,47.24,0.0,0.0,-0.13,-4.64
2019-02-06 01:00:00,-0.03,-14.43,4.52,-4.22,8.72,47.24,0.0,0.0,-0.13,-4.64
2019-02-06 07:00:00,-0.28,-14.51,4.27,-4.41,8.69,48.13,11.94,3.98,-0.4,-4.89
2019-02-06 13:00:00,0.11,-14.03,4.7,-4.01,8.67,46.86,0.0,3.98,0.0,-4.51
2019-02-06 19:00:00,0.75,-13.32,5.37,-3.44,8.72,44.73,0.0,3.98,0.67,-3.87
2019-02-07 01:00:00,-0.56,-14.32,4.03,-4.58,8.63,49.65,100.0,33.33,-0.66,-5.14
2019-02-07 07:00:00,-0.41,-14.07,4.2,-4.37,8.57,49.18,90.42,63.47,-0.53,-5.01
2019-02-07 13:00:00,-0.01,-13.59,4.62,-3.91,8.5,47.71,60.67,83.69,-0.13,-4.64
2019-02-07 19:00:00,-0.14,-13.57,4.49,-3.89,8.36,48.27,71.9,74.33,-0.26,-4.76
2019-02-08 01:00:00,-0.01,-13.32,4.6,-3.57,8.13,47.72,0.49,44.35,-0.13,-4.64
2019-02-08 07:00:00,-0.39,-13.53,4.2,-3.83,8.02,49.56,100.0,57.46,-0.53,-5.01
2019-02-08 13:00:00,2.36,-10.95,7.21,-1.17,8.13,39.19,0.0,33.5,2.31,-2.31
2019-02-08 19:00:00,2.8,-10.36,7.83,-0.71,8.25,37.58,0.0,33.33,2.86,-1.77
2019-02-09 01:00:00,1.76,-11.1,6.65,-1.34,7.78,42.07,37.5,12.5,1.89,-2.7
2019-02-09 07:00:00,1.29,-11.34,5.62,-1.74,7.22,43.93,53.04,30.18,1.48,-3.1
2019-02-09 13:00:00,3.93,-8.8,8.19,0.46,7.41,35.7,0.0,30.18,4.29,-0.41
2019-02-09 19:00:00,4.76,-7.83,9.12,0.69,8.03,33.34,0.0,17.68,5.31,0.56
2019-02-10 01:00:00,6.43,-6.07,11.15,1.46,9.11,29.45,0.0,0.0,7.25,2.42
2019-02-10 07:00:00,6.18,-6.01,11.04,0.55,9.91,29.45,0.0,0.0,7.25,2.42
2019-02-10 13:00:00,5.79,-6.08,10.78,-0.36,10.59,30.18,11.63,3.88,7.1,2.27
2019-02-10 19:00:00,6.0,-5.62,11.29,-0.75,11.44,29.21,0.0,3.88,7.56,2.71
2019-02-11 01:00:00,5.62,-5.7,11.04,-1.55,12.02,30.02,83.24,31.63,7.41,2.56
2019-02-11 07:00:00,5.83,-5.24,11.32,-1.76,12.48,28.95,0.0,27.75,7.87,3.0
2019-02-11 13:00:00,7.38,-3.55,13.2,-0.96,13.34,25.1,0.0,27.75,9.75,4.8
