timestamp,ema50_dist_xrp_btc_30m,ema200_dist_xrp_btc_30m,lower_bb_dist_xrp_btc_30m,width_bb_xrp_btc_30m,rsi_xrp_btc_30m,stoch_rsi_fastk_xrp_btc_30m,stoch_rsi_fastd_xrp_btc_30m,kijun_dist_xrp_btc_30m,tenkan_dist_xrp_btc_30m
2019-01-29 16:00:00,,,,,,,,0.016971125515615748,0.018090748379493204
2019-01-29 16:30:00,,,,,,,,0.015893571933129236,0.017012008476571694
2019-01-29 17:00:00,,,,,,,,0.020458845789971702,0.021582308420056595
2019-01-29 17:30:00,,,,,,,,0.0209417889256982,0.022065783246568715
2019-01-29 18:00:00,,,,,,,,0.021667061330807424,0.02279185413213347
2019-01-29 18:30:00,,,,,,,,0.019976359338061522,0.021099290780141722
2019-01-29 19:00:00,,,,,,,,0.025187121302126636,0.02631578947368407
2019-01-29 19:30:00,,,,,,,,0.022393364928909865,0.023518957345971536
2019-01-29 20:00:00,,,,,,,,0.024335232668565965,0.0254629629629628
2019-01-29 20:30:00,,,,,,,,0.025552650344663697,0.02668172094128818
2019-01-29 21:00:00,,,,,,,,0.027017376815044125,0.028148059985717566
2019-01-29 21:30:00,,,,,,,,0.025430778371954954,0.02655971479500896
2019-01-29 22:00:00,,,,,,,,0.024213649851632102,0.025341246290801145
2019-01-29 22:30:00,,,,,,,,0.022030084093331848,0.023155276560464122
2019-01-29 23:00:00,,,,,0.3954545454545441,,,0.02251451593790743,0.023640241734802725
2019-01-29 23:30:00,,,,,0.4182368775235517,,,0.021546111045341654,0.022670770687818198
2019-01-30 00:00:00,,,,,0.3961315944302795,,,0.022878141299194077,0.024004267425320025
2019-01-30 00:30:00,,,,,0.3573054157028159,,,0.025430778371954954,0.02655971479500896
2019-01-30 01:00:00,,,,,0.3385851851631431,,,0.02677296525464068,0.027903379343169776
2019-01-30 01:30:00,,0.007853136332154342,-0.0036602393135066746,0.011489288942983312,0.38583902128783565,,,0.02494357999762431,0.02607198004513589
2019-01-30 02:00:00,,0.0062814176930043875,-0.0040022154138026345,0.010271927206856157,0.4011961893352669,1.0,0.5310852986896918,0.024335232668565965,0.0254629629629628
2019-01-30 02:30:00,,0.004572379097890433,-0.0033498271691073667,0.007917366571111535,0.4044039018602548,1.0,0.8644186320230252,0.024213649851632102,0.025341246290801145
2019-01-30 03:00:00,,0.004724210676005924,-0.0027408377543913787,0.007457652777108764,0.3930660416670413,0.827741093078603,0.9425803643595344,0.024821852731591543,0.02595011876484543
2019-01-30 03:30:00,,0.0011109583262480793,-0.006258887320331419,0.007388864321015292,0.48615239745453165,1.0,0.9425803643595344,0.021183431952662923,0.02230769230769236
2019-01-30 04:00:00,,0.0009075086785397257,-0.006680606986833371,0.007610082542699569,0.49450167684462415,1.0,0.9425803643595344,0.020821010292203956,0.021944871643203356
2019-01-30 04:30:00,,0.0010016324537984733,-0.0061850644064616045,0.007205371135748031,0.48599747892227335,0.9161616338532061,0.9720538779510689,0.021183431952662923,0.02230769230769236
2019-01-30 05:00:00,,0.004804434393957502,-0.0023929352255092073,0.007188701845205607,0.40582615878721,0.12579521090226004,0.6806522815851556,0.025065336184366904,0.026193870277975817
2019-01-30 05:30:00,,0.005637978912096608,-0.0016784069739282925,0.0073019296281997045,0.3885686741267878,0.0,0.3473189482518222,0.026040428061831156,0.027170035671819193
2019-01-30 06:00:00,,0.00552875768229022,-0.0019619998651465576,0.007477422469913394,0.39204884719080907,0.03285258583003711,0.05288259891076578,0.025918440137914667,0.027047913446676786
2019-01-30 06:30:00,,0.004096859699908029,-0.0032776741365698747,0.00737151451734167,0.43370345030574214,0.4632590564330282,0.16537054742102186,0.024456844354743046,0.025584708536150913
2019-01-30 07:00:00,,0.00556779505160776,-0.0015606606877555107,0.007114201957794909,0.4016011569240801,0.2887459272118684,0.261619189824978,0.026040428061831156,0.027170035671819193
2019-01-30 07:30:00,,0.0074337776309765236,-0.0003113383741881748,0.007717631823231208,0.3698514396358065,0.0,0.2506683278816323,0.02775131014768939,0.028882801333968366
2019-01-30 08:00:00,,0.00716373300124018,-0.001067769196025914,0.008206488967409505,0.3811419571610141,0.17682321052614364,0.15518971257933742,0.027384212406238895,0.028515299440409425
2019-01-30 08:30:00,,0.007633270083508448,-0.0009260982941354801,0.008530759742101981,0.3692666614291547,0.0,0.05894107017538129,0.027996187753157153,0.029127948534667603
2019-01-30 09:00:00,,0.005484390115257698,-0.002939800341179355,0.008413486021190058,0.43042342004371287,1.0,0.3922744035087146,0.026040428061831156,0.027170035671819193
2019-01-30 09:30:00,,0.0043353512995716326,-0.0035867771550849303,0.007919164413793457,0.4518861708354775,1.0,0.6666666666666667,0.02530893536121681,0.0264377376425855
2019-01-30 10:00:00,,0.004575859075907518,-0.003161213331732471,0.007731603667527985,0.4399830023048569,0.8559278720467729,0.9519759573489245,0.025796481217308598,0.026925820256775923
2019-01-30 10:30:00,,0.004923927329927746,-0.0028666077913381827,0.007782529546218286,0.43081715811930876,0.7449874385897004,0.866971770212158,0.026162444999405343,0.027292186942561525
2019-01-30 11:00:00,,0.0036352523289997496,-0.004003423350377844,0.007640082107794155,0.47407975401853497,1.0,0.866971770212158,0.024821852731591543,0.02595011876484543
2019-01-30 11:30:00,,0.004096381379718794,-0.00354980343295086,0.007644095765585559,0.4603764324877018,0.6832524436870817,0.809413294092261,0.02530893536121681,0.0264377376425855
2019-01-30 12:00:00,,-0.0011134278788353935,-0.010328300778621458,0.009267893259738145,0.6179530407416177,1.0,0.8944174812290275,0.01889243121974249,0.0200141693234146
2019-01-30 12:30:00,,-0.001977987972424544,-0.013616829459848656,0.011730307489284032,0.6602828594035011,1.0,0.8944174812290275,0.016372202591283802,0.017491166077738374
2019-01-30 13:00:00,,-0.028519646508809893,-0.07913992795927516,0.05350018502747618,0.9029391917522522,1.0,1.0000000000000002,-0.03370660694288918,-0.03264277715565522
2019-01-30 13:30:00,,-0.027950584736462836,-0.10752974060976683,0.08536156196697836,0.9249747049623346,1.0,1.0000000000000002,-0.05154979116289293,-0.05050560562761053
2019-01-30 14:00:00,,-0.022337883993786334,-0.12645611861377537,0.11248692448776351,0.9350015346058084,1.0,1.0000000000000002,-0.06247283789656677,-0.061440677966101864
2019-01-30 14:30:00,,-0.007054690450339018,-0.12837082987220627,0.13012742665324178,0.9019360969769697,0.8796389156853327,0.9598796385617777,-0.059714503650430406,-0.058679306963059896
2019-01-30 15:00:00,,0.01018238464464738,-0.12174663659583962,0.13972307119985436,0.8104795275510713,0.0,0.6265463052284443,-0.05144553149389908,-0.05040123117511275
2019-01-30 15:30:00,,0.012507315411721676,-0.12770285834377249,0.1487795439253244,0.8241607385643732,0.10986982411300154,0.3298362465994449,-0.0573519772776927,-0.056314179593620284
2019-01-30 16:00:00,,0.021218956410345324,-0.12555156034907577,0.15484838433617004,0.808718730457366,0.0,0.036623274704333963,-0.05590809628008753,-0.054868708971553715
2019-01-30 16:30:00,-0.07092135320352444,0.022590339330345488,-0.12947601321264668,0.16065205407308075,0.8222933611861564,0.14562340940982982,0.08516441117427723,-0.061351027956053406,-0.06031763298161652
2019-01-30 17:00:00,-0.07123655879696067,0.025835517233907757,-0.1304534034127689,0.16491547483435323,0.8301317462245469,1.0,0.3818744698032767,-0.06460704607046075,-0.06357723577235785
2019-01-30 17:30:00,-0.062405080727897855,0.0373760088559385,-0.12079846874898625,0.16505930419710346,0.7601700854815318,0.0,0.3818744698032767,-0.05827785659718432,-0.05724107824948166
2019-01-30 18:00:00,-0.06397063080156251,0.03714190618958968,-0.12035572626781599,0.16433510853446706,0.773749453989725,0.1940972864848556,0.3980324288282853,-0.06247283789656677,-0.061440677966101864
2019-01-30 18:30:00,-0.06282784026346888,0.039151926784495306,-0.11633786733559004,0.16173149281491112,0.7783641707757973,0.2600579388916543,0.15138507512550348,-0.06389672380125844,-0.06286613148188336
2019-01-30 19:00:00,-0.07126824677993893,0.031094711358006233,-0.12169593309201021,0.16004058051065895,0.8117410769483574,0.7371321795269771,0.3970958016344958,-0.07523309398778266,-0.07421498231700785
2019-01-30 19:30:00,-0.06866462988064048,0.03420637160365647,-0.11539141392659591,0.1559272663908741,0.8122799086033007,1.0,0.6657300394728773,-0.0754312654023358,-0.07441337190613961
2019-01-30 20:00:00,-0.060084975517951666,0.04200855285715965,-0.10129457529029107,0.14768083272849317,0.7424782429522672,0.0,0.5790440598423259,-0.0693485763589301,-0.0683239861949958
2019-01-30 20:30:00,-0.053914213843183845,0.04537630364958778,-0.0875402806884692,0.1357790772865932,0.701002056124687,0.0,0.3333333333333335,-0.0654175240983429,-0.06438860608686248
2019-01-30 21:00:00,-0.05071569453330205,0.04386248168843032,-0.07499455716012748,0.12073642662143852,0.6893059876379556,0.0,1.8947806286936004e-16,-0.06430275428323562,-0.0632726089785296
2019-01-30 21:30:00,-0.04714169065852081,0.04016669867437428,-0.059295527698922657,0.10042271080589082,0.6717494090537537,0.0,1.8947806286936004e-16,-0.06267651531609808,-0.06164457962198566
2019-01-30 22:00:00,-0.040193045278835826,0.03768663214194712,-0.03828739675144943,0.0759968570044574,0.6177401133474328,0.0,1.8947806286936004e-16,-0.0574549426542873,-0.056417258328782194
2019-01-30 22:30:00,-0.043625904819118655,0.016549048288948986,-0.020242693047231808,0.03685981486716859,0.6476503327194506,0.3592303803435719,0.11974346011452416,-0.06257468766974472,-0.06154263986963615
2019-01-30 23:00:00,-0.04111580766775902,0.01364000323931469,-0.012694042599975086,0.026321596242284858,0.6390346451522921,0.29755147989129355,0.21892728674495532,-0.061759269326954414,-0.06072632380123966
2019-01-30 23:30:00,-0.03769679313372731,0.015086918674899863,-0.009334658080063285,0.024351538557130202,0.6190791402309478,0.024792526286511008,0.22719146217379232,-0.059919381196208765,-0.05888441006645606
2019-01-31 00:00:00,-0.04192444811978202,0.00908056134374835,-0.015360336138031006,0.02451788086691801,0.6557407071797512,1.0,0.4407813353926017,-0.06572109138155047,-0.06469250757903866
2019-01-31 00:30:00,-0.04494088062910917,0.004947515242574196,-0.020179660023355805,0.025320014327977515,0.6828460024559169,1.0,0.6749308420955039,-0.07045136270602181,-0.06942798664224936
2019-01-31 01:00:00,-0.06319370968226812,-0.01059003213404519,-0.043793529509789875,0.03413159626035859,0.7690812535943371,0.9999999999999999,1.0000000000000002,-0.09072708113804007,-0.08972602739726032
2019-01-31 01:30:00,-0.06355187621385627,-0.007627694847227806,-0.04904247321999844,0.04262249021472678,0.7784819360376936,1.0,1.0000000000000002,-0.0935924369747898,-0.09259453781512605
2019-01-31 02:00:00,-0.06341617973939684,-0.004829836363806739,-0.05268718825641272,0.049274410637497774,0.7862897417458258,1.0000000000000002,1.0000000000000002,-0.0959664745940283,-0.09497118910424318
2019-01-31 02:30:00,-0.061212006918633266,-0.00048086760353482916,-0.05392843277350723,0.05494224985792764,0.787258772234076,1.0,1.0000000000000002,-0.09625052366987852,-0.09525555090071225
2019-01-31 03:00:00,-0.05653861011787853,0.005480590386632178,-0.05184766304517874,0.05868886895740885,0.7576608260827045,0.0,0.6666666666666669,-0.09397312053758922,-0.09297564048719031
2019-01-31 03:30:00,-0.0520313981741406,0.010306393526378965,-0.04819060405269471,0.05962644803420579,0.7281781830990771,0.0,0.3333333333333335,-0.09168421052631581,-0.09068421052631592
2019-01-31 04:00:00,-0.04526881863328591,0.016875179813213848,-0.041973053054140785,0.059596100556059406,0.6707869316368793,0.0,1.4210854715202004e-16,-0.08697492328854084,-0.08596973865199453
2019-01-31 04:30:00,-0.034971113066010195,0.026592909822861444,-0.03178299952811581,0.05852779159529226,0.5829376887855543,0.0,1.4210854715202004e-16,-0.07849209739427598,-0.07747757368645891
2019-01-31 05:00:00,-0.03379768632214941,0.026582201842296982,-0.031824567846994944,0.05856026686541268,0.5842855462889107,0.007714247375629994,0.0025714157918768064,-0.07868887465300012,-0.07767456758488145
2019-01-31 05:30:00,-0.036518294416901353,0.022654388586219376,-0.03580417066339603,0.0588454617487286,0.6119706500576118,0.19989577568763675,0.06920334102108906,-0.0827043690868502,-0.0816944828319337
2019-01-31 06:00:00,-0.03567625953970566,0.0226841380766285,-0.03560244254916656,0.05866551008646192,0.6160009122534179,0.37636321492058167,0.19465774599461627,-0.08328906830978422,-0.0822798257728673
2019-01-31 06:30:00,-0.025734292222065136,0.032064787660059046,-0.025653294146604,0.0575336435155604,0.5308866374724549,0.0,0.1920863302027396,-0.07483649619384591,-0.07381794789321339
2019-01-31 07:00:00,-0.017748642264252323,0.03960883251513536,-0.017854673949570743,0.05684519675278077,0.4742655798593008,0.0,0.12545440497352733,-0.0679412400086411,-0.06691510045366178
2019-01-31 07:30:00,-0.024134651679194707,0.031513758478621146,-0.02362353549405871,0.05492062597996296,0.5291322679213868,0.38710663837525444,0.12903554612508494,-0.07493567753001718,-0.07391723842195552
2019-01-31 08:00:00,-0.02036532471497554,0.033633789449839524,-0.018139165793925383,0.05137493758217394,0.506368021420231,0.2264956875513883,0.20453410864221436,-0.0721505376344086,-0.07112903225806455
2019-01-31 08:30:00,-0.026298998094299253,0.025776293329233146,-0.022968564066929376,0.0486765221483509,0.5556323861666197,1.0,0.5378674419755477,-0.07878723177111135,-0.07777303298814997
2019-01-31 09:00:00,-0.008286003926504248,0.04436069961737399,-0.005165047443461135,0.048573806057341865,0.4382340225211649,0.0,0.40883189585046287,-0.06206521739130433,-0.06103260869565219
2019-01-31 09:30:00,-0.009305543467070465,0.04246426908810963,-0.0057769793887718635,0.047372268409455166,0.44801126246270345,0.08328259132355537,0.36109419710785196,-0.06338868989471402,-0.062357538261152756
2019-01-31 10:00:00,0.008096025298593545,0.06408065117584028,0.00701646516489518,0.0551052730079288,0.36318266338601224,0.0,0.027760863774518613,-0.046624682355540736,-0.04557507457739485
2019-01-31 10:30:00,0.009064379245276921,0.06816051161911485,0.0029867391829652146,0.06293494816547703,0.35777862201733884,0.0,0.027760863774518613,-0.0453589998893682,-0.044307998672419524
2019-01-31 11:00:00,0.009352880996053248,0.06922307260849392,-0.0017593285588980434,0.0686661629464485,0.354934836289946,0.0,1.5395092608135502e-16,-0.044724897597697266,-0.04367319827299909
2019-01-31 11:30:00,0.023478176091275893,0.08630257487266912,0.005090683554297204,0.07766295601378685,0.29832880078052487,0.0,1.5395092608135502e-16,-0.030449438202247103,-0.02938202247191013
2019-01-31 12:00:00,0.019034519185052723,0.08093999594300816,-0.003902378388149441,0.08169555872660232,0.3261736655774063,0.4293478241421729,0.14311594138072445,-0.033922973578146,-0.0328593819973132
2019-01-31 12:30:00,0.018617019982659855,0.07863716430983425,-0.00783416285390437,0.0835147786659984,0.32487205885435827,0.4464817138490679,0.29194317933041375,-0.0335983872774106,-0.03253443834695935
2019-01-31 13:00:00,0.005977012900163281,0.06145700690976508,-0.02122025505668379,0.08104673331794046,0.4167738527441675,1.0,0.6252765126637471,-0.0453589998893682,-0.044307998672419524
2019-01-31 13:30:00,0.0075638303767786574,0.05930321298142238,-0.020520238031300653,0.07830500057484134,0.40754070430382294,0.9220469889854179,0.7895095676114954,-0.043560186211483054,-0.04250720461095103
2019-01-31 14:00:00,0.011037300076811585,0.059870296564478176,-0.01831026540836389,0.07658904051777433,0.3884597879317798,0.6919095524257516,0.8713188471370568,-0.03983531768109494,-0.03877823522866375
2019-01-31 14:30:00,0.007587394807619052,0.05409953771337328,-0.02275178396961297,0.07566535226806914,0.41217100838725895,0.9499156201191529,0.854624053843441,-0.04281752634498048,-0.041763727121464256
2019-01-31 15:00:00,0.014429518568935373,0.05922976123394652,-0.017560300959055364,0.07522281513939365,0.37523864999731027,0.0,0.5472750575149683,-0.0357581852720974,-0.03469661414683212
2019-01-31 15:30:00,0.013863655095643912,0.05502696249185757,-0.018475392484035513,0.07218315122323252,0.37523864999731016,0.0,0.3166385400397178,-0.0357581852720974,-0.03469661414683212
2019-01-31 16:00:00,0.009741108847531432,0.04584271992250133,-0.021571956172779516,0.06660638221183733,0.40609779636165405,0.8355585104671315,0.278519503489044,-0.03930082386996214,-0.03824315297261205
2019-01-31 16:30:00,0.006773779013899084,0.0392457342422996,-0.02393372002955252,0.06269942701307452,0.42821766152675733,1.0,0.6118528368223773,-0.04186098156784368,-0.04080612924716864
2019-01-31 17:00:00,0.007368147248755674,0.03749122376385561,-0.023276953926114174,0.060339337874778305,0.42256793397321607,0.8933591361854496,0.9096392155508606,-0.04100911313625255,-0.03995332296065801
2019-01-31 17:30:00,0.009343334618252985,0.03497570285860396,-0.019959550469164533,0.05452586894911525,0.4073740002164129,0.6065675687671341,0.8333089016508615,-0.03876573465523003,-0.03770747465745805
2019-01-31 18:00:00,0.007574604960925546,0.028535535504201848,-0.019881475437461327,0.04820841169639179,0.4212471655641304,0.6848762001667297,0.7282676350397713,-0.040155728587319306,-0.039098998887653
2019-01-31 18:30:00,0.008895492340023736,0.02091919736495007,-0.013275743325953049,0.034064754498224784,0.4093399135600215,0.09431708346905818,0.4619202841343075,-0.038551532033426206,-0.03749303621169919
2019-01-31 19:00:00,0.015179944180852223,0.023830264892037656,-0.00565660547987723,0.029221341022262155,0.36424833973716164,0.0,0.25973109454526283,-0.03197217859546786,-0.030906439308952316
2019-01-31 19:30:00,0.0065542446551343225,0.009014095790523147,-0.009959801175481009,0.01898287306864558,0.44423041109808314,0.9999999999999999,0.36477236115635286,-0.03994214508233196,-0.038885180240320505
2019-01-31 20:00:00,0.003400798227479296,0.005310411403605997,-0.012642635474598762,0.018019106943037443,0.4704099325297101,1.0,0.6666666666666669,-0.04281752634498048,-0.041763727121464256
2019-01-31 20:30:00,0.004230843065441192,0.005748991278665017,-0.011456297518949499,0.01725452723308983,0.46258781137385063,0.9263187283639884,0.9754395761213296,-0.04186098156784368,-0.04080612924716864
2019-01-31 21:00:00,-0.0015799569711394401,0.00047741521197686154,-0.017565394017584612,0.018198295271510373,0.5138541905487451,1.0,0.9754395761213296,-0.047466607793354654,-0.04641792692350155
2019-01-31 21:30:00,-0.0001394369516070082,0.0022246395650773465,-0.014849003925015203,0.017182100035752646,0.5012240211440085,0.8185940277245818,0.9149709186961901,-0.046097722750386816,-0.04504753482202084
2019-01-31 22:00:00,0.002848755676995385,0.005407240013496795,-0.010907350902829127,0.016359580670220572,0.4741893888605729,0.22629991962458756,0.6816313157830565,-0.04313595032157902,-0.042082501663340044
2019-01-31 22:30:00,0.003913761749711142,0.00640169283487535,-0.00859998305359344,0.015018183050920685,0.4636099966143782,0.019938705580129803,0.35494421764309986,-0.041967358720994774,-0.04091262351504388
2019-01-31 23:00:00,0.0040816529296408,0.006245939885483276,-0.00816730816624689,0.014427107945524965,0.4605918634138262,0.0,0.08207954173490592,-0.041648156374944456,-0.04059306974677923
2019-01-31 23:30:00,-0.006884474046533029,-0.0028727586777195224,-0.020507430208728583,0.017843260936532285,0.5644204019602259,1.0,0.33997956852671,-0.05238304414671646,-0.05133977597188677
2019-02-01 00:00:00,0.004087465541542823,0.008391017250420685,-0.009401566945034356,0.017801578885508155,0.46829748184292397,0.07421484051472262,0.3580716135049077,-0.041754580788450735,-0.040699611327040586
2019-02-01 00:30:00,0.0034988404468692114,0.007890516331169328,-0.009855218295870882,0.017763184308595303,0.47213166770711057,0.1111428943799238,0.39511924496488227,-0.04218004218004212,-0.04112554112554123
2019-02-01 01:00:00,0.008417964358678587,0.013084039427684102,-0.00442525790570214,0.01743381951624377,0.4326526479698125,0.0,0.061785911631548916,-0.03715688462396782,-0.03609685338094182
2019-02-01 01:30:00,0.01275894385535481,0.01834928839761485,-0.00034278542642951493,0.018525286015207074,0.3997208590914925,0.0,0.0370476314599747,-0.032514855925552255,-0.031449714093508385
2019-02-01 02:00:00,0.026089655585246563,0.03618723400541568,0.008365870383941099,0.027215104916322414,0.32280120185766575,0.0,1.0066022089934753e-16,-0.018762792813281748,-0.01768251080282024
2019-02-01 02:30:00,0.031044119620217137,0.04561810480067696,0.008300211181476058,0.03633824512768511,0.29672826320921186,0.0,1.0066022089934753e-16,-0.01281317927010639,-0.011726347099874301
2019-02-01 03:00:00,0.028807788975721227,0.046220666856726655,0.0027507617147020103,0.04243095295119122,0.30696499522133847,0.07531196135377964,0.02510398711792665,-0.013828571428571412,-0.012742857142857167
2019-02-01 03:30:00,0.022061808207086697,0.040729948344557565,-0.00541176652637565,0.04534103343951266,0.36248397230458873,0.638450837480928,0.2379209329449026,-0.01943181818181816,-0.0183522727272728
2019-02-01 04:00:00,0.023321412985916057,0.04326148865648749,-0.005919500272476563,0.04827956151630064,0.35097771434988184,0.8250150730179584,0.5129259572842222,-0.017310101355198726,-0.01622822002049884
2019-02-01 04:30:00,0.02017257629823077,0.04084719710080886,-0.010112053367142493,0.050187983031857814,0.3735207835163851,0.9999999999999999,0.821155303499629,-0.01954323372344058,-0.018463810930576252
2019-02-01 05:00:00,0.02588379578965294,0.048519720025928414,-0.0062687764138958935,0.05365500905870304,0.3369676718929614,0.45078989281321213,0.7586016552770569,-0.013039002630675922,-0.011952419078119614
2019-02-01 05:30:00,0.021946293209496703,0.04505929044218471,-0.011361035224942029,0.05548544433510359,0.36687838447435694,0.818280886441098,0.7563569264181035,-0.0159653324210286,-0.014881970578173087
2019-02-01 06:00:00,0.02344268093222368,0.046738484489350585,-0.011210363776044674,0.056937408700684956,0.3530258514350063,0.4393108774836724,0.5694605522459943,-0.013603109282121606,-0.01251714677640603
2019-02-01 06:30:00,0.017824961669810957,0.04050833473412618,-0.017163624836515234,0.057006558782126564,0.40168366692617624,1.0000000000000002,0.7525305879749237,-0.01831626848691692,-0.0172354948805461
2019-02-01 07:00:00,0.016014681909100492,0.03682878015920732,-0.018726507431934825,0.055056959542555246,0.4130034120744685,1.0,0.813103625827891,-0.01943181818181816,-0.0183522727272728
2019-02-01 07:30:00,0.013394017671527703,0.032162976757772244,-0.020765834548654993,0.05262890176755002,0.4337695714753497,1.0,1.0000000000000002,-0.021433431617146725,-0.020356089816284895
2019-02-01 08:00:00,0.013310628686868498,0.030404192967012023,-0.02040873120163944,0.05056023770722612,0.4301279862618076,0.9548994620049385,0.9849664873349798,-0.02098933514862722,-0.01991150442477896
2019-02-01 08:30:00,0.016113687500127094,0.03165902137376819,-0.017337527748996218,0.04864819173884219,0.40281418789027584,0.035234193331436243,0.6633778851121253,-0.017645719489981726,-0.016564207650273333
2019-02-01 09:00:00,0.013928274516611827,0.02752139024736433,-0.018746668719744508,0.04606595102105142,0.42128312938900614,0.5966310011301451,0.528921552155507,-0.01920891111616263,-0.018129120254603337
2019-02-01 09:30:00,0.01018156636314238,0.017827256506288025,-0.018812868832106644,0.036658190720702914,0.45863218322217664,1.0,0.5439550648205275,-0.02243117707035225,-0.021354933726067782
2019-02-01 10:00:00,0.00945253842312388,0.013871035074903615,-0.01751769419155169,0.031446065807735624,0.46249676484208463,1.0,0.8655436670433819,-0.022763306908267333,-0.02168742921857314
2019-02-01 10:30:00,0.006343662713063525,0.0067004529982399585,-0.017722474455044046,0.02455826833354127,0.49485813145332697,1.0,1.0000000000000004,-0.025522303783173328,-0.02444946357989841
2019-02-01 11:00:00,0.009931713869736125,0.006893056276704224,-0.011632285301647505,0.018569343764823984,0.453676393409493,0.44027540756530326,0.8134251358551015,-0.02165532879818599,-0.020578231292517124
2019-02-01 11:30:00,0.009652261717065125,0.004146543354977217,-0.00979344209633115,0.013979455736810906,0.452517679684022,0.0,0.48009180252176814,-0.021544392788297895,-0.020467173148883133
2019-02-01 12:00:00,-0.0004181271118778307,-0.003276503105406947,-0.02101626743792462,0.0179578877558658,0.5601831662393318,1.0,0.48009180252176814,-0.03132016165244711,-0.030253704535249226
2019-02-01 12:30:00,0.0008937501337507037,-0.0004294376224458496,-0.019455904104172972,0.019217540158323804,0.5446312159084139,0.8555530576371976,0.6185176858790663,-0.030013489208633115,-0.028945593525180002
2019-02-01 13:00:00,-0.0014060183383963754,-0.00092783393125484,-0.02174795388976103,0.02105888334373112,0.5672720531548638,1.0,0.9518510192123995,-0.03229785802399909,-0.03123247729056866
2019-02-01 13:30:00,0.001887895713168719,0.0034573978233012337,-0.01847933998601059,0.022102750932383352,0.5269635693806172,0.6487411977854707,0.8347647518075564,-0.029031169123438616,-0.02796219196579275
2019-02-01 14:00:00,0.005401588139942515,0.007531988075823559,-0.014331174884045672,0.021937742364111362,0.48605034583687806,0.0,0.5495803992618239,-0.025412243053986927,-0.024339281680596403
2019-02-01 14:30:00,0.003447305100164666,0.006261115987807209,-0.015877801444402206,0.022245883263232655,0.5060736625760014,0.2465266663347938,0.29842262137342185,-0.027170236753100374,-0.02609921082299893
2019-02-01 15:00:00,0.00320343709881854,0.006153860334795036,-0.014552011614244797,0.020793184101874213,0.5073654913995087,0.26243163639962763,0.16965276757814082,-0.02727990080036069,-0.02620899560365242
2019-02-01 15:30:00,-0.0029685953064236825,0.001116723508684636,-0.020238488939400612,0.021561358063716278,0.5744825440826931,1.0,0.5029861009114742,-0.03338187521003699,-0.03231768791307277
2019-02-01 16:00:00,0.002326414905578611,0.006245057952991351,-0.013182776164501697,0.019495461125338592,0.5103059621498546,0.27428489615912516,0.5122388441862512,-0.028156323910350167,-0.02708638360175697
2019-02-01 16:30:00,0.0011517995570311523,0.005376886411625037,-0.013443035584760232,0.01889613150413896,0.5222793541838794,0.23689455595459102,0.5037264840379058,-0.029249634379570177,-0.0281808977387783
2019-02-01 17:00:00,0.005891616991676063,0.010237801358723653,-0.007886190279017713,0.018102706375298924,0.46805139171252824,0.0,0.17039315070457245,-0.024420576596947297,-0.02334652345958166
2019-02-01 17:30:00,0.004896326214696822,0.009424967863091327,-0.00827268589291541,0.017687463283486974,0.47734881102457166,0.08735618383335,0.10808357992931406,-0.025192046995029305,-0.02411884319927704
2019-02-01 18:00:00,0.0028536756204631253,0.007527180450658921,-0.009590547233836677,0.017135405998272124,0.5001957615107853,0.5927637390993441,0.22670664097756504,-0.027060547976096583,-0.02598940128537619
2019-02-01 18:30:00,0.002307403612228587,0.006635681158099871,-0.008596686455068503,0.015247317648504892,0.5056713129773877,0.6937365807305449,0.4579521678877467,-0.027499154739096143,-0.026428490927533077
2019-02-01 19:00:00,0.004610548094297284,0.008669803345136895,-0.005065690815479806,0.013710786551815353,0.4748579555363286,0.18092977324113477,0.48914336435700817,-0.025081911648401345,-0.024008586600384296
2019-02-01 19:30:00,0.0012775792659174279,0.005377579043526426,-0.0077199213858692994,0.013112857830458357,0.5166676124206131,1.0,0.6248887846572267,-0.028265765765765782,-0.0271959459459461
2019-02-01 20:00:00,0.0003615809158548089,0.004522659395733708,-0.008010508180612885,0.012555062656361759,0.527835469429774,1.0,0.7269765910803785,-0.029140414041404106,-0.028071557155715632
2019-02-01 20:30:00,0.002623680285848806,0.00691176187835274,-0.005535873753846454,0.012439078242182513,0.495471861345433,0.3891067038473237,0.7963689012824414,-0.026841096199391012,-0.025769707905717976
2019-02-01 21:00:00,0.006228746659999285,0.010605645909582684,-0.0013788826354973471,0.01192949324002732,0.447618674515865,0.0,0.4630355679491081,-0.02309521114004298,-0.022019698856560743
2019-02-01 21:30:00,0.0038004342011923598,0.007925406629224474,-0.002853679531065745,0.010751821009306581,0.4794662603451373,0.39701892681516376,0.26204187688749603,-0.02530215746074771,-0.024229074889867808
2019-02-01 22:00:00,0.005506921229494921,0.009513244007811394,-0.0013987125456118576,0.01086786274633238,0.45543021692878904,0.09738038550789221,0.16479977077435218,-0.023426889995473044,-0.022351742870077018
2019-02-01 22:30:00,0.006166428216830111,0.01029744248550113,-0.001133418924105789,0.011378723962361982,0.44414637993134565,0.0,0.16479977077435218,-0.022541912097870376,-0.02146579066606258
2019-02-01 23:00:00,0.007020897955186678,0.010813538922208599,-0.0004937385139529571,0.011249232518990529,0.4298110646250066,0.0,0.03246012850263094,-0.021433431617146725,-0.020356089816284895
2019-02-01 23:30:00,0.0055401287430081325,0.009331453167085613,-0.002173224602129098,0.011463648062704047,0.45080924720448967,0.4228798673523348,0.14095995578411183,-0.022652622041001158,-0.021576622494053677
2019-02-02 00:00:00,0.0004237451487025812,0.0043515091081745005,-0.007146190199001645,0.011513787989965732,0.5274736057592407,1.0,0.4742932891174451,-0.027608744647284134,-0.02653820148749153
2019-02-02 00:30:00,0.0037766781480637057,0.007772424527093369,-0.003871033596413942,0.01162078950212192,0.47797330935757093,0.49314961676418817,0.6386764947055079,-0.024199932149722936,-0.023125636096347546
2019-02-02 01:00:00,0.0014523057485140711,0.005428759487564605,-0.006139579751583746,0.011572452205914458,0.5099269863045611,0.8203341910737059,0.7711612692792983,-0.026401895520704044,-0.02533002369400883
2019-02-02 01:30:00,0.0012868034318256338,0.0038143158940608934,-0.005461427807418984,0.00928338909186472,0.5115369442853209,0.7921242442465826,0.7018693506948257,-0.026511732851985603,-0.025439981949458623
2019-02-02 02:00:00,0.0009108570782732084,0.003296412659150816,-0.005754966848843357,0.0090625198560748,0.5166668136590521,0.7816822749403962,0.7980469034202285,-0.026841096199391012,-0.025769707905717976
2019-02-02 02:30:00,0.001200608577412332,0.003189084361150396,-0.005253615047071336,0.008451423519819827,0.5108887067841887,0.8506698481005188,0.8081587890958327,-0.026511732851985603,-0.025439981949458623
2019-02-02 03:00:00,0.0016964414765507918,0.0038071809421236225,-0.004586049888957722,0.008396500717917041,0.5008355243807097,0.0,0.5441173743469718,-0.025962298227790948,-0.024889942431425838
2019-02-02 03:30:00,0.0008700565212720335,0.0031198466057889007,-0.00531926009552508,0.008448397460985189,0.5152180906452578,0.9084898906006237,0.5863865795670476,-0.02673133318294596,-0.0256598240469208
2019-02-02 04:00:00,0.00029393448748460393,0.0025822068593788217,-0.005885103939753056,0.008481317258136684,0.525729843908731,1.0,0.6361632968668747,-0.02727990080036069,-0.02620899560365242
2019-02-02 04:30:00,-0.0019873180803954282,0.0006039628859071389,-0.008408731216991261,0.00904800288609082,0.5680898609795333,1.0,0.969496630200208,-0.029577147998200548,-0.028508771929824595
2019-02-02 05:00:00,-0.001693664143834206,0.0013085904814544858,-0.008226475745796602,0.009568161950533291,0.5629330353181444,0.9233235219886319,0.9744411739962108,-0.02935883014623175,-0.028290213723284774
2019-02-02 05:30:00,-0.0027049505126580664,0.0006065269281436692,-0.009539111197806482,0.010191154800480287,0.5833007730252108,1.0000000000000002,0.9744411739962108,-0.030449438202247103,-0.02938202247191013
2019-02-02 06:00:00,0.0006418884573022865,0.0037136698088560127,-0.006115022683715332,0.009840507758369277,0.5069725434336875,0.0,0.6411078406628775,-0.027170236753100374,-0.02609921082299893
2019-02-02 06:30:00,0.00453458336151602,0.007752868224764953,-0.0023872354423339903,0.010112972418929549,0.43364127758537374,0.0,0.3333333333333335,-0.023205795788996952,-0.022130405252433816
2019-02-02 07:00:00,0.0015245141445712207,0.004783687850945073,-0.0049981348035412765,0.009782871607988191,0.4909144266827687,0.38268971126137946,0.12756323708712664,-0.026072234762979596,-0.025000000000000022
2019-02-02 07:30:00,0.0023343623922900125,0.005689514142603436,-0.004107950654126724,0.009789723262293045,0.47499775177765124,0.27633712161553275,0.21967561095897092,-0.025192046995029305,-0.02411884319927704
2019-02-02 08:00:00,0.0012646849024058326,0.004662144773883492,-0.004831425893396135,0.00949437427643294,0.49484095984062476,0.8345646505249621,0.49786382780062494,-0.02618214648459527,-0.025110032727683085
2019-02-02 08:30:00,0.00034734838264705026,0.003697404186219666,-0.00520828478155233,0.008912421770327176,0.5124800145712467,1.0,0.7036339240468318,-0.027060547976096583,-0.02598940128537619
2019-02-02 09:00:00,-0.00064059868748223,0.002439460681115335,-0.005300465411910982,0.007751013936796982,0.5322671207348098,1.0,0.9448548835083208,-0.028046857400315317,-0.02697679657580543
2019-02-02 09:30:00,3.3870555026904725e-05,0.002882429538718867,-0.003908128366492236,0.006794042225784622,0.5171962396556179,0.7368422010994053,0.9122807336998018,-0.027389540126239842,-0.026318755635707958
2019-02-02 10:00:00,0.0017684354434475136,0.004619579349022018,-0.0022370138567008313,0.006848434783526895,0.4783037119168029,0.0,0.5789474003664685,-0.025632339656729952,-0.02455962059620609
2019-02-02 10:30:00,-0.0023054000390890783,0.0007283028675368897,-0.006114561722816547,0.00686134307530262,0.560593144013967,1.0,0.5789474003664685,-0.029686270100078738,-0.028618014168447226
2019-02-02 11:00:00,-0.0025382507336042526,0.0008034505454466156,-0.006491400185734686,0.007315656273415708,0.5665629004711946,1.0,0.6666666666666667,-0.030013489208633115,-0.028945593525180002
2019-02-02 11:30:00,-0.0013602221776070067,0.002110295569322851,-0.005306334281904745,0.007428500739197075,0.5402165133214536,0.7014884503101402,0.9004961501033801,-0.028921899617375568,-0.027852802160702295
2019-02-02 12:00:00,-0.00011766866443663204,0.00339194312757507,-0.004022929043068446,0.007417212248874161,0.5120112715463224,0.38191558501295847,0.6944680117743662,-0.02771830985915491,-0.026647887323943742
2019-02-02 12:30:00,-0.0013022713862450574,0.0023073387251151267,-0.005165767714536806,0.0074838023985152905,0.5379888752776398,0.47620216377211066,0.5198687330317366,-0.028921899617375568,-0.027852802160702295
2019-02-02 13:00:00,-0.0012512019201178504,0.0024321687077819565,-0.004986748946359643,0.007428405883578667,0.5379888752776397,0.4762021637721094,0.44477330418572625,-0.028921899617375568,-0.027852802160702295
2019-02-02 13:30:00,9.547425869316228e-05,0.0038061734911090106,-0.003569527108417847,0.007374827986343851,0.504040964034331,0.0,0.31746810918140683,-0.027608744647284134,-0.02653820148749153
2019-02-02 14:00:00,9.173017011687712e-05,0.0038176494509372105,-0.0035471964421479596,0.007363850105376606,0.5040409640343309,0.0,0.15873405459070328,-0.027608744647284134,-0.02653820148749153
2019-02-02 14:30:00,-0.0006692262994776321,0.0028756926390542947,-0.004305711781042998,0.007186542867029469,0.5243465969934141,0.5981408639120742,0.19938028797069154,-0.028375182974890167,-0.027305483616709925
2019-02-02 15:00:00,0.0015241351958297233,0.004943151540493407,-0.0021895119964242538,0.0071228566470525456,0.4656819132065379,0.0,0.19938028797069154,-0.02618214648459527,-0.025110032727683085
2019-02-02 15:30:00,0.0032050072302778343,0.0064234513090435374,-0.0006687876572633034,0.007071890789867868,0.42474103350732423,0.0,0.19938028797069154,-0.024420576596947297,-0.02334652345958166
2019-02-02 16:00:00,0.002752513382083599,0.006126688624425114,-0.0013007392573374243,0.00740954882802415,0.4347750560977996,0.10073757167064942,0.03357919055688328,-0.024751356238698063,-0.02367766726943954
2019-02-02 16:30:00,0.0015569346460477806,0.004707739646051534,-0.0018741428973502172,0.006572570536150853,0.46808091799028295,0.4351150976522638,0.1786175564409712,-0.02585233687062538,-0.02477986001354715
2019-02-02 17:00:00,0.002365736186196621,0.005676001230730199,-0.0011449277844032268,0.006805510880314255,0.44546631850417606,0.4782035126328271,0.33801872731858024,-0.024971751412429355,-0.023898305084745775
2019-02-02 17:30:00,0.004235714818539016,0.008003412735583026,0.00038653291659040967,0.007585060695490726,0.39878202992446943,0.0,0.3044395367616971,-0.022984601449275277,-0.021908967391304324
2019-02-02 18:00:00,0.004834931579380086,0.009166739333231089,0.0004083314882978861,0.008716676447775233,0.38201535626348515,0.0,0.1594011708776092,-0.022209631728045354,-0.02113314447592074
2019-02-02 18:30:00,0.003225255665626925,0.007736457109102535,-0.0014680705963172613,0.00917576907187264,0.42995048600616154,0.5569606330443669,0.1856535443481225,-0.023647884136682507,-0.022572980312287938
2019-02-02 19:00:00,0.0025537772627686195,0.007052181131673052,-0.0023139701173119365,0.009344014293263592,0.4476950960012961,1.0,0.5189868776814558,-0.024199932149722936,-0.023125636096347546
2019-02-02 19:30:00,0.004090304388884025,0.00881382916419815,-0.0011677032013530653,0.009943517671237218,0.4067854922843157,0.37713511228441604,0.644698581776261,-0.022541912097870376,-0.02146579066606258
2019-02-02 20:00:00,0.0034929826258089935,0.008428316071764419,-0.0019631892601703615,0.010358022367871937,0.42195454095819396,0.6080898745053388,0.6617416622632517,-0.022984601449275277,-0.021908967391304324
2019-02-02 20:30:00,0.002810489552629747,0.007376729577953878,-0.002680565721441708,0.010033735266942376,0.44119012382783146,0.8409915623121864,0.6087388497006472,-0.023537399569989792,-0.02246237410886054
2019-02-02 21:00:00,0.004338482031669644,0.008551738005615706,-0.0012858119117599154,0.009801939832177163,0.3983621647852295,0.0,0.48302714560584187,-0.021877125368397254,-0.020800272047154955
2019-02-02 21:30:00,0.0050441817956417,0.009142701828762645,-0.0008717692215475248,0.009973227105676377,0.37732438610124547,0.0,0.2803305207707289,-0.02098933514862722,-0.01991150442477896
2019-02-02 22:00:00,0.006602462010065979,0.010996507623199037,5.14578234929175e-05,0.010884921680398516,0.33878851691758877,0.0,9.473903143468002e-17,-0.01920891111616263,-0.018129120254603337
2019-02-02 22:30:00,0.003931204876313821,0.007844359765845743,-0.0025609130538281066,0.010377857391417613,0.42564775046885883,0.8482213919494851,0.28274046398316177,-0.02165532879818599,-0.020578231292517124
2019-02-02 23:00:00,0.0027937970090663455,0.006034172590341891,-0.0034404473666479474,0.009462348590882075,0.4570690892780279,1.0,0.6160737973164951,-0.022652622041001158,-0.021576622494053677
2019-02-02 23:30:00,0.002029928328415753,0.004801697896394508,-0.004009394557402346,0.008807603307042606,0.4775879375368449,1.0,0.9494071306498284,-0.02331635540464072,-0.02224108658743651
2019-02-03 00:00:00,0.0010793658045604726,0.003325759972057085,-0.004694073892672512,0.008025324446308216,0.5044781739303253,1.0,1.0,-0.024199932149722936,-0.023125636096347546
2019-02-03 00:30:00,-0.001025093351483819,0.0006187462113464992,-0.006486496154926136,0.007126149598224161,0.5621255243997424,1.0000000000000002,1.0,-0.02629203340103814,-0.0252200406228843
2019-02-03 01:00:00,0.0012949149866339216,0.00265221804247906,-0.004009530563687691,0.006666272713878921,0.49375368137268916,0.34918938618238676,0.7830631287274623,-0.02397918787467479,-0.02290464879538523
2019-02-03 01:30:00,0.0008090730920198297,0.002198785722279162,-0.004459950221996856,0.006666272713878921,0.5060770258436915,0.33699907182174477,0.5620628193347106,-0.024420576596947297,-0.02334652345958166
2019-02-03 02:00:00,-0.0012837644151119099,0.00038443073385652227,-0.006747246618333147,0.007154438539782369,0.5607706112512153,0.9801831706073658,0.5554572095371657,-0.026511732851985603,-0.025439981949458623
2019-02-03 02:30:00,-0.0028544662576867053,-0.0007346123309494024,-0.008759700091620637,0.008063365817797109,0.5985639992299364,1.0,0.7723940808097035,-0.028156323910350167,-0.02708638360175697
2019-02-03 03:00:00,-0.0003628358409279997,0.0018594326547778373,-0.006330472510259422,0.008208254882398767,0.5269482548172595,0.31671093193116456,0.7656313675128434,-0.02574235068307551,-0.02466975273794747
2019-02-03 03:30:00,0.0016072525835548745,0.003931049530003117,-0.004259140943058792,0.008191534259086974,0.4766940760214918,0.0,0.4389036439770549,-0.023758343704038842,-0.022683561488856308
2019-02-03 04:00:00,0.0006740265864269013,0.0031186127814191167,-0.00500625831097723,0.008132546775178514,0.4995383408738822,0.187447930145307,0.16805295402549053,-0.02464112128405105,-0.02356731095286546
2019-02-03 04:30:00,0.0009737243978322763,0.003501102145560875,-0.004643119332354395,0.00814887455531286,0.49088434529567343,0.11643782896220278,0.10129525303583663,-0.02431026684758031,-0.02323609226594303
2019-02-03 05:00:00,-0.00025914391969306116,0.0023950018450280552,-0.005884555769364752,0.008294028844844967,0.523481782982932,0.9310212221671118,0.4116356604248739,-0.025522303783173328,-0.02444946357989841
2019-02-03 05:30:00,0.0011632510366406112,0.0039053990052899668,-0.004301237050981177,0.008208260627193788,0.48403772621195157,0.15695683048780387,0.4014719605390395,-0.024089572494910616,-0.02301515494232076
2019-02-03 06:00:00,-0.00029453212955399266,0.002599561907394188,-0.005671272805192418,0.008283557058831782,0.5227633542923769,0.9817861358752603,0.6899213961767253,-0.025522303783173328,-0.02444946357989841
2019-02-03 06:30:00,-0.0035260927060430935,-4.372906088678796e-06,-0.009269684494024322,0.009308475254846139,0.5977871524224896,1.0,0.7129143221210215,-0.028812605514912826,-0.027743387732132918
2019-02-03 07:00:00,0.0019214236080420388,0.005502187407032233,-0.003578239919481696,0.0090717005887361,0.4682948033333745,0.0,0.6605953786250869,-0.023426889995473044,-0.022351742870077018
2019-02-03 07:30:00,0.0034830145775839316,0.007142897911318835,-0.0017353477469386203,0.008854305607386022,0.4370814941823516,0.0,0.3333333333333334,-0.021766239655367836,-0.020689264255753348
2019-02-03 08:00:00,0.0008390753626132952,0.004060539374484584,-0.00334819202034653,0.007406093539262476,0.49289503770148047,0.3473029147220706,0.11576763824069028,-0.02431026684758031,-0.02323609226594303
2019-02-03 08:30:00,0.0013501179994201973,0.004489979105559039,-0.0024309226512093662,0.0069137838211679094,0.4817132934989899,0.2777238823162422,0.2083422656794377,-0.023758343704038842,-0.022683561488856308
2019-02-03 09:00:00,0.003260381213385344,0.0066276206482700495,-0.000573885244121386,0.007179773667369525,0.44277100544408965,0.10193782553491021,0.2423215408577411,-0.021766239655367836,-0.020689264255753348
2019-02-03 09:30:00,0.0016050940698877358,0.005032511798346295,-0.0021575825397165405,0.007179773667369525,0.47810983491086667,0.735096504210551,0.37158607068723454,-0.02331635540464072,-0.02224108658743651
2019-02-03 10:00:00,0.0020870679263327307,0.005627441959290769,-0.0017656073047047638,0.007378801408501275,0.4667255263032048,0.47790490469934327,0.4383130781482682,-0.022763306908267333,-0.02168742921857314
2019-02-03 10:30:00,0.002005222125300188,0.005451788775546085,-0.001952355026962449,0.007391211275418543,0.4667255263032048,0.6151287470665422,0.6093767186588122,-0.022763306908267333,-0.02168742921857314
2019-02-03 11:00:00,0.0006200341883293436,0.00409013412633441,-0.003298458034952656,0.007385668632649367,0.49987224538205133,1.0,0.6976778839219618,-0.024089572494910616,-0.02301515494232076
2019-02-03 11:30:00,0.001684238181051123,0.005213090706006174,-0.002303217517600653,0.007505388359428969,0.47346166124848194,0.20322177073555348,0.6061168392673653,-0.022984601449275277,-0.021908967391304324
2019-02-03 12:00:00,0.0010736595223228562,0.004373264623156237,-0.00290217715003227,0.007270094300861251,0.48802700453527076,0.6426421324353648,0.6152879677236396,-0.023537399569989792,-0.02246237410886054
2019-02-03 12:30:00,-0.0002727492621531491,0.0023618285446591614,-0.003943928216938897,0.006310748878464259,0.5221889679971913,1.0,0.6152879677236396,-0.02486156627867553,-0.023787998643914676
2019-02-03 13:00:00,0.002350131971740499,0.00491168969565714,-0.0014216047098221107,0.006322261790004302,0.4565715291858734,0.0,0.547547377478455,-0.022209631728045354,-0.02113314447592074
2019-02-03 13:30:00,0.001930701373259458,0.004566428566252334,-0.0018817887837424552,0.0064395733825521806,0.46561101600352683,0.13776043352814127,0.3792534778427139,-0.022541912097870376,-0.02146579066606258
2019-02-03 14:00:00,0.0032746485034056416,0.006065612240424789,-0.000790512977804747,0.006838089418006213,0.43207099846346997,0.0,0.04592014450938052,-0.021100397050482167,-0.020022688598979155
2019-02-03 14:30:00,0.004131397267724379,0.007213025911739335,-0.0003199984304770309,0.007507150843680757,0.4100488600502509,0.0,0.04592014450938052,-0.020099931864637655,-0.019021121962298437
2019-02-03 15:00:00,0.004846629877198971,0.00812084376908917,-5.0827856381996384e-05,0.008138831376113157,0.3909730346985485,0.0,9.473903143468002e-17,-0.01920891111616263,-0.018129120254603337
2019-02-03 15:30:00,0.005095702134967572,0.008719845267992188,-0.000282274196807597,0.008964301001398485,0.3814186152885016,0.0,9.473903143468002e-17,-0.018762792813281748,-0.01768251080282024
2019-02-03 16:00:00,0.006435679628769453,0.01038163998641295,0.00040423700675296104,0.009923884083152253,0.3492490320106334,0.0,9.473903143468002e-17,-0.01719817767653764,-0.016116173120729105
2019-02-03 16:30:00,0.006183300035484285,0.009339336381451568,0.00025064083950510074,0.00904532331965059,0.3492490320106334,0.0,9.473903143468002e-17,-0.01719817767653764,-0.016116173120729105
2019-02-03 17:00:00,0.005280636621688872,0.008638299466458,-0.0009897677113933634,0.009591387163204965,0.3754318255941314,0.6275235331408308,0.20917451104694368,-0.01786933758251763,-0.01678807193262022
2019-02-03 17:30:00,0.005733592376947927,0.009477912364135754,-0.0009243816124275828,0.010357995261067513,0.35984005807313013,0.32922484481740477,0.3189161259860786,-0.01719817767653764,-0.016116173120729105
2019-02-03 18:00:00,0.007162413145891167,0.011175056105432679,-8.54953524375146e-05,0.011198458465125702,0.3236518520605833,0.0,0.3189161259860786,-0.01551625784369648,-0.01443240159726189
2019-02-03 18:30:00,0.007433854888448055,0.011728269540568492,-0.0003926531022124813,0.012052610756472945,0.3123747654101052,0.0,0.109741614939135,-0.014954337899543368,-0.013869863013698747
2019-02-03 19:00:00,0.010468539569026047,0.015827882331880927,0.0013771577597572193,0.014327472205271957,0.2549704431936553,0.0,7.105427357601002e-17,-0.011569301260022868,-0.010481099656357351
2019-02-03 19:30:00,0.009613381940853927,0.015419290244413242,-0.00029449061079733774,0.015595838886075445,0.27412421801603803,0.18264370327282953,0.060881234424276585,-0.01202198305472868,-0.010934279825967508
2019-02-03 20:00:00,0.011016649383739363,0.017467612375094754,7.081386945673174e-05,0.017245568440567925,0.24679303396596025,0.0,0.060881234424276585,-0.010208763477861926,-0.009119064005505995
2019-02-03 20:30:00,0.011030512803477333,0.017930318051493144,-0.0007969694171112707,0.018568219578822515,0.240341478122625,0.0,0.060881234424276585,-0.009754418177645108,-0.008664218498967258
2019-02-03 21:00:00,0.015189973254625011,0.02297650025004505,0.0017438963831848397,0.02097336886828077,0.1865190479947926,0.0,7.105427357601002e-17,-0.005073215726968838,-0.003977862331373316
2019-02-03 21:30:00,0.014144649397281661,0.022427261606313476,-0.00042657012308200404,0.02260516707601245,0.20521910000789012,0.21345831540036403,0.07115277180012142,-0.005531865852253071,-0.004437017402328047
2019-02-03 22:00:00,0.011237478568862702,0.019207179781272288,-0.003686370399805128,0.02271725508813082,0.29663470707115647,1.0,0.4044861051334548,-0.007932858128305353,-0.0068406530236836405
2019-02-03 22:30:00,0.006570593265205149,0.013323809406242004,-0.007863644571077244,0.021129767969298736,0.4254214888429354,1.0,0.7378194384667881,-0.012248168498168566,-0.011160714285714413
2019-02-03 23:00:00,0.01087312842737398,0.017244005251528582,-0.0038224986385326787,0.020926074168642134,0.3507899435192068,0.6876066018464507,0.8958688672821502,-0.007590569292696969,-0.006497987349051271
2019-02-03 23:30:00,0.0031300722948288673,0.008456858807877943,-0.010967987674445956,0.019449266289330313,0.5021860845815579,1.0,0.8958688672821502,-0.015066773199406414,-0.0139824220979341
2019-02-04 00:00:00,0.006097461298196549,0.010627756993365711,-0.0076734457601127515,0.01827420890315767,0.4538329764604747,0.7647638818735897,0.8174568279066802,-0.011908851482881011,-0.010821023703194932
2019-02-04 00:30:00,0.0057476693434728165,0.009548912266413634,-0.007648293992999711,0.017180879113015624,0.45584812240701056,0.6939290404009474,0.8195643074248455,-0.01202198305472868,-0.010934279825967508
2019-02-04 01:00:00,0.008184883407056587,0.011443030476401495,-0.005036601084897785,0.0164270123140477,0.41616194076499124,0.4317943428879183,0.6301624217208184,-0.009299655568312248,-0.008208955223880654
2019-02-04 01:30:00,0.006753072470987886,0.009347480386729279,-0.0060905996527845785,0.015412980919209554,0.4381123233582207,0.25516537124781224,0.460296251512226,-0.01043577981651378,-0.009346330275229464
2019-02-04 02:00:00,0.00759877716711399,0.009798741871173133,-0.005045584580702811,0.014809131386468317,0.42106396932425094,0.12351978337138476,0.27015983250237174,-0.009299655568312248,-0.008208955223880654
2019-02-04 02:30:00,0.00863638273200662,0.010412255348236865,-0.0038360309288304473,0.014201589856064447,0.4009034060593201,0.0,0.12622838487306565,-0.007932858128305353,-0.0068406530236836405
2019-02-04 03:00:00,0.00930146882388283,0.01040318790420347,-0.0028649211301218225,0.013218287545418426,0.3859767782160295,0.0,0.04117326112379488,-0.0069052825411439755,-0.00581194613879632
2019-02-04 03:30:00,0.008825114889607688,0.009186523598127438,-0.0029149470733869087,0.012063641645640583,0.3887002217236415,0.05223774874098411,0.017412582913661333,-0.007019562715765204,-0.005926352128883816
2019-02-04 04:00:00,0.00714242425934053,0.006920278786999967,-0.004139308895021898,0.011044230845291573,0.42183985189066725,1.0000000000000002,0.35074591624699475,-0.008388876120432154,-0.00729717306366362
2019-02-04 04:30:00,0.008198550101162771,0.007466886561256381,-0.002725804858149883,0.010168586370013546,0.3985705523075885,0.3511627086349053,0.46780015245862977,-0.007019562715765204,-0.005926352128883816
2019-02-04 05:00:00,0.0050983195945149,0.004394467556810833,-0.005576337895308203,0.009976701035634054,0.4648059879249459,1.0,0.7837209028783018,-0.009868043602983434,-0.008777969018933018
2019-02-04 05:30:00,0.005674657759021873,0.004887664683586257,-0.00476134405887374,0.009648399346543445,0.449866621007852,0.8037025620689721,0.7182884235679591,-0.009072117593017848,-0.007981166743224688
2019-02-04 06:00:00,0.005008487433408426,0.004370160772972254,-0.00523104231567284,0.00960533761757835,0.46053673335328216,0.9355442516249568,0.9130822712313095,-0.009527089072543626,-0.00843663911845749
2019-02-04 06:30:00,0.006477471797741385,0.006026380018558042,-0.0036347507210999774,0.009649591616648637,0.4270840971705557,0.43048776832525343,0.7232448606730606,-0.007818788087846418,-0.0067264573991032695
2019-02-04 07:00:00,0.007113781542637643,0.006803765195226852,-0.0023843843688954314,0.00916789136246972,0.4099795463751789,0.0,0.45534400665006985,-0.0069052825411439755,-0.00581194613879632
2019-02-04 07:30:00,0.0045018589031651235,0.004260931797094525,-0.004295374965866183,0.008556454118657315,0.469986204101699,1.0,0.4768292561084176,-0.009299655568312248,-0.008208955223880654
2019-02-04 08:00:00,0.005656807202200742,0.005646437796354764,-0.0029216734827195445,0.008556454118657315,0.4423040476258497,0.538681914230075,0.5128939714100249,-0.007932858128305353,-0.0068406530236836405
2019-02-04 08:30:00,0.00476891972857274,0.004547563974424795,-0.0035710014744250174,0.008114603240236511,0.4594478478703472,0.824380216618958,0.7876873769496775,-0.008616727941176405,-0.007525275735294157
2019-02-04 09:00:00,0.0025896317820552905,0.002621758968977428,-0.0054651435138065585,0.008098415938142034,0.5082828181012244,1.0,0.7876873769496775,-0.010662692043109323,-0.009573492318275645
2019-02-04 09:30:00,-0.0028933324128507243,-0.00257448571455976,-0.011312186272671054,0.00879879353798398,0.6112449691444477,1.0,0.9414600722063191,-0.016189716109907604,-0.015106601299737843
2019-02-04 10:00:00,0.0009482020097923982,0.0013887479343812625,-0.007500685670446261,0.008916682709594056,0.5285439519681213,0.5104737417498807,0.8368245805832935,-0.012361222387547222,-0.011273892640494498
2019-02-04 10:30:00,0.0009110176172517637,0.0014501276670324525,-0.007527728674243228,0.00900522141263936,0.5285439519681213,0.4551871835105958,0.6552203084201587,-0.012361222387547222,-0.011273892640494498
2019-02-04 11:00:00,-0.00011429654077288465,0.0009622392399450952,-0.008680053097708917,0.009679645187537302,0.5473455725865423,0.3793894561208163,0.4483501271270975,-0.013377544020123477,-0.012291333180882824
2019-02-04 11:30:00,0.0008797782706086998,0.0022345239056202892,-0.007705509369738572,0.00996729874864404,0.5248064044434815,0.0,0.27819221321047055,-0.012361222387547222,-0.011273892640494498
2019-02-04 12:00:00,7.544560475092332e-05,0.0018550663459202532,-0.00853393185369733,0.010423807804821201,0.5406502278507501,0.7029462359349127,0.36077856401857616,-0.013151875571820737,-0.01206541628545299
2019-02-04 12:30:00,0.0013929498038074417,0.003415401191224632,-0.006965561521046326,0.010399422520914327,0.5093006610707831,0.0,0.23431541197830408,-0.011795693999083756,-0.010707741639945034
2019-02-04 13:00:00,0.0035470539770598997,0.005654109282839936,-0.004357047758506205,0.010004668705925052,0.46129150786527534,0.0,0.23431541197830408,-0.009527089072543626,-0.00843663911845749
2019-02-04 13:30:00,0.0016404152921387638,0.003832739220903214,-0.0057690361961558745,0.009611080369983656,0.5017553502384172,0.5098852700818272,0.16996175669394223,-0.011342804766269476,-0.010254353803849758
2019-02-04 14:00:00,0.0015760852806823156,0.003907170926109593,-0.005545576059015844,0.009460497048587606,0.5017553502384173,0.509885270081828,0.33992351338788496,-0.011342804766269476,-0.010254353803849758
2019-02-04 14:30:00,0.0026180846123187163,0.0049376305012232,-0.003962636236484185,0.00889592999734399,0.4758475511114694,0.3031930845329752,0.44098787489887664,-0.010208763477861926,-0.009119064005505995
2019-02-04 15:00:00,0.00185289762040175,0.00428220856657946,-0.004580236993907083,0.008863766387665025,0.49277060949882023,0.7779563132748667,0.5303448892965565,-0.010889500229252613,-0.009800550206327419
2019-02-04 15:30:00,0.0012288748192947896,0.003768035868084052,-0.004970922796713406,0.008744217817454429,0.5070537669333897,1.0,0.6937164659359472,-0.011456065986940045,-0.010367739718180835
2019-02-04 16:00:00,0.003389812131654679,0.006079674049916273,-0.0027268206798397587,0.008791755995397032,0.4522012853459714,0.0,0.5926521044249554,-0.009185899644046258,-0.008095074061315932
2019-02-04 16:30:00,0.0035890772171423,0.006355990326300187,-0.002209424739349486,0.008547693280247914,0.4444347694225765,0.0,0.3333333333333332,-0.008844475074661129,-0.007753273604410804
2019-02-04 17:00:00,0.00489029669210872,0.007801341502998493,-0.0006116486466780646,0.008382855073059454,0.41145669042582456,0.0,-1.4210854715202004e-16,-0.007362245484872854,-0.006269412170712085
2019-02-04 17:30:00,0.004698520351241742,0.007935930571915772,-0.0009417973612871888,0.008846790118913987,0.41145669042582456,0.0,-1.4210854715202004e-16,-0.007362245484872854,-0.006269412170712085
2019-02-04 18:00:00,0.005737287498710053,0.009425592777974279,-7.290906454460178e-05,0.009454290348835078,0.38352904722073583,0.0,-1.4210854715202004e-16,-0.006104584197189511,-0.005010366275051914
2019-02-04 18:30:00,0.0036239129878039567,0.0074823073063414736,-0.0021138741531059324,0.009570492185676112,0.44610125252792665,0.9999999999999999,0.33333333333333315,-0.008046901942752038,-0.006954822393378635
2019-02-04 19:00:00,0.003260153858728021,0.007248010448496434,-0.002581880118649682,0.009807010173338687,0.45313384813179425,1.0,0.6666666666666664,-0.008274910929778057,-0.007183082404321417
2019-02-04 19:30:00,0.0044635280070470795,0.007667380454992934,-0.0011764148663180318,0.008815185787508815,0.418777679801703,0.5064109388949785,0.8354703129649927,-0.0069052825411439755,-0.00581194613879632
2019-02-04 20:00:00,0.0035116351620045894,0.006612516618283326,-0.0022081927912366295,0.008801327461396084,0.4452026248402191,0.8860535022331333,0.7974881470427039,-0.007704691812327469,-0.006612235510579545
2019-02-04 20:30:00,0.0025984318886451696,0.005489847124002356,-0.003088376366792378,0.008567935667317327,0.47109853969105747,1.0,0.7974881470427039,-0.008502815121222529,-0.007411237504308943
2019-02-04 21:00:00,0.00017776852589879155,0.002633571731234241,-0.005304364945356244,0.00794855114482036,0.5404056067490111,1.0,0.9620178340777109,-0.010889500229252613,-0.009800550206327419
2019-02-04 21:30:00,0.0017153863676575565,0.003872467493146514,-0.003642846368003494,0.007514451122789141,0.49393620908727764,0.6179380934292744,0.8726460311430912,-0.009299655568312248,-0.008208955223880654
2019-02-04 22:00:00,0.0031975705482181205,0.00485125154120869,-0.0019533674565721526,0.006794773764405539,0.4520723000987193,0.07215819421582362,0.5633654292150324,-0.007704691812327469,-0.006612235510579545
2019-02-04 22:30:00,0.003848674120034312,0.005312315511571741,-0.0012957428334732235,0.006594814070039572,0.4323412467141328,0.0,0.2300320958816991,-0.0069052825411439755,-0.00581194613879632
2019-02-04 23:00:00,0.00625752963354631,0.008271145823009585,0.0005333776018690006,0.007703853840340839,0.37450334201039,0.0,0.024052731405274294,-0.004269559196861228,-0.0031733210246942534
2019-02-04 23:30:00,0.008248538003318817,0.010905811368927099,0.001597080141598095,0.009250899729482764,0.332809796719156,0.0,-2.4276876805136755e-16,-0.0019662271570667356,-0.000867453157529563
2019-02-05 00:00:00,0.009159090612209653,0.01245492492696143,0.0015346523747179486,0.010844418139317734,0.3122213715552676,0.0,-2.4276876805136755e-16,-0.0006948465547190752,0.0004053271569195438
2019-02-05 00:30:00,0.008126666132018068,0.011811256425400263,-0.0001112217071962407,0.011853137074948325,0.3363380339673011,0.20077162401424292,0.06692387467141406,-0.0013887281564632925,-0.00028931836592982485
2019-02-05 01:00:00,0.009267372940566565,0.013322809374375577,0.00029564217870770015,0.012939062199812548,0.3109009479324326,0.0,0.06692387467141406,0.0001159017153455899,0.0012169680111264736
2019-02-05 01:30:00,0.008566898146056046,0.012574368253463364,-0.0007912608499179852,0.013287345990921809,0.32361396401620873,0.49978272143080615,0.23351811514834947,-0.00023172285946015947,0.0008689607229752649
2019-02-05 02:00:00,0.007557780359084054,0.01165490127711477,-0.002102973524422902,0.013692480011624665,0.3494635309198856,1.0,0.4999275738102685,-0.0009262475396549785,0.0001736714136852946
2019-02-05 02:30:00,0.006030071328084752,0.010028251740121563,-0.003703089852979957,0.013688052020626422,0.3951055019093745,1.0,0.8332609071436018,-0.002197039777983356,-0.001098519888991678
2019-02-05 03:00:00,0.008146459440876441,0.012448792118319174,-0.0020048370933971604,0.014378544774243244,0.3452976654349083,0.40848999107452905,0.8028299970248427,0.000231830300220226,0.001333024226266355
2019-02-05 03:30:00,0.005251492177775541,0.009499799854683966,-0.0048986437853196785,0.014365394927972838,0.43004369956512084,1.0,0.8028299970248427,-0.002427745664739911,-0.0013294797687861681
2019-02-05 04:00:00,0.007171697459795068,0.011653177638165424,-0.0032300516967914694,0.014820810558015027,0.385635519916238,0.4759851584246467,0.6281583831663917,-0.00023172285946015947,0.0008689607229752649
2019-02-05 04:30:00,0.008462631137261978,0.013034264201451151,-0.002299669795045145,0.01525207159527999,0.35642883092302907,0.13134733208892968,0.5357774968378587,0.001392596031101423,0.0024950678890565126
2019-02-05 05:00:00,0.01083691498319328,0.015734553488785163,-0.0006408725857243169,0.016252769019821263,0.31270590041310137,0.0,0.20244416350452535,0.004189456534388514,0.00529500756429635
2019-02-05 05:30:00,0.010298929285088132,0.01549160538230221,-0.001737823674133443,0.017111753396009233,0.3164683311952164,0.03206495101583182,0.05447076103492038,0.00407260879683502,0.005178031184547294
2019-02-05 06:00:00,0.010686333686183769,0.01598388144803975,-0.0018578770227457575,0.017716625902833107,0.3039260494670979,0.0,0.010688317005277153,0.004891114475369829,0.005997437987655729
2019-02-05 06:30:00,0.008912148518865237,0.013771437869088299,-0.0036656116102210534,0.017349384546347504,0.3513832732302338,0.9038992306144696,0.3119880605434337,0.0034887777648564544,0.004593557390394132
2019-02-05 07:00:00,0.008900954138660877,0.012513304890914512,-0.003195017315298143,0.015635474283336014,0.3450496355982168,0.8665400727267809,0.5901464344470834,0.0038389948813402075,0.004944160074453308
2019-02-05 07:30:00,0.004621093338922799,0.0068903815495195975,-0.006635486404113933,0.013524144334265256,0.4659858491191963,1.0000000000000002,0.9234797677804168,-0.00023172285946015947,0.0008689607229752649
2019-02-05 08:00:00,0.007243802030056479,0.008486747815504403,-0.003466994155267744,0.011923814664618804,0.40803006442682116,0.6423802521242677,0.8363067749503496,0.002672554032070673,0.003776435045317106
2019-02-05 08:30:00,0.004380276844072606,0.0044829268019168644,-0.00550274369842918,0.009990764875760633,0.4729726700758439,1.0,0.880793417374756,0.0,0.0011009386950977529
2019-02-05 09:00:00,0.007012408810055604,0.00662416357392992,-0.0025562881671429283,0.009161817175687566,0.4191465791303452,0.5792306587683974,0.7405369702975553,0.0029056252905625968,0.004009762900976321
2019-02-05 09:30:00,0.009783126109463192,0.009716333874260075,-0.00014422241337708197,0.00981358790898924,0.3701522687795086,0.0,0.526410219589466,0.0060627258948351415,0.007170339279468196
2019-02-05 10:00:00,0.007931209932667826,0.008034751403152018,-0.0020277665370289633,0.010032385745508679,0.4061457508184819,0.350061676332479,0.3097641117002923,0.004540162980209539,0.00564610011641431
2019-02-05 10:30:00,0.005707451009459241,0.005677974253131657,-0.004028154339108747,0.009698128509468598,0.4503783422127926,0.7802544283217397,0.3767720348847397,0.00255605902172662,0.003659811781108413
2019-02-05 11:00:00,0.007508640808426392,0.007658077456751178,-0.0022674615526888653,0.009898858537308486,0.41512130565435545,0.5605289521273047,0.5636150189271746,0.004657119571545021,0.0057631854697868246
2019-02-05 11:30:00,0.006651001563505954,0.006830730947307462,-0.00303738675368459,0.009849436549519282,0.42850460602005064,0.7273487875368577,0.6893773893286343,0.00407260879683502,0.005178031184547294
2019-02-05 12:00:00,0.004480763693501144,0.004483267722808826,-0.004947789845675676,0.009433248544804242,0.47268514691308816,1.0000000000000002,0.7626259132213878,0.0020903495528974414,0.0031935895947043935
2019-02-05 12:30:00,0.007904867910634827,0.007574499079429309,-0.0013849664998750733,0.008931823672496607,0.40864526716641236,0.0,0.5757829291789529,0.005828185103158967,0.006935540272758889
2019-02-05 13:00:00,0.003996204645816626,0.0036012738326896,-0.005052905466646718,0.008660465201962234,0.48393982400297003,1.0000000000000002,0.666666666666667,0.0020903495528974414,0.0031935895947043935
2019-02-05 13:30:00,0.0052979821847563,0.004087991202228913,-0.003122650425304574,0.007207162943395817,0.45840444088360455,0.6608601711436421,0.5536200570478811,0.003605489648755622,0.004710397766922503
2019-02-05 14:00:00,0.004641078660234443,0.0031081614635006805,-0.0034104167529689366,0.006519563502746444,0.46771122512989605,0.784465178428482,0.8151084498573751,0.0031388049290861364,0.004243199255986818
2019-02-05 14:30:00,0.004234704727239302,0.002688420999266583,-0.0036065985910850307,0.006297910890679193,0.4725913004858149,0.8492783011952716,0.7648678835891323,0.0029056252905625968,0.004009762900976321
2019-02-05 15:00:00,0.004854257354218738,0.0035103651651213763,-0.0027542874635979597,0.006262285241603348,0.45680561724257257,0.0,0.5445811598745849,0.003722228684424733,0.00482726532511335
2019-02-05 15:30:00,0.00365424595069741,0.00252492983180419,-0.0037217692461668506,0.00625043946412498,0.48081753409160927,1.0,0.6164261003984243,0.002672554032070673,0.003776435045317106
2019-02-05 16:00:00,0.0059823419584390525,0.005116306634405987,-0.0012253467089639036,0.006329339739728935,0.4306977678997635,0.0,0.33333333333333376,0.005242311276794087,0.006349021435228197
2019-02-05 16:30:00,0.0058603503624148345,0.0052651327619508415,-0.0013271157515817311,0.0065792938280271615,0.42851125033402737,0.0,0.33333333333333376,0.005359431434230455,0.006466270534777996
2019-02-05 17:00:00,0.004843000230248862,0.004444180907586359,-0.0022090237480987263,0.006645777477130823,0.44957619306570434,0.40272298504906856,0.13424099501635667,0.004540162980209539,0.00564610011641431
2019-02-05 17:30:00,0.004990368995800631,0.004138213157907078,-0.0017159469415338746,0.005847078509072459,0.44205585025637606,0.2589478538586742,0.2205569463025814,0.004891114475369829,0.005997437987655729
2019-02-05 18:00:00,0.005019613849464033,0.00427647717374402,-0.0016323304061265365,0.005901006016878019,0.43680994700910053,0.39395771357088877,0.3518761841595443,0.005125218404193443,0.006231799650553205
2019-02-05 18:30:00,0.004036075190749333,0.00267676681288731,-0.0020948301275990344,0.004770208960691095,0.46092270578654676,1.0,0.5509685224765214,0.004306331471136016,0.005412011173184128
2019-02-05 19:00:00,0.0023085124010766567,0.0010808378755193804,-0.0037301523073113296,0.004817371548814467,0.5064371331416536,1.0,0.79798590452363,0.002672554032070673,0.003776435045317106
2019-02-05 19:30:00,0.0016588126642840262,0.0006410164080008496,-0.004055254011066989,0.0047043012201288615,0.5219605885400123,1.0,1.0000000000000004,0.0020903495528974414,0.0031935895947043935
2019-02-05 20:00:00,0.0008120663016197849,0.0002057917784794583,-0.004916861632274339,0.005134748490163171,0.543602798779564,1.0,1.0000000000000004,0.0012763982362495874,0.0023787421675560694
2019-02-05 20:30:00,-0.00652784706157683,-0.004474761764760693,-0.014514183421789895,0.010135654349465072,0.6873335669382812,1.0,1.0000000000000004,-0.006333486872408978,-0.0052395209580838875
2019-02-05 21:00:00,-0.003073602179979651,-0.0001381672747541307,-0.011450509790526642,0.011378272076097937,0.5981909537937908,0.5072174101303252,0.8357391367101088,-0.0030040439052571033,-0.001906412478336339
2019-02-05 21:30:00,-0.0008457512930789557,0.0024828027367505,-0.009210454427348802,0.011732724004340849,0.5480409358450966,0.15770621995012313,0.5549745433601498,-0.0008105604446503323,0.0002894858730893013
2019-02-05 22:00:00,-0.0013680594797360612,0.0023227859567969134,-0.009856636205611169,0.012225474609873822,0.5585299243488758,0.10385476791460785,0.2562594659983525,-0.0013887281564632925,-0.00028931836592982485
2019-02-05 22:30:00,-9.144729115395656e-05,0.003777340624776304,-0.00818058512072084,0.011984310670495796,0.5294199275823785,0.0,0.08718699595491072,-0.00011587485515640594,0.0009849362688296726
2019-02-05 23:00:00,0.00013483161069238747,0.004169891477427745,-0.007913516883083949,0.01210606865359883,0.5240717178748708,0.0,0.034618255971536345,0.0001159017153455899,0.0012169680111264736
2019-02-05 23:30:00,-0.0017600493774807546,0.0026413322584974974,-0.009766838331372263,0.012452535899958664,0.5643566674488011,0.9999999999999999,0.33333333333333365,-0.0018507807981491542,-0.0007518796992481702
2019-02-06 00:00:00,-0.0010249137326345803,0.0036370941274022073,-0.008950209071261983,0.012620831161989591,0.5467657054731504,0.5633366266633126,0.5211122088877712,-0.0011575413821044434,-5.7877069105316536e-05
2019-02-06 00:30:00,1.6228711800403417e-05,0.004837721951452156,-0.007769355786909848,0.012625584533767742,0.5205550124141547,0.0,0.5211122088877712,-0.00011587485515640594,0.0009849362688296726
2019-02-06 01:00:00,-0.00020702121754190284,0.004751863533556389,-0.00774074212484499,0.01251130304130602,0.5259929498757124,0.12414913220188577,0.22916191962173316,-0.0003475440222427961,0.0007530120481926694
2019-02-06 01:30:00,0.002927130677156109,0.008022108048981735,-0.004535357700306997,0.012535611475447373,0.4491808892905352,0.0,0.0413830440672956,0.0029056252905625968,0.004009762900976321
2019-02-06 02:00:00,0.00821821307594317,0.01407390419199439,0.0003253477949147765,0.013650279490045176,0.3537976052606677,0.0,0.0413830440672956,0.008532024310425435,0.009642356241234218
2019-02-06 02:30:00,0.010848531188218491,0.01801878077397867,0.0018991559200416397,0.015960673016567995,0.31480282995380876,0.0,3.434289889507151e-16,0.011606096131301369,0.012719812426729149
2019-02-06 03:00:00,0.009967880681977404,0.018143859789232275,0.00017111560331417586,0.01780965251216308,0.3270907772688714,0.0581842906268848,0.019394763542295277,0.011131942816967388,0.012245137098664038
2019-02-06 03:30:00,0.00595200540499774,0.014439624238457904,-0.003909621903646743,0.018253143321209562,0.41714408305032963,0.7615919860851146,0.27325875890400014,0.007354657950034982,0.0084636936726592
2019-02-06 04:00:00,0.008434124893057504,0.01761601310965677,-0.0019405272749584146,0.019404453268445424,0.3764529459531288,0.6023975096452658,0.47405792878575537,0.010184968391477423,0.011297120112385706
2019-02-06 04:30:00,0.006518004672763311,0.016077756426695622,-0.004121234687565756,0.02007895388991949,0.41245727084903727,0.9542040764649219,0.7727311907317678,0.008532024310425435,0.009642356241234218
2019-02-06 05:00:00,0.006827854902942132,0.016748480514732433,-0.004258713236052092,0.020876820436399785,0.4034963689427276,0.8484484940428247,0.8016833600510044,0.00912174014735112,0.01023272131914399
2019-02-06 05:30:00,0.007579306808062292,0.01787658003412873,-0.004074191834644525,0.02180032360414398,0.38719011472596293,0.2638699613428296,0.6888408439501923,0.010184968391477423,0.011297120112385706
2019-02-06 06:00:00,0.008530318490048927,0.01919514206233508,-0.003815936810899756,0.022835483082563713,0.3676347469151404,0.0,0.3707728184618849,0.011487516117688612,0.01260110186379082
2019-02-06 06:30:00,0.008195796196321492,0.017747095084341913,-0.004161348981892576,0.021760626890253907,0.36763474691514036,0.0,0.08795665378094336,0.011487516117688612,0.01260110186379082
2019-02-06 07:00:00,0.007193596800524782,0.016040762381189566,-0.005252429243085555,0.02117894884643997,0.3872132300044276,0.5459452747069303,0.18198175823564358,0.010776619421342337,0.01188942251376357
2019-02-06 07:30:00,0.005666214911911327,0.013962871104664432,-0.006791602971768507,0.020680322009331124,0.42251357421996294,1.0,0.515315091568977,0.009475900795507641,0.010587271876462134
2019-02-06 08:00:00,0.00544401040556175,0.012963034451288769,-0.006879740113432509,0.0197826028667177,0.4225135742199629,0.9999999999999987,0.84864842490231,0.009475900795507641,0.010587271876462134
2019-02-06 08:30:00,0.005230519801422195,0.012089870617407295,-0.006965865002059535,0.019007039530823257,0.42251357421996294,1.0,0.9999999999999999,0.009475900795507641,0.010587271876462134
2019-02-06 09:00:00,0.004799480976643178,0.010913120407842536,-0.007170430349363932,0.01804977340346891,0.42997047342023564,1.0,0.9999999999999999,0.00923976608187127,0.010350877192982333
2019-02-06 09:30:00,0.005289212370485297,0.010027389193851155,-0.0060596925646383415,0.016055230616290685,0.41275135404253666,0.0,0.6666666666666669,0.009948501872659277,0.011060393258427004
2019-02-06 10:00:00,0.007575227425620001,0.01099390966941316,-0.003225780122359301,0.014164673283244566,0.35639308044448353,0.0,0.3333333333333335,0.012555738089650381,0.013670499882656673
2019-02-06 10:30:00,0.007278159683438812,0.009292898067613686,-0.0027920766641882366,0.012045820866745749,0.35639308044448353,0.0,1.8947806286936004e-16,0.012555738089650381,0.013670499882656673
2019-02-06 11:00:00,0.00801588197126657,0.008046030858999798,-0.0008217855870635837,0.008835900091334363,0.33470971507309405,0.0,1.8947806286936004e-16,0.013626218724303918,0.01474215905086318
2019-02-06 11:30:00,0.007701533658667881,0.006410575216728276,-0.00025528331023327855,0.006645406319095958,0.33470971507309416,9.104661884898586e-16,4.929667923659796e-16,0.013626218724303918,0.01474215905086318
2019-02-06 12:00:00,0.007172106077569795,0.006023025265415205,-0.0008204415895495254,0.006825711188162762,0.34498061343098607,0.4736763957980483,0.15789213193268326,0.013388138578978248,0.01450381679389312
2019-02-06 12:30:00,0.005755744187855294,0.004851749076185685,-0.002059960219880863,0.006902074728410339,0.39525258931905954,1.0,0.4912254652660166,0.012199413489736077,0.013313782991202228
2019-02-06 13:00:00,0.00259187261866356,0.0019649694940968576,-0.005064022236466514,0.007039900241638337,0.5022232017782968,1.0,0.8245587985993497,0.00912174014735112,0.01023272131914399
2019-02-06 13:30:00,0.0028283007040919017,0.0019234729320798394,-0.004532270311584208,0.006464175105201558,0.49142186442971925,0.9355195956992634,0.9785065318997546,0.009475900795507641,0.010587271876462134
2019-02-06 14:00:00,0.0031684645262133326,0.002414575992969681,-0.004064856891846325,0.006484783742187534,0.476700443398874,0.8376854601054444,0.924401685268236,0.009948501872659277,0.011060393258427004
2019-02-06 14:30:00,0.0021425940605255267,0.0013949901604632942,-0.004961407372811699,0.006367752564449848,0.5084184243996761,1.0,0.924401685268236,0.009003741814780364,0.01011459307764273
2019-02-06 15:00:00,0.0034115115853310396,0.002650979460607994,-0.0035409092029971,0.006194645063047711,0.4630780305897907,0.0,0.6125618200351483,0.01042154566744724,0.011533957845433207
2019-02-06 15:30:00,0.004521094439036366,0.0038722260224228755,-0.002336289804813041,0.006203751543895242,0.42560912084476754,0.0,0.3333333333333334,0.011724703951225157,0.012838550826591577
2019-02-06 16:00:00,0.0005116868722856438,0.00036042384393186744,-0.006398027487515501,0.006778915534011199,0.5474856659697285,1.0,0.3333333333333334,0.0077075791194674,0.008817003386663469
2019-02-06 16:30:00,0.001278078357308532,0.0014386624490692057,-0.005552734445329555,0.007005808093843651,0.5228863132301288,0.798161715903763,0.5993872386345876,0.008532024310425435,0.009642356241234218
2019-02-06 17:00:00,-0.003248600163250903,-0.0018177664612516464,-0.0108974499184602,0.009137777868623229,0.6262333650767768,1.0,0.932720571967921,0.0038389948813402075,0.004944160074453308
2019-02-06 17:30:00,-0.0035666287805790065,-0.0010945595283121667,-0.011940324192618701,0.01091691502326633,0.6347535094146449,1.0,0.932720571967921,0.0033720930232556956,0.0044767441860464885
2019-02-06 18:00:00,-0.0038718365560385104,-0.0004366041903329787,-0.012871159640444052,0.012517847730746224,0.6435050495262015,1.0,1.0,0.0029056252905625968,0.004009762900976321
2019-02-06 18:30:00,-0.0038312217125922032,0.0004442729248879118,-0.013320507672128334,0.013853974108417358,0.6457900374019836,1.0,1.0,0.002789076118535627,0.0038930854154559658
2019-02-06 19:00:00,-0.00010844690010791691,0.004414577501985706,-0.009605292537562926,0.01405635129655871,0.5289526193525738,0.0,0.6666666666666667,0.006532135775108028,0.007640265951242231
2019-02-06 19:30:00,0.0022548193096521008,0.006918566506052493,-0.007117350416249502,0.014037312118197769,0.46898662160351123,0.0,0.33333333333333337,0.009003741814780364,0.01011459307764273
2019-02-06 20:00:00,0.0023916466507765133,0.007142689659025203,-0.006546198430955719,0.013684806656416595,0.46359619006634767,0.0,0.0,0.00923976608187127,0.010350877192982333
2019-02-06 20:30:00,0.003199830053903785,0.008032432138038725,-0.005328147427199004,0.0133425385537303,0.4417256084453571,0.0,0.0,0.010184968391477423,0.011297120112385706
2019-02-06 21:00:00,0.003412978210016515,0.008230778650884618,-0.004518400152231927,0.01272555775961137,0.4334672688999756,0.0,0.0,0.010539875863684323,0.011652418315962088
2019-02-06 21:30:00,0.0021514444432928492,0.006866766994184648,-0.0050770839903254705,0.01193317268634056,0.46909747826917253,1.0,0.33333333333333337,0.009357819628026842,0.010469060708854894
2019-02-06 22:00:00,0.0038724909491862913,0.00858010693128497,-0.0028259759105428994,0.011373360937338092,0.4232328952280699,0.0,0.33333333333333337,0.011250439470291917,0.01236376420953933
2019-02-06 22:30:00,0.0070097446604158176,0.012312483973749178,3.464678824416367e-05,0.012202504227842638,0.35540601736779354,0.0,0.33333333333333337,0.01469896519285041,0.01581608654750699
2019-02-06 23:00:00,0.006393656345331733,0.012199416844394406,-0.0010791629358493093,0.013205157428490178,0.3667125958475065,0.09944967185812503,0.03314989061937501,0.01434113083343136,0.015457858234395161
2019-02-06 23:30:00,0.0041013188245808685,0.010089889905755989,-0.0034857843339094474,0.013530994182628457,0.43118207506286216,0.6665061482568173,0.25531860670498074,0.012199413489736077,0.013313782991202228
2019-02-07 00:00:00,0.006095405333254922,0.012530535775374663,-0.0018909872214134538,0.014345209719126286,0.3864598436151929,0.4098105284437395,0.3919221161862273,0.014460380907594717,0.01557723959557955
2019-02-07 00:30:00,0.00665252052829457,0.013533342117691527,-0.0018613807104677083,0.015305400804403645,0.37118481305126005,0.20822930307303877,0.42818199325786516,0.015295917166725514,0.01641369572890916
2019-02-07 01:00:00,0.005595701365423089,0.012796120421797674,-0.0031793792978855873,0.0158990511899783,0.3968581239461006,0.46759378958057224,0.36187787369911684,0.014460380907594717,0.01557723959557955
2019-02-07 01:30:00,0.002883821586332047,0.010183849392005007,-0.005763117684688401,0.01591179618573416,0.4700855759818153,1.0,0.5586076975512038,0.011843339587242152,0.012957317073170715
2019-02-07 02:00:00,0.002206125455092911,0.00939646174967157,-0.0065018174276283425,0.015875302500178576,0.4853779474866875,1.0,0.8225312631935242,0.011250439470291917,0.01236376420953933
2019-02-07 02:30:00,0.0016684433777469643,0.008801559158184924,-0.007067929077360979,0.015855744237963525,0.497862316136842,1.0,1.0,0.010776619421342337,0.01188942251376357
2019-02-07 03:00:00,-0.0006463426235705505,0.005757490628289563,-0.00915821518128701,0.014941111111279161,0.5558767890199385,1.0,1.0,0.00841416384246818,0.00952436601612705
2019-02-07 03:30:00,0.0009524896253445547,0.006405068434683692,-0.007201041746167092,0.013611527387115182,0.5113412146528626,0.4808841979272923,0.8269613993090975,0.01006672129228603,0.011178742830387334
2019-02-07 04:00:00,-0.000658287276334657,0.0036356319086046085,-0.008251735683291739,0.011914867724836018,0.5501541854065658,0.9188269836934324,0.7999037272069083,0.00841416384246818,0.00952436601612705
2019-02-07 04:30:00,-0.0043210647286087145,-0.0007393828943912384,-0.01171696169233738,0.011046377540485777,0.6256350610454462,1.0,0.7999037272069083,0.004540162980209539,0.00564610011641431
2019-02-07 05:00:00,-0.0021428164542072192,0.0013352354287936574,-0.009629682465657652,0.01101058123590451,0.5695028209919251,0.5088778457878242,0.809234943160419,0.00664955669622036,0.007757816145590235
2019-02-07 05:30:00,-0.0016112001556813915,0.0020770739479527567,-0.009254945096411893,0.011372835417975994,0.5575317483109541,0.40413841266163475,0.6376720861498196,0.007119514472455624,0.00822829131652636
2019-02-07 06:00:00,-0.0012120311430696695,0.002657258752845282,-0.00896198729925457,0.011655989978476791,0.548224072755477,0.0,0.30433875281648637,0.007472270869819164,0.008581436077057747
2019-02-07 06:30:00,-0.00026734513946669036,0.003760159857069789,-0.008025673471653727,0.011811023369215344,0.5231430352978167,0.0,0.1347128042205449,0.00841416384246818,0.00952436601612705
2019-02-07 07:00:00,0.000641983248671707,0.004781098501688952,-0.007062067036019859,0.011856687903723616,0.4985786578145791,0.0,0.0,0.009357819628026842,0.010469060708854894
2019-02-07 07:30:00,0.0009542990525364115,0.005104709264259988,-0.006719499809543672,0.011833763598590669,0.4893001819347537,0.0,0.0,0.009712146033231894,0.010823777205710261
2019-02-07 08:00:00,0.003285875557347717,0.007570368072191913,-0.0043562918258569505,0.011907524052943338,0.42910165405569345,0.0,0.0,0.012199413489736077,0.013313782991202228
2019-02-07 08:30:00,0.002930926140479073,0.0072110431505703065,-0.004197087480345862,0.011390964699593328,0.43621573542766434,0.07564841432576004,0.02521613810858668,0.011962003049138081,0.013076111176263616
2019-02-07 09:00:00,0.0019127889837537992,0.006160870951529063,-0.004696313247955164,0.010849239530817909,0.46493738167092324,0.5157926461479946,0.19714702015791818,0.01101347393087293,0.012126537785588587
2019-02-07 09:30:00,0.0014995407953384277,0.005816839790365513,-0.004903276895073416,0.010715222170743915,0.47572368350415994,0.774471255212932,0.45530410522889553,0.01065823377840247,0.01177090653548829
2019-02-07 10:00:00,-0.0015925485932959393,0.00274798561224876,-0.007453181175587464,0.010225222623898324,0.561416999021562,1.0,0.7634213004536421,0.007472270869819164,0.008581436077057747
2019-02-07 10:30:00,-0.003207113570952602,0.0011375582320467537,-0.008386975481463388,0.00955918296645379,0.6004858837669999,1.0,0.924823751737644,0.005710955710955812,0.006818181818181834
2019-02-07 11:00:00,-0.0018519439372199908,0.0022979776007538977,-0.006254098501675576,0.008569026154163979,0.5610181457149589,0.7088294046653035,0.9029431348884345,0.007001983895437158,0.008110631345547903
2019-02-07 11:30:00,-0.002673808595042959,0.0016245191870181142,-0.006871108903702017,0.008517973246140152,0.5825096992588824,0.8559164196347413,0.8549152747666817,0.0060627258948351415,0.007170339279468196
2019-02-07 12:00:00,-0.005464873310642826,-0.0004999541630829052,-0.0099615127670577,0.009511309730076582,0.6435825562670161,1.0,0.8549152747666817,0.003022201557596249,0.004126467511333276
2019-02-07 12:30:00,-0.0023539949511154346,0.0027170159695131257,-0.006681105977674351,0.009416786441708793,0.555992385366261,0.0,0.6186388065449138,0.0060627258948351415,0.007170339279468196
2019-02-07 13:00:00,-0.0022616814236208205,0.0029082271201983367,-0.0066391353631737315,0.009565205936208633,0.5559923853662612,1.6224257321410829e-15,0.33333333333333387,0.0060627258948351415,0.007170339279468196
2019-02-07 13:30:00,-0.002731489156395317,0.0025627775738665814,-0.007002302160210139,0.009586359172697002,0.5690727862339022,0.14933640079846536,0.049778800266155644,0.005476578886040473,0.006583546958750741
2019-02-07 14:00:00,-0.0027360065543812206,0.0026909873236555804,-0.007060089036343364,0.009772424718786896,0.571789865175199,0.18035676430906267,0.10989772170250987,0.005359431434230455,0.006466270534777996
2019-02-07 14:30:00,-0.004411534557270613,0.0010255733652939636,-0.009003245187599096,0.010068982070163381,0.6137530170837691,1.0,0.44323105503584265,0.0034887777648564544,0.004593557390394132
2019-02-07 15:00:00,-0.004016003068194274,0.0016561425024022025,-0.008879592543114323,0.010573925155564297,0.6057618942567742,0.8616510486575462,0.6806692709888695,0.003722228684424733,0.00482726532511335
2019-02-07 15:30:00,-0.005414308967522152,0.000751556356642924,-0.010715555892121253,0.011524527441802629,0.6409984324197695,1.0,0.9538836828858486,0.0020903495528974414,0.0031935895947043935
2019-02-07 16:00:00,-0.005978158144711587,0.0007720067183667467,-0.011737427929785271,0.012578398366277662,0.6574827789054484,1.0,0.9538836828858486,0.0012763982362495874,0.0023787421675560694
2019-02-07 16:30:00,-0.005300237592394175,0.0018866047808745456,-0.011266683722133797,0.01321526863451932,0.6394149968912857,0.6506675758372619,0.8835558586124205,0.0017413512885999793,0.0028442071047132256
2019-02-07 17:00:00,-0.006643113811901191,0.0011240226359447991,-0.01281850571429477,0.014024533183236166,0.6732586536711851,1.0000000000000002,0.8835558586124205,0.0001159017153455899,0.0012169680111264736
2019-02-07 17:30:00,-0.005829194862997822,0.0022986395676198867,-0.011947253739022612,0.014314953036005459,0.6498014129219922,0.3068940244328227,0.6525205334233614,0.0006958135219761186,0.0017975182651048804
2019-02-07 18:00:00,-0.0026003709383247697,0.005221475123314834,-0.007792438362031251,0.013030664164617647,0.5403233383663892,0.0,0.4356313414776074,0.0038389948813402075,0.004944160074453308
2019-02-07 18:30:00,-0.003834296050883257,0.003598512341926652,-0.00801301048319114,0.01163720904396479,0.5746253996609958,0.2580357312574036,0.1883099185634086,0.002439591078067016,0.0035432156133827775
2019-02-07 19:00:00,-0.0031276718333417275,0.0038443953071858328,-0.006308651961841938,0.010165572558941235,0.5560078662632612,0.11798616387910289,0.12534063171216864,0.003022201557596249,0.004126467511333276
2019-02-07 19:30:00,-0.002670908979319875,0.0036508226852369763,-0.004697334313144563,0.008352527506960718,0.5446065210966897,0.03912365784369955,0.1383818509934018,0.0033720930232556956,0.0044767441860464885
2019-02-07 20:00:00,-0.004678494261163513,0.0015787186495019867,-0.006405264652519005,0.008003297443664724,0.6004828217075878,1.0,0.3857032739076006,0.0011602274045712235,0.002262443438914019
2019-02-07 20:30:00,-0.004051012620057137,0.00220952300763666,-0.005703428985582626,0.007926799739717546,0.5842304735340068,0.709137004492185,0.5827535541119613,0.0016250725478816896,0.0027278003482298363
2019-02-07 21:00:00,-0.0051123921122366855,0.0011086707873884105,-0.006487757270115746,0.007616914077280687,0.6150836094035491,0.9999999999999999,0.9030456681640614,0.0003477857639693216,0.0014491073498723583
2019-02-07 21:30:00,-0.0035802984281118055,0.002495913328312893,-0.004666797934768097,0.007170494421060796,0.565760283076361,0.3001509070233875,0.6697626371718571,0.0017413512885999793,0.0028442071047132256
2019-02-07 22:00:00,-0.004106259593121386,0.0019779536408277565,-0.005342222782359407,0.007332510692914163,0.5837342353888835,0.3644107900041377,0.5548538990091748,0.0010440835266822823,0.0021461716937354325
2019-02-07 22:30:00,-0.0021658916667638417,0.003671795602280037,-0.0030093130360324682,0.006678896312128313,0.5217182706719038,0.0,0.22152056567584155,0.0029056252905625968,0.004009762900976321
2019-02-07 23:00:00,-0.0023037535671441844,0.0032060312760111565,-0.0026715204695976214,0.005875981357841659,0.528461993902836,0.07222940892781776,0.14554673297731832,0.002672554032070673,0.003776435045317106
2019-02-07 23:30:00,-9.243123267332898e-05,0.005342579977865913,-0.000323364885284505,0.005651761160691653,0.46184024747769825,0.0,0.024076469642605763,0.004891114475369829,0.005997437987655729
2019-02-08 00:00:00,0.00013500144402955883,0.005540922661438019,-3.1312876930811306e-05,0.005556927287890175,0.45533307186549876,0.0,0.024076469642605763,0.005125218404193443,0.006231799650553205
2019-02-08 00:30:00,0.0011381291667871274,0.006890564073616545,0.00045551801593490815,0.006411496368362148,0.4262298036772879,0.0,-1.569115208136888e-16,0.006180037313432862,0.007287779850746023
2019-02-08 01:00:00,0.0026662938176071904,0.00905523379754114,0.0011643410681438926,0.00785077692811189,0.3850058103209648,0.0,-1.569115208136888e-16,0.007825274468582277,0.008934828311142118
2019-02-08 01:30:00,0.001437904476158769,0.007993279020975796,-0.0005737736546673755,0.008535388495270997,0.42759198209873295,0.5542589150604076,0.18475297168680238,0.00664955669622036,0.007757816145590235
2019-02-08 02:00:00,0.0002603720082434702,0.006674749914692635,-0.0020138317138075346,0.0086683803226911,0.4673158940747081,1.0,0.5180863050201358,0.005476578886040473,0.006583546958750741
2019-02-08 02:30:00,0.0014835505870514076,0.007936988386642696,-0.0012049851198131512,0.009111304839483523,0.4318163516830843,0.5687096796325477,0.707656198230985,0.0067670050169175155,0.007875393769688266
2019-02-08 03:00:00,0.0018746354387659814,0.008081474902553953,-0.0011245471565524134,0.00917411024804155,0.4193415935702864,0.4171516014009653,0.6619537603445041,0.007237072487451979,0.00834597875569032
2019-02-08 03:30:00,0.0009030814346115967,0.006763546267458009,-0.002238764926350667,0.008981990422473992,0.45335521972737375,0.7089968128655133,0.564952697966342,0.006297376093294504,0.007405247813411009
2019-02-08 04:00:00,0.00041929161675646753,0.006261059691238247,-0.0028690559612003508,0.009114657176867642,0.4700701767852845,1.0,0.708716138088826,0.005828185103158967,0.006935540272758889
2019-02-08 04:30:00,0.0004028488082561399,0.006080375100756763,-0.0030264061067021286,0.00909289649547724,0.4700701767852845,1.0,0.9029989376218377,0.005828185103158967,0.006935540272758889
2019-02-08 05:00:00,0.00027502618121366673,0.005829426783123592,-0.003276979230676269,0.009094799015056863,0.47472705060934245,1.0,1.0,0.005710955710955812,0.006818181818181834
2019-02-08 05:30:00,0.001834948261265179,0.007416924032381589,-0.0019884860216417,0.009379950813256382,0.41918808819825026,0.0,0.6666666666666667,0.007354657950034982,0.0084636936726592
2019-02-08 06:00:00,0.002100212664825296,0.007339465442437687,-0.0018624130075439727,0.009176747685853054,0.40816835656813827,0.0,0.33333333333333337,0.0077075791194674,0.008817003386663469
2019-02-08 06:30:00,0.0007826258396246288,0.005582160817832804,-0.0031562219328320484,0.008727796200573311,0.46382589957513226,0.8362174740468663,0.2787391580156221,0.006414742243993521,0.00752274317704682
2019-02-08 07:00:00,-0.0005919315449723905,0.0033398913466493596,-0.004178465770129369,0.0075215107900659,0.5171707680524583,1.0,0.6120724913489554,0.005008152806895039,0.006114605171208876
2019-02-08 07:30:00,-0.002243318465047439,0.0012683114359530734,-0.0057445351308721415,0.007028577308971297,0.5741988011679082,1.0,0.9454058246822887,0.003255435414486696,0.004359958144401821
2019-02-08 08:00:00,0.0018739184236444828,0.004594687769637895,-0.001325569264091886,0.005910595814651544,0.43990649388152797,0.19115853956722859,0.7303861798557427,0.007472270869819164,0.008581436077057747
2019-02-08 08:30:00,0.0019128303926769785,0.004248453415019338,-0.0012124889124500715,0.005452665278354562,0.4368501408518053,0.0,0.39705284652240946,0.007589911256422166,0.008699205978514701
2019-02-08 09:00:00,0.0022876408618779376,0.004097831601319379,-0.000663252162066752,0.0047529216199499215,0.424155712780882,0.0,0.06371951318907615,0.00806074766355147,0.009170560747663536
2019-02-08 09:30:00,-0.0011652215683852774,0.0006551376260015562,-0.004182495018318244,0.0048461797482997485,0.5336187895580602,0.7295442792728007,0.2431814264242669,0.004540162980209539,0.00564610011641431
2019-02-08 10:00:00,-0.0055675673331720965,-0.0024670345023022344,-0.009792525173247801,0.007370671263044682,0.6336222629090945,1.0,0.5765147597576001,-0.00011587485515640594,0.0009849362688296726
2019-02-08 10:30:00,-0.007888813804072248,-0.0030410157422805506,-0.0136121681245861,0.010659913128976323,0.6765670827426554,1.0,0.9098480930909335,-0.0027736045302206858,-0.0016757194036750578
2019-02-08 11:00:00,-0.006697361926275458,-0.0008391431342646971,-0.013018578091877231,0.012264413368342943,0.6481108229319887,0.8872623693022379,0.9624207897674125,-0.0018507807981491542,-0.0007518796992481702
2019-02-08 11:30:00,-0.006986367445947939,-0.00019428045809521954,-0.013909765784679284,0.013812894175684208,0.6577983678806606,0.8687027704642969,0.9186550465888449,-0.002427745664739911,-0.0013294797687861681
2019-02-08 12:00:00,-0.010228897836779827,-0.0018791264798743157,-0.018392700288150987,0.016682667884972982,0.7123741949113745,1.0,0.9186550465888449,-0.006104584197189511,-0.005010366275051914
2019-02-08 12:30:00,-0.009827764588278609,-0.0002401113533045951,-0.01875320815832804,0.018690595026625116,0.7123741949113745,1.0,0.9562342568214324,-0.006104584197189511,-0.005010366275051914
2019-02-08 13:00:00,-0.012173905502258386,-0.0010357313407861612,-0.022037657886271877,0.021247047240943725,0.748689396496038,1.0,1.0,-0.008958309406224885,-0.007867233260595019
2019-02-08 13:30:00,-0.008634571085943232,0.00324417982398173,-0.01874135691811618,0.022157223953861722,0.6497420222673034,0.0,0.6666666666666667,-0.0057610323770019845,-0.004666436225371662
2019-02-08 14:00:00,-0.0070872188900580335,0.005233857015609189,-0.01718586439908787,0.022554507233187956,0.6153360160099012,0.0,0.33333333333333337,-0.004499307798800145,-0.003403322565759259
2019-02-08 14:30:00,-0.00735925704431406,0.005361232743131827,-0.017375529987452842,0.022874171277054718,0.6250550438568391,0.07288175081507035,0.024293916938356787,-0.005073215726968838,-0.003977862331373316
2019-02-08 15:00:00,-0.0066306016726750405,0.006367042352284358,-0.016437408023064592,0.022919856041076537,0.6117387922374925,0.0,0.024293916938356787,-0.004614142346291317,-0.003518283539047262
2019-02-08 15:30:00,-0.006260470355512249,0.006808967461584325,-0.015473019145940015,0.022378932722398198,0.6082500364937944,0.0,0.024293916938356787,-0.004499307798800145,-0.003403322565759259
