timestamp,ema50_dist_dsh_usd_12h,ema200_dist_dsh_usd_12h,lower_bb_dist_dsh_usd_12h,width_bb_dsh_usd_12h,rsi_dsh_usd_12h,stoch_rsi_fastk_dsh_usd_12h,stoch_rsi_fastd_dsh_usd_12h,kijun_dist_dsh_usd_12h,tenkan_dist_dsh_usd_12h
2018-07-15 14:00:00,,,,,,,,-0.6662928702330047,-0.6951544637402916
2018-07-16 02:00:00,,,,,,,,-0.6703775536591674,-0.6988858719075942
2018-07-16 14:00:00,,,,,,,,-0.6771539533116636,-0.7050761957026468
2018-07-17 02:00:00,,,,,,,,-0.688540012217471,-0.7154774994909388
2018-07-17 14:00:00,,,,,,,,-0.6923612228479485,-0.7189682220434432
2018-07-18 02:00:00,,,,,,,,-0.7067185642520228,-0.7320838286612724
2018-07-18 14:00:00,,,,,,,,-0.7049421296296297,-0.7304610339506172
2018-07-19 02:00:00,,,,,,,,-0.7112365489899943,-0.7362110628657732
2018-07-19 14:00:00,,,,,,,,-0.7137226277372263,-0.7384821261463597
2018-07-20 02:00:00,,,,,,,,-0.7077161201559276,-0.7329951081556219
2018-07-20 14:00:00,,,,,,,,-0.7220966569767442,-0.7461319040697675
2018-07-21 02:00:00,,,,,,,,-0.6874581119738454,-0.7144891704127503
2018-07-21 14:00:00,,,,,,,,-0.6854269496544916,-0.7126336788417242
2018-07-22 02:00:00,,,,,,,,-0.6997526695979899,-0.7257203988693468
2018-07-22 14:00:00,,,,,0.6174701670644392,,,-0.6986524291737264,-0.7247153158122858
2018-07-23 02:00:00,,,,,0.602601497832085,,,-0.6957754882851346,-0.7220871951947174
2018-07-23 14:00:00,,,,,0.5631699316267235,,,-0.6877261034665796,-0.7147339839124577
2018-07-24 02:00:00,,,,,0.5370072841898205,,,-0.6819074158798819,-0.7094185417793122
2018-07-24 14:00:00,,,,,0.5957013910405063,,,-0.6982243617566981,-0.7243242710018546
2018-07-25 02:00:00,,0.08804538572413789,-0.09525516816021862,0.18396372309417666,0.5861600464232765,,,-0.6963673177703669,-0.722627838653327
2018-07-25 14:00:00,,0.10817992247951258,-0.0621854473413912,0.16653551306330147,0.5510811791733713,0.2397837830525981,0.5728618237768515,-0.6893118297042574,-0.7161825641858954
2018-07-26 02:00:00,,0.08258005224370812,-0.06817138153921398,0.1496731383013757,0.5741142754505322,0.6322098290908413,0.5404465405190229,-0.6952542237806822,-0.7216110137073637
2018-07-26 14:00:00,,0.09397010444948029,-0.04852840548307247,0.13933275145858168,0.5532259167695883,0.04806650409019407,0.3066867054112112,-0.6912185077519379,-0.7179243378552972
2018-07-27 02:00:00,,0.10607520639503698,-0.038403056511369105,0.139749682186835,0.536001862356461,0.0,0.2267587777270118,-0.6878280746152905,-0.7148271358014613
2018-07-27 14:00:00,,0.12282101847783577,-0.02886870454456425,0.14488364612035184,0.5141489845934276,0.0,0.01602216803006468,-0.6834216408643099,-0.7108018047851643
2018-07-28 02:00:00,,0.09459933814612254,-0.05217018834855269,0.14372055599502379,0.545843046145818,0.5285401121111282,0.17618003737037605,-0.6903684210526315,-0.7171477732793523
2018-07-28 14:00:00,,0.11790151228558354,-0.03480852372268062,0.14661854928868703,0.5084126147431112,0.0,0.17618003737037605,-0.6830805569368473,-0.7104902204541688
2018-07-29 02:00:00,,0.1153692610128616,-0.033815499361731116,0.14333981002369733,0.5018873275848702,0.0,0.17618003737037605,-0.6817618175765645,-0.709285535952064
2018-07-29 14:00:00,,0.11643556511324915,-0.025500482704908567,0.1357632276700582,0.48525364235423607,0.0,0.0,-0.6784434914228052,-0.7062542045072318
2018-07-30 02:00:00,,0.10409845564191977,-0.03213294417364687,0.1314996789874441,0.49313196764063827,0.13002810381667335,0.04334270127222445,-0.6798970366649925,-0.7075820358278921
2018-07-30 14:00:00,,0.08433230680461867,-0.008447940125274167,0.08938864651532322,0.47633891695620073,0.0,0.04334270127222445,-0.6767719031317359,-0.7047271881999916
2018-07-31 02:00:00,,0.09053126324134575,-0.009694286882109382,0.09633195801702461,0.4688947768165178,0.0,0.04334270127222445,-0.6754000254658121,-0.7034739612070795
2018-07-31 14:00:00,,0.1454183847869026,0.0172376577097757,0.11854009565862236,0.40303175473503133,0.0,0.0,-0.6614475431606905,-0.6907281983178397
2018-08-01 02:00:00,,0.22054186993976477,0.04425640971055356,0.15567431485017685,0.3395985414057225,0.0,0.0,-0.642471132719368,-0.6733930157542892
2018-08-01 14:00:00,,0.17412309531386239,-0.006177149367917911,0.16633278612775507,0.4073739586508603,0.49565036641367316,0.1652167888045577,-0.6555,-0.685295045045045
2018-08-02 02:00:00,,0.18918439492686012,-0.006710874108746379,0.17951674296801917,0.39154074711443215,0.40173022473299996,0.2991268637155577,-0.6508445945945946,-0.6810422753834916
2018-08-02 14:00:00,,0.2394382601215188,0.008090148969388755,0.2058689093462511,0.3524655270182449,0.18984738324787684,0.36240932479818333,-0.6378835227272728,-0.669202178030303
2018-08-03 02:00:00,,0.24848605181553607,-0.008108926328694643,0.22906409391987667,0.34930512751589954,0.14321691410720735,0.2449315073626947,-0.6367483613565118,-0.668165194262373
2018-08-03 14:00:00,,0.2656405282292196,-0.00969211495578337,0.24409480426503957,0.3322431547729076,0.0,0.11102143245169473,-0.6305897695986089,-0.662539245519973
2018-08-04 02:00:00,,0.23244739274468373,-0.040104367837024535,0.24863970417511472,0.371342039190601,0.659367149217515,0.26752802110824075,-0.6378492281466048,-0.6691708495122645
2018-08-04 14:00:00,,0.23941165057017577,-0.042984103941770324,0.2571409696126181,0.3599655850481694,0.7090337918366945,0.4561336470180698,-0.6342467718794835,-0.6658799617407939
2018-08-05 02:00:00,,0.2749605267164845,-0.024078727449668325,0.26570853632879293,0.32288545880100405,0.0,0.4561336470180698,-0.6211285049043892,-0.6538962647379373
2018-08-05 14:00:00,,0.23757683162378274,-0.0532771858035922,0.2663132945005455,0.3642834070256688,0.8543307821521879,0.5211215246629607,-0.628940856824026,-0.6610329435738198
2018-08-06 02:00:00,,0.22785429242535593,-0.060010507512549216,0.2655770696590884,0.3629339741208764,0.8264824921172176,0.5602710914231352,-0.628508281925487,-0.6606377811240103
2018-08-06 14:00:00,,0.2246212227977329,-0.06260481013653929,0.26570199120804083,0.3561264772270022,0.8029629450619307,0.8279254064437788,-0.6264214536928487,-0.6587314380617428
2018-08-07 02:00:00,,0.23542345247893337,-0.04724077122175274,0.25835523342894434,0.32955661006922393,0.16114690592914918,0.5968641143694324,-0.6178533952930595,-0.6509044121321141
2018-08-07 14:00:00,,0.20677193292008478,-0.0620568071603399,0.250689461599423,0.3548532954122219,0.7284485630714983,0.5641861380208593,-0.6220833127439838,-0.6547684933537581
2018-08-08 02:00:00,,0.28466728930484453,-0.009286592111659386,0.25837775786628864,0.2833959852498451,0.0,0.29653182300021574,-0.5942112803098636,-0.6293070515201359
2018-08-08 14:00:00,,0.29311280457007216,-0.010928772676959575,0.2664479051628661,0.2713313940496236,0.0,0.2428161876904993,-0.5879808210322164,-0.623615450921237
2018-08-09 02:00:00,0.35180000000000033,0.38848114759589625,0.03551303845061282,0.29122851133646327,0.2225675721359134,0.0,-9.473903143468002e-17,-0.5553546511627907,-0.593811046511628
2018-08-09 14:00:00,0.3100022865964185,0.3429321767497102,-0.0057969585916828326,0.29842444085561975,0.2622981905401023,0.3003394275677243,0.10011314252257467,-0.5649411229307697,-0.602568405483816
2018-08-10 02:00:00,0.2304853024133109,0.24582958520081544,-0.06063064049613853,0.2804872539771167,0.35534881953791725,0.9999999999999999,0.4334464758559079,-0.5882248425133259,-0.6238383675227481
2018-08-10 14:00:00,0.23980488921809706,0.24915803726037655,-0.0535431868038202,0.27573253478519066,0.3420726304060654,0.9000145774225383,0.733451334996754,-0.5818306085625239,-0.6179971567608946
2018-08-11 02:00:00,0.3398475731069115,0.36704908986673024,0.002592701178043555,0.3076046262063922,0.28084005034272075,0.4388607529072506,0.7796251101099294,-0.5434089552238806,-0.5828985074626867
2018-08-11 14:00:00,0.3467380254083898,0.3791495632081856,-0.006910159897291268,0.3254812499671491,0.2720152810262884,0.10442799356481852,0.4811011079648689,-0.5362379479716208,-0.5763477048086836
2018-08-12 02:00:00,0.2962474019734651,0.3252638808282491,-0.04969981602707341,0.3295567043401034,0.31531315612885724,0.519573221969049,0.3542873228137058,-0.5494609720176731,-0.5884270986745215
2018-08-12 14:00:00,0.2988775789419018,0.3315840869006914,-0.0558288583956591,0.3404697837832465,0.3074999388064709,0.5065087117102041,0.3768366424146902,-0.544306738962045,-0.5837186438658166
2018-08-13 02:00:00,0.2875287876534338,0.3203963730684314,-0.06944870350114296,0.34638306508877326,0.30728639616737086,0.8146153837232956,0.6135657724675159,-0.5441709381332698,-0.5835945881511504
2018-08-13 14:00:00,0.29299208764568063,0.32803222308100133,-0.07168934522670867,0.3543092428291146,0.2973247007284809,0.5845418428095304,0.6352219794143431,-0.5380028996013049,-0.5779600096653377
2018-08-14 02:00:00,0.46396357174840874,0.5195993296824126,0.02183755544991106,0.3917168096083448,0.22348232860348044,0.0,0.4663857421776083,-0.4701468754330054,-0.5159727033393378
2018-08-14 14:00:00,0.5193986406832871,0.5966314487154076,0.02539392311311106,0.43572234787639247,0.204920007584614,0.0,0.19484728093650983,-0.44241032370953626,-0.49063502478856813
2018-08-15 02:00:00,0.5150625234312589,0.6123033831359752,-0.010269035085561207,0.47852744041446005,0.20118550903605426,0.0,-3.0790185216271004e-16,-0.43628657772536295,-0.4850409080857965
2018-08-15 14:00:00,0.38431721050212553,0.4669044901130248,-0.10286008199424257,0.48202527004191487,0.3034805257380581,1.0,0.3333333333333331,-0.4790968532897425,-0.5241486173545838
2018-08-16 02:00:00,0.2946807944807315,0.35512888774840246,-0.15597754404260544,0.4648215169491161,0.37128927203314716,1.0,0.6666666666666664,-0.5083001157258582,-0.5508261540439758
2018-08-16 14:00:00,0.25804903417144254,0.29541483094298404,-0.1695612338660053,0.4374488115722789,0.3945822893499563,1.0,0.9999999999999996,-0.5182121708454076,-0.5598809373818824
2018-08-17 02:00:00,0.3188690483427836,0.34058580840984654,-0.1234389496663516,0.4185782788779008,0.35556871041492144,0.7982718281467149,0.9327572760489045,-0.4899359743897559,-0.5340502867813792
2018-08-17 14:00:00,0.254180995804254,0.2450059675779419,-0.14857419880955947,0.3754762470697751,0.40215465789159277,1.0,0.9327572760489045,-0.5109412968410283,-0.553238905230848
2018-08-18 02:00:00,0.16961459261907552,0.148919173635085,-0.19533189109159554,0.35242967417199816,0.46846600800157195,1.0,0.9327572760489045,-0.5412177564487102,-0.5808968206358729
2018-08-18 14:00:00,0.18446655049530802,0.15218379286103167,-0.17469403312514076,0.33059875468566724,0.4520876271637463,0.8549267237751637,0.9516422412583875,-0.5324387112551201,-0.5728770556948095
2018-08-19 02:00:00,0.2780378702486095,0.24706993250566045,-0.10888279021895964,0.33294814629176356,0.38969464786681357,0.3022741746825242,0.719066966152562,-0.4910222281378943,-0.535042592839079
2018-08-19 14:00:00,0.23980827857149634,0.20705150749923917,-0.13083469333994957,0.32548257824990884,0.4121446462628253,0.285002040812871,0.4807343130901858,-0.5023490369599167,-0.545389770952629
2018-08-20 02:00:00,0.22577146165267514,0.1734508629329985,-0.12569353858765464,0.29216782473605646,0.4162019878765746,0.3365098681095956,0.30792869453499644,-0.5042844179414052,-0.5471577651024113
2018-08-20 14:00:00,0.26689043906796006,0.19333587464720892,-0.08226155032288684,0.2610968470362165,0.38615982070724747,0.0,0.20717063630748836,-0.48324999999999996,-0.5279425675675676
2018-08-21 02:00:00,0.30021843188324304,0.22836194418830824,-0.05858033982039801,0.2644895536316402,0.36306074704514474,0.0,0.11216995603653133,-0.46465770684586316,-0.5109582808343834
2018-08-21 14:00:00,0.2752935545582553,0.2080832011720255,-0.07536398798460564,0.26580825774341854,0.3749675508265738,0.22405957397944154,0.07468652465981332,-0.470293669483308,-0.5161068014960521
2018-08-22 02:00:00,0.2907630602591156,0.21934634117890894,-0.06100180633632157,0.2597807189626256,0.3605002831602333,0.0,0.07468652465981332,-0.4589388043862752,-0.5057339936328263
2018-08-22 14:00:00,0.21822080976827096,0.14448151031623757,-0.10542447507276387,0.2451191713322147,0.4189096530362668,1.0,0.40801985799314666,-0.48561339790153357,-0.5301015603981707
2018-08-23 02:00:00,0.3186019976619614,0.2365083001649717,-0.031016460729597295,0.24259873114112962,0.3580774492402005,0.0,0.3333333333333328,-0.4377370974856639,-0.4863659755918248
2018-08-23 14:00:00,0.2817181416556067,0.19694382838793967,-0.05327088873836372,0.2334448623186014,0.3785732716796824,0.33692388505588383,0.44564129501862737,-0.4485615401254597,-0.4962542360660466
2018-08-24 02:00:00,0.2570597413180469,0.18434487338279548,-0.06728839876785242,0.23771994291877901,0.3907349662349159,0.5368458638157567,0.29125658295721296,-0.45465630347974906,-0.5018218767826583
2018-08-24 14:00:00,0.2579286126653437,0.19418021006485042,-0.05662084900570774,0.23466114077532657,0.3841533535393089,0.42865296129210134,0.4341409033879134,-0.44971218880414443,-0.49730536767880273
2018-08-25 02:00:00,0.19207060045799773,0.13596019879999832,-0.09010570326122258,0.22099900315900667,0.4384783790755556,1.0,0.6551662750359522,-0.4750926561427591,-0.5204907343857241
2018-08-25 14:00:00,0.21025794810454546,0.16151608519063831,-0.07275117290993927,0.22431175162243014,0.41950143834655973,0.683216647896317,0.703956536396139,-0.4633052631578948,-0.5097228070175439
2018-08-26 02:00:00,0.18726911539051794,0.14160382508461988,-0.08708986402316643,0.22262558779560007,0.43457239497140576,0.9280997281530284,0.870438792016448,-0.47011016420702567,-0.5159391671863092
2018-08-26 14:00:00,0.206203269427353,0.15843288920567544,-0.06910768364854769,0.2178124996999196,0.4140147915394049,0.549681066972935,0.7203324810074263,-0.457903317266799,-0.5047880635100653
2018-08-27 02:00:00,0.20157725697757334,0.1601031777772539,-0.07113687605679608,0.221391846908782,0.4113069266902541,0.0,0.4925935983753207,-0.4562846580406654,-0.5033093985496944
2018-08-27 14:00:00,0.15152380721172243,0.11015420182180802,-0.10457162767289652,0.21412813639530703,0.45961064005559416,1.0,0.5165603556576446,-0.4761353517364203,-0.5214432495376397
2018-08-28 02:00:00,-0.03919140077295469,-0.05873063608900431,-0.2657529882405649,0.2471146867409445,0.6361644026284529,1.0,0.6666666666666662,-0.5636254707292023,-0.6013665411388793
2018-08-28 14:00:00,-0.08274385938815498,-0.07038314653026556,-0.32471074253952903,0.3169376629288986,0.6716839019964502,1.0000000000000002,0.9999999999999996,-0.5849397590361445,-0.620837403668729
2018-08-29 02:00:00,-0.14592265420338824,-0.082921224784411,-0.40853802852751386,0.4316977243842807,0.7206909710568293,1.0000000000000002,0.9999999999999996,-0.6162234042553192,-0.6494153954235247
2018-08-29 14:00:00,-0.14040603275412922,-0.039514455838711826,-0.429421479544825,0.5093281629646064,0.7208403550087696,1.0,0.9999999999999996,-0.6163196708975067,-0.6495033361761903
2018-08-30 02:00:00,-0.0893914626104988,0.03903907074662216,-0.4052734556714599,0.5439122017482797,0.6436545843200042,0.08845701147723348,0.6961523371590775,-0.595177853059496,-0.6301900275248783
2018-08-30 14:00:00,-0.04298873664501057,0.10634639941003599,-0.3746566887098326,0.5555303414320992,0.586306667882984,0.0,0.3628190038257441,-0.5753290021655839,-0.6120578599589095
2018-08-31 02:00:00,-0.05135215694217554,0.11049174563261221,-0.3761881428206637,0.5612395519033548,0.5950631395056994,0.06508757627766788,0.0511815292516334,-0.5799703427065026,-0.6162977811950792
2018-08-31 14:00:00,-0.06056146780320193,0.11295811567569891,-0.37832833536650645,0.5664453091017901,0.6053254974380637,0.14136852978167158,0.06881870201977944,-0.5851423921887713,-0.6210225115269867
2018-09-01 02:00:00,-0.08860743232493373,0.09398878119315257,-0.3919130919175491,0.5709521335299718,0.6336477934375147,0.8255073330610173,0.34398781304011855,-0.599124646189328,-0.6337954712233987
2018-09-01 14:00:00,-0.18200090959776005,0.010466052307283924,-0.4659926011861256,0.616985229687879,0.7149470210672962,0.9999999999999999,0.6556252876142292,-0.6434711668453685,-0.6743065591347723
2018-09-02 02:00:00,-0.18903861347308448,0.02477083890483467,-0.47041972881099303,0.6371669367366184,0.7258262146142265,1.0,0.9418357776870054,-0.6499015793087664,-0.6801808194094758
2018-09-02 14:00:00,-0.1496941111575093,0.08710723063874726,-0.4351463061688894,0.6322831600574772,0.6660706531708708,0.5041061759325658,0.8347020586441881,-0.635553967119371,-0.6670741005480105
2018-09-03 02:00:00,-0.14885358444129615,0.09792801907834159,-0.42255506146527233,0.6213339879678547,0.6704868459399989,0.39964941937833126,0.6345851984369653,-0.6377977740942458,-0.6691238456073881
2018-09-03 14:00:00,-0.12094122257040174,0.1362878876460769,-0.383286914883433,0.5927832449638467,0.6320557194949309,0.0,0.30125186510363194,-0.6280204280155641,-0.660192120622568
2018-09-04 02:00:00,-0.1667160048224513,0.08520521283196647,-0.4036842689870809,0.5814848558486294,0.6787849079287134,0.49833573315714264,0.2993283841784909,-0.6502698006219133,-0.6805171940735322
2018-09-04 14:00:00,-0.164981759429065,0.09024153328830753,-0.38358244237921857,0.555264936262266,0.6831581110207844,1.0,0.49944524438571386,-0.6523681818181819,-0.6824340909090909
2018-09-05 02:00:00,-0.14527845045631926,0.11287959783375356,-0.3447559550855227,0.5176510758127345,0.6571016615002443,0.4901129136518454,0.6628162156029958,-0.6466340156170587,-0.6771958600933328
2018-09-05 14:00:00,-0.04283690274469287,0.22813494131068612,-0.22457642462852756,0.45190730609544877,0.5204998720343086,0.0,0.49670430455061476,-0.6050046482801363,-0.639166924904452
2018-09-06 02:00:00,0.02536010251744636,0.29047075798599153,-0.11989587982914851,0.3781179280611646,0.4613616950934716,0.0,0.16337097121728145,-0.5764344262295082,-0.6130676783340718
2018-09-06 14:00:00,0.09168989715389353,0.3545939889745282,-0.022063369484559114,0.32296026925592697,0.41631219942605113,0.0,-3.552713678800501e-16,-0.5474883143009289,-0.5866250517720846
2018-09-07 02:00:00,0.037082053429688955,0.2876262454421379,-0.0671928089096322,0.31959440757284385,0.4588779296766766,0.17677571885396692,0.058925239617988616,-0.5694962003940331,-0.6067295243456234
2018-09-07 14:00:00,0.06555430643776972,0.3307667006520476,-0.05048027402712951,0.3343851633967455,0.4382433554146435,0.21049664935940032,0.1290907894044554,-0.5565663593668464,-0.5949179567461008
2018-09-08 02:00:00,-0.010670003889622026,0.233050310745198,-0.12404794311713296,0.338641871003634,0.5006575232566399,1.0,0.46242412273778877,-0.5884685751183814,-0.6240610202324581
2018-09-08 14:00:00,-0.05573766624870358,0.17280344272887582,-0.166849963888833,0.33864534766191673,0.5391760903628114,1.0,0.7368322164531331,-0.6081616968951737,-0.6420509273491137
2018-09-09 02:00:00,0.001258646773039107,0.2437900674803828,-0.1192871879845685,0.3417997301572183,0.49064891132090205,0.519212680932211,0.8397375603107367,-0.5844887536672825,-0.6204254047593176
2018-09-09 14:00:00,-0.03432689248442278,0.19717416070781169,-0.14537947673962648,0.3339063504979329,0.5201760228171165,0.811755150046692,0.7769892769929673,-0.5998377982419423,-0.6344469443281708
2018-09-10 02:00:00,-0.028492941268171812,0.20243595211595444,-0.13644751888777584,0.3280594078391941,0.5159784034086052,0.5219650634508952,0.6176442981432657,-0.5979022082018928,-0.6326787592008412
2018-09-10 14:00:00,-0.0842013736073095,0.1317638615410357,-0.18257608689036864,0.3225342909692119,0.5664713239765622,1.0,0.7779067378325287,-0.6223818693526886,-0.6550412284599813
2018-09-11 02:00:00,-0.06954600470095285,0.14801103751767886,-0.16908630633488508,0.32047438576709925,0.5534608250701056,0.8284082707108986,0.7834577780539308,-0.6175093773443361,-0.6505901475368843
2018-09-11 14:00:00,-0.05591227573247215,0.15298737993927647,-0.1585103120036705,0.3123602642023497,0.5409621234909463,0.4947964942672742,0.7744015883260572,-0.6128429685127063,-0.6463273261111674
2018-09-12 02:00:00,0.0011610137443920365,0.20702833050531644,-0.10915427671243727,0.30143144832370394,0.4857216912557489,0.0,0.44106825499272384,-0.5894185859236593,-0.624928866698878
2018-09-12 14:00:00,0.060610483241143154,0.27437177512835786,-0.06636812674163073,0.30864070547976624,0.4392205737072046,0.0,0.16493216475575762,-0.5640234864895679,-0.6017301333941398
2018-09-13 02:00:00,0.0002701093757015993,0.19002911751277707,-0.12114202073858571,0.300810168652065,0.49044826560040744,0.4484206860721143,0.1494735620240376,-0.5888225806451612,-0.6243844086021506
2018-09-13 14:00:00,-0.036225751155624986,0.13841454112173968,-0.15441226533814778,0.2951879743628156,0.5230036514424372,0.8234893012080022,0.42396999576003835,-0.6044326057722147,-0.6386443570911349
2018-09-14 02:00:00,-0.04051694088750324,0.11097496344794955,-0.15161956096003104,0.2680417489083885,0.5283095810876416,1.0,0.7573033290933716,-0.6068726225968952,-0.6408733422432404
2018-09-14 14:00:00,0.003398047824953787,0.1323277650563799,-0.1012901306477797,0.23004782555118403,0.4868079291275572,0.5341551872627811,0.7858814961569273,-0.5888225806451612,-0.6243844086021506
2018-09-15 02:00:00,-0.03035086889476679,0.06643377753773239,-0.11851970530859346,0.18989901606354762,0.5188384428793956,0.7717888864434802,0.7686480245687533,-0.6031600249066003,-0.6374818389373185
2018-09-15 14:00:00,-0.01845232063877278,0.07706708525037897,-0.1083849879428701,0.18840225493682794,0.5077168982171286,0.5038105256552516,0.6032515331205038,-0.5985986458825382,-0.6333149635228048
2018-09-16 02:00:00,-0.021475483985813892,0.07438462655900246,-0.10791486859988442,0.1854078807172551,0.5116292399079543,0.5980800668915495,0.6245598263300932,-0.6001934235976789,-0.6347718124313869
2018-09-16 14:00:00,-0.01618908363026461,0.07276371217527888,-0.08576859688561178,0.1595699031577937,0.5064957670520508,0.6146588243019857,0.572183138949595,-0.5983034823257524,-0.633045328010925
2018-09-17 02:00:00,-0.030698221419553362,0.05522737564100044,-0.09188043264653234,0.14985411397861859,0.5242042099744434,0.9999999999999999,0.7375796303978445,-0.6047392630110083,-0.6389244922218202
2018-09-17 14:00:00,-0.0432930138833314,0.03433928314844481,-0.08789834628490278,0.12560116992845308,0.5408594583880661,1.0,0.8715529414339944,-0.6105957230142567,-0.6442744399185336
2018-09-18 02:00:00,0.030314958216119292,0.1165842063820608,-0.019894664795458095,0.13018510224860744,0.4565747205453688,0.0,0.6666666666666659,-0.5801317595388416,-0.616445237441669
2018-09-18 14:00:00,0.04846335490067011,0.13896889349108532,-0.010568580046555809,0.14051630475061802,0.4385495880872767,0.0,0.33333333333333265,-0.5719299227583119,-0.6089527594313221
2018-09-19 02:00:00,-0.0010326023952339503,0.08484359976771172,-0.055161432532218724,0.13795759213928815,0.49324576458839947,0.5346129004006837,0.17820430013356048,-0.5921555034129693,-0.627429074232082
2018-09-19 14:00:00,-0.016006180480320986,0.06768469933406962,-0.07007840012147282,0.13792817885070238,0.5105180371246005,0.7034360304214807,0.41268297694072076,-0.5985354330708661,-0.6332572178477691
2018-09-20 02:00:00,-0.02095333753808204,0.06183094459216343,-0.07525786104574717,0.13801536603242454,0.5172374683580506,1.0,0.746016310274054,-0.6009027814016594,-0.6354198194437197
2018-09-20 14:00:00,-0.018065458832216108,0.05476305495974598,-0.06974658092596275,0.12544947360833822,0.514410886921337,0.9640785667756326,0.889171532399037,-0.6000261492599759,-0.6346190052821505
2018-09-21 02:00:00,-0.053467470111115745,0.013179636049352794,-0.10470966320959951,0.12354325814572392,0.5612013027056506,1.0,0.9880261889252101,-0.6153354793280355,-0.6486042651644703
2018-09-21 14:00:00,-0.08658998324541523,-0.015105440096844558,-0.14584316503780848,0.14217952288444485,0.6044095190202315,1.0,0.9880261889252101,-0.6302325581395349,-0.6622129284919983
2018-09-22 02:00:00,-0.09089097993149675,-0.00846935531586901,-0.15787781232527087,0.16296264415243628,0.6137668883029729,1.0,0.9999999999999993,-0.6334755103996933,-0.6651754049650149
2018-09-22 14:00:00,-0.06737411397085735,0.01691445613731335,-0.12736543652947152,0.1527135746885559,0.5763786233239394,0.6236939444108509,0.8745646481369495,-0.6251029411764706,-0.6575269607843137
2018-09-23 02:00:00,-0.061071395175940735,0.02690922243613647,-0.1211898741071521,0.1554259253054739,0.56972173147473,0.16209138873387555,0.5952617777149081,-0.6235713934143821,-0.6561278732096274
2018-09-23 14:00:00,-0.08789172426470804,0.0052557595171252025,-0.15333405641668374,0.17127054093950278,0.6095128283109067,0.9034159417650578,0.563067091636594,-0.63576225175025,-0.6672643711006334
2018-09-24 02:00:00,-0.06205925849994132,0.03634216108250654,-0.13213194324525124,0.17694906029766555,0.566147415322541,0.0,0.35516911016631036,-0.6264579466640617,-0.6587647748363779
2018-09-24 14:00:00,-0.020017218017642335,0.08196700028065851,-0.08890153016032576,0.17146303822188833,0.5026681015843799,0.0,0.30113864725501843,-0.6100397715684275,-0.6437665714868448
2018-09-25 02:00:00,-0.0035152891453847923,0.10004513604827125,-0.07361693490778565,0.17139721097280325,0.4809732393384831,0.0,-8.052817671947803e-16,-0.6035303265940902,-0.63782011404873
2018-09-25 14:00:00,0.05162543833008826,0.16556344629742603,-0.027163051603863564,0.18025295765894941,0.4177746039631274,0.0,-8.052817671947803e-16,-0.5807532068852099,-0.617012937177941
2018-09-26 02:00:00,0.028345624859108298,0.1415428593205934,-0.050784031371684524,0.18397807353127937,0.44704227626213877,0.19725765139082185,0.06575255046360648,-0.5895728238703446,-0.625069764945798
2018-09-26 14:00:00,0.01835379451089536,0.1314263379834566,-0.06071421757714013,0.1855792059814619,0.45965342826026,0.4933101529633354,0.2301892681180516,-0.5932617135563474,-0.6284396107004202
2018-09-27 02:00:00,0.029270592362448555,0.14500219151296756,-0.05379026599364922,0.19012177109429013,0.4453495405381207,0.4363217087080671,0.37562983768740726,-0.5884242815628027,-0.6240205575287914
2018-09-27 14:00:00,0.03654923374216823,0.154045904943374,-0.05160899856617085,0.19563479206985326,0.4349933910747205,0.4111573665350503,0.44692974273548347,-0.5849172320217096,-0.6208168249660788
2018-09-28 02:00:00,-0.023391619008566233,0.08592329274939847,-0.10005356094863382,0.1873001544057884,0.5225702986530973,1.0,0.6158263584143717,-0.6093026819923372,-0.6430932311621967
2018-09-28 14:00:00,0.0012635862649159613,0.10935729405964234,-0.06682639106362442,0.17251507418060372,0.48833398464788436,0.6090714441524072,0.673409603562485,-0.5994186046511627,-0.6340640058663314
2018-09-29 02:00:00,0.02227367761141652,0.13379957237221518,-0.046923802956170046,0.1731999364571239,0.4608031978142572,0.29471018620334644,0.6345938767852504,-0.5906492533319061,-0.6260530963977948
2018-09-29 14:00:00,0.004911574655599438,0.11477912213737063,-0.06318981574857097,0.17349372735735477,0.4851817369851154,0.5730773933240209,0.49228634122659065,-0.5975213135459425,-0.6323308072834439
2018-09-30 02:00:00,0.006398631139846733,0.11671531440902405,-0.06257961932757683,0.17456970750853118,0.4827501448888608,0.35531774644671343,0.40770177532469276,-0.5968211292108176,-0.6316911803468818
2018-09-30 14:00:00,0.003554984505985237,0.11371079394948191,-0.06561405367608719,0.17511364976014906,0.48702892603982534,0.9525963926877311,0.6269971774861544,-0.5979022082018928,-0.6326787592008412
2018-10-01 02:00:00,0.01662238307964059,0.126866990307682,-0.056680985937380246,0.1773251059156811,0.46610463516430395,0.2021464305756897,0.5033535232367106,-0.592394606406225,-0.6276474977349038
2018-10-01 14:00:00,0.025060282159332425,0.1281593484865191,-0.04996677183240572,0.17142407524687395,0.45202610950507266,0.0,0.38491427442113946,-0.5886013986013986,-0.6241823561054332
2018-10-02 02:00:00,0.013854046691151645,0.10305598118661918,-0.05751432561036296,0.15699539176751431,0.471406768679927,0.5536885626221576,0.251944997732615,-0.5928719723183391,-0.6280835773223317
2018-10-02 14:00:00,0.01773845558096987,0.09880839701957433,-0.053059733917971585,0.14847193467773842,0.46370798267444785,0.3337409478970584,0.2958098368397378,-0.5910213903743315,-0.6263930481283423
2018-10-03 02:00:00,0.041977824210973846,0.11782900749519754,-0.03133051558403932,0.14297592225203287,0.4230080426368136,0.0,0.2958098368397378,-0.5805922676172196,-0.6168659171922128
2018-10-03 14:00:00,0.0579293763128812,0.11462928314473952,-0.008624818859026884,0.11705018113109278,0.39755230108891193,0.0,0.11124698263235196,-0.5732198660714285,-0.6101311383928572
2018-10-04 02:00:00,0.07313972216321218,0.11795625957605638,0.008052709033807393,0.10338954554280337,0.3742238780942895,0.0,-8.289665250534501e-16,-0.5658795481637056,-0.6034256683884884
2018-10-04 14:00:00,0.041484087257894764,0.07952657759944892,-0.02109254349913614,0.09776278416671545,0.43395922603497594,0.6675526141872109,0.22251753806240276,-0.5780003310710147,-0.6144981515201677
2018-10-05 02:00:00,0.042237104758118926,0.07781803398639231,-0.021180865844801167,0.09627259622138445,0.43020096953640563,0.9370848814289645,0.534879165205391,-0.5769966814159293,-0.6135813053097345
2018-10-05 14:00:00,0.036169447878674044,0.07323510033871727,-0.026109549677925892,0.0970577012089715,0.4399193583007219,0.9999999999999999,0.8682124985387243,-0.5788601321585902,-0.6152835903083701
2018-10-06 02:00:00,0.026865071153129083,0.06427209245769872,-0.03515982804906892,0.0980053417948723,0.4579646083795516,1.0,0.979028293809654,-0.5821961212783393,-0.6183310570882273
2018-10-06 14:00:00,0.002396330714188988,0.03874366264422724,-0.05807166264422914,0.09776007868890611,0.5101286329369323,0.9999999999999999,0.9999999999999993,-0.592112,-0.6273893333333334
2018-10-07 02:00:00,0.03804720767314396,0.07727067930902409,-0.025868499984948223,0.10055481107849454,0.4411826367600653,0.1373950739511709,0.7124650246503896,-0.5769732839205708,-0.6135599314121356
2018-10-07 14:00:00,0.0492369920749427,0.09198904545576236,-0.017711653566900742,0.10577244822860304,0.42047831656442597,0.0,0.3791316913170562,-0.5715942191351109,-0.6086460900739414
2018-10-08 02:00:00,0.034648541795943455,0.06787261191579708,-0.02791464963912449,0.09391101515446848,0.44835780036748446,0.3109803169819985,0.14945846364438914,-0.5769732839205708,-0.6135599314121356
2018-10-08 14:00:00,0.0399320657066522,0.07016838837774286,-0.02288847301497421,0.09090780473585403,0.4364056653550405,0.17766082078767842,0.16288037925655832,-0.5741466674090985,-0.6109777827273234
2018-10-09 02:00:00,0.018570686941513204,0.047373229783499005,-0.04262483986973631,0.08978490278982768,0.48143867247319244,1.0,0.49621371258989166,-0.582583779063421,-0.6186851872066368
2018-10-09 14:00:00,0.025540517210633995,0.05056623597562293,-0.03457525737394174,0.0844661451894195,0.4656537824539955,0.741063027210329,0.6395746159993351,-0.5793002915451895,-0.6156856812805985
2018-10-10 02:00:00,0.0268206494320824,0.04763785949164401,-0.0315657417213423,0.07857219046368477,0.46087429844107386,0.5433488601335377,0.7614706291146216,-0.5783260737718476,-0.6147957214533826
2018-10-10 14:00:00,0.04360046867173417,0.059956463744649025,-0.014208498546784076,0.0725064509931064,0.42486917025402227,0.0,0.42813729578128823,-0.5707044625315745,-0.6078332865562728
2018-10-11 02:00:00,0.03629380037536767,0.049644040477948126,-0.020048729286211486,0.06867651829884994,0.4395137083692509,0.2588769131906193,0.2674085911080516,-0.5731007535584706,-0.6100223276583869
2018-10-11 14:00:00,0.12532396370526633,0.1590067884196209,0.0417786953531345,0.10653295737440527,0.31190404900992497,0.0,0.0862923043968724,-0.5343177251415697,-0.5745935578152591
2018-10-12 02:00:00,0.13834553418251816,0.1860794152273657,0.034935750356042794,0.13610322632049315,0.2953176835020159,0.0,0.0862923043968724,-0.5265923862581244,-0.5675363664500155
2018-10-12 14:00:00,0.1562214220225786,0.21867226733786227,0.03144152707356551,0.16641890799418124,0.27547961112577735,0.0,-7.105427357601002e-16,-0.5165065115690985,-0.5583227968137565
2018-10-13 02:00:00,0.14443553882918314,0.2175922299989721,0.006365251603642097,0.18995595027573733,0.2878622673563825,0.07548830663069842,0.025162768876898764,-0.5189697465249388,-0.5605729920120763
2018-10-13 14:00:00,0.1328557421607437,0.21435388077443984,-0.014466486342161744,0.2080291633978411,0.3015118805359606,0.7146924131810102,0.2633935732705688,-0.5215577103534563,-0.5629371285580231
2018-10-14 02:00:00,0.12007261477724485,0.2080747150654445,-0.032936490551562225,0.22160541606119752,0.3197970550310927,1.0,0.596726906603902,-0.5248866248369262,-0.5659781325712866
2018-10-14 14:00:00,0.10320177751209592,0.1917434977145287,-0.05250143641608507,0.2283471688868775,0.3499063438298471,1.0,0.9048974710603359,-0.5302561267735397,-0.570883238130336
2018-10-15 02:00:00,0.11716348138001709,0.20959767061273138,-0.04694541250791784,0.23724857490076956,0.3268720183851571,0.6287425528117672,0.8762475176039216,-0.5222749703291898,-0.563592354300706
2018-10-15 14:00:00,0.04851439750910935,0.13204983257207603,-0.10512472243991966,0.23402399410457922,0.46780277286245764,1.0,0.8762475176039216,-0.550784140969163,-0.5896358296622615
2018-10-16 02:00:00,0.0629067489438131,0.14281673926601046,-0.09236311625061366,0.2293930015064361,0.44126480356782866,0.8206963238753663,0.816479625562377,-0.5435179658588993,-0.5829980900083562
2018-10-16 14:00:00,0.05606990572296788,0.12428606654492436,-0.09404120739836774,0.21507482012299659,0.45018894111556823,0.8750178283496921,0.8985713840750187,-0.5454712944252942,-0.5847824794960181
2018-10-17 02:00:00,0.06502784477609769,0.12931996676370905,-0.08537957140229879,0.21008395220648754,0.43133183623357985,0.7412137842861539,0.8123093121704034,-0.5404734723307096,-0.5802169080093733
2018-10-17 14:00:00,0.06717187914294676,0.12858025818479657,-0.083019806684829,0.2068871293580823,0.42339991941430405,0.0,0.5387438708786146,-0.5383654252429528,-0.5782911812639585
2018-10-18 02:00:00,0.07340196325102055,0.12921440450784671,-0.07603936645609888,0.19993791777121003,0.40829225886186454,0.0,0.2470712614287173,-0.5343744292237442,-0.5746453576864536
2018-10-18 14:00:00,0.07538097251627907,0.1256471974596718,-0.07265600587660637,0.19318466065445336,0.3999583587841352,0.0,-6.631732200427602e-16,-0.5321813065818448,-0.5726419133839002
2018-10-19 02:00:00,0.11995684091051251,0.16309522443785895,-0.03288855734463758,0.18400447694582298,0.3318446130614805,0.0,-6.631732200427602e-16,-0.5106596711241922,-0.5529816367010045
2018-10-19 14:00:00,0.11380876760374559,0.1461955952471896,-0.03500709684463654,0.1716594157546184,0.33540463261640363,0.03888381456781955,0.012961271522605854,-0.5113162939297125,-0.5535814696485624
2018-10-20 02:00:00,0.12172711935034952,0.1418811670552773,-0.023498386368834612,0.156137554489111,0.3197650786881064,0.0,0.012961271522605854,-0.5056622067093272,-0.5484163919591494
2018-10-20 14:00:00,0.09144854136504255,0.09842134186960316,-0.04259652803646197,0.13718860571892166,0.3845145215755446,0.8074173148910095,0.28210037648627573,-0.5173608481635744,-0.5591032437208129
2018-10-21 02:00:00,0.09505852667959025,0.08242317967405044,-0.026323294046908474,0.1057793684841237,0.37348818731001127,0.8297076581075485,0.545708324332852,-0.5140487990850171,-0.5560776464607955
2018-10-21 14:00:00,0.08435781442572665,0.07369160864356883,-0.034879514974443304,0.10650429625677095,0.3917502804066216,1.0,0.8790416576661854,-0.5172694565423215,-0.5590197563592755
2018-10-22 02:00:00,0.08753424597088744,0.08021233880366108,-0.03131427592656,0.10886497161660967,0.3805993578484991,0.8450942375389024,0.8916006318821497,-0.5142648459828516,-0.5562750079390283
2018-10-22 14:00:00,0.09415173093157003,0.09123243128570091,-0.02405705456239504,0.1115430138596583,0.36354221826960786,0.0,0.6150314125129668,-0.509592818210965,-0.5520070535428022
2018-10-23 02:00:00,0.09957060326363698,0.10191043115094911,-0.019651845031037674,0.11676001913720659,0.34851568812137496,0.0,0.2816980791796334,-0.5053424746135438,-0.5481243127870126
2018-10-23 14:00:00,0.09070122433005334,0.09726312429997463,-0.027693148762447217,0.12075578457304105,0.3639399613765941,0.3567576896170382,0.1189192298723453,-0.5076670529161839,-0.5502478434401958
2018-10-24 02:00:00,0.08405030093685895,0.09387046928552012,-0.033729262610298294,0.12387474361696434,0.37399760853549435,0.794233347707621,0.383663679108219,-0.5091206675224648,-0.5515757381258024
2018-10-24 14:00:00,0.057359130283299864,0.0679218604558538,-0.05620771815443815,0.12340677634078456,0.447252249864272,1.0,0.7169970124415523,-0.5201468189233278,-0.5616482620153094
2018-10-25 02:00:00,0.059784210037270746,0.07254820410630769,-0.052485172275235525,0.12379155938337978,0.43604711499459126,0.8865148363292406,0.8935827280122863,-0.5179388591238576,-0.559631263788213
2018-10-25 14:00:00,0.0659826393627776,0.0706658405382301,-0.04186650156918703,0.11093491598296928,0.4157634416607074,0.6220388519489308,0.8361845627593897,-0.51389436216869,-0.5559365664526792
2018-10-26 02:00:00,0.06352529648543892,0.06281852545776712,-0.04026433309873356,0.10193334640518928,0.41544810771631924,0.5658412686069801,0.691464985628383,-0.5138325599135465,-0.5558801093382494
2018-10-26 14:00:00,0.06135899024671221,0.052319561407944803,-0.0361170941562623,0.08772596701040307,0.41460150435200804,0.0,0.3959600401853029,-0.5136779855017168,-0.5557389037263132
2018-10-27 02:00:00,0.060511390518967145,0.04456890832099769,-0.03127760784972278,0.07534579437458076,0.4102796600940534,0.0,0.1886137562023259,-0.5129346580053497,-0.5550598649853522
2018-10-27 14:00:00,0.05323041370897719,0.029876867310796973,-0.031283889747103166,0.06120381462808479,0.4305238684815529,1.0,0.3333333333333325,-0.5152807706933705,-0.5572030675624288
2018-10-28 02:00:00,0.07423372801650374,0.04474641119954392,-0.007024383454181327,0.05081242087862885,0.3675840971536031,0.0,0.3333333333333325,-0.5042201478024115,-0.5470990535459614
2018-10-28 14:00:00,0.06138320509525297,0.024480269243898123,-0.01133825589002313,0.03558469784677332,0.40734559381104246,0.6317388166261486,0.5439129388753821,-0.5089946070878274,-0.551460580380072
2018-10-29 02:00:00,0.0521477038224345,0.017727450582451176,-0.01773382772676868,0.03546139138042518,0.43416401621917905,1.0,0.5439129388753821,-0.5122823799502583,-0.5544640010203432
2018-10-29 14:00:00,0.06230328126806861,0.030252526653273826,-0.007127445976885749,0.036952705482413827,0.3994921697028261,0.47924468814382365,0.7036611682566566,-0.5063960242674583,-0.5490867432554538
2018-10-30 02:00:00,0.08892449705967631,0.06455795700295908,0.013483861782301876,0.04915598402202814,0.3336613304670506,0.0,0.4930815627146071,-0.4923398606040491,-0.5362462661798872
2018-10-30 14:00:00,0.06414272727527393,0.04182556416929084,-0.009123002067589647,0.050128894592627975,0.41004674670283864,0.760033581830626,0.4130927566581491,-0.5026726492391729,-0.5456853947197295
2018-10-31 02:00:00,0.06043198913636716,0.04010095312857387,-0.011996250608441783,0.05137526052997114,0.414205599027942,0.8014140911571177,0.5204825576625804,-0.5032540919719408,-0.5462165497531828
2018-10-31 14:00:00,0.05417262556369451,0.03428813980059142,-0.01643631191317918,0.05027569518508844,0.4284285788755142,1.0,0.8538158909959138,-0.5051504367518602,-0.5479488838563573
2018-11-01 02:00:00,0.059308657065606285,0.040898897276517854,-0.011188894018129947,0.051325353090864036,0.40851371348545223,0.7898549791777699,0.8637563567782951,-0.5016031280547409,-0.5447083740632128
2018-11-01 14:00:00,0.05724819916245805,0.04114701433183132,-0.012563480012037442,0.05295369250039637,0.4077714335360728,0.0,0.5966183263925892,-0.5014731764552507,-0.5445896616908937
2018-11-02 02:00:00,0.04862077855280966,0.03461035534164014,-0.018921794647251966,0.05311549713855666,0.43460093493196744,1.0,0.5966183263925892,-0.5046055188495919,-0.5474510947013862
2018-11-02 14:00:00,0.04867572153199684,0.036550057574743056,-0.017754626629782222,0.05379909561129358,0.42814076364845155,0.7592138896586283,0.5864046298862086,-0.5036409657320873,-0.5465699636552441
2018-11-03 02:00:00,0.03737351012399781,0.026787610201585155,-0.026986928661048903,0.053779898525896215,0.46920920233535424,1.0,0.9197379632195418,-0.5082685012537774,-0.5507972738378448
2018-11-03 14:00:00,0.04028470302692466,0.027319040097530944,-0.02166195259349757,0.04884283858511791,0.4527867373826433,0.7326975690415531,0.8306371529000596,-0.5061091378753633,-0.5488246690345495
2018-11-04 02:00:00,0.03152771044736413,0.017109791513876704,-0.027573342196703154,0.04491813530324153,0.4847730506975288,1.0,0.9108991896805168,-0.5096557030198114,-0.5520644995832532
2018-11-04 14:00:00,0.02085071578219,0.007579774204156564,-0.036905995071626285,0.04514777610261309,0.524833116399461,1.0,0.9108991896805168,-0.5143265383882645,-0.5563313647043882
2018-11-05 02:00:00,-0.030702964851252457,-0.027711461393565173,-0.0982851663313562,0.07531865308450658,0.6788354439186141,1.0,0.999999999999999,-0.5394495965313741,-0.5792815849692883
2018-11-05 14:00:00,-0.033741685039969105,-0.018727530275432835,-0.11007597050385276,0.0976363949659625,0.6884561170549542,1.0,0.999999999999999,-0.5415477760460377,-0.5811982975662391
2018-11-06 02:00:00,-0.022178325254903708,0.00017696803554989593,-0.10350424076282527,0.10932957205269792,0.6390843668975749,0.7576050329547706,0.9192016776515892,-0.5364909090909091,-0.5765787878787879
2018-11-06 14:00:00,-0.0372053402500393,-0.005838975960068105,-0.12358785912096415,0.1258960465906148,0.6779014314432308,0.9354938757421626,0.8976996362323102,-0.5443338894184938,-0.5837434461391802
2018-11-07 02:00:00,-0.05241560907645848,-0.009407464802159038,-0.1439800849287114,0.1457507990991174,0.7138460442286951,1.0,0.8976996362323102,-0.5525450503159373,-0.5912444418441376
2018-11-07 14:00:00,-0.029714443173162852,0.020312201889636672,-0.12502111112197323,0.15336252433154704,0.6218805026886943,0.0,0.6451646252473866,-0.5423981331897325,-0.581975109196434
2018-11-08 02:00:00,-0.03171776976732543,0.023846473306036176,-0.128503599125955,0.16076254540265936,0.6296091092909284,0.0840380698337158,0.3613460232779044,-0.543953488372093,-0.5833959451401312
2018-11-08 14:00:00,-0.0473589600850719,0.014899462771960303,-0.14467112553542882,0.17064289437852528,0.6692092727165627,0.5146359085732398,0.19955799280231765,-0.5522306791569087,-0.5909572599531616
2018-11-09 02:00:00,-0.016760989005397242,0.04863439096409139,-0.1106512991766545,0.16438295134333078,0.5608826883069346,0.0,0.19955799280231765,-0.5381702898550724,-0.5781129227053141
2018-11-09 14:00:00,-0.005605962228790284,0.061528188546621454,-0.09590357015610029,0.16018496841134278,0.5286291800847073,0.0,0.17154530285774572,-0.5330382220051288,-0.5734247160825499
2018-11-10 02:00:00,0.014320790496821001,0.0829512088606974,-0.07272499835406343,0.1548842676521724,0.47511764907402065,0.0,-9.000207986294601e-16,-0.5234062441577865,-0.5646257867514177
2018-11-10 14:00:00,-0.010808635300285308,0.05676711371328347,-0.09110073052776835,0.15045060088113285,0.5382315837099032,0.32517598364842004,0.10839199454947243,-0.5354209695055279,-0.575601385007897
2018-11-11 02:00:00,0.005522729328746534,0.07325698491877364,-0.06946475466740243,0.1424516348865889,0.49626685378300905,0.24659470686596482,0.1905902301714607,-0.527644987956272,-0.5684979309492928
2018-11-11 14:00:00,0.016777759009577675,0.08389330853817456,-0.05218279044555851,0.13395225133891833,0.4686764906532928,0.0,0.1905902301714607,-0.5220361227423286,-0.5633741641147428
2018-11-12 02:00:00,0.011078583970552058,0.07643545392483975,-0.051192976929070766,0.1260376792444465,0.4822189479772815,0.19470116031570178,0.14709862239388796,-0.5245026112907237,-0.5656273315095748
2018-11-12 14:00:00,-0.009176110789227088,0.05256820166004372,-0.062489634146799866,0.11563145062219052,0.5338611916799242,0.9371664699460327,0.3772892100872439,-0.5342042755344418,-0.5744899202143858
2018-11-13 02:00:00,-0.01308750781896506,0.04645912119166673,-0.05961015496357336,0.10677135298976044,0.5446646284383141,1.0,0.7106225434205773,-0.5362941854119929,-0.5763990783968957
2018-11-13 14:00:00,-0.010384543772321786,0.0455370844345373,-0.04820496653724482,0.09386726436910224,0.5377720540406681,0.9092940740679042,0.9488201813379782,-0.5352233363719234,-0.5754208447280462
2018-11-14 02:00:00,-0.006497683680347421,0.045623883652789354,-0.03611488700747367,0.08135198279452166,0.5264439618125435,0.7082157406044979,0.8725032715574667,-0.5335224153705398,-0.5738670326319
2018-11-14 14:00:00,0.021250508562404624,0.07401784953624935,-0.00544355234749716,0.07682721572218756,0.4485940425349272,0.0,0.5391699382241333,-0.5200865963855422,-0.561593247991968
2018-11-15 02:00:00,0.09680287668088838,0.1742541203990906,0.043040434893432566,0.11835476273773414,0.3205732272588511,0.0,0.23607191353483184,-0.48272573554277987,-0.5274636455867434
2018-11-15 14:00:00,0.17513723210708498,0.29402748589197314,0.07445457884993067,0.18541234515615354,0.24938802189266898,0.0,-8.052817671947803e-16,-0.44241032370953626,-0.49063502478856813
2018-11-16 02:00:00,0.1355765143202612,0.2660957110355,0.016991014628213508,0.21821746288229096,0.3123077595474579,0.22710120444624102,0.07570040148207954,-0.4585557522123894,-0.5053840707964603
2018-11-16 14:00:00,0.1414183712026258,0.2834858738118824,0.0029109220685319404,0.24542979788012745,0.3027521997880112,0.2678843627481303,0.16499518906478966,-0.4530181662137033,-0.5003254183950794
2018-11-17 02:00:00,0.14115289839797707,0.28730100859262864,-0.012726808089578046,0.26381009387678067,0.2981493095921769,0.6849918806678454,0.3933258159540714,-0.4503844771828962,-0.4979195113187209
2018-11-17 14:00:00,0.16773341002885522,0.3268422836759166,-0.009267019233283658,0.2900525459224152,0.27184263541867465,0.3568771003020327,0.4365844479060021,-0.4342850802574155,-0.48321251571861834
2018-11-18 02:00:00,0.1663247067840261,0.33052802501422573,-0.02689422847711065,0.3103116945311561,0.2678577346034808,0.0,0.34728966032329195,-0.43167868024076683,-0.48083153748978225
2018-11-18 14:00:00,0.15573666225387028,0.3150402417639009,-0.0462263812574627,0.31846299012006446,0.2768796674741711,0.25854910866179226,0.20514206965460757,-0.4337405597512217,-0.482715089589812
2018-11-19 02:00:00,0.16302586510279649,0.32447007640426095,-0.05237565901947616,0.33171661577118106,0.2653112422155449,0.0,0.08618303622059668,-0.4269089546646684,-0.4764743349569127
2018-11-19 14:00:00,0.2976064007943149,0.4991486354814909,0.021383010088124932,0.37909908906174067,0.1871269486775325,0.0,0.08618303622059668,-0.3546075949367089,-0.41042616033755286
2018-11-20 02:00:00,0.37005349565967194,0.6143559344484748,0.0316849627679876,0.44040964921852543,0.16145592645413992,0.0,-7.342274936187702e-16,-0.3110620664804973,-0.3706467885776057
2018-11-20 14:00:00,0.4617754507028107,0.7552894823586929,0.04403878866933986,0.5081581185390248,0.13876536216638125,0.0,-7.342274936187702e-16,-0.2554614485981308,-0.3198549454828661
2018-11-21 02:00:00,0.37959661012099244,0.6704927865478092,-0.04929981061173572,0.5492099237008633,0.20961559967109267,0.5598778678309067,0.18662595594363482,-0.2894267397565734,-0.3508826535352597
2018-11-21 14:00:00,0.30925043581652756,0.5873848835912066,-0.11831161732218176,0.5716286434705555,0.27140409210004457,1.0,0.5199592892769681,-0.31915783851152857,-0.3780423751446631
2018-11-22 02:00:00,0.2599562904007551,0.5195349890059939,-0.1623686823105337,0.5785791773619033,0.3134619165350679,1.0,0.8532926226103014,-0.3392742980561555,-0.3964190064794817
2018-11-22 14:00:00,0.31350385703187666,0.5698292671187497,-0.1378630976025662,0.5819919484012431,0.28361332465077976,0.82914035143879,0.9430467838129293,-0.3044834485267369,-0.3646371407784649
2018-11-23 02:00:00,0.40116336953962883,0.6591477907742598,-0.09643309845902204,0.5896722655073757,0.2481461738854972,0.37103457665113376,0.7333916426966405,-0.2493964078908627,-0.3143144567671019
2018-11-23 14:00:00,0.40012377714044267,0.6332418142874707,-0.1058184587958595,0.5848329853227735,0.24367304922217858,0.0,0.40005830936330716,-0.24120448457188215,-0.3068310348248835
2018-11-24 02:00:00,0.38163566286182804,0.5756060628683559,-0.11576447870994466,0.5621260702565446,0.24646570709093854,0.04001580733843182,0.13701679466318784,-0.24278217821782178,-0.3082722772277229
2018-11-24 14:00:00,0.3589601600248571,0.511960928993701,-0.12327109731735952,0.5318664800153361,0.25479107822501584,0.2783663578563024,0.10612738839824408,-0.2471798405354858,-0.31228959543262147
2018-11-25 02:00:00,0.4570967334631446,0.6102673047034568,-0.07432930363451418,0.539915887572489,0.21924307672357352,0.0,0.10612738839824408,-0.18247995724211652,-0.25318546231961525
2018-11-25 14:00:00,0.49460206808922136,0.6602534839765613,-0.07632802807738004,0.5701259766393825,0.20555615109635778,0.0,0.09278878595210013,-0.15011057152699825,-0.2236156333692645
2018-11-26 02:00:00,0.430028861739717,0.575579080741285,-0.12497419429203738,0.5717390664705434,0.24708262130711092,0.843435191896159,0.2811450639653857,-0.17684856312560537,-0.24804111505758264
2018-11-26 14:00:00,0.41669355798134733,0.5428038945876592,-0.13678157932523283,0.5649037164800936,0.2459552919758319,0.820538248668577,0.554657813521578,-0.17473454765193364,-0.24610993611878462
2018-11-27 02:00:00,0.41959742442829207,0.5215489479326203,-0.13378466690833046,0.5489098065909833,0.2395652649396869,0.8189743474638641,0.8276492626761994,-0.1630663164806303,-0.23545086452177721
2018-11-27 14:00:00,0.45369742040249283,0.5376433098180069,-0.11480130968182456,0.5385779340651673,0.22374076506402743,0.43790415788724624,0.6924722513398952,-0.13204485098849228,-0.20711237714778596
2018-11-28 02:00:00,0.3947982025746213,0.4437349638164112,-0.140429388066851,0.5072399928465061,0.26643318545850053,1.0,0.7522928351170362,-0.15759037737096027,-0.23044852730597243
2018-11-28 14:00:00,0.3173694045730151,0.3167352439087159,-0.16179123953832975,0.44411964531473525,0.33162117482957415,1.0,0.812634719295748,-0.19653100245834476,-0.2660212636312064
2018-11-29 02:00:00,0.23931199362499278,0.18274478571631936,-0.1724399744801446,0.3533640850991687,0.3995809126278617,1.0,0.9999999999999993,-0.23818109373443574,-0.3040691303914733
2018-11-29 14:00:00,0.23809569171809009,0.16206078060359674,-0.15681435611560623,0.31804084807244876,0.39391158876452903,0.9677586493080339,0.9892528831026772,-0.2329548873688645,-0.2992949270856319
2018-11-30 02:00:00,0.25852408263784077,0.1758436398631118,-0.13454398528625988,0.30410785055828865,0.3735982850423634,0.8048586473244944,0.9242057655441753,-0.2137614113002715,-0.2817614524220743
2018-11-30 14:00:00,0.34899746140684207,0.271554209020219,-0.07479140278414376,0.31532363059058705,0.3191828264942622,0.0,0.590872432210842,-0.1483407572383073,-0.22199888641425392
2018-12-01 02:00:00,0.29752011664233846,0.22245182142660758,-0.10610210197625158,0.3104911446187532,0.3556631877208266,0.45374663727621667,0.4195350948669029,-0.17317318399515658,-0.24468361136036854
2018-12-01 14:00:00,0.2460076639544826,0.15883667374416044,-0.12768995628437918,0.28213287357880207,0.39518389808877397,1.0,0.4845822124254047,-0.1996002134985505,-0.268825025379117
2018-12-02 02:00:00,0.23112121423674004,0.11192286632764592,-0.11027445170239902,0.2220143321939435,0.40062858319427874,1.0,0.817915545758738,-0.20310302070417108,-0.2720248825165936
2018-12-02 14:00:00,0.26750528671839024,0.12321006333813722,-0.0636320499211328,0.18143727699761578,0.37027823533426635,0.6273550754547015,0.8757850251515664,-0.17248431075524784,-0.24405431724734916
2018-12-03 02:00:00,0.24252362882664413,0.09950404028359539,-0.07336887943128079,0.1706430282194554,0.3859794701771918,0.6742136288841073,0.7671895681129355,-0.18233136967701236,-0.253049725765238
2018-12-03 14:00:00,0.28878969902013063,0.1425445204253286,-0.03453740298761143,0.16800884773879046,0.3506597670612177,0.0,0.4338562347796022,-0.1441281138790036,-0.2181505852861525
2018-12-04 02:00:00,0.3450984618562307,0.19967603141679624,0.004269442441335869,0.17732434063660396,0.316126670007123,0.0,0.22473787629470177,-0.09737991266375556,-0.1754455328691138
2018-12-04 14:00:00,0.3008034708793943,0.15755316940687414,-0.023112642193643618,0.16928633925106243,0.3470408174029518,0.44256131923935643,0.14752043974645146,-0.1188649246509057,-0.19507235356468056
2018-12-05 02:00:00,0.3063508735815297,0.17549744895377817,-0.020714017498779325,0.18211711078553022,0.337590579706413,0.3072734328048749,0.24994491734807642,-0.10663723016540516,-0.18390220540136448
2018-12-05 14:00:00,0.3553405658733255,0.24166820802929112,0.007621355909948724,0.20810735609287231,0.3074736949133994,0.0,0.24994491734807642,-0.06321656050955415,-0.14423689367956893
2018-12-06 02:00:00,0.401301374457554,0.3110871294304227,0.02262203136393448,0.2472159795338845,0.28288491468297544,0.0,0.10242447760162429,-0.02012812299807809,-0.10487508007687385
2018-12-06 14:00:00,0.3884682864988289,0.32169516652084007,-0.001942206915288902,0.27902744738056934,0.2817494031754584,0.0,-6.750155989720952e-16,-0.01801443208957143,-0.10294419763231566
2018-12-07 02:00:00,0.6341074274201548,0.6228011463844971,0.11031369327593499,0.3750207972762934,0.21219463713607184,0.0,-6.750155989720952e-16,0.1740171622430653,0.07247900772147409
2018-12-07 14:00:00,0.7003513765862308,0.7580098735504388,0.09059983897188562,0.4685865049498757,0.19746991240007403,0.0,-6.750155989720952e-16,0.24214714958583716,0.1347165827513399
2018-12-08 02:00:00,0.49978633967214914,0.5776974907789993,-0.06274838598280508,0.5093112027916801,0.30373346191105605,1.0,0.33333333333333265,0.11053189481173842,0.014484441024002592
2018-12-08 14:00:00,0.5030800155196389,0.5983912725361531,-0.0838994595843976,0.5426867795760381,0.29747271465034514,0.9410828332996363,0.647027611099878,0.1281752470865909,0.030601858681221117
2018-12-09 02:00:00,0.4551947308428723,0.543385938749519,-0.12312211856381061,0.550773061807938,0.31646397607311294,1.0,0.9803609444332114,0.1061789464549161,0.010507969568110065
2018-12-09 14:00:00,0.4201270060923563,0.49597534473955096,-0.14795248759670054,0.5484851481555028,0.3289563067511385,1.0,0.9803609444332114,0.09255714285714278,-0.0019357142857143739
2018-12-10 02:00:00,0.28256680082732455,0.33691441548354306,-0.22389125654737618,0.5308088268310936,0.41933722704128035,1.0,0.9999999999999994,-0.004400067693348997,-0.09050730957991071
2018-12-10 14:00:00,0.3465922051263761,0.40553938662502853,-0.18775445761558796,0.5350328036592866,0.38334254824625125,0.704633628865145,0.9015445429550478,0.056281420915971436,-0.03507402905916801
2018-12-11 02:00:00,0.3983437723707406,0.45618828340929496,-0.1605961008287412,0.5373640744365035,0.35728998239216075,0.3968573553846452,0.7004969947499294,0.10962958664016353,0.013660171495726958
2018-12-11 14:00:00,0.4327433019787015,0.4775294688448455,-0.14026479970009464,0.5286472488124356,0.33962382941561786,0.11802848023935081,0.40650648816304646,0.15094282833451222,0.051400322051498026
2018-12-12 02:00:00,0.4712671527909891,0.4965658437464018,-0.11532778131098931,0.5139289806509951,0.321789560179796,0.0,0.1716286118746648,0.1973416413564204,0.09378620408930072
2018-12-12 14:00:00,0.40077426874968913,0.405361969892611,-0.15110796621315326,0.4937065079600419,0.356283973457726,0.5604019294837208,0.22614346990768996,0.15328588231745943,0.053540730464155306
2018-12-13 02:00:00,0.4002454039458121,0.3731762389986284,-0.13612039369409368,0.4553275983357407,0.35046224286036926,0.8076715963841856,0.4560245086226349,0.16630066794766218,0.06542989599536386
2018-12-13 14:00:00,0.41647424746362627,0.3663812533252475,-0.11574429076241677,0.42843475167906375,0.3382365656571797,0.47680200688923463,0.6149585109190465,0.19397695694257955,0.09071252380803685
2018-12-14 02:00:00,0.461608553053642,0.4013562472412062,-0.08732204693445456,0.4223604768770322,0.31657847100880354,0.0,0.42815786775780623,0.2479032731782136,0.13997487191201885
2018-12-14 14:00:00,0.4533125941239391,0.36861346988785626,-0.08103357471689954,0.3931202976157932,0.31326170732513886,0.0,0.15893400229641103,0.25661753832503575,0.1479354594896567
2018-12-15 02:00:00,0.4693979157205521,0.35558706851625477,-0.05660356127964106,0.3585851125059617,0.30171931070884733,0.0,-5.210646728907401e-16,0.28709188825311327,0.1757741501178054
2018-12-15 14:00:00,0.46181165173455496,0.3299490550247164,-0.051791410200412225,0.3351308598791628,0.29801012279036976,0.0,-5.210646728907401e-16,0.29695767195767186,0.18478666395333043
2018-12-16 02:00:00,0.35040106131895654,0.21307489882819808,-0.10982304650726249,0.3070463910245871,0.3748429148216202,1.0000000000000002,0.33333333333333287,0.21080045595592423,0.10608099550376782
2018-12-16 14:00:00,0.2954701927482022,0.14255678686225437,-0.1254632021301384,0.2657486901164158,0.40921265524915407,1.0,0.6666666666666662,0.1723614624051506,0.07096650571012475
2018-12-17 02:00:00,0.3098469725310138,0.16596896685233475,-0.1087407110856985,0.26706776670794,0.3941906420723271,0.8649130299042911,0.9549710099680965,0.1968170010328314,0.09330693874996077
2018-12-17 14:00:00,0.24171304847768993,0.115069866695509,-0.14142122815012592,0.2599156606058045,0.4433080591448126,1.0,0.9549710099680965,0.14357701451919191,0.04467156122433713
2018-12-18 02:00:00,0.13212272866816943,0.03055612471382152,-0.2168594273178298,0.2728301290804324,0.5281446374437909,1.0,0.9549710099680965,0.04761448159664661,-0.04299138391572954
2018-12-18 14:00:00,0.16739986725312073,0.07301370873963098,-0.18816892647068761,0.277139675019724,0.4935300511832562,0.7415934764428187,0.9138644921476056,0.08658094764509472,-0.007395041557150095
2018-12-19 02:00:00,0.08730441244125231,0.01663826090933429,-0.24714819811311506,0.2981496924663181,0.5530341327717775,1.0,0.9138644921476056,0.01534723789546355,-0.07246790488960875
2018-12-19 14:00:00,0.003201911194155027,-0.03150685382990748,-0.32141558604905884,0.3520280273842693,0.6151908743655202,1.0000000000000002,0.9138644921476056,-0.06306736741519348,-0.14410060396682478
2018-12-20 02:00:00,0.09152628300879617,0.05194789676508549,-0.25646733073240213,0.3435461606571057,0.5289719805141117,0.2913175203307541,0.7637725067769174,0.022911483829548107,-0.0655578738999012
2018-12-20 14:00:00,0.008780407600760265,-0.006218204975145136,-0.3233539478627482,0.3797060057713785,0.5847331206836285,0.7496502745484309,0.6803225982930612,-0.054297019908495225,-0.13608878446890083
2018-12-21 02:00:00,-0.17322701026080212,-0.11551510850240643,-0.49640161510195424,0.5487948930392348,0.7011624124638409,0.9999999999999999,0.680322598293061,-0.2315521884168643,-0.29801354447168527
2018-12-21 14:00:00,-0.16280969821326374,-0.05456860952229847,-0.5180866311107806,0.649482920712259,0.6960698201350956,0.9704246497840705,0.9066916414441664,-0.22804626937984496,-0.29481084463824303
2018-12-22 02:00:00,-0.0423323398107891,0.1018573660250075,-0.44567111580891106,0.6611919181945607,0.5738556887858555,0.260663195762512,0.7436959485155268,-0.11855010660980814,-0.19478476344148
2018-12-22 14:00:00,-0.062365189507282315,0.09939937829024226,-0.4568875619499362,0.6773612642612774,0.5871444132613038,0.10438352422815783,0.4451571232582461,-0.13933153274814314,-0.2137688498762098
2018-12-23 02:00:00,-0.07028163589649117,0.10921883932181897,-0.4585458244376266,0.6879189986628317,0.5938758323634528,0.15725912190024668,0.17410194729697145,-0.14923131688433044,-0.22281242352103603
2018-12-23 14:00:00,-0.10129543052143608,0.09224230849942416,-0.47253473244993516,0.6973814894746199,0.6168561068779795,0.35184489401839925,0.20449584671560053,-0.18139490077708564,-0.25219424999464823
2018-12-24 02:00:00,-0.08565162740054388,0.1245229097042646,-0.4494068324640871,0.6852417572326384,0.6038745981303512,0.6981073830534202,0.4024037996573546,-0.17032978954220013,-0.24208613582121952
2018-12-24 14:00:00,-0.1285025272420255,0.0868076333065535,-0.4623559487909462,0.6761217798376735,0.6376098963404775,1.0,0.6833174256906058,-0.21397151020575966,-0.2819533803366977
2018-12-25 02:00:00,-0.08297299477197462,0.14707367263516713,-0.40809188187986567,0.6384949600580978,0.5901474978879648,0.0,0.5660357943511394,-0.17596164206443277,-0.24723090184247398
2018-12-25 14:00:00,0.004118545106979177,0.24814241038596507,-0.3132699680288089,0.5803094468913249,0.5158460771242313,0.0,0.3333333333333326,-0.09755032685908471,-0.17560120831661674
2018-12-26 02:00:00,-0.006370270149313573,0.2293276607929482,-0.2889029733549697,0.5341414562521969,0.5231976194688458,0.06037542508057057,0.020125141693522766,-0.10721081447065828,-0.18442618166536318
2018-12-26 14:00:00,0.017203847907144798,0.2515778915436686,-0.24175847035257114,0.4909260570323968,0.5048066840627806,0.0,0.020125141693522766,-0.08539823008849567,-0.16450011958861532
2018-12-27 02:00:00,-0.008213503535734246,0.20723129256763007,-0.2227793623177282,0.4333797642870664,0.5239648198342058,0.22448972435005796,0.09495504981020876,-0.10855324505781427,-0.185652508392391
2018-12-27 14:00:00,0.03268482387264715,0.24458891053608256,-0.15690662393293764,0.384632793069573,0.4909645445325454,0.0,0.07482990811668523,-0.07059352517985606,-0.15097584094886263
2018-12-28 02:00:00,0.09452570758771461,0.3190687905240359,-0.09292940112818282,0.3701459069587102,0.44825699034212396,0.0,0.07482990811668523,-0.011464984618566265,-0.09696119742522569
2018-12-28 14:00:00,0.06973320795289428,0.28149183206452677,-0.0891410739801991,0.33811460568343016,0.4643940336803339,0.2131489364636672,0.07104964548788831,-0.03128602008891812,-0.11506795526225799
2018-12-29 02:00:00,-0.02325261408102286,0.16466610179741048,-0.1518583281662933,0.31451034133546873,0.5347485838107252,1.0,0.40438297882122165,-0.11635027556644217,-0.19277519093230444
2018-12-29 14:00:00,0.005055725616846418,0.19827927852575833,-0.12377693590916727,0.31049009472673117,0.5113809922383021,0.7298281759497681,0.6476590374711444,-0.09055342830641899,-0.1692094560848575
2018-12-30 02:00:00,0.041012889258618124,0.23578869482262754,-0.07584963808618128,0.2885621535819421,0.48326572676930873,0.40476461379907236,0.7115309299162794,-0.056502054059388795,-0.13810311008031195
2018-12-30 14:00:00,-0.010668783054890052,0.1727165963821764,-0.1156845681626596,0.2804051279594944,0.5230175657581566,0.833258573456486,0.6559504544017749,-0.10373721156437876,-0.18125300301180125
2018-12-31 02:00:00,0.009013493950915219,0.17334461577239701,-0.09362057349395747,0.25673135842953565,0.50637258550867,0.4488262708647364,0.5622831527067642,-0.08557319814433972,-0.1646599550432828
2018-12-31 14:00:00,0.015512169032233958,0.15545036728988504,-0.08032002255365056,0.2272342944062185,0.5004328662877556,0.43185774432380414,0.5713141962150081,-0.07910992305747222,-0.15875567436091964
2019-01-01 02:00:00,0.049589089594416214,0.19658184378723242,-0.055870105339895115,0.23585795751298252,0.47150440812430583,0.0,0.2935613383961794,-0.04637272749943877,-0.12884984662959176
2019-01-01 14:00:00,0.03226538593487738,0.17468342725369346,-0.07572959621244135,0.2386074622155072,0.4854587300693803,0.27088849890080724,0.23424874774153637,-0.060916011787819246,-0.14213531434184679
2019-01-02 02:00:00,0.008714927138120165,0.14230996737712065,-0.09841953142552251,0.23556008146842164,0.5066048727068547,1.0,0.42362949963360164,-0.08201699635106585,-0.16141132129825242
2019-01-02 14:00:00,-0.009877506695748606,0.10697339237334913,-0.11160059026290936,0.21908084785467663,0.5245777555755045,1.0,0.7569628329669349,-0.09930397710543981,-0.17720318922165568
2019-01-03 02:00:00,-0.032289458334593735,0.07083202592188265,-0.12924045849349997,0.20609121688798468,0.5477132624989984,1.0,0.9999999999999993,-0.12089061566049009,-0.19692284702744955
2019-01-03 14:00:00,0.0006503398926172022,0.0721867455172871,-0.08010425413490774,0.1528962784533229,0.5109090185360147,0.40881020984949457,0.8029367366164974,-0.09094258885058837,-0.16956495899203616
2019-01-04 02:00:00,0.024012742200534287,0.07367368692348708,-0.046131437861007374,0.11817768516526982,0.48637224747053276,0.0,0.46960340328316413,-0.06882822773096975,-0.14936322018214598
2019-01-04 14:00:00,0.019954463240452247,0.0684190770230082,-0.050155389573836806,0.11750146161199392,0.4898191397441815,0.05619229274326795,0.15500083419758676,-0.0717779423009236,-0.15205782044591176
2019-01-05 02:00:00,0.017557059894753202,0.06313767378977686,-0.051997347359072466,0.11449725276324851,0.49173319319550574,0.08739577788996802,0.04786269021107791,-0.07330756461365096,-0.15345514909910463
2019-01-05 14:00:00,0.024377017215315044,0.07041655551963921,-0.04593059703368574,0.11493994519017273,0.4827130106860129,0.0,0.04786269021107791,-0.06619047619047624,-0.14695360195360208
2019-01-06 02:00:00,0.02556476926960438,0.06822366776330768,-0.044308442976841,0.11120239559640778,0.48002947272700974,0.0,0.02913192596332193,-0.06415653067717375,-0.14509556790093248
2019-01-06 14:00:00,0.015376603089506391,0.05835478297053487,-0.05306087211965904,0.11112152137630396,0.4931393414415549,1.0,0.3333333333333326,-0.0728806778921337,-0.15306518286843418
2019-01-07 02:00:00,-0.03843763426993274,0.0029911542771039468,-0.09574645513670721,0.10353952951953431,0.5660560851407616,0.9999999999999999,0.6666666666666659,-0.12344985673352438,-0.19926074498567348
2019-01-07 14:00:00,-0.00680757207179683,0.03377271251322256,-0.05777768322155319,0.09266257695758837,0.5194667002184125,0.45843055288201096,0.8194768509606696,-0.09486951890644424,-0.1731522575300315
2019-01-08 02:00:00,-0.007477048522820051,0.02894747180120305,-0.0572219639859366,0.08740510324139186,0.520746476333941,0.47330706701665326,0.6439125399662207,-0.09575776206578546,-0.1739636784979547
2019-01-08 14:00:00,-0.004436158943194712,0.03218451267263389,-0.054491976952000476,0.0876541606534921,0.5164101877407551,0.31914269780335003,0.4169601059006707,-0.0931523092429003,-0.17158356554218301
2019-01-09 02:00:00,0.015912175589289923,0.053219129819052746,-0.031957037389916954,0.08428018071283934,0.4852173611950461,0.0,0.264149921606667,-0.07402564381969423,-0.15411112321867482
2019-01-09 14:00:00,-0.006288048733159246,0.028565121109202396,-0.0530145646327681,0.08258931716480589,0.5187676016722507,0.9443027316060564,0.42114847646980136,-0.0944944352356144,-0.17280961401847028
2019-01-10 02:00:00,-0.030751310115309738,0.00699991447235071,-0.07904042010069956,0.0892553342787859,0.5562059307824194,1.0,0.6481009105353513,-0.11792996862889826,-0.1942182598265363
2019-01-10 14:00:00,0.09177911768037683,0.14781616645100848,0.02305986014265149,0.11493637110555141,0.40506363076214724,0.0,0.6481009105353513,-0.003011341415721458,-0.08923869117455352
2019-01-11 02:00:00,0.12363453808544422,0.20015022050944875,0.036019963582619496,0.1467958548901497,0.3773515331133552,0.0,0.3333333333333325,0.03068650440688936,-0.058455297700870656
2019-01-11 14:00:00,0.11559479032285713,0.2057571291059499,0.014372671221904998,0.17240835004852634,0.38134979413695347,0.022354837654013592,0.007451612551337058,0.027639676439762395,-0.061238612238316725
2019-01-12 02:00:00,0.11942207731324683,0.2215718039037431,0.003056476571836164,0.19645109185179738,0.3745680187774927,0.0,0.007451612551337058,0.035655282615172146,-0.053916258158871355
2019-01-12 14:00:00,0.11612425948958283,0.22468983050031666,-0.01232796422054283,0.21426675114358207,0.3733886035046839,0.0,0.007451612551337058,0.036989328958251244,-0.05269759054114542
2019-01-13 02:00:00,0.10984286991168757,0.21712405136865076,-0.026095216929776788,0.2220137539729973,0.3760389434230634,0.3329074809032629,0.11096916030108682,0.0353188033031,-0.054223636117503915
2019-01-13 14:00:00,0.10080722170782441,0.20946229783146086,-0.041532810911157125,0.23155283440438298,0.38379890152773705,1.0,0.44430249363442015,0.030728176929608164,-0.05841722934271354
2019-01-14 02:00:00,0.1592251777868201,0.2863215103329737,-0.007763844099231476,0.25813290467939115,0.3285359703939954,0.0,0.44430249363442015,0.0915124095508586,-0.002890090912983312
2019-01-14 14:00:00,0.13365916717470028,0.2641638679871252,-0.0406869241971608,0.2742108867247001,0.358323887135448,0.5390216575621547,0.5130072191873841,0.07257657354426117,-0.02018820823516221
2019-01-15 02:00:00,0.09757407772569548,0.2246065467059839,-0.07655797893732663,0.280407557037831,0.40599629211366095,1.0,0.5130072191873841,0.04220381019868635,-0.04793409828023243
2019-01-15 14:00:00,0.1020175166410382,0.23072564723873912,-0.07831461044485377,0.28715728771203713,0.39726247720121277,0.8872478874531861,0.8087565150051127,0.05037700347474949,-0.04046778646083715
2019-01-16 02:00:00,0.1291686066048967,0.2642201879972168,-0.06402225218497881,0.29837537326933256,0.3663326036301789,0.4879483120786954,0.7917320665106263,0.08128092747066296,-0.012236674678354431
2019-01-16 14:00:00,0.09595532048134525,0.2246432274833281,-0.09513238935294532,0.3003277664621067,0.4110400499033124,1.0,0.7917320665106263,0.05322665050816644,-0.03786459911311879
2019-01-17 02:00:00,0.10269328165542602,0.21615202199258698,-0.08675858415791238,0.28450412288160465,0.3994883587268617,0.7416159467960367,0.7431880862915764,0.06373005827781397,-0.028269607911317718
2019-01-17 14:00:00,0.11365507429424526,0.2184368026523662,-0.07810193651419362,0.27709564877724735,0.3832619075342162,0.3786685511091427,0.7067614993017257,0.0787795864248031,-0.014521680255028868
2019-01-18 02:00:00,0.08034069539467614,0.16757055984619673,-0.10104480462035459,0.25996807810139827,0.4319427237876669,1.0,0.7067614993017257,0.049685008029207056,-0.04109993274681234
2019-01-18 14:00:00,0.08766609378803825,0.15912661990436083,-0.08866315759273857,0.23935682228407748,0.41875497793242106,0.7290976842585078,0.7025887451225493,0.0602792142074835,-0.0314219960904466
2019-01-19 02:00:00,0.09594835772259303,0.15479146056677306,-0.0768954546226589,0.2230014539001556,0.4041522920328772,0.42912970871108236,0.7194091309898626,0.07217058501913609,-0.020559083708345693
2019-01-19 14:00:00,0.03737380888784081,0.0691361672583588,-0.11164626719457516,0.18470842117452907,0.4966968125692874,1.0,0.7194091309898626,0.016359238783755004,-0.07154342972570715
2019-01-20 02:00:00,0.051527103452676304,0.02955790318054885,-0.05842261628811696,0.08926887977067308,0.47323530551228044,0.7464841038559773,0.725204604189019,0.03228636602912793,-0.056993804581100704
2019-01-20 14:00:00,0.09230548497698243,0.06396746557561639,-0.017255495290293243,0.07936921466735415,0.4180800168664058,0.15049756325712368,0.6323272223710328,0.07601722100287023,-0.01704513478530023
2019-01-21 02:00:00,0.11825931544465851,0.09483331205619527,0.002214194019484639,0.08833287540541598,0.38668035219491076,0.0,0.2989938890376995,0.10633896539752352,0.010654148825367304
2019-01-21 14:00:00,0.10239440005323375,0.08104828203992342,-0.01244769227211473,0.09039538591887648,0.4047231218660751,0.16400063781152707,0.10483273368954943,0.09477797818431677,9.304589309722111e-05
2019-01-22 02:00:00,0.10216769128260172,0.08341487159223493,-0.013501498321542682,0.09364292357862199,0.4003963144139801,0.15846536441163836,0.10748866740772099,0.09869413437917518,0.003670502377566054
2019-01-22 14:00:00,0.0934208342803382,0.07618309268639378,-0.021011615897978064,0.09458549778654617,0.40895019736343646,0.7092383119856227,0.3439014380695952,0.09377592174136895,-0.0008223448986013349
2019-01-23 02:00:00,0.05929579692170739,0.04192732771762575,-0.048930521718465014,0.09117711494830066,0.463894207007335,0.9999999999999999,0.6225678921324195,0.06206082488543241,-0.029794472989862708
2019-01-23 14:00:00,0.03338972908425153,0.016568661114363836,-0.07040083236155492,0.08937512190986402,0.5044735636672969,1.0,0.9030794373285401,0.03745353916275529,-0.05227352885319747
2019-01-24 02:00:00,0.059725657615802064,0.044740751996128925,-0.04207765471639813,0.08670295750738578,0.46057688353974763,0.5782298202298964,0.8594099400766315,0.06634040239260464,-0.025885026700687486
2019-01-24 14:00:00,0.027763296571158058,0.017632133608046052,-0.06975613523252744,0.08972672686911615,0.5099898961519445,1.0,0.8594099400766315,0.0353188033031,-0.054223636117503915
2019-01-25 02:00:00,0.02470010240430698,0.01694340701677044,-0.07210296280050477,0.09157190255076086,0.5132965307395834,1.0,0.8594099400766315,0.0332486692426166,-0.05611472884973934
2019-01-25 14:00:00,0.03015763940327454,0.024777836332116943,-0.06625435187510709,0.0929600170022594,0.5014771021261507,0.7758059994477832,0.9252686664825938,0.0399929288259131,-0.049953765400201355
2019-01-26 02:00:00,0.021044308836347447,0.019765184840484284,-0.07234571686444768,0.09459790581293039,0.5163199162557011,1.0,0.9252686664825938,0.03165974208169198,-0.057566233205633366
2019-01-26 14:00:00,0.018172176017430264,0.020352900042079236,-0.07474465095408866,0.09775611410030284,0.5203332079602674,1.0,0.9252686664825938,0.029507181606472033,-0.05953262347382471
2019-01-27 02:00:00,0.017947016716322928,0.02376957159804549,-0.07402277025124993,0.10031286296430378,0.5192256833174783,0.9412644024947521,0.98042146749825,0.030020202020202058,-0.05906397306397315
2019-01-27 14:00:00,0.05072872108972826,0.05870818895968233,-0.04095551456699842,0.09878683823990293,0.45060806321926,0.0,0.6470881341649165,0.06528582571874297,-0.026848395364386102
2019-01-28 02:00:00,0.05544894501215358,0.06502805158115588,-0.03602555571756494,0.09960915031374562,0.4385715394899786,0.0,0.31375480083158325,0.07236602260298941,-0.02038054908999143
2019-01-28 14:00:00,0.11583230590455473,0.13671730426644202,0.010076097942739448,0.1179817361031397,0.35043829396037185,0.0,-8.052817671947803e-16,0.13852085628368105,0.04005269896090735
2019-01-29 02:00:00,0.09652586239872396,0.12362237578269375,-0.01111943944255378,0.12756603828317928,0.38077148099706437,0.1797124012180558,0.05990413373935113,0.12284178999295281,0.025729680526192178
2019-01-29 14:00:00,0.10098690773128993,0.1283890384991504,-0.010692280438697521,0.13135149629754286,0.37026992660186475,0.197980216868007,0.1258975393620201,0.1316307355400026,0.03375848956098415
2019-01-30 02:00:00,0.0880718698434435,0.11554830407324901,-0.024474360411282703,0.13392416361835463,0.39003061347992307,0.44923251471830705,0.2756417109347892,0.12205105633802815,0.025007335680751197
2019-01-30 14:00:00,0.08510910079813039,0.11673193786872615,-0.029002957126599505,0.139610932587161,0.38930100147361363,0.9815718802241651,0.5429282039368255,0.12257808830436834,0.02548878581493641
2019-01-31 02:00:00,0.06070536352454914,0.094035518277656,-0.04790921853509378,0.13874484368888554,0.438928513547909,1.0,0.8102681316474899,0.09989501387830235,0.004767520457911845
2019-01-31 14:00:00,0.07274268035600029,0.11000439969199682,-0.0368191540055538,0.14164055431422531,0.41391978703836707,0.6357523855072175,0.8724414219104601,0.11545585811589332,0.01898254160407209
2019-02-01 02:00:00,0.07112416848101688,0.11180666850782672,-0.03778613726558999,0.1442539295248134,0.4117838233464721,0.4530314120764371,0.6962612658612174,0.11679151881543803,0.020202683956133782
2019-02-01 14:00:00,0.07116799066355006,0.11539406650969286,-0.038049389895697394,0.1477303772771095,0.40660325733526714,0.34864241906285687,0.479142072215503,0.11986587205130816,0.023011143162549486
2019-02-02 02:00:00,0.07570764440807953,0.12238508585605734,-0.036437585487386404,0.1522786851686089,0.39292619343364327,0.0,0.26722461037976386,0.12784250110603157,0.030297891166494395
2019-02-02 14:00:00,0.06897261015497214,0.1131877820452385,-0.04315780761167354,0.1510563533744906,0.4040115357760436,0.528034530491531,0.2922256498514618,0.12373269858062219,0.02654353639542717
2019-02-03 02:00:00,0.0550878051892314,0.0991183489347518,-0.05585676217759672,0.15169385272720595,0.4374236462821148,1.0,0.5093448434971762,0.11150028340139806,0.015369075820773848
2019-02-03 14:00:00,0.06921419046559407,0.109978641729509,-0.042972336261330124,0.1479927541451747,0.4021548134497989,0.20739659071232983,0.5784770404012861,0.12935808266513105,0.03168239341986734
2019-02-04 02:00:00,0.06974127279981435,0.1050837376417244,-0.04120200861023715,0.1417578771053016,0.39543283750900554,0.05633230477030283,0.4212429651608767,0.13292151808728114,0.03493763517316961
2019-02-04 14:00:00,0.07592894115291182,0.10673541453463375,-0.034817596081146984,0.13663959965500774,0.37692564341350254,0.0,0.0879096318275434,0.1427568173328353,0.043922301083302084
2019-02-05 02:00:00,0.06557473935998948,0.08672272466663045,-0.03956816869239144,0.1233818843725947,0.40188349858553407,0.4125401498993987,0.156290818223233,0.13460226092632688,0.036473014271726445
2019-02-05 14:00:00,0.04880429654379248,0.05623811149101021,-0.04615530726595285,0.10187980170940142,0.4487501387156728,1.0,0.47084671663313205,0.11886648915937625,0.02209819469233687
2019-02-06 02:00:00,0.03820909517822613,0.027510140510412118,-0.0424344312802738,0.07047043240261328,0.47643312809017646,1.0,0.8041800499664653,0.10922724371990489,0.013292626327087165
2019-02-06 14:00:00,0.08001966571298613,0.0628380611544288,-0.00022058812972192143,0.06114429855156696,0.37775813492121896,0.008366119497658003,0.6694553731658851,0.15738736966358458,0.05728748921745175
2019-02-07 02:00:00,0.07378165229938749,0.04956638724618134,-0.0007168617697779212,0.04908437480714195,0.38719112814787043,0.0955965936627907,0.36798757105348207,0.15392971920877518,0.0541288833230229
2019-02-07 14:00:00,0.050697384239145826,0.028944325232636903,-0.019562668427909213,0.048280518035265445,0.4474650419557114,0.7064293069180753,0.27013067335950713,0.131346153846154,0.0334985207100591
2019-02-08 02:00:00,0.04373125278452328,0.02370489088655825,-0.0244924083665089,0.04821628483663081,0.4618974579575446,0.8526914503278157,0.5515724503028931,0.12576727754471184,0.028402149113122777
2019-02-08 14:00:00,0.020677966695568317,0.004928364748056913,-0.04562161663534514,0.05159986452564812,0.5212705655471959,1.0000000000000002,0.8530402524152962,0.10181236673773975,0.006519045698149872
2019-02-09 02:00:00,-0.030219246022469726,-0.028004498023668223,-0.10594038085204194,0.0835300972046503,0.631906055869515,1.0,0.9508971501092712,0.0455378137474709,-0.044888445343686856
