timestamp,ema50_dist_eos_usd_6h,ema200_dist_eos_usd_6h,upper_bb_dist_eos_usd_6h,lower_bb_dist_eos_usd_6h,width_bb_eos_usd_6h,rsi_eos_usd_6h,stoch_rsi_fastk_eos_usd_6h,stoch_rsi_fastd_eos_usd_6h,kijun_dist_eos_usd_6h,tenkan_dist_eos_usd_6h
2018-06-06 20:00:00,,,,,,,,,-81.72,-81.12
2018-06-07 02:00:00,,,,,,,,,-81.8,-81.2
2018-06-07 08:00:00,,,,,,,,,-81.52,-80.91
2018-06-07 14:00:00,,,,,,,,,-82.16,-81.57
2018-06-07 20:00:00,,,,,,,,,-82.66,-82.09
2018-06-08 02:00:00,,,,,,,,,-81.72,-81.12
2018-06-08 08:00:00,,,,,,,,,-81.65,-81.05
2018-06-08 14:00:00,,,,,,,,,-81.91,-81.32
2018-06-08 20:00:00,,,,,,,,,-81.84,-81.24
2018-06-09 02:00:00,,,,,,,,,-82.6,-82.02
2018-06-09 08:00:00,,,,,,,,,-82.66,-82.09
2018-06-09 14:00:00,,,,,,,,,-82.2,-81.61
2018-06-09 20:00:00,,,,,,,,,-81.98,-81.39
2018-06-10 02:00:00,,,,,,,,,-80.67,-80.03
2018-06-10 08:00:00,,,,,,41.19,,,-80.64,-80.0
2018-06-10 14:00:00,,,,,,32.5,,,-78.87,-78.17
2018-06-10 20:00:00,,,,,,26.58,,,-76.79,-76.03
2018-06-11 02:00:00,,,,,,25.88,,,-76.47,-75.7
2018-06-11 08:00:00,,,,,,28.73,,,-76.92,-76.16
2018-06-11 14:00:00,,,48.15,-1.43,40.19,27.44,,,-76.41,-75.63
2018-06-11 20:00:00,,,41.76,-7.92,42.49,33.9,100.0,47.42,-77.42,-76.67
2018-06-12 02:00:00,,,44.59,-8.39,44.86,32.37,80.86,68.16,-76.93,-76.17
2018-06-12 08:00:00,,,46.2,-9.66,47.23,31.48,62.45,81.1,-76.64,-75.87
2018-06-12 14:00:00,,,51.75,-8.6,49.64,28.69,19.27,54.19,-75.63,-74.82
2018-06-12 20:00:00,,,57.23,-7.42,51.76,26.12,0.0,27.24,-74.49,-73.64
2018-06-13 02:00:00,,,54.28,-11.25,53.92,27.92,28.75,16.0,-74.79,-73.96
2018-06-13 08:00:00,,,58.22,-11.23,56.24,26.06,0.0,9.58,-73.94,-73.08
2018-06-13 14:00:00,,,57.34,-13.01,57.59,25.65,0.0,9.58,-73.75,-72.88
2018-06-13 20:00:00,,,50.06,-16.97,57.52,30.4,100.0,33.33,-74.52,-73.68
2018-06-14 02:00:00,,,43.84,-17.82,54.56,32.17,100.0,66.67,-74.81,-73.97
2018-06-14 08:00:00,,,35.99,-17.86,49.37,34.77,100.0,100.0,-75.21,-74.39
2018-06-14 14:00:00,,,24.34,-19.71,43.05,42.17,100.0,100.0,-76.37,-75.59
2018-06-14 20:00:00,,,13.62,-20.24,35.01,48.17,100.0,100.0,-77.37,-76.62
2018-06-15 02:00:00,,,13.17,-15.94,29.52,44.68,78.21,92.74,-76.68,-75.91
2018-06-15 08:00:00,,,9.94,-11.56,21.68,42.83,60.18,79.46,-76.28,-75.49
2018-06-15 14:00:00,,,6.76,-11.06,18.21,43.97,29.92,56.1,-76.46,-75.68
2018-06-15 20:00:00,,,9.28,-8.7,17.93,41.0,0.0,30.03,-75.82,-75.03
2018-06-16 02:00:00,,,7.91,-9.75,17.83,42.75,47.59,25.84,-76.1,-75.31
2018-06-16 08:00:00,,,8.34,-8.98,17.38,41.77,26.03,24.54,-75.9,-75.1
2018-06-16 14:00:00,,,6.95,-10.07,17.29,43.79,94.02,55.88,-76.19,-75.4
2018-06-16 20:00:00,,,7.54,-8.46,16.07,41.89,32.15,50.74,-75.84,-75.04
2018-06-17 02:00:00,,,6.8,-8.46,15.39,42.16,19.09,48.42,-75.87,-75.07
2018-06-17 08:00:00,,,6.04,-8.74,14.99,42.89,55.55,35.6,-75.96,-75.17
2018-06-17 14:00:00,,,7.84,-7.2,15.0,40.43,0.0,24.88,-75.55,-74.74
2018-06-17 20:00:00,,,8.72,-5.94,14.45,39.16,0.0,18.52,-75.33,-74.51
2018-06-18 02:00:00,,,10.03,-4.65,14.29,37.45,0.0,0.0,-75.03,-74.2
2018-06-18 08:00:00,,,9.04,-4.33,13.06,38.75,23.96,7.99,-75.16,-74.34
2018-06-18 14:00:00,,,4.07,-6.86,11.08,47.8,100.0,41.32,-76.19,-75.4
2018-06-18 20:00:00,,,3.66,-6.25,10.04,48.29,100.0,74.65,-76.24,-75.46
2018-06-19 02:00:00,10.34,,5.15,-4.05,9.16,45.23,71.83,90.61,-75.85,-75.05
2018-06-19 08:00:00,8.98,,4.16,-4.51,8.68,47.19,88.45,86.76,-76.07,-75.27
2018-06-19 14:00:00,9.27,,4.65,-3.97,8.59,45.98,24.39,61.55,-75.92,-75.12
2018-06-19 20:00:00,7.77,,2.27,-4.29,6.63,48.51,100.0,70.95,-76.18,-75.39
2018-06-20 02:00:00,12.01,,6.37,-0.37,6.55,40.58,0.0,41.46,-75.13,-74.31
2018-06-20 08:00:00,10.68,,5.35,-1.38,6.6,42.43,23.34,41.11,-75.33,-74.52
2018-06-20 14:00:00,8.45,,3.15,-2.96,6.11,46.36,72.87,32.07,-75.75,-74.95
2018-06-20 20:00:00,8.84,,3.83,-2.36,6.14,45.03,56.09,50.77,-75.59,-74.78
2018-06-21 02:00:00,6.33,,1.68,-4.37,6.14,49.77,100.0,76.32,-76.09,-75.3
2018-06-21 08:00:00,7.88,,3.42,-2.73,6.13,46.18,51.1,69.06,-75.67,-74.87
2018-06-21 14:00:00,9.1,,4.73,-1.46,6.09,43.4,0.0,50.37,-75.31,-74.5
2018-06-21 20:00:00,7.9,,3.84,-2.32,6.11,45.34,30.4,27.17,-75.51,-74.7
2018-06-22 02:00:00,10.4,,6.76,-0.21,6.75,40.41,0.0,10.13,-74.84,-74.01
2018-06-22 08:00:00,19.59,,18.53,5.29,11.83,29.75,0.0,10.13,-72.57,-71.66
2018-06-22 14:00:00,27.61,,30.84,8.02,19.11,24.33,0.0,0.0,-70.47,-69.5
2018-06-22 20:00:00,27.87,,34.34,5.03,24.48,23.67,0.0,0.0,-70.15,-69.16
2018-06-23 02:00:00,30.96,,40.94,4.23,29.95,21.76,0.0,0.0,-69.13,-68.11
2018-06-23 08:00:00,29.2,,41.48,0.25,34.12,22.63,10.83,3.61,-69.27,-68.25
2018-06-23 14:00:00,28.13,,41.65,-2.68,37.1,22.59,32.2,14.34,-69.25,-68.23
2018-06-23 20:00:00,25.87,,39.8,-5.9,39.07,24.68,100.0,47.68,-69.53,-68.53
2018-06-24 02:00:00,42.73,,61.66,2.33,44.94,17.64,0.0,44.07,-65.03,-63.88
2018-06-24 08:00:00,42.18,,63.12,-1.7,49.59,17.35,0.0,33.33,-64.75,-63.58
2018-06-24 14:00:00,28.15,,47.02,-12.59,50.85,32.11,100.0,33.33,-67.94,-66.88
2018-06-24 20:00:00,25.41,,43.07,-15.04,50.97,33.99,100.0,66.67,-68.36,-67.32
2018-06-25 02:00:00,27.25,,45.1,-14.72,51.93,32.32,89.94,96.65,-67.62,-66.55
2018-06-25 08:00:00,19.73,,35.59,-19.8,51.33,39.87,100.0,96.65,-69.33,-68.32
2018-06-25 14:00:00,19.4,,33.6,-19.68,49.81,39.52,95.53,95.16,-69.21,-68.19
2018-06-25 20:00:00,19.98,,32.46,-18.81,47.99,38.45,81.24,92.26,-68.85,-67.82
2018-06-26 02:00:00,19.65,,29.22,-17.79,44.47,38.07,76.22,84.33,-68.73,-67.69
2018-06-26 08:00:00,21.9,,28.73,-14.93,40.84,35.64,0.0,52.49,-67.91,-66.85
2018-06-26 14:00:00,23.2,,26.96,-12.47,36.77,34.03,0.0,25.41,-67.32,-66.24
2018-06-26 20:00:00,29.27,,28.88,-5.87,31.16,29.67,0.0,0.0,-65.39,-64.24
2018-06-27 02:00:00,25.62,,20.32,-5.29,23.82,32.9,38.45,12.82,-66.08,-64.96
2018-06-27 08:00:00,22.92,,15.46,-5.65,20.12,35.18,92.21,43.55,-66.56,-65.46
2018-06-27 14:00:00,15.58,,8.15,-10.48,18.85,43.6,100.0,76.89,-68.38,-67.34
2018-06-27 20:00:00,15.87,,8.11,-9.51,17.74,42.71,93.67,95.29,-68.13,-67.08
2018-06-28 02:00:00,18.96,,11.24,-6.7,17.54,39.31,59.94,84.54,-67.07,-65.98
2018-06-28 08:00:00,16.32,,8.85,-8.23,17.03,41.84,79.14,77.59,-67.61,-66.54
2018-06-28 14:00:00,16.33,,8.87,-7.68,16.46,41.2,44.0,61.03,-67.43,-66.35
2018-06-28 20:00:00,22.43,,14.67,-2.67,16.36,35.44,0.0,41.05,-65.46,-64.32
2018-06-29 02:00:00,20.48,,13.42,-3.14,15.75,36.89,22.64,22.22,-65.77,-64.64
2018-06-29 08:00:00,23.62,,17.34,0.06,15.9,33.93,0.0,7.55,-64.61,-63.44
2018-06-29 14:00:00,19.77,,14.42,-3.14,16.63,37.9,54.67,25.77,-65.48,-64.34
2018-06-29 20:00:00,13.4,,8.53,-7.9,16.38,45.26,100.0,51.56,-67.16,-66.07
2018-06-30 02:00:00,9.15,,5.03,-11.05,16.58,49.92,100.0,84.89,-68.28,-67.23
2018-06-30 08:00:00,8.64,,4.31,-10.94,15.77,50.11,100.0,100.0,-68.33,-67.28
2018-06-30 14:00:00,8.36,,3.84,-10.66,15.01,50.03,99.37,99.79,-68.31,-67.26
2018-06-30 20:00:00,6.98,,2.65,-11.5,14.81,51.57,100.0,99.79,-68.63,-67.59
2018-07-01 02:00:00,7.64,,3.38,-10.61,14.52,50.09,10.33,69.9,-68.34,-67.3
2018-07-01 08:00:00,6.84,,3.14,-11.11,14.84,50.9,56.19,55.51,-68.5,-67.46
2018-07-01 14:00:00,7.95,,4.73,-9.9,15.02,48.58,0.0,22.17,-68.07,-67.02
2018-07-01 20:00:00,5.74,,3.13,-10.92,14.62,51.86,100.0,52.06,-68.66,-67.62
2018-07-02 02:00:00,8.05,,5.77,-8.25,14.19,47.53,0.0,33.33,-67.88,-66.82
2018-07-02 08:00:00,6.21,,4.47,-9.31,14.12,50.2,61.77,53.92,-68.35,-67.3
2018-07-02 14:00:00,-4.2,,-3.53,-19.77,18.38,64.8,100.0,53.92,-71.5,-70.56
2018-07-02 20:00:00,-4.5,,-1.89,-21.19,21.81,65.35,100.0,87.26,-71.65,-70.71
2018-07-03 02:00:00,-6.34,,-1.66,-23.74,25.29,67.8,100.0,100.0,-72.27,-71.35
2018-07-03 08:00:00,-4.53,,1.67,-22.73,27.27,64.01,78.46,92.82,-71.79,-70.85
2018-07-03 14:00:00,-3.44,,3.92,-21.95,28.42,61.9,0.0,59.49,-71.51,-70.56
2018-07-03 20:00:00,-2.02,,5.96,-19.84,27.72,59.04,0.0,26.15,-71.11,-70.16
2018-07-04 02:00:00,-1.09,,7.27,-17.98,26.68,57.2,0.0,0.0,-70.85,-69.89
2018-07-04 08:00:00,-3.81,,4.34,-18.55,24.64,61.49,63.04,21.01,-71.7,-70.76
2018-07-04 14:00:00,-4.25,,3.92,-17.46,22.93,62.38,100.0,54.35,-71.88,-70.95
2018-07-04 20:00:00,-2.58,,5.88,-15.08,21.98,58.68,28.53,63.86,-71.42,-70.47
2018-07-05 02:00:00,-3.54,,5.22,-15.49,21.83,60.45,62.77,63.77,-71.74,-70.81
2018-07-05 08:00:00,-2.98,,6.06,-14.44,21.39,59.37,18.67,36.66,-71.62,-70.68
2018-07-05 14:00:00,-1.3,,7.92,-12.18,20.54,55.42,0.0,27.15,-71.14,-70.18
2018-07-05 20:00:00,-1.44,,7.79,-11.62,19.79,55.79,7.5,8.72,-71.19,-70.24
2018-07-06 02:00:00,0.76,,10.0,-8.71,18.59,50.7,0.0,2.5,-70.55,-69.57
2018-07-06 08:00:00,1.92,,11.08,-6.77,17.48,48.13,0.0,2.5,-70.18,-69.2
2018-07-06 14:00:00,1.13,,9.73,-6.18,15.63,49.76,21.25,7.08,-70.4,-69.42
2018-07-06 20:00:00,0.8,,8.99,-5.47,14.21,50.45,30.27,17.17,-70.49,-69.51
2018-07-07 02:00:00,0.47,,7.55,-3.81,11.15,51.18,100.0,50.51,-70.58,-69.6
2018-07-07 08:00:00,1.39,,7.41,-1.07,8.22,48.72,19.3,49.86,-70.29,-69.31
2018-07-07 14:00:00,3.16,,9.61,-0.03,9.2,44.37,0.0,39.77,-69.73,-68.73
2018-07-07 20:00:00,-1.77,,4.14,-4.88,9.05,55.91,100.0,39.77,-71.2,-70.25
2018-07-08 02:00:00,-1.14,,4.09,-4.1,8.19,54.43,87.14,62.38,-71.03,-70.08
2018-07-08 08:00:00,-1.28,,3.59,-4.22,7.83,54.85,90.77,92.64,-71.09,-70.13
2018-07-08 14:00:00,-1.2,,3.46,-4.19,7.67,54.77,90.08,89.33,-71.08,-70.12
2018-07-08 20:00:00,0.03,,4.69,-3.07,7.7,51.29,0.0,60.28,-70.72,-69.75
2018-07-09 02:00:00,1.38,,6.19,-1.92,7.94,47.65,0.0,30.03,-70.31,-69.33
2018-07-09 08:00:00,1.08,,5.56,-2.26,7.7,48.36,9.8,3.27,-70.38,-69.4
2018-07-09 14:00:00,6.51,,11.68,1.95,9.11,36.98,0.0,3.27,-68.71,-67.68
2018-07-09 20:00:00,12.3,,19.87,4.79,13.43,29.56,0.0,3.27,-66.86,-65.77
2018-07-10 02:00:00,13.78,,22.96,3.84,16.87,27.75,0.0,0.0,-66.26,-65.15
2018-07-10 08:00:00,14.57,,25.04,2.49,19.82,26.59,0.0,0.0,-65.85,-64.72
2018-07-10 14:00:00,17.29,,29.66,2.49,23.41,24.01,0.0,0.0,-64.83,-63.67
2018-07-10 20:00:00,18.29,,32.11,1.1,26.59,22.84,0.0,0.0,-64.31,-63.13
2018-07-11 02:00:00,20.09,,35.73,0.26,30.07,21.22,0.0,0.0,-63.52,-62.31
2018-07-11 08:00:00,16.32,,32.31,-4.35,32.16,27.84,100.0,33.33,-64.46,-63.29
2018-07-11 14:00:00,18.18,,35.21,-4.43,34.35,25.86,70.1,56.7,-63.66,-62.46
2018-07-11 20:00:00,15.12,,31.85,-7.89,35.49,30.85,100.0,90.03,-64.42,-63.24
2018-07-12 02:00:00,18.29,,35.72,-6.65,36.99,27.66,66.88,78.99,-63.21,-61.99
2018-07-12 08:00:00,21.46,,39.88,-5.79,39.02,24.96,0.0,55.63,-61.95,-60.69
2018-07-12 14:00:00,18.86,,37.17,-8.98,40.45,28.33,57.17,41.35,-62.52,-61.28
2018-07-12 20:00:00,16.14,,32.76,-11.32,39.81,32.17,100.0,52.39,-63.17,-61.95
2018-07-13 02:00:00,11.92,,26.24,-14.23,38.18,38.94,100.0,85.72,-64.35,-63.18
2018-07-13 08:00:00,11.98,,24.21,-13.53,35.83,38.31,95.5,98.5,-64.18,-62.99
2018-07-13 14:00:00,11.72,,21.33,-12.66,32.58,38.05,91.59,95.7,-64.11,-62.92
2018-07-13 20:00:00,14.34,,21.49,-9.44,29.17,34.44,33.53,73.54,-63.08,-61.86
2018-07-14 02:00:00,13.82,,18.02,-8.33,25.13,34.4,0.0,41.71,-63.07,-61.85
2018-07-14 08:00:00,12.84,,12.81,-6.37,18.59,35.38,25.05,19.53,-63.21,-62.0
2018-07-14 14:00:00,10.83,,7.87,-5.91,13.64,38.91,100.0,41.68,-63.73,-62.53
2018-07-14 20:00:00,11.65,,7.42,-4.17,11.4,37.1,59.86,61.64,-63.3,-62.09
2018-07-15 02:00:00,10.37,,5.19,-4.29,9.44,39.1,100.0,86.62,-63.58,-62.38
2018-07-15 08:00:00,7.61,,1.83,-5.82,7.8,44.74,100.0,86.62,-64.39,-63.21
2018-07-15 14:00:00,3.73,,-1.11,-9.45,8.81,52.41,100.0,100.0,-65.63,-64.49
2018-07-15 20:00:00,3.63,,-0.33,-9.77,9.94,52.3,99.26,99.75,-65.61,-64.47
2018-07-16 02:00:00,4.41,,1.16,-9.01,10.58,50.16,83.12,94.13,-65.29,-64.14
2018-07-16 08:00:00,-1.86,,-2.97,-15.73,14.08,61.86,100.0,94.13,-67.4,-66.32
2018-07-16 14:00:00,-4.82,,-3.46,-19.76,18.43,66.49,100.0,94.37,-68.45,-67.4
2018-07-16 20:00:00,-4.94,,-1.69,-20.96,21.74,66.94,100.0,100.0,-68.55,-67.51
2018-07-17 02:00:00,-2.06,,2.37,-18.61,22.83,59.57,56.07,85.36,-67.63,-66.56
2018-07-17 08:00:00,-2.23,,2.97,-18.18,22.9,60.01,5.9,53.99,-67.72,-66.65
2018-07-17 14:00:00,-10.77,,-3.48,-26.53,27.13,72.15,100.0,53.99,-70.68,-69.71
2018-07-17 20:00:00,-11.32,,-1.84,-27.97,30.71,73.24,100.0,68.63,-71.01,-70.06
2018-07-18 02:00:00,-13.6,,-1.9,-31.22,35.14,76.17,100.0,100.0,-71.94,-71.01
2018-07-18 08:00:00,-11.32,,2.27,-29.88,37.3,70.78,66.65,88.88,-71.35,-70.4
2018-07-18 14:00:00,-12.55,,2.44,-31.25,39.37,72.75,36.56,67.74,-71.91,-70.98
2018-07-18 20:00:00,-7.58,,8.76,-26.47,38.65,61.28,0.0,34.41,-70.42,-69.44
2018-07-19 02:00:00,-5.81,,10.99,-23.81,37.18,58.23,0.0,12.19,-69.92,-68.93
2018-07-19 08:00:00,-7.7,,8.91,-24.11,35.75,61.23,20.64,6.88,-70.63,-69.66
2018-07-19 14:00:00,-3.32,,13.84,-19.0,33.72,53.49,0.0,6.88,-69.28,-68.26
2018-07-19 20:00:00,-4.63,,11.8,-18.22,31.01,55.56,26.52,15.72,-69.75,-68.75
2018-07-20 02:00:00,-0.6,,15.73,-12.69,27.99,49.41,0.0,8.84,-68.48,-67.44
2018-07-20 08:00:00,-4.42,,10.6,-14.21,25.26,54.79,45.51,24.01,-69.75,-68.75
2018-07-20 14:00:00,2.63,,18.45,-6.81,23.87,45.72,0.0,15.17,-67.49,-66.41
2018-07-20 20:00:00,2.31,,17.68,-5.94,22.3,46.0,2.86,16.12,-67.56,-66.49
2018-07-21 02:00:00,1.6,,16.15,-5.03,20.06,46.86,12.62,5.16,-67.76,-66.7
2018-07-21 08:00:00,0.82,,15.18,-5.44,19.66,47.92,24.28,13.25,-68.0,-66.94
2018-07-21 14:00:00,-1.09,,12.94,-7.21,19.58,50.75,100.0,45.64,-68.62,-67.59
2018-07-21 20:00:00,0.29,,14.56,-6.04,19.76,48.7,56.95,60.41,-68.18,-67.13
2018-07-22 02:00:00,-0.22,,13.87,-6.2,19.33,49.5,67.98,74.98,-68.34,-67.3
2018-07-22 08:00:00,-1.25,,12.51,-6.81,18.79,51.26,100.0,74.98,-68.69,-67.65
2018-07-22 14:00:00,-0.44,,12.99,-6.39,18.75,49.88,46.17,71.38,-68.43,-67.39
2018-07-22 20:00:00,2.2,,15.45,-4.39,18.81,45.55,0.0,48.72,-67.57,-66.5
2018-07-23 02:00:00,-3.27,,7.6,-9.03,16.75,54.56,100.0,48.72,-69.35,-68.33
2018-07-23 08:00:00,-0.41,,9.48,-6.09,15.31,49.92,48.55,49.52,-68.45,-67.4
2018-07-23 14:00:00,1.29,,9.08,-3.53,12.26,47.37,20.22,56.25,-67.89,-66.83
2018-07-23 20:00:00,1.28,,8.21,-3.44,11.38,47.31,19.58,29.45,-67.88,-66.82
2018-07-24 02:00:00,-0.04,,6.18,-4.63,10.72,49.56,30.95,23.58,-68.3,-67.25
2018-07-24 08:00:00,-2.08,,2.62,-5.91,8.67,53.12,100.0,50.17,-68.97,-67.94
2018-07-24 14:00:00,-5.38,,-0.48,-9.63,9.63,58.67,100.0,76.98,-70.09,-69.1
2018-07-24 20:00:00,-5.96,,-0.84,-10.72,10.48,59.91,100.0,100.0,-70.35,-69.37
2018-07-25 02:00:00,-9.12,,-2.6,-15.09,13.71,65.0,100.0,100.0,-71.46,-70.52
2018-07-25 08:00:00,-4.57,,2.27,-11.09,13.97,55.7,21.7,73.9,-70.09,-69.1
2018-07-25 14:00:00,-4.46,,2.66,-10.81,14.04,55.81,1.13,40.94,-70.11,-69.12
2018-07-25 20:00:00,-4.41,,2.92,-10.54,13.98,56.02,3.41,8.74,-70.15,-69.17
2018-07-26 02:00:00,-4.24,,3.26,-10.16,13.89,56.03,3.57,2.7,-70.16,-69.17
2018-07-26 08:00:00,-4.73,,2.95,-10.48,13.96,57.25,100.0,35.66,-70.37,-69.39
2018-07-26 14:00:00,-4.84,5.63,3.08,-10.65,14.27,57.83,100.0,67.86,-70.46,-69.49
2018-07-26 20:00:00,-1.2,9.53,6.98,-6.9,13.87,49.72,0.0,66.67,-69.35,-68.34
2018-07-27 02:00:00,-0.23,10.48,7.98,-5.75,13.58,47.89,0.0,33.33,-69.05,-68.03
2018-07-27 08:00:00,0.41,11.1,8.69,-5.07,13.52,46.64,0.0,0.0,-68.85,-67.82
2018-07-27 14:00:00,-1.88,8.4,6.17,-6.98,13.2,51.63,44.57,14.86,-69.58,-68.58
2018-07-27 20:00:00,-2.48,7.54,5.2,-6.76,12.06,53.07,100.0,48.19,-69.8,-68.8
2018-07-28 02:00:00,-1.31,8.69,6.42,-5.67,12.04,50.5,60.02,68.2,-69.45,-68.44
2018-07-28 08:00:00,-1.02,8.87,6.62,-5.07,11.6,49.93,51.15,70.39,-69.38,-68.36
2018-07-28 14:00:00,-0.62,9.19,6.72,-3.98,10.55,49.04,0.0,37.06,-69.26,-68.25
2018-07-28 20:00:00,-1.61,7.96,5.19,-4.06,9.21,51.67,65.13,38.76,-69.59,-68.58
2018-07-29 02:00:00,-0.54,9.02,6.02,-2.45,8.33,48.95,0.0,21.71,-69.26,-68.25
2018-07-29 08:00:00,0.18,9.71,6.78,-1.7,8.27,47.14,0.0,21.71,-69.04,-68.02
2018-07-29 14:00:00,-0.12,9.28,6.38,-2.24,8.45,48.01,19.27,6.42,-69.13,-68.11
2018-07-29 20:00:00,-1.11,8.07,5.04,-3.32,8.3,51.0,85.15,34.81,-69.45,-68.44
2018-07-30 02:00:00,0.32,9.55,5.14,-1.34,6.36,46.98,0.0,34.81,-69.01,-67.98
2018-07-30 08:00:00,0.82,10.04,5.56,-1.09,6.5,45.56,0.0,28.38,-68.84,-67.81
2018-07-30 14:00:00,9.04,19.21,16.14,4.43,10.61,30.88,0.0,0.0,-66.19,-65.07
2018-07-30 20:00:00,5.87,15.85,13.16,0.45,11.9,37.87,34.77,11.59,-67.1,-66.01
2018-07-31 02:00:00,7.23,17.49,15.11,0.66,13.39,35.64,29.58,21.45,-66.58,-65.48
2018-07-31 08:00:00,11.05,21.94,20.14,2.49,15.86,30.87,0.0,21.45,-65.25,-64.1
2018-07-31 14:00:00,11.71,22.97,21.45,1.57,17.83,29.77,0.0,9.86,-64.89,-63.73
2018-07-31 20:00:00,10.13,21.47,20.39,-1.02,19.52,32.42,32.75,10.92,-65.26,-64.11
2018-08-01 02:00:00,10.67,22.32,21.67,-1.68,21.23,31.34,26.85,19.87,-64.95,-63.79
2018-08-01 08:00:00,10.12,21.95,21.6,-3.11,22.62,31.69,72.27,43.96,-65.0,-63.84
2018-08-01 14:00:00,10.65,22.79,22.3,-3.51,23.6,30.54,29.05,42.73,-64.69,-63.52
2018-08-01 20:00:00,9.99,22.29,21.29,-4.67,23.97,31.24,37.17,46.16,-64.77,-63.6
2018-08-02 02:00:00,10.51,23.1,21.68,-4.84,24.45,30.03,0.0,22.07,-64.47,-63.29
2018-08-02 08:00:00,12.32,25.42,23.58,-4.03,25.15,27.3,0.0,12.39,-63.72,-62.52
2018-08-02 14:00:00,11.38,24.65,22.21,-5.34,25.41,28.7,35.56,11.85,-63.87,-62.68
2018-08-02 20:00:00,11.35,24.88,21.37,-5.59,24.99,28.16,22.03,19.2,-63.74,-62.54
2018-08-03 02:00:00,11.21,24.98,20.41,-5.85,24.47,27.75,16.67,24.75,-63.63,-62.43
2018-08-03 08:00:00,9.99,23.83,18.12,-6.79,23.57,30.58,100.0,46.23,-63.9,-62.71
2018-08-03 14:00:00,7.11,20.71,13.59,-8.65,21.7,39.04,100.0,72.22,-64.75,-63.58
2018-08-03 20:00:00,7.4,21.16,11.75,-7.27,18.61,37.88,89.71,96.57,-64.55,-63.38
2018-08-04 02:00:00,7.24,21.1,9.39,-6.12,15.26,37.61,87.34,92.35,-64.51,-63.34
2018-08-04 08:00:00,8.62,22.83,8.03,-3.05,10.82,34.24,43.26,73.43,-63.94,-62.74
2018-08-04 14:00:00,9.32,23.82,8.58,-2.32,10.57,32.32,0.0,43.53,-63.58,-62.37
2018-08-04 20:00:00,9.14,23.8,7.16,-1.62,8.55,31.98,0.0,14.42,-63.51,-62.31
2018-08-05 02:00:00,7.99,22.63,4.88,-1.74,6.52,35.16,56.46,18.82,-63.79,-62.59
2018-08-05 08:00:00,8.25,23.07,5.11,-1.33,6.32,33.93,61.17,39.21,-63.59,-62.39
2018-08-05 14:00:00,7.96,22.89,4.95,-1.47,6.31,33.85,58.67,58.77,-63.58,-62.37
2018-08-05 20:00:00,7.01,21.91,3.78,-1.99,5.72,36.75,100.0,73.28,-63.8,-62.61
2018-08-06 02:00:00,6.16,21.02,2.86,-2.45,5.3,39.31,100.0,86.22,-64.0,-62.81
2018-08-06 08:00:00,7.28,22.41,3.8,-1.14,4.88,35.6,32.18,77.39,-63.52,-62.32
2018-08-06 14:00:00,7.17,22.39,3.71,-1.06,4.71,35.16,24.03,52.07,-63.46,-62.25
2018-08-06 20:00:00,5.54,20.59,1.98,-2.2,4.19,41.41,100.0,52.07,-63.94,-62.75
2018-08-07 02:00:00,6.04,21.22,2.46,-1.51,3.95,39.24,65.29,63.11,-63.68,-62.49
2018-08-07 08:00:00,4.41,19.37,1.16,-2.82,4.0,45.33,100.0,88.43,-64.18,-63.0
2018-08-07 14:00:00,4.12,19.04,1.13,-2.92,4.09,45.83,100.0,88.43,-64.22,-63.04
2018-08-07 20:00:00,12.28,28.65,10.88,3.11,7.26,27.77,0.0,66.67,-61.25,-59.97
2018-08-08 02:00:00,22.34,40.81,25.33,7.88,14.97,19.09,0.0,33.33,-57.46,-56.05
2018-08-08 08:00:00,21.25,40.16,26.75,4.28,19.45,19.58,1.82,0.61,-57.53,-56.13
2018-08-08 14:00:00,31.11,52.49,41.0,8.07,26.44,14.94,0.0,0.61,-53.64,-52.11
2018-08-08 20:00:00,27.66,49.29,39.5,2.32,30.76,19.0,31.65,11.15,-54.46,-52.96
2018-08-09 02:00:00,24.63,46.46,37.41,-2.06,33.54,22.62,100.0,43.88,-55.18,-53.7
2018-08-09 08:00:00,27.48,50.62,42.14,-2.1,36.86,20.68,74.73,68.79,-53.75,-52.22
2018-08-09 14:00:00,19.73,41.99,33.95,-9.0,38.18,32.03,100.0,91.58,-56.27,-54.83
2018-08-09 20:00:00,20.19,43.08,34.83,-9.58,39.43,31.1,92.85,89.19,-55.8,-54.34
2018-08-10 02:00:00,21.54,45.28,36.53,-9.53,40.58,29.52,77.92,90.26,-54.98,-53.5
2018-08-10 08:00:00,25.0,50.13,40.83,-8.28,42.23,26.73,53.36,74.71,-53.33,-51.78
2018-08-10 14:00:00,22.17,47.35,37.52,-11.16,43.0,29.76,57.09,62.79,-54.04,-52.52
2018-08-10 20:00:00,27.89,55.06,43.95,-8.31,44.36,25.79,0.0,36.82,-51.46,-49.86
2018-08-11 02:00:00,29.82,58.3,45.8,-8.15,45.4,24.3,0.0,19.03,-50.27,-48.62
2018-08-11 08:00:00,32.23,62.21,48.28,-7.85,46.69,22.69,0.0,0.0,-48.84,-47.15
2018-08-11 14:00:00,23.91,52.67,37.59,-13.74,45.87,32.53,100.0,33.33,-51.68,-50.09
2018-08-11 20:00:00,30.38,61.56,42.99,-9.44,44.9,28.42,58.23,52.74,-48.68,-46.98
2018-08-12 02:00:00,25.81,56.63,35.41,-11.9,42.34,32.51,99.78,86.0,-50.06,-48.41
2018-08-12 08:00:00,23.77,54.75,29.1,-11.32,37.12,33.8,100.0,86.0,-50.48,-48.85
2018-08-12 14:00:00,26.73,59.22,26.51,-5.89,29.38,31.38,55.1,84.96,-48.86,-47.17
2018-08-12 20:00:00,26.18,59.27,22.66,-4.38,24.78,31.08,49.55,68.22,-48.65,-46.96
2018-08-13 02:00:00,24.13,57.35,20.0,-5.54,23.82,32.52,53.14,52.6,-49.09,-47.41
2018-08-13 08:00:00,20.74,53.59,15.46,-7.14,21.7,36.08,100.0,67.56,-50.13,-48.48
2018-08-13 14:00:00,30.2,66.52,26.0,-0.94,23.94,29.45,0.0,51.05,-45.72,-43.92
2018-08-13 20:00:00,32.03,69.83,29.05,-0.78,26.14,27.98,0.0,33.33,-44.41,-42.57
2018-08-14 02:00:00,39.12,80.2,37.76,2.32,29.52,24.59,0.0,0.0,-40.75,-38.79
2018-08-14 08:00:00,37.88,79.79,38.28,-0.53,32.65,24.48,0.0,0.0,-40.62,-38.66
2018-08-14 14:00:00,36.19,78.73,36.3,-2.46,33.15,24.72,4.8,1.6,-40.71,-38.75
2018-08-14 20:00:00,26.75,67.1,25.51,-8.6,31.45,34.48,100.0,34.93,-44.34,-42.51
2018-08-15 02:00:00,24.56,64.88,22.01,-9.38,29.52,35.86,100.0,68.27,-44.87,-43.04
2018-08-15 08:00:00,23.53,64.14,20.28,-9.57,28.33,35.95,100.0,100.0,-44.9,-43.08
2018-08-15 14:00:00,17.21,56.11,12.58,-12.9,25.53,43.03,100.0,100.0,-47.4,-45.67
2018-08-15 20:00:00,21.75,62.71,16.6,-9.01,24.68,38.56,47.76,82.59,-44.97,-43.15
2018-08-16 02:00:00,20.46,61.49,15.34,-9.55,24.18,39.11,45.35,64.37,-45.17,-43.36
2018-08-16 08:00:00,16.7,56.79,12.01,-11.93,23.93,42.98,99.37,64.16,-46.58,-44.81
2018-08-16 14:00:00,17.33,58.0,11.68,-10.48,22.03,41.72,70.66,71.79,-45.96,-44.18
2018-08-16 20:00:00,21.68,64.4,16.13,-6.96,22.08,37.31,0.0,56.68,-43.55,-41.69
2018-08-17 02:00:00,14.59,55.08,8.97,-11.66,20.92,45.19,100.0,56.89,-46.56,-44.8
2018-08-17 08:00:00,12.57,52.5,6.41,-12.35,19.33,46.98,100.0,66.67,-47.27,-45.53
2018-08-17 14:00:00,3.85,40.5,-0.63,-19.6,21.1,56.56,100.0,100.0,-51.28,-49.67
2018-08-17 20:00:00,-2.68,31.2,-4.19,-26.41,26.24,63.01,100.0,100.0,-54.39,-52.89
2018-08-18 02:00:00,1.06,35.95,0.85,-24.17,28.32,57.61,69.67,89.89,-52.62,-51.05
2018-08-18 08:00:00,0.63,35.05,1.48,-24.97,29.97,58.01,68.79,79.49,-52.81,-51.25
2018-08-18 14:00:00,9.78,47.38,11.4,-17.67,30.02,47.54,0.0,46.15,-48.33,-46.63
2018-08-18 20:00:00,6.3,42.63,8.74,-19.71,30.1,50.6,19.78,29.52,-49.85,-48.19
2018-08-19 02:00:00,5.81,41.87,8.71,-18.58,28.7,50.86,31.65,17.15,-49.97,-48.32
2018-08-19 08:00:00,2.07,36.6,5.44,-20.0,27.43,54.59,67.29,39.58,-51.7,-50.1
2018-08-19 14:00:00,5.06,40.47,8.52,-15.68,25.1,50.93,48.02,48.99,-50.18,-48.54
2018-08-19 20:00:00,1.39,35.29,5.41,-17.85,24.8,54.65,100.0,71.77,-51.9,-50.31
2018-08-20 02:00:00,2.46,36.48,7.0,-16.11,24.22,53.21,62.07,70.03,-51.34,-49.74
2018-08-20 08:00:00,4.74,39.39,9.62,-13.14,23.17,50.28,0.0,54.02,-50.16,-48.52
2018-08-20 14:00:00,4.72,39.22,9.96,-12.65,22.91,50.08,0.0,20.69,-50.08,-48.43
2018-08-20 20:00:00,13.03,50.46,19.1,-4.98,22.5,41.59,0.0,0.0,-45.87,-44.08
2018-08-21 02:00:00,11.9,49.11,18.29,-5.2,22.05,42.3,6.14,2.05,-46.18,-44.4
2018-08-21 08:00:00,9.32,45.73,15.92,-6.89,21.82,44.86,37.6,14.58,-47.24,-45.49
2018-08-21 14:00:00,10.54,47.45,17.61,-5.34,21.63,43.29,20.05,21.26,-46.44,-44.67
2018-08-21 20:00:00,6.84,42.46,13.3,-6.79,19.46,47.47,100.0,52.55,-48.1,-46.38
2018-08-22 02:00:00,3.74,38.14,10.06,-8.71,18.64,51.03,100.0,73.35,-49.53,-47.86
2018-08-22 08:00:00,3.34,37.41,9.73,-8.44,18.05,51.36,100.0,100.0,-49.66,-48.0
2018-08-22 14:00:00,9.61,45.81,16.69,-3.41,18.85,43.83,6.69,68.9,-46.41,-44.64
2018-08-22 20:00:00,10.09,46.53,15.89,-2.72,17.46,42.98,0.0,35.56,-45.98,-44.19
2018-08-23 02:00:00,9.1,45.26,14.27,-3.63,17.0,43.79,9.64,5.44,-46.28,-44.5
2018-08-23 08:00:00,9.01,45.17,13.26,-3.5,15.97,43.49,6.07,5.23,-46.14,-44.36
2018-08-23 14:00:00,5.54,40.44,9.86,-6.46,16.05,48.14,100.0,38.57,-47.75,-46.02
2018-08-23 20:00:00,4.79,39.31,9.04,-7.06,15.94,48.94,100.0,68.69,-48.02,-46.3
2018-08-24 02:00:00,4.44,38.69,8.56,-7.3,15.76,49.21,100.0,100.0,-48.11,-46.39
2018-08-24 08:00:00,3.78,37.65,7.06,-7.45,14.54,50.03,100.0,100.0,-48.36,-46.65
2018-08-24 14:00:00,4.4,38.32,7.44,-6.74,14.13,48.68,28.31,76.1,-47.96,-46.24
2018-08-24 20:00:00,1.08,33.64,3.04,-9.12,12.54,54.26,100.0,76.1,-49.59,-47.92
2018-08-25 02:00:00,2.04,34.67,3.14,-7.69,11.09,52.27,64.36,64.22,-49.07,-47.39
2018-08-25 08:00:00,2.11,34.53,2.88,-7.37,10.49,51.97,58.94,74.43,-48.99,-47.31
2018-08-25 14:00:00,1.19,33.05,1.74,-8.03,10.09,53.6,88.21,70.5,-49.43,-47.76
2018-08-25 20:00:00,1.12,32.69,1.97,-7.64,9.89,53.65,73.35,73.5,-49.44,-47.77
2018-08-26 02:00:00,5.03,37.72,6.03,-3.56,9.46,45.42,0.0,53.85,-47.38,-45.64
2018-08-26 08:00:00,2.8,34.59,3.96,-5.35,9.38,49.63,51.1,41.48,-48.44,-46.74
2018-08-26 14:00:00,2.97,34.63,4.22,-4.69,8.93,49.06,44.19,31.76,-48.3,-46.59
2018-08-26 20:00:00,2.34,33.59,3.73,-5.15,8.95,50.19,57.99,51.09,-48.56,-46.87
2018-08-27 02:00:00,-1.87,27.72,-0.11,-9.39,9.74,58.56,100.0,67.39,-50.72,-49.09
2018-08-27 08:00:00,-2.06,27.09,0.1,-9.9,10.51,59.06,100.0,86.0,-50.86,-49.23
2018-08-27 14:00:00,-2.45,26.18,0.3,-10.19,11.03,60.0,100.0,100.0,-51.1,-49.49
2018-08-27 20:00:00,-5.45,21.8,-1.68,-13.23,12.48,65.7,100.0,100.0,-52.72,-51.16
2018-08-28 02:00:00,-4.75,22.22,-0.23,-12.54,13.15,64.12,77.88,92.63,-52.47,-50.9
2018-08-28 08:00:00,-5.71,20.5,-0.5,-13.32,13.78,66.2,100.0,92.63,-53.06,-51.51
2018-08-28 14:00:00,-5.69,20.02,0.32,-13.52,14.82,66.58,100.0,92.63,-53.16,-51.62
2018-08-28 20:00:00,-12.8,10.2,-4.6,-22.01,20.09,77.27,100.0,100.0,-56.96,-55.54
2018-08-29 02:00:00,-12.06,10.41,-1.99,-22.45,23.31,76.33,92.9,97.63,-56.83,-55.41
2018-08-29 08:00:00,-17.45,2.72,-4.96,-29.44,29.56,82.3,100.0,97.63,-59.83,-58.5
2018-08-29 14:00:00,-13.54,6.84,0.93,-26.61,31.6,71.37,30.5,74.47,-58.19,-56.81
2018-08-29 20:00:00,-13.49,6.15,2.24,-27.19,33.62,71.95,5.31,45.27,-58.44,-57.06
2018-08-30 02:00:00,-9.76,10.14,7.16,-23.84,33.82,63.22,0.0,11.94,-56.84,-55.41
2018-08-30 08:00:00,-8.23,11.48,9.22,-22.06,33.42,60.55,0.0,1.77,-56.27,-54.82
2018-08-30 14:00:00,-10.0,8.74,7.5,-23.22,33.34,63.61,26.8,8.93,-57.31,-55.9
2018-08-30 20:00:00,-11.16,6.73,6.56,-23.86,33.3,65.79,45.97,24.26,-58.07,-56.68
2018-08-31 02:00:00,-11.53,5.66,6.16,-23.1,31.96,66.94,100.0,57.59,-58.47,-57.09
2018-08-31 08:00:00,-13.38,2.77,4.24,-23.97,31.3,70.11,100.0,81.99,-59.59,-58.26
2018-08-31 14:00:00,-14.7,0.48,2.93,-24.31,30.5,72.49,100.0,100.0,-60.49,-59.18
2018-08-31 20:00:00,-13.64,1.06,4.07,-22.12,28.79,70.88,76.09,92.03,-60.26,-58.94
2018-09-01 02:00:00,-15.58,-1.93,2.16,-23.46,28.68,74.1,100.0,92.03,-61.44,-60.17
2018-09-01 08:00:00,-15.12,-2.09,2.87,-22.32,27.91,74.29,100.0,92.03,-61.51,-60.24
2018-09-01 14:00:00,-15.69,-3.45,2.25,-22.04,26.95,75.79,100.0,100.0,-62.06,-60.81
2018-09-01 20:00:00,-14.5,-2.73,3.68,-20.26,26.1,73.49,53.05,84.35,-61.79,-60.53
2018-09-02 02:00:00,-12.93,-1.53,5.04,-17.53,24.07,69.67,0.0,51.02,-61.32,-60.05
2018-09-02 08:00:00,-9.53,1.85,8.14,-12.67,21.29,60.39,0.0,17.68,-59.99,-58.67
2018-09-02 14:00:00,-12.09,-1.58,4.02,-13.42,18.29,65.41,32.62,10.87,-61.34,-60.06
2018-09-02 20:00:00,-12.35,-2.4,3.61,-13.55,18.06,66.58,47.28,26.63,-61.67,-60.41
2018-09-03 02:00:00,-9.52,0.31,6.47,-10.25,17.04,59.74,0.0,26.63,-60.61,-59.31
2018-09-03 08:00:00,-8.46,1.1,7.39,-9.49,17.06,57.91,0.0,15.76,-60.29,-58.98
2018-09-03 14:00:00,-8.89,0.22,6.59,-9.82,16.68,59.38,16.92,5.64,-60.64,-59.34
2018-09-03 20:00:00,-8.58,0.17,6.65,-9.45,16.33,59.46,17.86,11.6,-60.66,-59.36
2018-09-04 02:00:00,-7.24,1.3,7.49,-7.25,14.73,56.5,0.0,11.6,-60.21,-58.89
2018-09-04 08:00:00,-9.14,-1.17,4.2,-7.75,12.16,61.1,100.0,39.29,-61.18,-59.9
2018-09-04 14:00:00,-8.97,-1.37,3.46,-6.5,10.12,61.49,100.0,66.67,-61.27,-59.99
2018-09-04 20:00:00,-7.44,-0.04,4.3,-4.05,8.34,57.68,23.68,74.56,-60.74,-59.45
2018-09-05 02:00:00,-7.76,-0.72,3.0,-3.52,6.55,59.09,51.9,58.53,-61.02,-59.73
2018-09-05 08:00:00,3.66,11.61,18.15,5.49,11.32,37.44,0.0,25.19,-56.13,-54.68
2018-09-05 14:00:00,9.45,18.08,28.1,7.11,17.84,31.81,0.0,17.3,-53.51,-51.98
2018-09-05 20:00:00,15.55,25.1,39.17,8.09,25.14,27.48,0.0,0.0,-50.65,-49.02
2018-09-06 02:00:00,17.74,27.97,44.76,5.61,31.27,25.96,0.0,0.0,-49.41,-47.74
2018-09-06 08:00:00,17.49,28.19,46.44,1.72,36.04,25.72,0.0,0.0,-49.21,-47.53
2018-09-06 14:00:00,17.3,28.46,47.28,-1.48,39.68,25.44,0.0,0.0,-48.98,-47.3
2018-09-06 20:00:00,11.45,22.35,39.84,-8.03,41.3,33.9,100.0,33.33,-51.32,-49.71
2018-09-07 02:00:00,9.91,20.89,37.54,-10.58,42.41,35.68,100.0,66.67,-51.82,-50.23
2018-09-07 08:00:00,16.77,28.9,46.92,-7.22,45.17,30.2,46.45,82.15,-48.51,-46.81
2018-09-07 14:00:00,13.36,25.48,42.08,-11.27,46.23,34.19,85.43,77.29,-49.78,-48.12
2018-09-07 20:00:00,13.0,25.42,40.54,-12.5,46.52,34.06,70.45,67.44,-49.7,-48.04
2018-09-08 02:00:00,12.21,24.85,38.68,-13.96,46.85,34.51,78.63,78.17,-49.83,-48.17
2018-09-08 08:00:00,11.7,24.56,37.03,-15.0,46.87,34.56,100.0,83.03,-49.84,-48.19
2018-09-08 14:00:00,17.58,31.6,43.18,-11.53,47.23,29.47,0.0,59.54,-46.88,-45.13
2018-09-08 20:00:00,18.05,32.62,42.26,-11.89,47.01,28.69,0.0,33.33,-46.34,-44.57
2018-09-09 02:00:00,17.23,32.17,39.57,-12.89,46.28,28.88,3.13,1.04,-46.39,-44.62
2018-09-09 08:00:00,9.86,24.07,27.46,-17.24,42.53,40.2,100.0,34.38,-49.58,-47.91
2018-09-09 14:00:00,8.38,22.56,21.58,-16.42,37.05,41.95,100.0,67.71,-50.1,-48.45
2018-09-09 20:00:00,11.42,26.25,20.25,-11.6,30.53,38.3,72.48,90.83,-48.49,-46.78
2018-09-10 02:00:00,8.44,23.04,9.72,-8.89,18.53,42.35,100.0,90.83,-49.7,-48.04
2018-09-10 08:00:00,8.43,23.19,6.63,-6.68,13.31,41.96,90.32,87.6,-49.55,-47.88
2018-09-10 14:00:00,10.54,25.81,7.32,-3.8,10.92,39.12,20.15,70.16,-48.37,-46.66
2018-09-10 20:00:00,8.09,23.17,4.98,-5.62,10.63,42.62,100.0,70.16,-49.36,-47.68
2018-09-11 02:00:00,7.64,22.78,4.84,-5.74,10.63,42.86,100.0,73.38,-49.42,-47.75
2018-09-11 08:00:00,9.91,25.58,7.42,-3.57,10.78,39.53,10.93,70.31,-48.16,-46.45
2018-09-11 14:00:00,11.55,27.71,9.55,-2.15,11.28,37.18,0.0,36.98,-47.17,-45.42
2018-09-11 20:00:00,7.4,23.07,5.11,-5.34,10.47,43.87,100.0,36.98,-48.99,-47.31
2018-09-12 02:00:00,9.59,25.77,6.5,-2.77,9.1,40.7,52.6,50.87,-47.77,-46.04
2018-09-12 08:00:00,10.71,27.29,8.09,-1.74,9.53,38.92,26.04,59.55,-47.02,-45.27
2018-09-12 14:00:00,9.41,25.97,6.94,-2.77,9.51,40.55,50.41,43.02,-47.46,-45.72
2018-09-12 20:00:00,7.0,23.29,4.62,-4.66,9.28,44.4,100.0,58.82,-48.48,-46.78
2018-09-13 02:00:00,6.73,23.07,4.33,-4.62,8.96,44.38,99.77,83.39,-48.48,-46.77
2018-09-13 08:00:00,3.82,19.69,1.62,-7.08,8.94,49.55,100.0,99.92,-49.81,-48.15
2018-09-13 14:00:00,-3.69,10.75,-3.54,-15.03,12.66,61.43,100.0,99.92,-53.51,-51.98
2018-09-13 20:00:00,-2.06,12.4,-0.8,-13.67,13.87,58.27,81.45,93.82,-52.77,-51.21
2018-09-14 02:00:00,-2.53,11.63,-0.28,-14.01,14.79,59.09,86.25,89.23,-53.04,-51.49
2018-09-14 08:00:00,0.78,15.3,3.52,-11.09,15.19,52.7,26.49,64.73,-51.43,-49.83
2018-09-14 14:00:00,-0.2,14.03,2.97,-12.06,15.75,54.24,17.64,43.46,-51.91,-50.32
2018-09-14 20:00:00,1.05,15.35,4.64,-10.71,15.83,51.86,0.0,14.71,-51.29,-49.68
2018-09-15 02:00:00,0.05,14.07,4.01,-11.59,16.21,53.55,23.43,13.69,-51.77,-50.18
2018-09-15 08:00:00,-2.48,10.96,2.1,-14.04,17.16,57.89,100.0,41.14,-53.03,-51.48
2018-09-15 14:00:00,-2.96,10.17,2.3,-14.44,17.82,58.87,100.0,74.48,-53.33,-51.78
2018-09-15 20:00:00,-0.8,12.46,4.96,-12.41,18.04,54.16,32.83,77.61,-52.3,-50.73
2018-09-16 02:00:00,-0.13,13.09,5.97,-11.61,18.09,52.76,0.0,44.28,-51.98,-50.39
2018-09-16 08:00:00,-1.44,11.42,4.87,-12.32,17.85,55.32,41.84,24.89,-52.64,-51.08
2018-09-16 14:00:00,-1.08,11.66,5.26,-11.08,16.84,54.58,29.74,23.86,-52.49,-50.92
2018-09-16 20:00:00,-1.88,10.57,4.67,-11.43,16.67,56.32,100.0,57.19,-52.91,-51.35
2018-09-17 02:00:00,-1.24,11.13,5.27,-9.94,15.58,54.79,56.79,62.18,-52.62,-51.06
2018-09-17 08:00:00,-0.89,11.36,5.14,-8.18,13.52,53.97,0.0,52.26,-52.48,-50.91
2018-09-17 14:00:00,6.78,20.08,13.18,-0.2,12.56,39.03,0.0,18.93,-48.67,-46.97
2018-09-17 20:00:00,8.97,22.73,16.25,1.64,13.41,35.9,0.0,0.0,-47.44,-45.7
2018-09-18 02:00:00,8.66,22.55,16.62,1.14,14.22,35.85,0.0,0.0,-47.42,-45.68
2018-09-18 08:00:00,6.55,20.27,14.92,-1.14,15.02,39.86,22.15,7.38,-48.31,-46.6
2018-09-18 14:00:00,3.14,16.41,10.89,-4.48,14.89,46.6,100.0,40.72,-49.9,-48.24
2018-09-18 20:00:00,3.49,16.79,11.13,-4.4,15.02,45.76,92.18,71.44,-49.66,-48.0
2018-09-19 02:00:00,2.36,15.47,9.58,-5.51,14.79,47.91,100.0,97.39,-50.16,-48.52
2018-09-19 08:00:00,4.82,18.29,12.42,-3.58,15.32,43.2,41.44,77.88,-48.87,-47.18
2018-09-19 14:00:00,2.94,16.13,10.33,-5.46,15.41,46.91,78.81,73.42,-49.73,-48.07
2018-09-19 20:00:00,-0.61,11.98,6.53,-8.73,15.43,53.84,100.0,73.42,-51.47,-49.87
2018-09-20 02:00:00,0.01,12.55,7.09,-8.19,15.36,52.52,87.61,88.81,-51.17,-49.56
2018-09-20 08:00:00,-2.09,10.0,4.51,-10.11,15.03,56.61,100.0,95.87,-52.24,-50.66
2018-09-20 14:00:00,-0.49,11.65,5.62,-8.5,14.32,53.05,63.24,83.62,-51.47,-49.87
2018-09-20 20:00:00,-9.17,1.48,-2.24,-17.81,17.3,66.99,100.0,87.75,-55.88,-54.42
2018-09-21 02:00:00,-7.49,2.99,0.4,-17.06,19.05,63.66,76.96,80.07,-55.21,-53.73
2018-09-21 08:00:00,-9.71,0.07,-0.85,-20.2,21.62,67.07,100.0,92.32,-56.48,-55.05
2018-09-21 14:00:00,-8.34,1.19,1.47,-19.73,23.33,64.48,81.54,86.17,-55.99,-54.53
2018-09-21 20:00:00,-13.83,-5.44,-2.62,-26.37,27.78,71.76,100.0,93.85,-58.89,-57.54
2018-09-22 02:00:00,-10.41,-2.13,2.26,-24.29,29.83,64.51,10.57,64.04,-57.47,-56.06
2018-09-22 08:00:00,-8.28,-0.16,5.33,-22.92,30.98,60.78,0.0,36.86,-56.61,-55.18
2018-09-22 14:00:00,-9.06,-1.4,5.13,-23.36,31.35,62.27,13.62,8.07,-57.16,-55.74
2018-09-22 20:00:00,-8.64,-1.32,5.96,-22.22,30.68,62.13,12.26,8.63,-57.13,-55.71
2018-09-23 02:00:00,-9.01,-2.09,5.74,-21.57,29.65,63.17,64.08,29.99,-57.47,-56.07
2018-09-23 08:00:00,-9.8,-3.33,5.09,-21.43,28.88,64.89,100.0,58.78,-58.03,-56.64
2018-09-23 14:00:00,-7.21,-0.87,8.13,-18.41,27.98,59.24,0.0,54.69,-56.96,-55.54
2018-09-23 20:00:00,-8.57,-2.67,6.56,-18.71,26.91,61.88,46.66,48.89,-57.75,-56.36
2018-09-24 02:00:00,-5.73,0.11,9.57,-15.08,25.35,56.0,0.0,15.55,-56.55,-55.11
2018-09-24 08:00:00,-2.12,3.81,12.86,-9.93,22.46,49.59,0.0,15.55,-54.92,-53.44
2018-09-24 14:00:00,-4.48,1.1,9.23,-10.3,19.64,53.67,33.22,11.07,-56.1,-54.65
2018-09-24 20:00:00,-2.23,3.35,11.19,-7.02,17.83,49.97,3.05,12.09,-55.1,-53.62
2018-09-25 02:00:00,3.07,8.99,16.91,-1.12,16.72,42.61,0.0,12.09,-52.61,-51.05
2018-09-25 08:00:00,7.32,13.66,22.68,2.27,18.14,38.01,0.0,1.02,-50.52,-48.89
2018-09-25 14:00:00,7.52,14.06,23.68,2.09,19.12,37.55,0.0,0.0,-50.29,-48.65
2018-09-25 20:00:00,1.52,7.69,16.94,-4.27,19.94,46.29,70.42,23.47,-53.03,-51.48
2018-09-26 02:00:00,2.77,9.05,18.71,-3.81,20.95,44.67,81.46,50.63,-52.4,-50.83
2018-09-26 08:00:00,1.04,7.17,16.6,-6.0,21.46,47.15,100.0,83.96,-53.19,-51.64
2018-09-26 14:00:00,-2.49,3.29,12.29,-9.51,21.51,52.35,100.0,93.82,-54.87,-53.38
2018-09-26 20:00:00,-0.87,4.93,12.89,-7.96,20.35,49.99,69.22,89.74,-54.13,-52.62
2018-09-27 02:00:00,-1.59,4.06,11.37,-8.76,19.88,51.15,84.35,84.52,-54.49,-52.99
2018-09-27 08:00:00,-1.05,4.53,11.54,-8.47,19.71,50.36,61.74,71.77,-54.27,-52.76
2018-09-27 14:00:00,-1.9,3.52,9.93,-9.33,19.2,51.88,79.87,75.32,-54.69,-53.2
2018-09-27 20:00:00,-5.16,-0.14,5.76,-12.45,18.84,57.38,100.0,80.53,-56.3,-54.85
2018-09-28 02:00:00,-5.49,-0.72,4.79,-12.82,18.36,58.23,100.0,93.29,-56.55,-55.12
2018-09-28 08:00:00,-4.31,0.33,5.09,-11.55,17.2,56.07,72.49,90.83,-56.09,-54.64
2018-09-28 14:00:00,-4.54,-0.1,4.39,-11.84,16.86,56.77,76.97,83.15,-56.28,-54.84
2018-09-28 20:00:00,-3.31,1.04,4.76,-10.46,15.66,54.28,0.0,49.82,-55.78,-54.32
2018-09-29 02:00:00,-0.11,4.32,7.64,-7.45,15.08,47.99,0.0,25.66,-54.32,-52.81
2018-09-29 08:00:00,-2.85,1.34,4.73,-10.1,15.24,53.19,59.28,19.76,-55.62,-54.16
2018-09-29 14:00:00,-3.12,0.91,4.21,-10.44,15.12,53.91,67.43,42.24,-55.81,-54.35
2018-09-29 20:00:00,-2.77,1.14,4.6,-10.23,15.27,53.39,85.91,70.87,-55.7,-54.24
2018-09-30 02:00:00,-1.44,2.44,6.06,-8.62,14.87,50.59,44.0,65.78,-55.12,-53.64
2018-09-30 08:00:00,-4.02,-0.41,2.94,-9.81,13.2,56.02,100.0,76.64,-56.37,-54.93
2018-09-30 14:00:00,-3.49,-0.01,2.63,-7.54,10.42,55.09,82.77,75.59,-56.19,-54.75
2018-09-30 20:00:00,-1.93,1.51,4.08,-5.46,9.61,51.59,18.32,67.03,-55.52,-54.05
2018-10-01 02:00:00,-1.77,1.59,3.67,-4.22,7.91,51.39,14.56,38.55,-55.48,-54.01
2018-10-01 08:00:00,-0.65,2.7,4.42,-2.37,6.72,48.81,0.0,10.96,-54.98,-53.5
2018-10-01 14:00:00,-0.95,2.32,4.06,-2.64,6.65,49.65,13.42,9.33,-55.14,-53.66
2018-10-01 20:00:00,-1.93,1.21,2.83,-3.25,6.09,52.3,100.0,37.81,-55.62,-54.15
2018-10-02 02:00:00,-1.54,1.54,3.11,-2.63,5.72,51.39,73.79,62.4,-55.47,-54.0
2018-10-02 08:00:00,0.06,3.16,4.66,-0.82,5.37,47.16,0.0,57.93,-54.74,-53.25
2018-10-02 14:00:00,0.1,3.17,4.69,-0.76,5.35,47.07,0.0,24.6,-54.73,-53.23
2018-10-02 20:00:00,0.14,3.19,4.59,-0.92,5.42,46.93,0.0,0.0,-54.7,-53.21
2018-10-03 02:00:00,1.88,5.01,6.37,0.37,5.8,42.23,0.0,0.0,-53.88,-52.36
2018-10-03 08:00:00,0.52,3.59,4.81,-1.15,5.86,46.47,85.93,28.64,-54.49,-52.98
2018-10-03 14:00:00,1.36,4.47,5.53,-0.55,5.94,44.11,38.93,41.62,-54.08,-52.56
2018-10-03 20:00:00,0.05,3.09,4.02,-1.94,5.9,48.26,100.0,74.95,-54.68,-53.18
2018-10-04 02:00:00,-0.69,2.28,3.19,-2.5,5.67,50.6,100.0,79.64,-55.02,-53.54
2018-10-04 08:00:00,-0.85,2.06,2.89,-2.71,5.6,51.21,100.0,100.0,-55.11,-53.63
2018-10-04 14:00:00,-2.14,0.63,1.43,-4.06,5.56,55.49,100.0,100.0,-55.73,-54.27
2018-10-04 20:00:00,-2.88,-0.25,0.7,-4.97,5.8,58.02,100.0,100.0,-56.13,-54.68
2018-10-05 02:00:00,-1.63,0.96,2.02,-3.78,5.85,53.53,39.43,79.81,-55.59,-54.12
2018-10-05 08:00:00,-1.74,0.77,1.53,-3.82,5.41,54.1,42.41,60.61,-55.67,-54.21
2018-10-05 14:00:00,-1.45,1.0,1.52,-3.48,5.04,53.18,0.0,27.28,-55.56,-54.1
2018-10-05 20:00:00,-3.03,-0.75,0.09,-5.31,5.55,58.77,100.0,47.47,-56.33,-54.89
2018-10-06 02:00:00,-2.47,-0.27,0.79,-4.93,5.84,56.77,64.23,54.74,-56.13,-54.68
2018-10-06 08:00:00,-0.99,1.19,2.33,-3.47,5.84,51.07,0.0,54.74,-55.48,-54.01
2018-10-06 14:00:00,-0.85,1.28,2.48,-3.34,5.85,50.68,0.0,21.41,-55.43,-53.96
2018-10-06 20:00:00,-1.04,1.03,2.22,-3.57,5.83,51.57,10.99,3.66,-55.54,-54.07
2018-10-07 02:00:00,-1.49,0.51,1.77,-4.07,5.91,53.56,47.38,19.46,-55.77,-54.3
2018-10-07 08:00:00,0.3,2.32,3.61,-2.27,5.85,46.42,0.0,19.46,-54.96,-53.47
2018-10-07 14:00:00,-0.43,1.55,2.86,-2.88,5.74,49.38,41.49,29.62,-55.29,-53.81
2018-10-07 20:00:00,-1.55,0.34,1.75,-3.89,5.7,53.87,100.0,47.16,-55.82,-54.36
2018-10-08 02:00:00,-1.04,0.8,2.02,-2.87,4.91,51.93,73.92,71.8,-55.62,-54.15
2018-10-08 08:00:00,-2.24,-0.51,0.8,-3.86,4.74,56.65,100.0,91.31,-56.19,-54.75
2018-10-08 14:00:00,-4.39,-2.86,-1.1,-5.97,5.05,63.87,100.0,91.31,-57.24,-55.83
2018-10-08 20:00:00,-4.02,-2.61,-0.41,-5.69,5.45,62.83,91.32,97.11,-57.15,-55.73
2018-10-09 02:00:00,-4.01,-2.75,-0.1,-5.83,5.91,63.31,95.29,95.54,-57.22,-55.8
2018-10-09 08:00:00,-2.79,-1.61,1.22,-4.56,5.88,57.74,15.11,67.24,-56.72,-55.29
2018-10-09 14:00:00,-3.58,-2.52,0.61,-5.52,6.28,60.85,50.69,53.7,-57.14,-55.72
2018-10-09 20:00:00,-3.2,-2.26,1.12,-5.32,6.58,59.61,33.46,33.08,-57.03,-55.61
2018-10-10 02:00:00,-1.64,-0.74,2.73,-3.74,6.5,52.67,0.0,28.05,-56.37,-54.92
2018-10-10 08:00:00,-2.56,-1.76,1.82,-4.64,6.55,56.4,45.6,26.35,-56.82,-55.39
2018-10-10 14:00:00,-3.01,-2.31,1.44,-5.07,6.63,58.39,69.9,38.5,-57.07,-55.65
2018-10-10 20:00:00,-2.76,-2.15,1.74,-4.94,6.79,57.7,72.49,62.66,-57.01,-55.59
2018-10-11 02:00:00,6.58,7.45,12.84,2.64,9.47,31.94,0.0,47.46,-52.76,-51.2
2018-10-11 08:00:00,8.44,9.57,16.31,2.79,12.34,29.07,0.0,24.16,-51.79,-50.2
2018-10-11 14:00:00,6.98,8.3,15.62,0.41,14.09,32.52,11.76,3.92,-52.31,-50.73
2018-10-11 20:00:00,11.73,13.46,22.53,2.8,17.51,26.53,0.0,3.92,-49.98,-48.33
2018-10-12 02:00:00,8.49,10.41,19.74,-1.26,19.23,33.69,100.0,37.25,-51.27,-49.67
2018-10-12 08:00:00,8.55,10.73,20.58,-2.12,20.78,33.18,92.85,64.28,-51.09,-49.47
2018-10-12 14:00:00,8.47,10.89,21.12,-3.09,22.21,32.84,88.06,93.64,-50.97,-49.35
2018-10-12 20:00:00,7.96,10.59,20.92,-4.35,23.34,33.35,95.24,92.05,-51.05,-49.43
2018-10-13 02:00:00,6.35,9.12,19.28,-6.31,24.03,37.22,100.0,94.43,-51.66,-50.07
2018-10-13 08:00:00,5.86,8.77,18.65,-7.18,24.43,37.95,100.0,98.41,-51.78,-50.18
2018-10-13 14:00:00,5.82,8.88,18.03,-7.48,24.24,37.59,92.95,97.65,-51.69,-50.09
2018-10-13 20:00:00,5.02,8.19,16.44,-8.29,23.76,39.53,100.0,97.65,-51.96,-50.38
2018-10-14 02:00:00,4.78,8.06,15.3,-8.46,22.97,39.7,100.0,97.65,-51.98,-50.4
2018-10-14 08:00:00,5.01,8.42,14.79,-8.23,22.29,38.67,50.96,83.65,-51.78,-50.19
2018-10-14 14:00:00,4.6,8.11,13.19,-8.29,20.97,39.53,92.09,81.02,-51.89,-50.3
2018-10-14 20:00:00,6.1,9.82,13.58,-6.63,19.53,35.39,0.0,47.69,-51.08,-49.46
2018-10-15 02:00:00,-1.6,1.76,4.54,-13.14,18.47,57.86,100.0,64.03,-54.66,-53.17
2018-10-15 08:00:00,-2.72,0.49,2.4,-13.75,17.13,60.41,100.0,66.67,-55.23,-53.75
2018-10-15 14:00:00,-1.4,1.77,2.34,-11.83,14.87,56.63,84.88,94.96,-54.65,-53.15
2018-10-15 20:00:00,-1.12,2.0,0.96,-10.55,12.09,55.91,82.01,88.97,-54.54,-53.04
2018-10-16 02:00:00,-1.89,1.11,0.81,-11.59,13.11,57.94,45.1,70.67,-54.93,-53.44
2018-10-16 08:00:00,-0.59,2.4,2.62,-10.4,13.54,53.96,0.0,42.37,-54.34,-52.84
2018-10-16 14:00:00,0.37,3.37,3.91,-9.48,13.77,51.14,0.0,15.03,-53.9,-52.37
2018-10-16 20:00:00,-0.53,2.4,3.16,-9.64,13.22,53.61,36.22,12.07,-54.32,-52.81
2018-10-17 02:00:00,-0.7,2.17,3.29,-9.5,13.2,54.14,44.12,26.78,-54.41,-52.9
2018-10-17 08:00:00,0.26,3.14,4.42,-8.16,12.81,51.03,0.0,26.78,-53.97,-52.44
2018-10-17 14:00:00,-0.33,2.5,3.9,-8.14,12.3,52.83,57.73,33.95,-54.24,-52.73
2018-10-17 20:00:00,-0.42,2.36,3.83,-7.64,11.69,53.18,69.04,42.26,-54.29,-52.78
2018-10-18 02:00:00,-0.4,2.34,3.92,-7.18,11.29,53.17,68.6,65.12,-54.29,-52.78
2018-10-18 08:00:00,-0.19,2.52,4.16,-6.52,10.81,52.36,61.87,66.51,-54.2,-52.68
2018-10-18 14:00:00,1.99,4.79,6.37,-3.94,10.19,44.4,0.0,43.49,-53.16,-51.61
2018-10-18 20:00:00,1.53,4.34,5.83,-3.9,9.64,45.93,17.37,26.41,-53.34,-51.8
2018-10-19 02:00:00,2.39,5.27,6.69,-2.67,9.18,42.88,0.0,5.79,-52.9,-51.35
2018-10-19 08:00:00,1.85,4.75,5.98,-2.6,8.44,44.79,20.14,12.5,-53.12,-51.57
2018-10-19 14:00:00,1.91,4.84,5.88,-1.99,7.71,44.31,47.0,22.38,-53.05,-51.5
2018-10-19 20:00:00,2.19,5.17,5.55,-0.55,5.95,43.0,3.81,23.65,-52.88,-51.32
2018-10-20 02:00:00,1.31,4.28,4.55,-1.52,5.98,46.81,100.0,50.27,-53.26,-51.72
2018-10-20 08:00:00,0.57,3.51,3.35,-2.11,5.43,49.96,100.0,67.94,-53.59,-52.06
2018-10-20 14:00:00,0.74,3.68,3.33,-1.95,5.25,49.08,87.31,95.77,-53.5,-51.96
2018-10-20 20:00:00,1.05,4.0,3.49,-1.67,5.12,47.49,64.55,83.95,-53.34,-51.8
2018-10-21 02:00:00,-0.75,2.1,1.29,-3.28,4.62,55.62,100.0,83.95,-54.18,-52.67
2018-10-21 08:00:00,-0.48,2.33,1.45,-3.02,4.51,54.38,84.79,83.11,-54.07,-52.55
2018-10-21 14:00:00,-0.43,2.33,1.52,-2.99,4.54,54.23,82.93,89.24,-54.05,-52.54
2018-10-21 20:00:00,0.08,2.84,1.91,-2.46,4.39,51.46,48.84,72.19,-53.82,-52.29
2018-10-22 02:00:00,-0.33,2.37,1.34,-2.83,4.2,53.56,50.53,60.77,-54.01,-52.49
2018-10-22 08:00:00,0.02,2.71,1.67,-2.48,4.17,51.59,4.25,34.54,-53.85,-52.33
2018-10-22 14:00:00,0.37,3.05,1.9,-2.11,4.01,49.55,0.0,18.26,-53.68,-52.15
2018-10-22 20:00:00,0.96,3.67,2.35,-1.48,3.81,46.16,0.0,1.42,-53.39,-51.85
2018-10-23 02:00:00,0.76,3.46,1.95,-1.61,3.55,47.21,14.1,4.7,-53.47,-51.93
2018-10-23 08:00:00,1.64,4.38,2.71,-0.75,3.43,42.38,0.0,4.7,-53.03,-51.48
2018-10-23 14:00:00,1.16,3.9,2.27,-1.15,3.4,45.13,38.35,17.48,-53.23,-51.69
2018-10-23 20:00:00,0.33,3.03,1.47,-1.92,3.4,50.07,100.0,46.12,-53.61,-52.08
2018-10-24 02:00:00,-0.13,2.52,1.01,-2.2,3.23,52.71,100.0,79.45,-53.83,-52.3
2018-10-24 08:00:00,0.58,3.24,1.74,-1.38,3.12,48.38,58.14,86.05,-53.49,-51.95
2018-10-24 14:00:00,0.56,3.22,1.71,-1.25,2.96,48.33,42.26,66.8,-53.48,-51.95
2018-10-24 20:00:00,1.17,3.85,2.3,-0.47,2.74,44.6,0.0,33.47,-53.18,-51.63
2018-10-25 02:00:00,1.27,3.97,2.48,-0.38,2.82,43.78,0.0,14.09,-53.11,-51.56
2018-10-25 08:00:00,1.16,3.86,2.43,-0.55,2.95,44.24,10.07,3.36,-53.14,-51.59
2018-10-25 14:00:00,0.8,3.49,2.1,-0.92,3.0,46.72,64.55,24.88,-53.29,-51.75
2018-10-25 20:00:00,1.02,3.73,2.38,-0.7,3.06,44.95,39.84,38.15,-53.17,-51.62
2018-10-26 02:00:00,1.14,3.86,2.35,-0.58,2.91,43.86,2.67,35.69,-53.09,-51.54
2018-10-26 08:00:00,0.41,3.1,1.45,-1.24,2.69,49.64,100.0,47.5,-53.42,-51.88
2018-10-26 14:00:00,0.81,3.5,1.67,-0.79,2.45,46.54,46.35,49.67,-53.22,-51.68
2018-10-26 20:00:00,0.7,3.39,1.48,-0.88,2.34,47.18,57.48,67.94,-53.26,-51.71
2018-10-27 02:00:00,0.72,3.4,1.28,-0.75,2.02,46.79,50.73,51.52,-53.24,-51.69
2018-10-27 08:00:00,0.97,3.66,1.38,-0.44,1.82,44.53,0.0,36.07,-53.1,-51.55
2018-10-27 14:00:00,0.86,3.55,1.19,-0.52,1.7,45.27,27.91,26.21,-53.14,-51.59
2018-10-27 20:00:00,1.07,3.77,1.44,-0.34,1.76,43.13,0.0,9.3,-53.02,-51.47
2018-10-28 02:00:00,0.9,3.6,1.26,-0.51,1.76,44.62,40.71,22.87,-53.08,-51.53
2018-10-28 07:00:00,0.89,3.59,1.29,-0.46,1.74,44.33,56.06,32.26,-53.07,-51.52
2018-10-28 13:00:00,0.68,3.37,1.09,-0.66,1.75,46.56,100.0,65.59,-53.15,-51.61
2018-10-28 19:00:00,0.58,3.26,0.91,-0.71,1.61,47.42,100.0,85.35,-53.19,-51.64
2018-10-29 01:00:00,0.76,3.44,0.79,-0.33,1.12,45.11,25.18,75.06,-53.09,-51.54
2018-10-29 07:00:00,1.39,4.11,1.45,0.22,1.23,38.53,0.0,41.73,-52.77,-51.21
2018-10-29 13:00:00,5.76,8.74,7.51,2.7,4.58,19.29,0.0,8.39,-50.63,-49.0
2018-10-29 19:00:00,5.65,8.78,8.25,1.64,6.3,19.03,0.0,0.0,-50.57,-48.94
2018-10-30 01:00:00,5.06,8.31,8.15,0.48,7.36,22.52,13.36,4.45,-50.75,-49.12
2018-10-30 07:00:00,5.0,8.36,8.47,-0.09,8.22,22.14,15.95,9.77,-50.68,-49.05
2018-10-30 13:00:00,5.29,8.8,9.1,-0.31,9.02,20.75,49.4,26.24,-50.44,-48.8
2018-10-30 19:00:00,5.0,8.63,9.03,-0.99,9.63,21.66,75.43,46.92,-50.48,-48.85
2018-10-31 01:00:00,4.62,8.35,8.78,-1.65,10.07,23.67,100.0,74.94,-50.57,-48.94
2018-10-31 07:00:00,4.23,8.04,8.32,-2.2,10.21,26.05,100.0,91.81,-50.67,-49.04
2018-10-31 13:00:00,2.41,6.19,6.26,-3.92,10.06,41.88,100.0,100.0,-51.49,-49.89
2018-10-31 19:00:00,2.29,6.1,5.92,-4.01,9.83,42.1,100.0,100.0,-51.5,-49.9
2018-11-01 01:00:00,2.49,6.35,5.89,-3.79,9.58,40.34,90.45,96.82,-51.36,-49.75
2018-11-01 07:00:00,2.09,5.96,5.24,-4.11,9.3,43.04,100.0,96.82,-51.51,-49.91
2018-11-01 13:00:00,2.1,6.01,4.98,-4.0,8.94,42.39,76.23,88.9,-51.46,-49.86
2018-11-01 19:00:00,1.24,5.11,3.83,-4.71,8.58,49.26,100.0,92.08,-51.85,-50.26
2018-11-02 01:00:00,0.57,4.4,2.87,-5.21,8.18,53.98,100.0,92.08,-52.16,-50.58
2018-11-02 07:00:00,0.6,4.41,2.61,-5.04,7.74,53.54,96.16,98.72,-52.13,-50.55
2018-11-02 13:00:00,-0.75,2.95,1.03,-6.26,7.49,62.37,100.0,98.72,-52.79,-51.23
2018-11-02 19:00:00,-0.91,2.72,0.69,-6.36,7.26,63.45,100.0,98.72,-52.88,-51.32
2018-11-03 01:00:00,-0.51,3.08,0.89,-5.91,6.98,59.89,64.12,88.04,-52.7,-51.14
2018-11-03 07:00:00,-0.03,3.53,1.26,-5.4,6.8,55.69,21.77,61.96,-52.48,-50.91
2018-11-03 13:00:00,0.27,3.82,1.74,-4.93,6.77,53.09,0.0,28.63,-52.33,-50.75
2018-11-03 19:00:00,0.65,4.2,2.22,-4.3,6.58,49.85,0.0,7.26,-52.14,-50.55
2018-11-04 01:00:00,0.41,3.93,2.08,-4.29,6.44,51.56,16.98,5.66,-52.24,-50.66
2018-11-04 07:00:00,-1.73,1.62,0.27,-6.3,6.77,64.96,100.0,38.99,-53.29,-51.75
2018-11-04 13:00:00,-2.95,0.24,-0.48,-7.49,7.3,70.46,100.0,72.33,-53.93,-52.4
2018-11-04 19:00:00,-3.18,-0.13,-0.28,-7.68,7.71,71.77,100.0,100.0,-54.1,-52.58
2018-11-05 01:00:00,-2.11,0.87,0.96,-6.35,7.51,63.58,59.49,86.5,-53.63,-52.1
2018-11-05 07:00:00,-1.95,0.95,1.18,-5.81,7.15,62.93,0.0,53.16,-53.59,-52.06
2018-11-05 13:00:00,-1.13,1.72,2.08,-4.82,7.0,57.18,0.0,19.83,-53.23,-51.68
2018-11-05 19:00:00,-2.23,0.5,1.12,-5.75,7.03,62.84,38.79,12.93,-53.79,-52.26
2018-11-06 01:00:00,-2.16,0.47,1.26,-5.43,6.83,62.92,89.64,42.81,-53.8,-52.27
2018-11-06 07:00:00,-4.26,-1.84,-0.45,-7.57,7.42,71.55,100.0,76.15,-54.87,-53.38
2018-11-06 13:00:00,-4.47,-2.23,-0.29,-7.8,7.83,72.78,100.0,96.55,-55.06,-53.58
2018-11-06 19:00:00,-6.1,-4.11,-1.19,-9.81,9.12,77.75,100.0,100.0,-55.94,-54.49
2018-11-07 01:00:00,-5.18,-3.35,0.23,-9.09,9.76,72.36,63.61,87.87,-55.61,-54.15
2018-11-07 07:00:00,-4.74,-3.07,0.99,-8.65,10.02,70.52,0.0,54.54,-55.5,-54.03
2018-11-07 13:00:00,-3.86,-2.31,2.1,-7.8,10.19,65.37,0.0,21.2,-55.16,-53.68
2018-11-07 19:00:00,-3.64,-2.21,2.47,-7.54,10.28,64.85,0.0,0.0,-55.12,-53.64
2018-11-08 01:00:00,-1.66,-0.27,4.52,-5.41,9.98,53.4,0.0,0.0,-54.23,-52.72
2018-11-08 07:00:00,-1.73,-0.4,4.34,-5.12,9.5,54.01,3.57,1.19,-54.3,-52.79
2018-11-08 13:00:00,-1.18,0.1,4.73,-4.14,8.84,51.37,0.0,1.19,-54.07,-52.55
2018-11-08 19:00:00,-0.92,0.32,4.7,-3.27,7.92,50.19,0.0,1.19,-53.96,-52.44
2018-11-09 01:00:00,-1.32,-0.13,3.91,-2.99,6.87,52.55,61.93,20.64,-54.17,-52.66
2018-11-09 07:00:00,0.48,1.68,5.81,-1.19,6.85,43.68,0.0,20.64,-53.33,-51.79
2018-11-09 13:00:00,1.08,2.31,6.6,-0.87,7.26,41.1,0.0,20.64,-53.03,-51.48
2018-11-09 19:00:00,1.17,2.43,6.85,-1.07,7.69,40.51,0.0,0.0,-52.96,-51.41
2018-11-10 01:00:00,0.49,1.74,6.18,-1.83,7.84,44.41,32.35,10.78,-53.27,-51.73
2018-11-10 07:00:00,0.97,2.24,6.79,-1.51,8.08,42.1,40.77,24.37,-53.03,-51.48
2018-11-10 13:00:00,0.33,1.6,6.12,-2.08,8.04,45.73,100.0,57.71,-53.32,-51.78
2018-11-10 19:00:00,0.74,2.02,6.63,-1.85,8.28,43.67,60.4,67.06,-53.12,-51.57
2018-11-11 01:00:00,1.3,2.62,7.36,-1.54,8.64,40.86,0.0,53.47,-52.83,-51.27
2018-11-11 07:00:00,1.4,2.75,7.42,-1.74,8.91,40.13,0.0,20.13,-52.76,-51.2
2018-11-11 13:00:00,2.55,3.98,8.63,-1.05,9.32,35.03,0.0,0.0,-52.17,-50.59
2018-11-11 19:00:00,-0.57,0.79,4.53,-3.84,8.34,51.91,100.0,33.33,-53.64,-52.11
2018-11-12 01:00:00,0.3,1.67,4.77,-2.83,7.53,48.04,77.06,59.02,-53.23,-51.68
2018-11-12 07:00:00,0.64,2.01,4.4,-2.28,6.61,46.53,68.15,81.74,-53.06,-51.51
2018-11-12 13:00:00,-0.05,1.3,3.05,-2.71,5.75,49.77,87.33,77.51,-53.38,-51.84
2018-11-12 19:00:00,-0.02,1.31,2.32,-2.32,4.64,49.66,58.13,71.2,-53.37,-51.83
2018-11-13 01:00:00,0.35,1.69,2.44,-1.89,4.32,47.77,38.31,61.26,-53.19,-51.64
2018-11-13 07:00:00,0.64,1.99,2.4,-1.49,3.87,46.22,0.0,32.15,-53.04,-51.49
2018-11-13 13:00:00,-0.12,1.2,1.37,-2.14,3.53,50.42,100.0,46.1,-53.4,-51.86
2018-11-13 19:00:00,2.9,4.34,4.54,0.51,3.92,37.76,0.0,33.33,-51.93,-50.34
2018-11-14 01:00:00,2.16,3.64,3.51,-0.19,3.64,41.02,25.79,41.93,-52.24,-50.66
2018-11-14 07:00:00,4.4,6.04,6.4,1.27,4.94,34.04,0.0,8.6,-51.1,-49.49
2018-11-14 13:00:00,15.99,18.28,22.73,7.66,13.08,18.82,0.0,8.6,-45.37,-43.57
2018-11-14 19:00:00,12.89,15.51,21.14,2.78,16.4,25.73,31.14,10.38,-46.58,-44.82
2018-11-15 01:00:00,14.81,17.91,24.84,2.4,19.75,23.6,21.52,17.55,-45.39,-43.58
2018-11-15 07:00:00,17.81,21.52,30.04,2.57,23.62,20.97,14.09,22.25,-43.62,-41.75
2018-11-15 13:00:00,14.2,18.21,26.84,-1.98,25.63,28.0,100.0,45.2,-45.07,-43.25
2018-11-15 19:00:00,10.54,14.72,22.94,-5.83,26.5,35.06,100.0,71.36,-46.62,-44.86
2018-11-16 01:00:00,11.87,16.44,24.7,-5.53,27.59,33.06,85.87,95.29,-45.74,-43.95
2018-11-16 07:00:00,12.8,17.77,26.01,-5.63,28.72,31.56,75.19,87.02,-45.04,-43.23
2018-11-16 13:00:00,12.59,17.9,26.06,-6.61,29.78,31.24,45.96,69.01,-44.89,-43.07
2018-11-16 19:00:00,12.65,18.33,25.75,-7.12,30.07,30.61,0.0,40.38,-44.61,-42.78
2018-11-17 01:00:00,12.91,18.96,25.66,-7.43,30.33,29.74,0.0,15.32,-44.22,-42.38
2018-11-17 07:00:00,11.79,18.11,23.82,-8.63,30.16,31.45,93.93,31.31,-44.54,-42.71
2018-11-17 13:00:00,11.21,17.79,22.17,-9.1,29.35,31.81,100.0,64.64,-44.6,-42.77
2018-11-17 19:00:00,10.07,16.86,19.61,-9.73,27.96,33.96,100.0,97.98,-44.96,-43.14
2018-11-18 01:00:00,8.5,15.4,16.35,-10.44,26.02,37.62,100.0,100.0,-45.57,-43.78
2018-11-18 07:00:00,9.71,16.94,15.89,-8.7,23.74,34.89,55.79,85.26,-44.77,-42.94
2018-11-18 13:00:00,8.87,16.27,12.47,-7.97,20.0,36.36,78.3,78.03,-45.01,-43.19
2018-11-18 19:00:00,8.06,15.59,9.64,-7.45,16.9,37.91,100.0,78.03,-45.25,-43.45
2018-11-19 01:00:00,14.74,23.15,13.8,-0.21,13.11,27.62,0.0,59.43,-41.56,-39.63
2018-11-19 07:00:00,18.97,28.25,16.41,4.03,11.23,23.38,0.0,33.33,-39.01,-37.0
2018-11-19 13:00:00,19.62,29.5,18.9,2.92,14.41,22.37,0.0,0.0,-38.27,-36.23
2018-11-19 19:00:00,18.4,28.72,18.6,0.85,16.18,23.51,7.33,2.44,-38.51,-36.48
2018-11-20 01:00:00,18.88,29.77,20.22,0.16,18.2,22.54,3.36,3.56,-37.86,-35.81
2018-11-20 07:00:00,29.65,42.43,34.66,5.81,23.99,16.28,0.0,3.56,-31.6,-29.34
2018-11-20 13:00:00,25.45,38.56,32.03,0.42,27.2,22.07,80.13,27.83,-33.27,-31.07
2018-11-20 19:00:00,24.19,37.88,31.42,-1.94,29.08,22.58,87.15,55.76,-33.41,-31.21
2018-11-21 01:00:00,26.41,41.13,34.82,-1.85,31.48,20.82,72.07,79.78,-31.65,-29.39
2018-11-21 07:00:00,21.87,36.69,30.4,-6.23,32.68,27.61,100.0,86.41,-33.62,-31.42
2018-11-21 13:00:00,21.56,36.95,30.31,-7.2,33.63,27.21,94.08,88.72,-33.31,-31.11
2018-11-21 19:00:00,19.66,35.36,28.25,-9.09,34.08,29.39,100.0,98.03,-33.91,-31.73
2018-11-22 01:00:00,18.6,34.67,26.97,-10.18,34.28,30.01,100.0,98.03,-34.08,-31.9
2018-11-22 07:00:00,19.84,36.63,27.97,-9.52,34.32,28.19,34.74,78.25,-32.94,-30.72
2018-11-22 13:00:00,19.84,37.19,27.39,-9.64,34.01,27.48,9.54,48.09,-32.48,-30.25
2018-11-22 19:00:00,26.89,46.05,34.49,-5.05,34.46,21.95,0.0,14.76,-27.89,-25.51
2018-11-23 01:00:00,23.74,43.11,29.68,-7.2,33.15,26.07,51.09,20.21,-29.13,-26.79
2018-11-23 07:00:00,21.66,41.31,25.83,-8.2,31.28,28.39,100.0,50.36,-29.82,-27.5
2018-11-23 13:00:00,23.24,43.81,25.16,-6.04,28.47,26.5,70.75,73.95,-28.36,-25.99
2018-11-23 19:00:00,18.77,39.09,16.92,-7.09,22.88,33.58,100.0,90.25,-30.51,-28.22
2018-11-24 01:00:00,17.46,38.01,13.69,-6.74,19.75,34.71,100.0,90.25,-30.86,-28.58
2018-11-24 07:00:00,18.87,40.17,14.18,-4.94,18.28,32.54,73.52,91.17,-29.58,-27.25
2018-11-24 13:00:00,18.13,39.76,12.62,-4.79,16.76,32.55,73.6,82.37,-29.58,-27.25
2018-11-24 19:00:00,28.04,52.32,22.11,2.66,17.31,24.38,0.0,49.04,-22.99,-20.44
2018-11-25 01:00:00,31.72,57.66,26.31,4.3,19.08,22.01,0.0,24.53,-20.0,-17.35
2018-11-25 07:00:00,25.59,51.06,21.79,-1.31,20.96,29.63,72.31,24.1,-23.08,-20.54
2018-11-25 13:00:00,27.21,53.8,24.5,-1.02,22.83,28.01,56.93,43.08,-21.41,-18.82
2018-11-25 19:00:00,20.03,45.66,17.63,-6.53,22.89,37.01,100.0,76.41,-25.34,-22.87
2018-11-26 01:00:00,19.49,45.51,17.53,-6.93,23.23,36.8,98.6,85.18,-25.18,-22.71
2018-11-26 07:00:00,19.62,46.17,17.54,-6.66,22.95,36.01,88.83,95.81,-24.6,-22.11
2018-11-26 13:00:00,22.73,50.6,20.71,-4.39,23.2,32.78,52.97,80.14,-22.05,-19.48
2018-11-26 19:00:00,22.24,50.6,19.87,-4.66,22.79,32.47,0.0,47.27,-21.79,-19.21
2018-11-27 01:00:00,23.63,52.97,20.69,-3.42,22.2,30.7,0.0,17.66,-20.28,-17.65
2018-11-27 07:00:00,32.96,65.52,30.81,2.3,24.46,24.74,0.0,0.0,-13.4,-10.54
2018-11-27 13:00:00,30.51,63.38,28.75,-0.46,25.6,26.37,20.31,6.77,-14.19,-11.35
2018-11-27 19:00:00,25.95,58.41,25.12,-4.53,26.88,31.25,84.24,34.85,-16.49,-13.73
2018-11-28 01:00:00,20.01,51.45,19.18,-8.87,26.68,38.23,100.0,68.18,-19.89,-17.24
2018-11-28 07:00:00,20.04,52.01,18.86,-8.55,26.07,37.51,94.71,92.98,-19.31,-16.65
2018-11-28 13:00:00,15.15,46.13,13.79,-11.83,25.37,43.41,100.0,98.24,-22.19,-19.62
2018-11-28 19:00:00,13.43,44.2,11.06,-12.25,23.45,45.02,100.0,98.24,-22.98,-20.44
2018-11-29 01:00:00,18.05,50.51,14.14,-7.59,21.04,39.63,28.18,76.06,-19.34,-16.68
2018-11-29 07:00:00,16.94,49.47,11.78,-7.38,18.74,40.22,36.02,54.73,-19.63,-16.98
2018-11-29 13:00:00,20.51,54.56,13.62,-3.36,16.15,36.36,0.0,21.4,-16.6,-13.84
2018-11-29 19:00:00,20.12,54.56,13.78,-3.64,16.58,36.01,0.0,12.01,-16.3,-13.54
2018-11-30 01:00:00,21.32,56.65,15.91,-2.8,17.56,34.32,0.0,0.0,-14.86,-12.05
2018-11-30 07:00:00,26.21,63.71,21.84,0.14,19.56,30.17,0.0,0.0,-10.68,-7.73
2018-11-30 13:00:00,22.01,58.84,18.61,-3.51,20.57,34.81,74.93,24.98,-13.01,-10.14
2018-11-30 19:00:00,22.45,60.0,18.85,-3.13,20.38,33.79,62.01,45.65,-12.05,-9.14
2018-12-01 01:00:00,23.59,62.12,19.71,-2.25,20.19,32.25,44.89,60.61,-10.54,-7.58
2018-12-01 07:00:00,17.7,54.8,13.21,-6.2,18.76,39.76,100.0,68.97,-14.27,-11.44
2018-12-01 13:00:00,15.17,51.76,10.53,-7.7,17.97,42.47,100.0,81.63,-15.67,-12.88
2018-12-01 19:00:00,16.12,53.34,11.17,-6.45,17.21,40.8,83.61,94.54,-14.49,-11.67
2018-12-02 01:00:00,15.43,52.73,10.5,-6.62,16.79,40.9,84.62,89.41,-14.54,-11.72
2018-12-02 07:00:00,16.16,54.03,11.83,-5.48,16.77,39.36,0.0,56.08,-13.51,-10.65
2018-12-02 13:00:00,15.15,52.98,11.46,-5.84,16.83,40.04,21.89,35.5,-13.8,-10.95
2018-12-02 19:00:00,17.57,56.57,14.52,-3.91,17.5,36.57,0.0,7.3,-11.45,-8.53
2018-12-03 01:00:00,17.73,57.17,14.84,-3.79,17.65,35.65,0.0,7.3,-10.79,-7.84
2018-12-03 07:00:00,17.37,57.06,14.67,-4.07,17.8,35.28,0.0,0.0,-10.52,-7.57
2018-12-03 13:00:00,28.22,72.41,26.06,3.4,19.75,26.08,0.0,0.0,-1.37,1.89
2018-12-03 19:00:00,26.42,70.72,23.85,1.58,19.75,27.22,10.85,3.62,-1.93,1.31
2018-12-04 01:00:00,37.92,87.46,38.08,7.2,25.19,21.37,0.0,3.62,8.19,11.77
2018-12-04 07:00:00,24.61,70.04,24.58,-3.44,25.34,35.53,100.0,36.95,-1.46,1.8
2018-12-04 13:00:00,28.53,76.2,29.43,-1.57,27.22,32.74,80.31,60.1,2.56,5.95
2018-12-04 19:00:00,28.12,76.45,29.72,-2.86,28.72,32.35,77.58,85.96,3.16,6.56
2018-12-05 01:00:00,31.34,81.82,34.18,-1.91,31.07,30.11,61.77,73.22,6.77,10.3
2018-12-05 07:00:00,28.47,78.67,32.56,-5.1,33.11,32.01,35.03,58.13,5.39,8.87
2018-12-05 13:00:00,37.62,92.6,44.0,-0.75,36.8,27.29,0.0,32.27,14.15,17.92
2018-12-05 19:00:00,38.2,94.64,46.49,-2.63,40.29,26.51,0.0,11.68,15.93,19.76
2018-12-06 01:00:00,33.8,89.49,43.08,-7.23,42.67,29.61,56.34,18.78,13.39,17.14
2018-12-06 07:00:00,35.88,93.57,45.71,-7.18,44.35,28.1,28.94,28.43,16.4,20.25
2018-12-06 13:00:00,39.04,99.34,48.95,-6.37,45.61,26.27,0.0,28.43,20.47,24.45
2018-12-06 19:00:00,56.57,126.51,69.59,1.49,50.24,21.0,0.0,9.65,37.66,42.21
2018-12-07 01:00:00,61.4,135.76,76.3,0.63,54.65,19.66,0.0,0.0,44.11,48.87
2018-12-07 07:00:00,64.07,142.05,80.33,-1.54,58.73,18.79,0.0,0.0,48.83,53.74
2018-12-07 13:00:00,72.19,156.81,90.0,-0.83,62.82,17.21,0.0,0.0,58.87,64.12
2018-12-07 19:00:00,54.64,132.62,69.43,-12.34,63.61,26.82,100.0,33.33,44.73,49.51
2018-12-08 01:00:00,47.3,123.24,59.02,-16.58,62.36,30.36,100.0,66.67,39.67,44.28
2018-12-08 07:00:00,51.57,131.58,60.62,-13.97,60.48,28.6,86.55,95.52,45.71,50.52
2018-12-08 13:00:00,46.12,124.88,53.93,-17.52,60.45,31.01,100.0,95.52,42.28,46.98
2018-12-08 19:00:00,39.02,115.25,44.49,-20.94,58.54,34.94,100.0,95.52,36.92,41.45
2018-12-09 01:00:00,41.99,121.27,47.7,-19.71,59.13,33.18,72.25,90.75,41.53,46.21
2018-12-09 07:00:00,35.45,112.22,37.95,-21.97,55.49,36.95,100.0,90.75,36.46,40.97
2018-12-09 13:00:00,20.22,88.75,20.36,-29.25,51.92,47.57,100.0,90.75,21.94,25.97
2018-12-09 19:00:00,21.73,91.6,19.47,-26.6,47.76,46.03,89.32,96.44,24.38,28.49
2018-12-10 01:00:00,22.93,94.02,18.72,-24.32,44.28,44.69,80.0,89.77,26.56,30.74
2018-12-10 07:00:00,18.83,87.87,12.22,-24.78,39.48,47.32,97.65,88.99,23.13,27.2
2018-12-10 13:00:00,22.36,93.95,14.67,-21.41,37.34,44.31,0.0,59.21,27.73,31.95
2018-12-10 19:00:00,23.96,97.07,15.36,-19.27,35.32,42.69,0.0,32.55,30.43,34.74
2018-12-11 01:00:00,24.23,98.08,13.87,-17.41,31.85,41.9,0.0,0.0,31.75,36.1
2018-12-11 07:00:00,27.05,103.3,15.0,-14.01,28.86,39.54,0.0,0.0,35.92,40.41
2018-12-11 13:00:00,26.68,103.4,13.82,-13.05,26.76,39.12,0.0,0.0,36.67,41.19
2018-12-11 19:00:00,25.86,102.75,14.05,-12.85,26.74,38.98,0.0,0.0,36.93,41.46
2018-12-12 01:00:00,23.75,99.92,13.07,-13.1,26.17,40.16,40.48,13.49,35.7,40.18
2018-12-12 07:00:00,17.5,90.07,8.18,-15.86,25.0,46.03,100.0,46.83,29.62,33.91
2018-12-12 13:00:00,11.49,80.3,2.82,-17.35,21.75,51.68,100.0,80.16,23.51,27.59
2018-12-12 19:00:00,13.95,84.35,5.81,-14.07,20.73,48.61,75.83,91.94,26.87,31.06
2018-12-13 01:00:00,17.28,89.97,9.57,-10.45,20.11,44.98,41.88,72.57,31.36,35.7
2018-12-13 07:00:00,15.5,87.24,8.08,-9.82,18.06,46.19,17.97,45.22,30.08,34.37
2018-12-13 13:00:00,14.05,84.97,7.02,-9.34,16.55,47.16,32.47,30.77,29.09,33.36
2018-12-13 19:00:00,19.35,93.89,12.69,-4.39,16.4,41.72,0.0,16.81,35.98,40.47
2018-12-14 01:00:00,18.25,92.39,11.95,-3.85,15.18,42.13,7.41,13.29,35.58,40.05
2018-12-14 07:00:00,18.51,93.11,12.92,-3.05,15.23,41.25,0.0,2.47,36.74,41.26
2018-12-14 13:00:00,21.17,97.86,15.48,-0.92,15.29,38.36,0.0,2.47,40.8,45.45
2018-12-14 19:00:00,17.77,92.56,12.2,-3.45,15.0,41.7,88.69,29.56,37.69,42.24
2018-12-15 01:00:00,15.61,89.18,10.22,-4.9,14.73,43.65,100.0,62.9,35.92,40.41
2018-12-15 07:00:00,15.22,88.67,9.11,-4.44,13.25,43.4,95.36,94.68,36.19,40.69
2018-12-15 13:00:00,15.88,89.91,9.82,-3.61,13.02,42.0,68.78,88.05,37.74,42.29
2018-12-15 19:00:00,10.62,81.19,5.12,-7.61,12.89,48.82,100.0,88.05,32.0,36.37
2018-12-16 01:00:00,7.09,75.12,2.41,-10.42,13.36,53.13,100.0,89.59,28.14,32.37
2018-12-16 07:00:00,7.19,75.0,3.18,-9.96,13.61,52.54,94.78,98.26,28.6,32.85
2018-12-16 13:00:00,7.75,75.68,4.28,-8.95,13.54,51.17,82.43,92.41,29.66,33.94
2018-12-16 19:00:00,8.27,76.31,5.22,-7.88,13.28,49.83,23.39,66.87,30.69,35.01
2018-12-17 01:00:00,6.26,72.72,3.8,-9.14,13.3,52.6,84.12,63.32,28.57,32.82
2018-12-17 07:00:00,4.07,68.75,2.22,-10.99,13.82,55.75,100.0,69.17,26.12,30.29
2018-12-17 13:00:00,-12.77,40.18,-9.35,-29.84,25.48,74.77,100.0,94.71,5.08,8.55
2018-12-17 19:00:00,-13.22,38.21,-6.1,-33.1,33.58,75.55,100.0,100.0,3.89,7.32
2018-12-18 01:00:00,-14.11,35.53,-3.76,-35.92,40.13,76.71,100.0,100.0,2.14,5.51
2018-12-18 07:00:00,-14.1,34.29,-1.03,-37.52,45.2,77.18,100.0,100.0,1.46,4.81
2018-12-18 13:00:00,-15.47,30.84,0.02,-40.01,50.05,78.82,100.0,100.0,-0.91,2.37
2018-12-18 19:00:00,-19.03,23.88,-1.15,-43.96,55.28,82.05,100.0,100.0,-5.99,-2.89
2018-12-19 01:00:00,-17.89,24.27,2.56,-43.86,58.5,80.75,75.62,91.87,-5.52,-2.4
2018-12-19 07:00:00,-20.49,18.89,1.78,-46.33,61.9,83.21,100.0,91.87,-9.46,-6.47
2018-12-19 13:00:00,-15.67,24.88,9.06,-42.21,61.45,71.43,0.0,58.54,-4.71,-1.56
2018-12-19 19:00:00,-10.28,31.92,16.35,-37.0,59.48,61.51,0.0,33.33,0.91,4.24
2018-12-20 01:00:00,-10.97,29.95,15.69,-35.93,57.43,62.72,5.59,1.86,-0.37,2.92
2018-12-20 07:00:00,-15.75,21.81,9.99,-38.06,55.89,68.25,31.06,12.21,-6.44,-3.35
2018-12-20 13:00:00,-16.17,20.05,9.61,-36.6,53.42,69.3,78.46,38.37,-7.64,-4.59
2018-12-20 19:00:00,-16.8,17.99,9.04,-35.62,51.5,70.59,100.0,69.84,-9.09,-6.08
2018-12-21 01:00:00,-12.29,23.43,14.6,-30.27,48.68,62.3,0.0,59.49,-4.71,-1.56
2018-12-21 07:00:00,-14.89,18.73,10.8,-30.35,45.61,65.72,41.28,47.09,-8.2,-5.16
2018-12-21 13:00:00,-11.87,22.06,13.56,-25.01,40.91,60.99,0.0,13.76,-5.45,-2.33
2018-12-21 19:00:00,-10.76,22.75,13.01,-20.31,34.58,59.82,0.0,13.76,-4.73,-1.59
2018-12-22 01:00:00,-7.06,27.17,14.86,-12.49,27.03,54.38,0.0,0.0,-1.09,2.18
2018-12-22 07:00:00,-9.76,22.7,7.56,-9.53,17.27,58.09,32.71,10.9,-4.39,-1.24
2018-12-22 13:00:00,-7.57,25.01,9.34,-6.46,15.58,55.14,11.41,14.71,-2.4,0.82
2018-12-22 19:00:00,-10.29,20.55,5.36,-8.46,14.04,58.93,83.54,42.55,-5.71,-2.6
2018-12-23 01:00:00,-13.76,14.98,1.13,-11.9,13.76,63.53,100.0,64.99,-9.96,-6.98
2018-12-23 07:00:00,-18.43,7.68,-3.13,-17.83,16.42,69.09,100.0,94.51,-15.61,-12.82
2018-12-23 13:00:00,-13.65,13.13,2.5,-13.16,16.54,61.21,43.55,81.18,-11.24,-8.31
2018-12-23 19:00:00,-13.2,12.88,3.02,-13.31,17.22,61.31,23.46,55.67,-11.34,-8.41
2018-12-24 01:00:00,-18.48,4.97,-1.97,-20.25,20.57,67.51,79.92,48.98,-17.51,-14.78
2018-12-24 07:00:00,-16.19,7.01,1.17,-19.11,22.28,64.36,40.01,47.8,-15.85,-13.07
2018-12-24 13:00:00,-12.94,10.38,5.12,-16.27,22.66,59.68,0.0,39.98,-13.12,-10.25
2018-12-24 19:00:00,-9.62,13.95,8.51,-12.22,21.12,55.35,0.0,13.34,-10.2,-7.23
2018-12-25 01:00:00,-3.18,21.68,15.81,-5.46,20.22,48.04,0.0,0.0,-3.93,-0.76
2018-12-25 07:00:00,0.28,25.79,20.28,-3.01,21.44,44.87,0.0,0.0,-0.48,2.81
2018-12-25 13:00:00,2.38,28.26,23.34,-2.33,23.23,43.05,0.0,0.0,1.69,5.05
2018-12-25 19:00:00,-0.74,24.07,19.48,-6.12,23.99,46.45,27.66,9.22,-1.44,1.82
2018-12-26 01:00:00,-4.43,19.05,14.83,-9.71,23.93,50.63,100.0,42.55,-5.27,-2.14
2018-12-26 07:00:00,-1.24,22.73,18.52,-7.33,24.49,47.38,57.12,61.59,-2.16,1.07
2018-12-26 13:00:00,-1.06,22.67,18.72,-7.6,24.93,47.24,55.25,70.79,-2.02,1.21
2018-12-26 19:00:00,-2.83,20.13,16.46,-9.44,25.02,49.46,71.92,61.43,-3.89,-0.72
2018-12-27 01:00:00,1.96,25.89,22.42,-5.23,25.47,44.42,0.0,42.39,0.92,4.26
2018-12-27 07:00:00,-0.23,22.95,19.83,-7.66,25.92,46.98,50.79,40.9,-1.25,2.01
2018-12-27 13:00:00,1.3,24.64,21.84,-6.59,26.41,45.36,18.59,23.13,0.31,3.62
2018-12-27 19:00:00,8.46,33.55,31.6,-1.82,29.1,39.02,0.0,23.13,7.75,11.3
2018-12-28 01:00:00,8.32,33.45,31.92,-3.71,31.23,38.88,0.0,6.2,7.94,11.51
2018-12-28 07:00:00,5.51,29.97,27.05,-6.77,30.71,41.96,38.02,12.67,5.37,8.85
2018-12-28 13:00:00,-6.41,14.81,11.78,-17.43,30.06,55.26,100.0,46.01,-6.8,-3.72
2018-12-28 19:00:00,-6.38,14.39,10.88,-17.5,29.35,55.49,100.0,79.34,-7.03,-3.96
2018-12-29 01:00:00,-6.84,13.34,7.57,-16.9,25.66,56.29,100.0,100.0,-7.77,-4.72
2018-12-29 07:00:00,-4.87,15.34,7.21,-14.09,22.05,53.84,82.86,94.29,-6.01,-2.91
2018-12-29 13:00:00,-4.33,15.64,5.9,-12.89,19.46,53.32,0.0,60.95,-5.65,-2.53
2018-12-29 19:00:00,-4.04,15.63,5.08,-12.33,18.06,53.14,0.0,27.62,-5.53,-2.4
2018-12-30 01:00:00,-2.46,17.24,6.71,-10.98,18.07,50.97,0.0,0.0,-4.07,-0.9
2018-12-30 07:00:00,-4.02,15.01,5.22,-12.42,18.3,53.37,83.8,27.93,-5.77,-2.65
2018-12-30 13:00:00,-4.11,14.56,5.29,-12.26,18.18,53.74,100.0,61.27,-6.02,-2.92
2018-12-30 19:00:00,-5.49,12.51,4.1,-13.67,18.67,56.13,100.0,94.6,-7.59,-4.54
2018-12-31 01:00:00,-1.68,16.8,8.1,-10.27,18.57,49.82,0.0,66.67,-3.93,-0.76
2018-12-31 07:00:00,0.2,18.85,10.17,-8.55,18.57,47.12,0.0,33.33,-2.09,1.14
2018-12-31 13:00:00,-1.81,16.22,7.99,-10.35,18.57,50.34,35.71,11.9,-4.13,-0.96
2018-12-31 19:00:00,-0.79,17.22,9.04,-9.48,18.56,48.8,18.61,18.1,-3.16,0.04
2019-01-01 01:00:00,-1.06,16.68,8.75,-9.38,18.18,49.32,68.31,40.88,-3.46,-0.27
2019-01-01 07:00:00,-2.19,15.09,7.56,-10.3,18.11,51.43,100.0,62.31,-4.66,-1.51
2019-01-01 13:00:00,-0.39,17.01,9.52,-8.36,17.78,48.29,0.0,56.1,-2.92,0.29
2019-01-01 19:00:00,-4.4,11.97,4.38,-10.31,15.15,55.37,100.0,66.67,-7.0,-3.93
2019-01-02 01:00:00,-3.64,12.56,3.8,-7.16,11.15,54.17,82.94,60.98,-6.41,-3.32
2019-01-02 07:00:00,-5.93,9.52,0.05,-7.21,7.53,58.29,100.0,94.31,-8.86,-5.85
2019-01-02 13:00:00,-9.34,5.04,-2.41,-11.92,10.24,63.9,100.0,94.31,-12.54,-9.65
2019-01-02 19:00:00,-10.57,3.09,-2.43,-14.53,13.22,66.16,100.0,100.0,-14.14,-11.31
2019-01-03 01:00:00,-8.27,5.3,0.54,-13.0,14.44,61.31,59.55,86.52,-12.26,-9.36
2019-01-03 07:00:00,-5.21,8.48,3.99,-10.26,14.71,55.31,0.0,53.18,-9.53,-6.55
2019-01-03 13:00:00,-2.61,11.22,6.8,-7.81,14.68,50.88,0.0,19.85,-7.16,-4.09
2019-01-03 19:00:00,-2.77,10.81,6.59,-7.95,14.64,51.32,2.86,0.95,-7.41,-4.35
2019-01-04 01:00:00,-4.79,8.2,4.43,-9.76,14.58,55.01,39.54,14.13,-9.52,-6.53
2019-01-04 07:00:00,-1.95,11.22,7.5,-7.05,14.52,49.97,0.0,14.13,-6.9,-3.82
2019-01-04 13:00:00,-2.31,10.6,7.05,-7.39,14.47,50.75,15.43,18.33,-7.33,-4.27
2019-01-04 19:00:00,-3.69,8.78,5.47,-8.82,14.54,53.44,68.79,28.07,-8.78,-5.77
2019-01-05 01:00:00,-5.15,6.83,3.96,-10.04,14.44,56.32,100.0,61.41,-10.36,-7.4
2019-01-05 07:00:00,-3.98,7.87,5.01,-8.3,13.53,54.14,65.67,78.15,-9.42,-6.42
2019-01-05 13:00:00,-3.52,8.15,5.4,-7.51,13.05,53.44,48.36,71.34,-9.11,-6.11
2019-01-05 19:00:00,-1.57,10.17,7.25,-5.06,12.17,49.47,0.0,38.01,-7.33,-4.27
2019-01-06 01:00:00,-1.43,10.15,7.1,-4.36,11.3,49.32,0.0,16.12,-7.26,-4.2
2019-01-06 07:00:00,-2.69,8.54,5.51,-5.16,10.65,52.25,60.87,20.29,-8.55,-5.53
2019-01-06 13:00:00,-8.31,1.87,-0.42,-10.34,10.48,63.1,100.0,53.62,-14.15,-11.31
2019-01-06 19:00:00,-7.25,2.7,1.01,-9.51,10.99,61.08,85.35,82.07,-13.43,-10.57
2019-01-07 01:00:00,-5.87,3.92,2.51,-8.01,10.82,58.17,64.21,83.19,-12.37,-9.47
2019-01-07 07:00:00,-2.39,7.57,6.19,-4.68,10.79,50.81,0.0,49.85,-9.22,-6.23
2019-01-07 13:00:00,-3.78,5.81,4.24,-6.13,10.48,53.63,22.99,29.07,-10.66,-7.71
2019-01-07 19:00:00,-3.02,6.45,4.17,-5.22,9.43,52.28,14.36,12.45,-10.07,-7.09
2019-01-08 01:00:00,-2.02,7.38,4.77,-4.28,9.03,50.35,0.0,12.45,-9.22,-6.22
2019-01-08 07:00:00,-3.98,5.01,2.67,-6.34,9.18,54.58,100.0,38.12,-11.18,-8.25
2019-01-08 13:00:00,-2.74,6.17,3.89,-4.94,8.88,52.03,39.66,46.55,-10.14,-7.17
2019-01-08 19:00:00,-2.87,5.85,3.66,-4.88,8.6,52.53,51.58,63.75,-10.36,-7.4
2019-01-09 01:00:00,-3.93,4.47,2.53,-6.05,8.74,55.16,100.0,63.75,-11.49,-8.57
2019-01-09 07:00:00,-3.96,4.22,2.41,-5.8,8.35,55.58,100.0,83.86,-11.67,-8.75
2019-01-09 13:00:00,-3.5,4.52,2.76,-5.07,7.92,54.67,74.52,91.51,-11.38,-8.45
2019-01-09 19:00:00,-5.93,1.61,0.47,-7.7,8.47,60.65,100.0,91.51,-13.83,-10.99
2019-01-10 01:00:00,-7.96,-0.93,-0.95,-10.48,10.11,65.23,100.0,91.51,-15.99,-13.22
2019-01-10 07:00:00,5.96,14.18,15.12,1.77,12.32,39.12,0.0,66.67,-3.06,0.14
2019-01-10 13:00:00,13.75,22.95,26.56,5.91,17.77,32.48,0.0,33.33,4.58,8.03
2019-01-10 19:00:00,12.41,21.82,26.97,2.59,21.25,33.61,3.48,1.16,3.81,7.24
2019-01-11 01:00:00,11.75,21.42,27.72,0.31,24.04,33.87,4.25,2.58,3.65,7.07
2019-01-11 07:00:00,11.51,21.46,28.65,-1.5,26.55,33.68,18.17,8.63,3.86,7.29
2019-01-11 13:00:00,10.84,20.99,28.01,-3.41,27.98,34.08,100.0,40.81,3.64,7.07
2019-01-11 19:00:00,11.12,21.58,28.41,-4.37,29.26,33.41,0.0,39.39,4.33,7.78
2019-01-12 01:00:00,9.84,20.41,26.84,-6.39,30.15,35.07,100.0,66.67,3.5,6.92
2019-01-12 07:00:00,10.09,20.93,27.43,-7.11,31.35,34.36,57.54,52.51,4.14,7.58
2019-01-12 13:00:00,9.06,20.0,26.08,-8.68,31.97,35.74,100.0,85.85,3.51,6.93
2019-01-12 19:00:00,8.93,20.06,25.74,-9.4,32.49,35.46,87.68,81.74,3.73,7.16
2019-01-13 01:00:00,8.27,19.51,24.76,-10.45,32.86,36.22,100.0,95.89,3.42,6.84
2019-01-13 07:00:00,8.35,19.77,24.15,-10.7,32.65,35.63,68.24,85.31,3.83,7.26
2019-01-13 13:00:00,15.41,27.99,32.23,-6.01,33.81,27.41,0.0,56.08,11.2,14.87
2019-01-13 19:00:00,15.18,28.13,31.61,-7.08,34.47,27.1,0.0,22.75,11.57,15.25
2019-01-14 01:00:00,11.98,24.87,26.74,-9.8,33.69,33.09,65.65,21.88,8.94,12.54
2019-01-14 07:00:00,12.03,25.22,25.2,-9.61,32.29,32.5,63.32,42.99,9.46,13.08
2019-01-14 13:00:00,4.12,16.4,14.34,-15.15,29.61,47.82,100.0,76.33,1.9,5.27
2019-01-14 19:00:00,3.51,15.72,10.24,-13.71,24.38,48.64,100.0,87.77,1.44,4.79
2019-01-15 01:00:00,3.78,16.03,3.81,-8.6,12.71,47.9,95.41,98.47,1.86,5.23
2019-01-15 07:00:00,4.64,17.04,3.57,-7.0,10.75,46.07,84.05,93.16,2.89,6.29
2019-01-15 13:00:00,5.59,18.17,4.76,-5.93,10.76,44.07,0.0,59.82,4.05,7.48
2019-01-15 19:00:00,6.53,19.33,5.89,-4.92,10.75,42.09,0.0,28.02,5.24,8.71
2019-01-16 01:00:00,5.17,17.86,4.71,-5.95,10.72,44.64,43.93,14.64,4.1,7.54
2019-01-16 07:00:00,4.5,17.14,4.24,-6.38,10.74,45.76,92.13,45.35,3.62,7.04
2019-01-16 13:00:00,3.64,16.19,3.61,-7.02,10.81,47.42,100.0,78.69,2.92,6.32
2019-01-16 19:00:00,4.02,16.63,4.22,-6.51,10.85,46.23,77.67,89.93,3.46,6.88
2019-01-17 01:00:00,4.68,17.4,5.01,-5.77,10.81,44.4,0.0,59.22,4.3,7.75
2019-01-17 07:00:00,3.84,16.48,4.36,-6.37,10.84,46.25,61.07,46.25,3.63,7.05
2019-01-17 13:00:00,0.78,12.94,1.71,-9.22,11.35,53.89,100.0,53.69,0.6,3.92
2019-01-17 19:00:00,-0.02,11.93,1.44,-10.09,12.05,55.73,100.0,87.02,-0.2,3.1
2019-01-18 01:00:00,1.45,13.51,3.22,-8.73,12.29,51.49,62.55,87.52,1.33,4.68
2019-01-18 07:00:00,2.05,14.13,4.07,-8.1,12.41,49.71,36.51,66.35,2.02,5.39
2019-01-18 13:00:00,3.95,16.28,5.76,-5.19,10.92,44.81,0.0,33.02,4.08,7.51
2019-01-18 19:00:00,2.31,14.4,3.58,-5.19,8.84,48.87,37.23,24.58,2.53,5.91
2019-01-19 01:00:00,1.8,13.77,2.81,-4.63,7.51,50.01,77.88,38.37,2.09,5.46
2019-01-19 07:00:00,-0.7,10.84,-0.06,-5.78,5.89,56.28,100.0,71.7,-0.45,2.84
2019-01-19 13:00:00,-0.14,11.35,0.76,-5.34,6.23,54.63,85.61,87.83,0.11,3.42
2019-01-19 19:00:00,1.32,12.9,2.26,-3.91,6.21,50.39,20.53,68.71,1.62,4.98
2019-01-20 01:00:00,1.36,12.88,2.38,-3.81,6.23,50.11,1.57,35.9,1.73,5.09
2019-01-20 07:00:00,7.25,19.57,9.12,1.07,7.65,37.39,0.0,7.37,7.93,11.49
2019-01-20 13:00:00,7.65,20.16,10.31,0.82,8.99,36.32,0.0,0.52,8.64,12.23
2019-01-20 19:00:00,6.7,19.21,9.87,-0.31,9.72,38.13,12.85,4.28,7.96,11.53
2019-01-21 01:00:00,6.76,19.4,10.47,-0.65,10.6,37.55,8.92,7.26,8.3,11.88
2019-01-21 07:00:00,3.84,16.14,7.59,-3.4,10.77,45.13,100.0,40.59,5.5,8.98
2019-01-21 13:00:00,5.81,18.43,9.95,-1.87,11.36,40.83,51.22,53.38,7.75,11.3
2019-01-21 19:00:00,5.94,18.66,10.41,-2.05,11.97,40.16,34.36,61.86,8.13,11.7
2019-01-22 01:00:00,5.34,18.05,10.07,-2.79,12.4,41.23,48.56,44.71,7.74,11.3
2019-01-22 07:00:00,4.23,16.82,9.04,-3.92,12.63,43.96,76.56,53.16,6.77,10.3
2019-01-22 13:00:00,0.79,12.87,5.15,-7.0,12.26,52.85,100.0,75.04,3.28,6.69
2019-01-22 19:00:00,0.23,12.13,4.13,-7.36,11.68,54.16,100.0,92.19,2.72,6.11
2019-01-23 01:00:00,0.19,11.98,3.92,-7.34,11.46,54.25,100.0,100.0,2.68,6.07
2019-01-23 07:00:00,-0.41,11.17,3.28,-7.91,11.46,55.87,100.0,100.0,2.05,5.42
2019-01-23 13:00:00,0.74,12.37,4.56,-6.8,11.49,52.1,0.0,66.67,3.26,6.67
2019-01-23 19:00:00,0.79,12.33,4.56,-6.73,11.42,51.84,0.0,33.33,3.34,6.75
2019-01-24 01:00:00,1.87,13.49,5.55,-5.67,11.23,48.24,0.0,0.0,4.53,7.98
2019-01-24 07:00:00,-0.22,11.04,2.84,-7.37,10.45,54.47,81.66,27.22,2.38,5.76
2019-01-24 13:00:00,1.24,12.59,3.78,-5.74,9.61,49.8,25.12,35.59,3.92,7.36
2019-01-24 19:00:00,-0.46,10.58,1.93,-7.29,9.47,54.58,100.0,68.93,2.16,5.54
2019-01-25 01:00:00,0.04,11.02,2.28,-6.77,9.25,52.98,74.84,66.65,2.67,6.07
2019-01-25 07:00:00,0.63,11.6,3.01,-5.86,9.0,51.0,25.13,66.65,3.31,6.72
2019-01-25 13:00:00,0.56,11.43,2.96,-5.39,8.45,51.14,28.09,42.68,3.27,6.68
2019-01-25 19:00:00,0.1,10.81,2.53,-5.38,8.02,52.66,46.23,33.15,2.79,6.19
2019-01-26 01:00:00,-0.44,10.1,1.95,-5.34,7.41,54.51,100.0,58.1,2.22,5.6
2019-01-26 07:00:00,-0.28,10.16,2.25,-5.05,7.4,53.9,82.63,76.29,2.38,5.76
2019-01-26 13:00:00,0.44,10.86,2.82,-3.75,6.61,50.91,0.0,60.88,3.13,6.53
2019-01-26 19:00:00,1.34,11.8,3.4,-2.05,5.4,47.25,0.0,27.54,4.11,7.55
2019-01-27 01:00:00,0.91,11.25,2.46,-1.53,3.97,48.89,22.57,7.52,3.7,7.13
2019-01-27 07:00:00,2.76,13.28,4.2,0.74,3.38,42.07,0.0,7.52,5.73,9.22
2019-01-27 13:00:00,2.75,13.26,4.52,0.39,4.03,41.75,0.0,7.52,5.83,9.33
2019-01-27 19:00:00,3.73,14.37,5.96,0.79,5.0,38.32,0.0,0.0,7.0,10.53
2019-01-28 01:00:00,6.36,17.37,9.66,2.12,7.12,31.48,0.0,0.0,9.97,13.61
2019-01-28 07:00:00,6.31,17.43,10.22,1.19,8.54,31.06,0.0,0.0,10.19,13.83
2019-01-28 13:00:00,9.75,21.46,15.21,2.77,11.41,24.73,0.0,0.0,14.17,17.94
2019-01-28 19:00:00,7.86,19.53,13.88,0.11,12.87,30.81,44.76,14.92,12.54,16.26
2019-01-29 01:00:00,8.92,20.89,15.81,0.08,14.57,28.55,56.65,33.8,14.02,17.79
2019-01-29 07:00:00,7.39,19.34,14.36,-1.91,15.32,33.12,100.0,67.14,12.74,16.47
2019-01-29 13:00:00,5.0,16.73,11.83,-4.35,15.6,40.69,100.0,85.55,10.44,14.09
2019-01-29 19:00:00,5.07,16.87,11.64,-4.43,15.51,40.05,94.71,98.24,10.74,14.39
2019-01-30 01:00:00,4.03,15.74,10.19,-5.42,15.25,43.08,100.0,98.24,9.81,13.44
2019-01-30 07:00:00,4.31,16.09,10.22,-5.21,15.06,41.88,87.97,94.22,10.29,13.94
2019-01-30 13:00:00,1.49,12.89,6.86,-7.67,14.59,50.92,100.0,95.99,7.38,10.92
2019-01-30 19:00:00,1.19,12.48,6.04,-7.78,13.93,51.69,100.0,95.99,7.11,10.64
2019-01-31 01:00:00,0.88,12.05,5.05,-7.78,13.01,52.56,100.0,100.0,6.81,10.34
2019-01-31 07:00:00,2.78,14.15,6.26,-5.69,11.92,46.12,39.66,79.89,8.95,12.55
2019-01-31 13:00:00,2.32,13.61,5.1,-5.76,10.9,47.35,19.17,52.94,8.56,12.15
2019-01-31 19:00:00,1.78,12.96,4.02,-5.98,10.1,48.99,44.6,34.48,8.07,11.64
2019-02-01 01:00:00,2.44,13.66,3.95,-4.92,8.92,46.47,5.43,23.07,8.87,12.47
2019-02-01 07:00:00,1.21,12.23,2.45,-5.9,8.49,50.73,100.0,50.01,7.62,11.17
2019-02-01 13:00:00,0.37,11.2,1.44,-6.58,8.24,53.58,100.0,68.48,6.74,10.26
2019-02-01 19:00:00,0.5,11.25,1.61,-6.45,8.26,52.97,91.45,97.15,6.9,10.43
2019-02-02 01:00:00,1.0,11.73,2.35,-5.91,8.41,50.78,60.68,84.04,7.47,11.02
2019-02-02 07:00:00,0.37,10.95,2.0,-6.44,8.62,53.13,84.24,78.79,6.83,10.36
2019-02-02 13:00:00,1.09,11.68,2.63,-5.0,7.72,49.9,0.0,48.31,7.64,11.2
2019-02-02 19:00:00,-3.58,6.29,-1.26,-9.64,8.86,64.97,100.0,61.41,2.51,5.9
2019-02-03 01:00:00,-2.54,7.25,0.02,-8.17,8.53,61.0,73.62,57.87,3.5,6.92
2019-02-03 07:00:00,-0.92,8.9,1.64,-6.01,7.81,55.02,33.99,69.2,5.18,8.66
2019-02-03 13:00:00,-0.32,9.45,2.32,-5.1,7.53,52.98,20.43,42.68,5.81,9.3
2019-02-03 19:00:00,0.05,9.76,2.65,-4.29,7.0,51.69,0.0,18.14,6.2,9.71
2019-02-04 01:00:00,-0.45,9.1,2.16,-4.45,6.69,53.41,18.48,12.97,5.65,9.14
2019-02-04 07:00:00,-0.28,9.19,2.24,-3.8,6.08,52.77,32.32,16.93,5.82,9.32
2019-02-04 13:00:00,-0.77,8.52,1.83,-4.24,6.15,54.65,100.0,50.27,5.26,8.74
2019-02-04 19:00:00,-0.68,8.51,2.01,-4.12,6.2,54.34,89.54,73.95,5.34,8.82
2019-02-05 01:00:00,-0.44,8.66,2.31,-3.87,6.23,53.33,30.03,73.19,5.57,9.06
2019-02-05 07:00:00,-0.49,8.5,2.22,-3.61,5.88,53.64,46.49,55.35,5.49,8.98
2019-02-05 13:00:00,-0.06,8.88,2.62,-2.91,5.53,51.47,0.0,25.51,5.95,9.45
2019-02-05 19:00:00,-0.75,8.02,1.91,-3.37,5.31,54.77,100.0,48.83,5.19,8.66
2019-02-06 01:00:00,2.54,11.59,5.37,-0.04,5.27,40.99,0.0,33.33,8.78,12.37
2019-02-06 07:00:00,2.46,11.5,5.51,-0.24,5.6,40.92,0.0,33.33,8.8,12.4
2019-02-06 13:00:00,1.58,10.51,4.71,-1.18,5.79,44.68,27.17,9.06,7.94,11.51
2019-02-06 19:00:00,0.69,9.48,3.82,-2.03,5.81,48.5,54.74,27.31,7.03,10.56
2019-02-07 01:00:00,0.2,8.86,3.31,-2.41,5.7,50.59,100.0,60.64,6.51,10.03
2019-02-07 07:00:00,0.58,9.2,3.73,-2.03,5.71,48.83,81.75,78.83,6.94,10.47
2019-02-07 13:00:00,0.66,9.23,3.82,-1.85,5.61,48.33,61.73,81.16,7.05,10.59
2019-02-07 19:00:00,1.02,9.57,3.57,-1.27,4.78,46.49,0.0,47.83,7.48,11.03
2019-02-08 01:00:00,0.11,8.5,2.15,-1.97,4.12,51.08,100.0,53.91,6.51,10.03
2019-02-08 07:00:00,-2.98,4.97,-0.64,-5.38,4.89,63.48,100.0,66.67,3.1,6.51
2019-02-08 13:00:00,-13.63,-7.08,-6.98,-20.08,15.15,82.74,100.0,100.0,-8.81,-5.8
2019-02-08 19:00:00,-12.44,-6.29,-3.53,-20.81,19.68,79.67,91.53,97.18,-8.09,-5.05
2019-02-09 01:00:00,-11.31,-5.51,-0.85,-20.91,22.51,76.71,80.97,90.83,-7.39,-4.33
2019-02-09 07:00:00,-13.89,-8.78,-1.86,-24.68,26.31,80.46,88.17,86.89,-10.68,-7.73
2019-02-09 13:00:00,-10.86,-5.98,2.56,-22.62,27.99,70.45,0.0,56.38,-7.99,-4.96
2019-02-09 19:00:00,-11.87,-7.48,2.45,-24.12,29.8,72.53,20.84,36.34,-9.53,-6.55
2019-02-10 01:00:00,-10.67,-6.61,4.61,-23.37,30.87,69.79,0.0,6.95,-8.75,-5.73
2019-02-10 07:00:00,-8.85,-5.04,7.18,-21.78,31.23,64.94,0.0,6.95,-7.26,-4.2
2019-02-10 13:00:00,-9.67,-6.24,6.69,-22.4,31.57,67.0,27.1,9.03,-8.5,-5.48
2019-02-10 19:00:00,-12.55,-9.67,4.13,-25.13,32.69,72.13,94.75,40.62,-11.93,-9.03
2019-02-11 01:00:00,-8.21,-5.47,9.33,-20.6,31.72,60.33,0.0,40.62,-7.9,-4.86
2019-02-11 07:00:00,-8.76,-6.34,8.63,-20.14,30.53,61.79,12.38,35.71,-8.81,-5.79
2019-02-11 13:00:00,-9.3,-7.21,7.91,-19.69,29.33,63.3,25.17,12.52,-9.73,-6.74
