timestamp,ema50_dist_xmr_usd_30m,ema200_dist_xmr_usd_30m,lower_bb_dist_xmr_usd_30m,width_bb_xmr_usd_30m,rsi_xmr_usd_30m,stoch_rsi_fastk_xmr_usd_30m,stoch_rsi_fastd_xmr_usd_30m,kijun_dist_xmr_usd_30m,tenkan_dist_xmr_usd_30m
2019-01-30 16:00:00,,,,,,,,-0.00870635730446756,-0.0009427265871079227
2019-01-30 16:30:00,,,,,,,,-0.007275029433325364,0.0004998111824421336
2019-01-30 17:00:00,,,,,,,,0.0012883133177987727,0.009130220469618422
2019-01-30 17:30:00,,,,,,,,-0.0011510694888358097,0.006671732862475244
2019-01-30 18:00:00,,,,,,,,-0.007671810813811519,9.99222826691959e-05
2019-01-30 18:30:00,,,,,,,,-0.007275029433325364,0.0004998111824421336
2019-01-30 19:00:00,,,,,,,,-0.013062874053134998,-0.005333362779090467
2019-01-30 19:30:00,,,,,,,,-0.012015563858245093,-0.004277850242079717
2019-01-30 20:00:00,,,,,,,,-0.015107438016529029,-0.007393939393939286
2019-01-30 20:30:00,,,,,,,,-0.009299696291205861,-0.0015407124963975338
2019-01-30 21:00:00,,,,,,,,-0.007054458195391855,0.0007221098940166648
2019-01-30 21:30:00,,,,,,,,-0.00676756900920128,0.0010112459439037824
2019-01-30 22:00:00,,,,,,,,-0.007848056301756223,-7.77035277400584e-05
2019-01-30 22:30:00,,,,,,,,-0.006657182866923073,0.0011224966102827416
2019-01-30 23:00:00,,,,,0.4413580246913575,,,-0.003667454407633719,0.004135640076693425
2019-01-30 23:30:00,,,,,0.4537646057417015,,,-0.004577347143334576,0.003218621227308205
2019-01-31 00:00:00,,,,,0.45008885818705674,,,-0.004266838974176235,0.003531561239722869
2019-01-31 00:30:00,,,,,0.4336073051369166,,,-0.002911646586345462,0.004897367246764928
2019-01-31 01:00:00,,,,,0.3983282911077016,,,0.00014546919410052261,0.007978425799521238
2019-01-31 01:30:00,,0.005979844651693433,-0.0104221698307837,0.016438527123952044,0.5223550033550629,,,-0.008860254163986836,-0.0010978287387166663
2019-01-31 02:00:00,,0.011777003773949746,-0.004912071374681526,0.016631986417420665,0.45581080903510646,0.46346885187733267,0.4878229506257776,-0.00295613761099478,0.004852527776538329
2019-01-31 02:30:00,,0.009886932773506052,-0.006811277442890007,0.016672570675958752,0.4770390583499963,0.6346275396328528,0.6993654638367285,-0.004710362798156176,0.003084563818177788
2019-01-31 03:00:00,,0.010577090726472171,-0.004865098217610053,0.015398211709116065,0.465165774488591,0.5388958730727892,0.5456640881943249,-0.0036452411209954017,0.004158027333734715
2019-01-31 03:30:00,,0.005492796092494201,-0.009170620453089584,0.014690430958006286,0.5255700034313947,1.0,0.724507804235214,-0.00868436813735296,-0.0009205652048535073
2019-01-31 04:00:00,,0.0013230290794268296,-0.014441835497577493,0.015868955454336107,0.5770165484072702,1.0,0.8462986243575963,-0.01367278024233598,-0.005948045642146016
2019-01-31 04:30:00,,0.0031400155756555748,-0.01332033112787212,0.016544561130015987,0.5612069924111986,0.8586549252885289,0.9528849750961763,-0.012474035444380638,-0.004739912493923026
2019-01-31 05:00:00,,0.0044351330134633216,-0.011537990535763765,0.016030053140994753,0.5394996897730585,0.6645811439669767,0.8410786897518352,-0.010834679829124338,-0.0030877177449699644
2019-01-31 05:30:00,,0.005555917361282026,-0.009967160489496307,0.015557391569104425,0.5201441739951941,0.0,0.5077453564185018,-0.00936557900336954,-0.0016071111899272905
2019-01-31 06:00:00,,0.00930808674887329,-0.004591273772624582,0.013866657306936479,0.45923456215339137,0.0,0.22152704798899223,-0.004289024553273069,0.0035092019072235914
2019-01-31 06:30:00,,0.005828926342199114,-0.007834300656530124,0.01367694069150994,0.4995693843581638,0.3955463462310122,0.13184878207700407,-0.00753958560039103,0.00023318305980590814
2019-01-31 07:00:00,,0.00930030933995507,-0.0045734256065861345,0.013841022494499929,0.45986604803275866,0.007867499848247582,0.13447128202641992,-0.004044928795881697,0.0037552093779946727
2019-01-31 07:30:00,,0.008940808461998184,-0.005039641008117379,0.013953232521820203,0.46364312632320415,0.0723787927144059,0.15859754626455524,-0.004333392745744735,0.00346448623117368
2019-01-31 08:00:00,,0.007514301064947659,-0.00638170499454449,0.013888141232399568,0.48078727881440747,0.534345150986336,0.20486381451632985,-0.005596226163191886,0.00219176253309894
2019-01-31 08:30:00,,0.002027062015322212,-0.012604942016206988,0.014709803298593784,0.5549652577237653,1.0,0.5355746479002473,-0.011665966340093425,-0.003925514740031333
2019-01-31 09:00:00,,0.019310694228767078,0.0017587355435462193,0.017368981418118004,0.39507514681033995,0.0,0.511448383662112,0.004461576498617559,0.012328336067968904
2019-01-31 09:30:00,,0.022007960849693253,0.0014390728101059125,0.02033054258147241,0.38264673944236177,0.0,0.33333333333333337,0.006180344478216693,0.01406056512439502
2019-01-31 10:00:00,,0.026136394394170814,0.0018611669118850926,0.023940095338825046,0.3618395869541928,0.0,0.0,0.009111231540441578,0.0170144063586688
2019-01-31 10:30:00,,0.023559047875503003,-0.002450013046496391,0.025737414927938178,0.3976593785203936,0.18547400469065095,0.061824668230216984,0.006135038386203329,0.014014904203345724
2019-01-31 11:00:00,,0.02832963533581112,-0.00044073891345530747,0.02837470464977036,0.3687346399925952,0.19249282971563847,0.12598894480209646,0.010000678012068498,0.017910818812574947
2019-01-31 11:30:00,,0.03154593686398832,-0.0003224229156127967,0.031378486474542625,0.3494142523468554,0.0,0.12598894480209646,0.012747297572914373,0.020678949396061297
2019-01-31 12:00:00,,0.03465866466014034,-0.0008468914043266995,0.03491528226098152,0.3344729010410729,0.0,0.06416427657187948,0.014932321947674465,0.022881086482558377
2019-01-31 12:30:00,,0.03426394370587382,-0.003784856943738313,0.03747765825087707,0.34432571281681407,0.15593228438736312,0.051977428129121026,0.01421827837414602,0.022161450650205472
2019-01-31 13:00:00,,0.029946487915634368,-0.00906361643604503,0.03860699192637324,0.3995986010109703,1.0,0.3853107614624543,0.010114823018850805,0.018025857782198118
2019-01-31 13:30:00,,0.02892235505855134,-0.010239446970233601,0.038799359594193096,0.4017226096984452,1.0,0.7186440947957877,0.009955027232253721,0.017864810504192308
2019-01-31 14:00:00,,0.03128983263135687,-0.007262694604082798,0.03809487186324486,0.3662421257462532,0.4724068749061792,0.8241356249687264,0.014034172131333511,0.02197590252093229
2019-01-31 14:30:00,,0.026835988270780486,-0.009973127764600687,0.03650135738643435,0.3993034541878748,0.9578521550466488,0.8100863433176093,0.01166976049259727,0.01959297324217868
2019-01-31 15:00:00,,0.02397404457356589,-0.010902045659318405,0.034649620333197,0.41055610668932774,1.0,0.8100863433176093,0.010868827614286536,0.01878576760388162
2019-01-31 15:30:00,,0.025912742451893456,-0.007724112899627711,0.0333337081172472,0.37490135875727953,0.19540634415467945,0.7177528330671094,0.014655798746707749,0.022602397602397684
2019-01-31 16:00:00,,0.028308421223153024,-0.005780460584443814,0.03370918224223873,0.3467920142044043,0.0,0.3984687813848931,0.01796086649506834,0.02593335003758468
2019-01-31 16:30:00,0.009835710417042787,0.01664336496238006,-0.014492705998668254,0.031102625391002246,0.46983002499466514,1.0,0.3984687813848931,0.008519137028344392,0.016417674670518245
2019-01-31 17:00:00,0.009274863736107974,0.014910878885692647,-0.014364850004826346,0.02926773837530367,0.471915113061425,1.0,0.6666666666666667,0.008337093862815781,0.016234205776173294
2019-01-31 17:30:00,0.0113678457977755,0.015585919735128018,-0.011500686293216988,0.027031391256573535,0.445499010804667,0.7888790918857923,0.9296263639619308,0.010891693811074799,0.018808812884545834
2019-01-31 18:00:00,0.012683662067023871,0.01482276032794605,-0.008946672583203474,0.02369980185353721,0.4271082596061671,0.6418978281023949,0.8102589733293957,0.01272434735315442,0.02065581943437289
2019-01-31 18:30:00,0.012252414528684197,0.008281042208797329,-0.004743365154973089,0.013001409968913231,0.4263974010011595,0.0,0.4769256399960623,0.012793201133144416,0.02072521246458936
2019-01-31 19:00:00,0.01537792075456923,0.01110309950201982,-0.0013401223854194733,0.012382775510464874,0.3885573735494247,0.0,0.2139659427007982,0.016548382694144825,0.02450980392156854
2019-01-31 19:30:00,0.017445069442054706,0.01353194600849017,0.00042499026266518136,0.013016123145207384,0.36301617927532365,0.0,-9.473903143468002e-17,0.019330778705350937,0.027313991150038852
2019-01-31 20:00:00,0.011791808717160235,0.008012593147946223,-0.004792423402564472,0.012784432529089602,0.43736351235445026,1.0,0.3333333333333332,0.014149230699405324,0.022091862206689905
2019-01-31 20:30:00,0.010866337061518072,0.006466563650491253,-0.00494910952569283,0.01140701836265101,0.44391640474501254,1.0,0.6666666666666665,0.013666160092544066,0.021605008279084625
2019-01-31 21:00:00,0.009933786700595526,0.0056326502536192535,-0.005469421960714871,0.01110116620212989,0.4514519219428083,1.0,1.0,0.013137610519156517,0.021072319201995038
2019-01-31 21:30:00,0.008928675231959726,0.005010954022681258,-0.006091655459084855,0.011108612028253808,0.4610272718091524,1.0,1.0,0.01249490235171491,0.02042457746159787
2019-01-31 22:00:00,0.006934168285178899,0.0035235778521156558,-0.00758573151732711,0.011131919152535918,0.4868652935083744,1.0,1.0,0.010777373170786753,0.018693596905887455
2019-01-31 22:30:00,0.009581259891658034,0.0065543386716162555,-0.004555699833140525,0.011098947111375422,0.44603035163670635,0.04922006022882587,0.6830733534096086,0.013827132486388338,0.02176724137931041
2019-01-31 23:00:00,0.011654269280268137,0.0088440918924233,-0.0024122876667183046,0.01122029618493362,0.41476379966046145,0.0,0.34974002007627525,0.016386545065841807,0.024346698810525647
2019-01-31 23:30:00,0.0009822020889358463,-0.0008217806471194633,-0.013412173804225769,0.012680640990240773,0.5558350332071725,0.9999999999999999,0.34974002007627525,0.005704833918444452,0.013581330452786089
2019-02-01 00:00:00,0.0035696369215814094,0.002440759934963843,-0.010702071003450553,0.013197344623018819,0.5208053740210358,0.7516881485654703,0.5838960495218234,0.008450863138891984,0.01634886607243602
2019-02-01 00:30:00,0.005413720235669217,0.004610914846630898,-0.008660752039105102,0.013298595458984886,0.4955132128453439,0.5724016949078772,0.7746966144911158,0.010525958755426945,0.018440213458755572
2019-02-01 01:00:00,0.007632093612264912,0.006986894449431347,-0.006232014935455221,0.013213921925406102,0.4657982876504911,0.36176395929175187,0.5619512675883664,0.013068709904109799,0.02100287896991837
2019-02-01 01:30:00,0.009267930534288205,0.009006114569248824,-0.004295154887249186,0.013270012210246993,0.44311131146498395,0.0,0.31138855139987637,0.015093696763202713,0.023043725156161488
2019-02-01 02:00:00,0.0186038173180183,0.020378966983741975,0.003668384412253367,0.016512047072380152,0.35171008062560655,0.0,0.12058798643058395,0.02524719539333309,0.033276744132694214
2019-02-01 02:30:00,0.02281606417225235,0.02701646552228132,0.005079453315625981,0.0215905282849053,0.31640590341865793,0.0,0.0,0.030424256398432048,0.03849435093382536
2019-02-01 03:00:00,0.022283988746714556,0.02805678599950623,0.002560919402533779,0.025111439272046118,0.31392659849007204,0.0,0.0,0.03080453937352945,0.03887761221571262
2019-02-01 03:30:00,0.01878911413240969,0.025413645605047108,-0.0019123803646503568,0.027008657161824115,0.3534805305890883,0.3061812128397714,0.10206040427992381,0.028053830227743104,0.03610536001840359
2019-02-01 04:00:00,0.020309230097364184,0.02810422306854532,-0.001685039300962865,0.029400888629689214,0.3355221578426232,0.5459775604228287,0.2840529244208667,0.030424256398432048,0.03849435093382536
2019-02-01 04:30:00,-0.005809350211928965,0.002973160227874194,-0.028011345313228464,0.0313773211280459,0.5921430006085515,1.0,0.6173862577542,0.003807277628032235,0.011668912848158186
2019-02-01 05:00:00,0.007291351400188439,0.016454896810004005,-0.01495471469381282,0.031386069094040604,0.4877211150108726,0.6246738696836053,0.7235504767021446,0.01733518484793284,0.025302768166090006
2019-02-01 05:30:00,0.0059930376555248355,0.015492672768674831,-0.01578602793308881,0.03128328925899554,0.49517066979999913,0.6221182591275184,0.7489307096037079,0.016270978305362283,0.024230226952290046
2019-02-01 06:00:00,0.0062638178860228155,0.015859879433158364,-0.015368423038536028,0.031220630682398026,0.4913234584006382,0.6071264472470232,0.6179728586860489,0.01680280312165805,0.02476621692339198
2019-02-01 06:30:00,0.005776268424120712,0.015408884644657617,-0.015702319884181803,0.03111576976051575,0.4933508981090648,0.05391382339026981,0.42771950992160385,0.016548382694144825,0.02450980392156854
2019-02-01 07:00:00,0.006958590864650782,0.016571703741021127,-0.014432654126003697,0.030971233364622153,0.48133042598446174,0.0,0.22034675687909772,0.01803043418834549,0.026003462572326663
2019-02-01 07:30:00,0.006685704948389937,0.016170801384726152,-0.01457847371603882,0.030724813115745164,0.48133042598446174,0.0,0.0179712744634233,0.01803043418834549,0.026003462572326663
2019-02-01 08:00:00,0.009274163832221127,0.0184492557087359,-0.011972068658539503,0.030323120106836608,0.4553927637254758,0.0,2.960594732333751e-17,0.02103086659507869,0.02902739381754227
2019-02-01 08:30:00,0.008578262523086577,0.017704023797899593,-0.01259028361883785,0.030217046354719116,0.45904312954043236,0.09616820937687426,0.03205606979229145,0.020681070710761862,0.028674858395761227
2019-02-01 09:00:00,-0.0005742473353596012,0.008949218089785882,-0.021586705076613533,0.030730098778105563,0.546729131109035,1.0,0.3653894031256248,0.01139501199474946,0.01931607296428739
2019-02-01 09:30:00,-0.004382874681935323,0.004598237950514061,-0.025329477947808376,0.03024118452542195,0.5790809085979994,1.0,0.6987227364589582,0.0073597367175348705,0.015249194148276857
2019-02-01 10:00:00,-0.0021365165155206034,0.0065950126168889955,-0.023142327772647908,0.029985429566092424,0.5559056762430512,0.8126317410707936,0.9375439136902645,0.009544355840693797,0.01745092280931626
2019-02-01 10:30:00,-0.0015326592721369714,0.007205817673226145,-0.02263424702928174,0.030072046928320842,0.5499797500068017,0.7575666692630026,0.8567328034445988,0.010091991953529167,0.01800284790814377
2019-02-01 11:00:00,0.002577470823367234,0.01132318864380144,-0.01850025471729655,0.029930851209481125,0.5050460199867092,0.0,0.5233994701112654,0.014356401933858232,0.022300655968404692
2019-02-01 11:30:00,-0.002807406731647144,0.006563606546239331,-0.024051191196351462,0.030884848443370506,0.5560746312423941,0.6892508682440716,0.4822725125023581,0.008792325056433459,0.016693002257336387
2019-02-01 12:00:00,-0.010526748273042008,0.0008206009686404503,-0.03210012632406378,0.0334437800761408,0.6195265248937852,1.0,0.5630836227480239,0.0005485279301464807,0.008384641217956013
2019-02-01 12:30:00,-0.008514915139311019,0.0037453479037674597,-0.02897746272771884,0.033140918360204344,0.6005321939608873,0.8340823972752771,0.8411110885064496,0.002231442027360142,0.010080735590939582
2019-02-01 13:00:00,-0.006082751707304768,0.006275147801713343,-0.024599790434096103,0.031160440201287564,0.5756948070521788,0.6171250478220315,0.8170691483657696,0.004439000269711446,0.012305583026162248
2019-02-01 13:30:00,-0.009010232473781188,0.0037954885813926698,-0.026069234101105954,0.030201068135535927,0.6024369349436062,0.7306685590177915,0.7272920013716999,0.0011088709677418152,0.008949372759856633
2019-02-01 14:00:00,-0.002992530012623784,0.008738568770574773,-0.01697950981979035,0.025824487630459445,0.537375669177054,0.0,0.44926453561327434,0.007064629529475397,0.014951775734631578
2019-02-01 15:00:00,-0.0026592652561930885,0.00847993642662459,-0.01661905196555058,0.025201547545792662,0.5350186636186792,0.0,0.24355618633926382,0.007291619708786001,0.01518054365955912
2019-02-01 15:30:00,-0.0010840427246558981,0.010198071429186939,-0.014444312794485326,0.024694814294655323,0.5183686374050439,0.0,0.0,0.008837870784233814,0.016738904690956735
2019-02-01 16:00:00,0.0003253455558331897,0.01170053044445174,-0.012514365642824155,0.024224753565837764,0.5027579768830972,0.0,0.0,0.010274669379450652,0.018186956030292745
2019-02-01 16:30:00,-0.0007942175447595012,0.010607906604828798,-0.012967568800556495,0.023603323340274988,0.5154786413688163,0.36746136564220677,0.1224871218807356,0.009111231540441578,0.0170144063586688
2019-02-01 17:00:00,0.0016056340242820433,0.013024141575918913,-0.00996825276499913,0.022957316837092567,0.4868140295930804,0.0,0.1224871218807356,0.011601059374787726,0.01952373406976493
2019-02-01 18:00:00,0.0006503751113000611,0.011878314966950798,-0.009956020878570837,0.021813369989432445,0.498119222905445,0.35827392879458997,0.2419117648122656,0.010663078384368196,0.018578406983581264
2019-02-01 18:30:00,-0.0022798202407027235,0.008691257002828134,-0.011793710105281408,0.020516793302626655,0.534233358459401,1.0,0.45275797626486336,0.007609577922077948,0.015500992063492314
2019-02-01 19:00:00,-0.0016281396296720096,0.008422011291467912,-0.009096558961007473,0.017524480801317664,0.5263196601826442,0.8331123939129077,0.730462107569166,0.00820060461128902,0.0160966475657629
2019-02-01 19:30:00,-0.005980093595964742,0.002975460645849415,-0.011176489142851853,0.014210218994161148,0.5792427606165621,1.0,0.9443707979709692,0.0035593182277513513,0.01141901147515223
2019-02-01 20:00:00,-0.009484044273643799,0.00023004574141283207,-0.015064743544840109,0.015409083837330188,0.6184347743128209,1.0,0.9443707979709692,-0.0003690779761107432,0.007459848789871604
2019-02-01 20:30:00,-0.002704347743081592,0.007019813646765405,-0.00838896715859938,0.015419336524741204,0.5279498059635855,0.017696832884966443,0.6725656109616556,0.006361609656135192,0.01424324993807291
2019-02-01 21:00:00,-0.0031374254825723424,0.006570797763112646,-0.008693142019505107,0.015280154656854075,0.5340879905708537,0.0843328530997779,0.3673432286615814,0.005795372704357149,0.013672578321930251
2019-02-01 21:30:00,-0.0015030981130471632,0.008157010857908098,-0.006858602310052531,0.015005871292183733,0.5139366443560566,0.0,0.03400989532824814,0.007382444434425706,0.015272079707858044
2019-02-01 22:00:00,0.0005495061560483183,0.009787545639891482,-0.0038489867964317526,0.013596161633370685,0.48788226375840266,0.0,0.028110951033259324,0.0094759430765754,0.017381974248926957
2019-02-01 22:30:00,-0.006135393373524312,0.0032287764184404377,-0.01056855523806488,0.013848152845980287,0.5672375827539885,1.0,0.33333333333333337,0.0024787455977028916,0.010329975997667162
2019-02-01 23:00:00,-0.0013103902028486214,0.007219569974139528,-0.005666578944973688,0.01287615064589161,0.5087194603089814,0.26258096891700283,0.4208603229723343,0.007291619708786001,0.01518054365955912
2019-02-01 23:30:00,-0.0007396616031892789,0.007197918492469313,-0.00512088092086771,0.012306019381031482,0.5024299443651258,0.18332332086690115,0.4819680965946347,0.00783681385593793,0.015730007667674073
2019-02-02 00:00:00,-0.002418086863889446,0.0052440116800440695,-0.006887378556071688,0.01214136659596252,0.523321232173616,0.4465859234613459,0.2974967377484166,0.006044438441277666,0.013923594696202413
2019-02-02 00:30:00,-0.00039907347609779986,0.006322770663949262,-0.004649036115542349,0.010962632511103918,0.49795540520053305,0.0,0.2099697481094157,0.008064152305332417,0.01595912659027343
2019-02-02 01:00:00,-0.0023076413433568144,0.004380702464689135,-0.006616131653586654,0.011009139193825162,0.5228617277100885,0.981884901130364,0.47615694153057,0.006044438441277666,0.013923594696202413
2019-02-02 01:30:00,0.0008352024241682354,0.0075548159772864665,-0.003623018325977001,0.011155902926800462,0.4820596843348255,0.0,0.32729496704345473,0.009247967479674601,0.01715221318879867
2019-02-02 02:00:00,0.0016936326716274763,0.008525586127960505,-0.0028699429172190927,0.01136339539018501,0.47056068299623677,0.0,0.32729496704345473,0.010183322407830264,0.01809489364587824
2019-02-02 02:30:00,0.00306517918728888,0.010136192466011718,-0.001624205505651899,0.011710557913534404,0.45187444582640673,0.0,4.736951571734001e-17,0.011692662938899145,0.019616055056256076
2019-02-02 03:00:00,0.001354951262578119,0.008489472680787813,-0.003381666325411592,0.011840898497898876,0.4766303265235306,0.3487368446884372,0.11624561489614578,0.010023504949599804,0.017933824526510822
2019-02-02 04:00:00,0.0015845713206925627,0.008697401768798851,-0.0028736954861598996,0.011537501744261745,0.47253734631257766,0.6845365982583832,0.3444244809822735,0.010320349060656042,0.018232993466416714
2019-02-02 04:30:00,0.002110185920188856,0.009331547668132822,-0.002309876401789812,0.011600695933270443,0.46363228852426297,0.474951501088073,0.5027416480116311,0.010937429308238489,0.018854906573768204
2019-02-02 05:00:00,0.0028121567120820146,0.01024684538811127,-0.002001429947767863,0.012197986602343145,0.45141704916159725,0.0,0.3864960331154854,0.011761376499886733,0.01968530676930058
2019-02-02 06:00:00,0.0056556772516784815,0.013769913630065078,-2.8571515838460293e-05,0.013704327221505422,0.4080050489586183,0.0,0.1583171670293577,0.014863177018280993,0.022811400022709316
2019-02-02 06:30:00,0.0071704233828771,0.015592929889060914,0.00045948616335445003,0.015012946692466346,0.3846907890960175,0.0,2.3684757858670005e-17,0.01668714168714147,0.024649649649649774
2019-02-02 07:00:00,0.005789751210694805,0.012997144258910298,-0.0008260766772176797,0.013739608086842443,0.40775737673843004,0.29219849900848566,0.09739949966949524,0.01553197291278452,0.023485433804481204
2019-02-02 07:30:00,0.009553775957009902,0.017671731651460965,0.001481719575006979,0.016036435533534957,0.35576429612233634,0.0,0.09739949966949524,0.01972618368511103,0.027712492869366834
2019-02-02 08:00:00,0.006354388950444045,0.014406629066656906,-0.002223160361450094,0.016529098550648418,0.4127879163681728,1.0,0.4307328330028286,0.0167565353900756,0.024719586831388085
2019-02-02 08:30:00,0.007294564492471345,0.015569444569837554,-0.0019654900378446305,0.01741646818702018,0.3968297604425963,0.7201483199982966,0.5733827733327655,0.01800724390077213,0.025980090662657496
2019-02-02 09:00:00,0.004545646229304756,0.012844225701082346,-0.004953016685155465,0.017727297481381243,0.44477380032638564,1.0,0.9067161066660988,0.015416600395355529,0.023369157710572352
2019-02-02 09:30:00,0.007623944685926531,0.014981225121222685,-0.001947460900809883,0.016819078073028303,0.3995755145107115,0.4922083184278881,0.7374522128087283,0.018842760413104287,0.02682215078768002
2019-02-02 10:00:00,0.0067955472106757675,0.013941234966569294,-0.0030997557130326703,0.016949113945996352,0.41004524927501385,0.2756440396856485,0.5892841193711789,0.018285597101647344,0.02626062387495165
2019-02-02 10:30:00,0.001507866445374706,0.008115623711866693,-0.0082244277738861,0.016340940466102835,0.49969009252460855,1.0,0.5892841193711789,0.012999818659896523,0.02093344818206555
2019-02-02 11:00:00,-0.0007926098801893655,0.004984114121516781,-0.01020811285509382,0.01523201298488206,0.5339896559333163,1.0,0.7585480132285496,0.010640222528777166,0.018555372125104608
2019-02-02 11:30:00,0.00015118664875624077,0.0054333953741358965,-0.009111780053947527,0.014571976094894393,0.5183834488741874,0.8838946044370277,0.9612982014790092,0.011601059374787726,0.01952373406976493
2019-02-02 12:00:00,0.0015830250231139154,0.005760866922701391,-0.007155076983684672,0.012924953956808212,0.49395310560470224,0.6769797733673513,0.8536247926014596,0.013114642606152582,0.021049171408492384
2019-02-02 12:30:00,-0.0002646093703357888,0.0035734313980058108,-0.008872913216394274,0.012479411822428522,0.5239701045961673,0.749739893799292,0.7702047572012236,0.011234810942909457,0.019154617247075567
2019-02-02 13:00:00,0.002164415419543708,0.005688729834132156,-0.006321641226538222,0.012014173014155905,0.4822679302410652,0.0,0.47557322238888106,0.013781135157206803,0.021720883807449853
2019-02-02 13:30:00,0.001730182181439055,0.005149049936544969,-0.006677463923574822,0.011835558676832746,0.48858631722149964,0.15151217120316468,0.3004173550008189,0.013413306725928553,0.021350174611093564
2019-02-02 14:00:00,0.0015095799098043816,0.004541341405772892,-0.006706628788156754,0.011260160936128813,0.4915101075128084,0.22162339049863988,0.1243785205672682,0.013252465706836025,0.021188073914522265
2019-02-02 14:30:00,0.0028268119620995513,0.005455849640773502,-0.005197005809885802,0.01065147691611447,0.46570464548098445,0.0,0.1243785205672682,0.014701875482493909,0.022648835202760953
2019-02-02 15:00:00,0.008150014514730852,0.010945011798637827,-0.0003433449416918588,0.011228834558737903,0.3812011816114766,0.0,0.07387446349954666,0.02042470601666846,0.028416485900216948
2019-02-02 15:30:00,0.008140143341775152,0.01111778545139841,-0.0007616949098401271,0.011818284747791464,0.3770252807555329,0.0,2.3684757858670005e-17,0.020751010712409368,0.028745346154724682
2019-02-02 16:30:00,0.003131352656229547,0.0061701801277807,-0.0056405624526441045,0.011807615819405301,0.4718255518597473,0.8280596982970048,0.2760198994323349,0.015808973950993233,0.023764604264217892
2019-02-02 17:00:00,0.006835573204620582,0.010277247958069502,-0.0021143086609456407,0.012341186441128396,0.4161184622679677,0.41237415312303805,0.41347795047334757,0.019842537654039205,0.0278297581013236
2019-02-02 17:30:00,0.010112547974768127,0.014441806485268494,0.0002879232444608082,0.01405040391467932,0.3725592711967347,0.0,0.41347795047334757,0.0235799358680715,0.031596426935410094
2019-02-02 18:00:00,0.009715977465953873,0.014805919891739627,-0.0004541104551851749,0.01515130601857793,0.3725592711967348,7.157946595906401e-16,0.13745805104101289,0.0235799358680715,0.031596426935410094
2019-02-02 18:30:00,0.008646631684819273,0.014290499521885103,-0.001967595491307761,0.016158534975305165,0.3869787456318449,0.14526054908878042,0.04842018302959368,0.022853676958641156,0.030864480098876212
2019-02-02 19:00:00,0.012227119907775919,0.01908366123138583,0.0004957941288339374,0.018407661113027777,0.3393027509119465,0.0,0.04842018302959368,0.026990692864529375,0.03503389635757803
2019-02-02 19:30:00,0.00685550138940938,0.013830588698847457,-0.005041289510555047,0.018789305794319353,0.4332898671943434,1.0,0.3817535163629268,0.021824625585915136,0.029827369383788938
2019-02-02 20:00:00,0.004798337750210768,0.011947621196130465,-0.006979116540298147,0.018879835461233337,0.4635481049751131,1.0,0.6666666666666667,0.019935639948877037,0.027923589556326567
2019-02-02 20:30:00,0.004742383275507134,0.012061218090481107,-0.006993881865875906,0.019006942671797027,0.46158210940061617,0.9841765063223415,0.9947255021074471,0.020075325268203548,0.028064368865555744
2019-02-02 21:00:00,0.001985212879344278,0.008930986354882098,-0.009634426152729247,0.018571944630099486,0.5056145447417076,1.0,0.9947255021074471,0.017358344526145597,0.025326109226671667
2019-02-02 21:30:00,-0.0006935628521176351,0.005564084863103336,-0.012061837212920201,0.017683373165793742,0.5462594916065504,1.0,0.9947255021074471,0.014609726195341066,0.022555964219225455
2019-02-02 22:00:00,0.026615700283785015,0.037276845110556955,0.009724018790070232,0.026920190222083307,0.2866811941012723,0.0,0.6666666666666667,0.04344019239300456,0.05161222536132071
2019-02-02 22:30:00,0.03339464477985121,0.04894344668059181,0.010481856905964815,0.037351769649178315,0.2510985946695206,0.0,0.33333333333333337,0.0517156170573283,0.05995246163983814
2019-02-02 23:00:00,0.020309706093599944,0.03596226852858431,-0.0037312095080748175,0.03906394192773589,0.3771015365539849,0.42689578190076427,0.1422985939669214,0.03924236082042687,0.04738151713873773
2019-02-02 23:30:00,0.01789735942602322,0.03358359316895698,-0.007044926254649808,0.04009646604519954,0.39242747310510384,0.47881978914617057,0.3019051903489783,0.03752931070508203,0.04565505072783416
2019-02-03 00:00:00,0.012832951819840455,0.027753837891408173,-0.012178097124987408,0.0396233534753811,0.4332486893813995,1.0,0.6352385236823116,0.03290112328387185,0.040990616188230966
2019-02-03 00:30:00,-0.001789464484126313,0.01217437906982366,-0.02630325408975487,0.03875138993217868,0.5425038709599439,1.0,0.8262732630487235,0.017914493314807656,0.02588661367104761
2019-02-03 01:00:00,-0.001041613080781878,0.01235479949689311,-0.02546794683460407,0.03807237063430897,0.5370776987314475,0.9671941012925575,0.9890647004308524,0.018633752735229603,0.026611506199854196
2019-02-03 01:30:00,0.0021158423996974207,0.015503272940325052,-0.022313243212450318,0.03794572076796737,0.5118241264419368,0.7955724887021753,0.9209221966649109,0.021941458952664084,0.029945117768122698
2019-02-03 02:00:00,-9.808457281035299e-05,0.013364404293576104,-0.024480839367846507,0.03805677147604757,0.5281456878331673,0.8685812158350182,0.8771159352765836,0.0196796495311109,0.02766559426837345
2019-02-03 02:30:00,0.0037350536400231338,0.016538780987425783,-0.02050872577930818,0.03712119130678247,0.49610365820315944,0.0,0.5547179015123979,0.023744072572331687,0.03176184912835334
2019-02-03 03:00:00,0.0026175209815402223,0.01523803099175125,-0.021499330394457616,0.03685273438811505,0.5042935647835485,0.1998803748616111,0.3561538635655431,0.02271322974117207,0.030722932924457158
2019-02-03 03:30:00,-0.0039012819748750482,0.009324424062008507,-0.028115058297063178,0.037794574370605426,0.5560400827643728,1.0,0.39996012495387034,0.01590134121391218,0.02385769493066614
2019-02-03 04:00:00,-0.0016770199427166288,0.01202830750167383,-0.025995729759335062,0.038291453712439485,0.5364852099114716,0.6737397501425927,0.6245400416680679,0.018100011390818738,0.02607358469073917
2019-02-03 04:30:00,0.0013478032006615237,0.015280331976273986,-0.022963147332765055,0.03839095461687962,0.5090861880932553,0.21660501081169406,0.6301149203180956,0.021240859232175335,0.02923903107861081
2019-02-03 05:00:00,0.00017500016111382521,0.014538858575574576,-0.023865283446042107,0.0385840677260387,0.5190786489132586,0.28572133365937796,0.39202203153788817,0.020052041724681002,0.028040902969573844
2019-02-03 05:30:00,0.001882044326409149,0.01634466830506809,-0.02212520016887909,0.03858137891904285,0.5022407364255284,0.0,0.16744211482369056,0.02187135572679666,0.029874465506597003
2019-02-03 06:00:00,-0.0001467322878312416,0.014294283824497267,-0.02411127072605479,0.038594997844705596,0.5213207961505346,0.5571719399580859,0.28096442453915454,0.019795992880288216,0.027782848797407667
2019-02-03 06:30:00,0.0008465027908604039,0.015265614974592667,-0.02311220108145351,0.038528976521990554,0.5106621693798776,0.4413735111799536,0.3328484837126798,0.020844278959270657,0.028839344861457006
2019-02-03 07:00:00,-0.0019464433038880458,0.012284071513960493,-0.02590273083109229,0.03844861161646343,0.5390783699147779,1.0,0.666181817046013,0.017914493314807656,0.02588661367104761
2019-02-03 07:30:00,-0.0009737672424293686,0.012662336071550317,-0.024843723149204133,0.03773589700482352,0.5283271404091477,0.7081454890752491,0.7165063334184008,0.018865988783001164,0.02684556107792635
2019-02-03 08:00:00,0.001323713100326085,0.014351667304940863,-0.019728846856577054,0.03417238969907803,0.5012798050217697,0.0,0.5693818296917496,0.021264197079457814,0.029262551703649553
2019-02-03 08:30:00,0.002989720803948659,0.012523736060169766,-0.011617163408445652,0.02412996168693927,0.48118980026527536,0.0,0.23604849635841618,0.023087841395572406,0.03110047846889974
2019-02-03 09:00:00,0.016225533762329603,0.0261630525731531,0.002659712258338276,0.02316943670214282,0.361703739901422,0.0,-1.8947806286936004e-16,0.037264413703462784,0.04538807910129061
2019-02-03 09:30:00,0.01776965753059878,0.02886967465777701,0.004286089741589283,0.024182687176897404,0.34679123739839235,0.0,-1.8947806286936004e-16,0.039580813250209346,0.04772262026612095
2019-02-03 10:00:00,-0.007519421374383661,0.0036485225404594424,-0.01974032016841676,0.023578553363418246,0.5682439345888792,1.0,0.33333333333333315,0.01343628818286935,0.021373336054606895
2019-02-03 10:30:00,-0.003098175998986985,0.008001941306964966,-0.015499606827269585,0.023589983035449378,0.5347920454244343,0.8489434105394044,0.6163144701798012,0.017821759628305234,0.025793153711253458
2019-02-03 11:00:00,-0.0008779015860859163,0.010086652570417742,-0.013357520617255814,0.02348257739370064,0.5181931264916516,0.7739887175355763,0.8743107093583267,0.020052041724681002,0.028040902969573844
2019-02-03 11:30:00,0.002785500828406118,0.01384582630151776,-0.00976068676983155,0.023558393409239844,0.49004017415259,0.6468602034274582,0.7565974438341461,0.023908261925491336,0.03192732438253221
2019-02-03 12:00:00,0.003936153386726149,0.014943450268705583,-0.008783639307225033,0.02365423676248302,0.4803317402629414,0.0,0.4736163069876778,0.02524719539333309,0.033276744132694214
2019-02-03 12:30:00,-0.001959408630703652,0.009167483929990672,-0.014499296928851102,0.023730042934532746,0.5265818464647267,0.8492443453013786,0.49870151624294523,0.019144811858608834,0.027126567844925953
2019-02-03 13:00:00,0.0163225926685715,0.0294906398971988,0.0015041780332258892,0.02755936314253219,0.40505617435420294,0.0,0.2830814484337925,0.03849371412636793,0.04662700718053592
2019-02-03 13:30:00,0.01044638100580575,0.023431204362434954,-0.0050029135962276206,0.02817451389156746,0.444276527613648,0.32273307012674146,0.3906591384760396,0.032924997110828524,0.04101467699063921
2019-02-03 14:00:00,0.008580375430052634,0.02140008559833073,-0.007303616639180555,0.028502807765056964,0.4551145686415804,0.41191621011444374,0.24488309341372796,0.03137549042234,0.03945303484883467
2019-02-03 15:00:00,0.001955971799119327,0.014544303121201585,-0.013854141930731423,0.0283886486801485,0.5007659584241552,0.7875684405423999,0.5074059069278612,0.02468300736019069,0.03270813748194357
2019-02-03 15:30:00,0.0086812864585466,0.021341630762999886,-0.007678712528073395,0.028823437158500297,0.45625414345431303,0.5349293136289035,0.5781379880952486,0.03192324566467297,0.04000508001016012
2019-02-03 16:00:00,0.006197305038711187,0.018766666310143787,-0.010317941567615008,0.028962260793077746,0.4721074737520297,0.49267527994290056,0.6050576780380675,0.02964080823906179,0.037704766951593305
2019-02-03 16:30:00,0.00515309045010337,0.017330636520485276,-0.011428106535909754,0.028674118135357387,0.47825078197621823,0.5068019494002118,0.5114688476573382,0.028787495108082428,0.03684477082805793
2019-02-03 17:00:00,0.006598982963598843,0.01854866098314023,-0.010173243019345302,0.028602126619937843,0.4662397589405435,0.2243362912295522,0.4079378401908878,0.03054306468350032,0.03861408970367819
2019-02-03 17:30:00,0.0009730763295363598,0.0120783175687329,-0.015527305116604273,0.027653310647377208,0.5096138912636076,1.0,0.5770460802099209,0.02482399614740749,0.032850230467585506
2019-02-03 18:00:00,-0.000584421993501838,0.00991989767098067,-0.016948929633615384,0.02696359127705302,0.5215520590196533,1.0,0.7414454304098502,0.02320496382452597,0.03121851817932053
2019-02-03 18:30:00,0.0011122793962847766,0.011296363392953257,-0.01521608816359632,0.026564514349006578,0.5069140165494459,0.7353564677427719,0.9117854892475903,0.024988532110091555,0.03301605504587157
2019-02-03 19:00:00,0.0015542442724845174,0.01159225617535431,-0.014740633797090896,0.02637440827083849,0.5025172833398057,0.65586721845551,0.7970745620660936,0.025505989260635964,0.03353756482628856
2019-02-03 19:30:00,-0.0006438771278896027,0.009321034820706675,-0.01555114357857823,0.024949898690454664,0.5221952409957852,1.0,0.7970745620660936,0.023228391528334225,0.031242129364625226
2019-02-03 20:00:00,-0.006083428903754462,0.0037813949596448015,-0.019225902643197568,0.02318634847140258,0.5694630441240307,1.0,0.885289072818503,0.01740466704610122,0.025372794536141274
2019-02-03 20:30:00,0.01033867773814423,0.019047724437129654,-0.0029525238259207054,0.02182461250478713,0.43406189151803465,0.0,0.6666666666666663,0.03464681777139811,0.04274998263607532
2019-02-03 21:00:00,0.012185850151559707,0.02062787391607257,-0.0017431362556652452,0.022161750747259148,0.41939122785584343,0.0,0.3333333333333329,0.037047780381964435,0.04516974914719318
2019-02-03 21:30:00,0.006612042252130745,0.014340527425434457,-0.007168320592564115,0.021431990682989167,0.4637025185243523,0.2952672378491238,0.09842241261637423,0.031613573407202056,0.0396929824561405
2019-02-03 22:00:00,0.014298364795122254,0.022869347918211824,-0.0007872849396480808,0.023398291583688956,0.41115310077084494,0.0,0.09842241261637423,0.040088905439057854,0.04823469174017281
2019-02-03 22:30:00,0.0125596734354263,0.02159600291461894,-0.003283164401405303,0.024653430173244444,0.4215524405545462,0.19789638455141964,0.1643878741335141,0.03883167902554674,0.04696761895906465
2019-02-03 23:00:00,0.012474367894048877,0.02078430499959838,-0.003600983681491088,0.024177563261979763,0.41879529928379283,0.14542879521130048,0.11444172658757301,0.039266528685379276,0.04740587428199361
2019-02-03 23:30:00,0.008446440028744284,0.016904499854481836,-0.006769646524857675,0.023554784237610007,0.45243520425853584,0.7855863157481994,0.37630383183697286,0.03548588905880701,0.043595625376523506
2019-02-04 00:00:00,0.003334599840896235,0.011951442582404548,-0.011488009953060208,0.023434022490135438,0.49531428432606567,1.0,0.6436717036531663,0.030376740754403553,0.03844646315595335
2019-02-04 00:30:00,0.0003230795567064071,0.009171086421535968,-0.014290391281084669,0.02352168504088792,0.5199093211562917,1.0,0.9285287719160662,0.027297595512849826,0.03534320261137425
2019-02-04 01:00:00,0.0038361016012791183,0.012329650588901009,-0.010753848267882393,0.023065325659928488,0.4885495057255054,0.6898569075777645,0.8966189691925878,0.031066146782640525,0.03914126848626087
2019-02-04 01:30:00,0.0020861767002495757,0.010756408518418858,-0.012251283561608872,0.023024901755530867,0.5031638435783139,0.7518236866537669,0.8138935314105101,0.02935621329033733,0.03741794310722102
2019-02-04 02:00:00,0.00012305463629713742,0.00895211246347527,-0.01412912395773036,0.023141137388330395,0.5205804056996994,1.0,0.8138935314105101,0.02734482758620671,0.035390804597701164
2019-02-04 02:30:00,0.005136576578277596,0.014071356193904982,-0.009211625177592664,0.0232265439933745,0.47309384318122416,0.0,0.5839412288845887,0.03271017238988749,0.04079816980172857
2019-02-04 03:00:00,0.008721398740226594,0.018070695307217388,-0.005953771516475803,0.02387979201370871,0.4407190024578649,0.0,0.3333333333333331,0.03675907667323974,0.044878784363763025
2019-02-04 03:30:00,0.010362004051374107,0.019674541841252724,-0.004812975483768356,0.02430689803596809,0.4244317127536327,0.0,-2.842170943040401e-16,0.03887997768324136,0.04701629588302292
2019-02-04 04:00:00,0.00790644113445138,0.016510133067378696,-0.007219514156737827,0.02361992536150093,0.44718329508667376,0.23662913801442123,0.07887637933814012,0.03668692586062905,0.04480606847916868
2019-02-04 04:30:00,0.007506536716392231,0.01558146454890541,-0.007609206244955202,0.02309859680377143,0.44821578852744426,0.4887594432225255,0.24179619374564862,0.03659074039710508,0.04470912970866592
2019-02-04 05:00:00,0.0059340279743853586,0.013381800993201631,-0.009008292225338055,0.022341238417487797,0.46359033403129485,1.0,0.5751295270789819,0.035222034330190555,0.04332970418587423
2019-02-04 05:30:00,0.003088956275173693,0.009315231735197216,-0.011258123201262515,0.02059336026842127,0.49471232761466405,1.0,0.8295864810741749,0.03242387839024152,0.04050963359977833
2019-02-04 06:00:00,0.004260909098964039,0.006903380550856708,-0.0077778137885753384,0.014687616009242734,0.47984945901066195,0.6872886357354492,0.8957628785784827,0.03380910520958613,0.04190570926251502
2019-02-04 06:30:00,0.004093814624494874,0.006944131480375759,-0.007737598677565072,0.014687557205365452,0.4798494590106619,0.6803446257339314,0.7892110871564598,0.03380910520958613,0.04190570926251502
2019-02-04 07:00:00,0.0070228766561530875,0.010170720752491702,-0.0045684928573906936,0.014698042717424914,0.44311397139008774,0.0,0.4558777538231265,0.03711998143420736,0.04524251566488746
2019-02-04 07:30:00,0.005491692139033777,0.00858995766202475,-0.005994120272697967,0.014565173523715317,0.46114202087465367,0.34939193423334564,0.3432455199890919,0.03577388402169368,0.0438858758633478
2019-02-04 08:00:00,0.007025953896212966,0.010249517952384712,-0.0037922875260845146,0.013996615791791197,0.4397862465986233,0.0,0.11646397807778149,0.03764976316522706,0.045776446549642635
2019-02-04 08:30:00,0.006750426292439826,0.010181291877226162,-0.0036102878835441166,0.013746415883934342,0.4397862465986233,0.0,0.11646397807778149,0.03764976316522706,0.045776446549642635
2019-02-04 09:00:00,0.004558067285961309,0.008013091964808261,-0.005086364430862744,0.013080315136439844,0.47110628220976986,0.9999999999999999,0.33333333333333287,0.03558186958335252,0.04369235760300327
2019-02-04 09:30:00,0.004625403501833825,0.008269001618319338,-0.004866363878711533,0.013113056007404696,0.46750601610490505,0.8850491056407519,0.6283497018802501,0.03584590779500707,0.043958463713696494
2019-02-04 10:00:00,0.004802112220632981,0.008199807772842904,-0.004622002685545024,0.012798914447776208,0.46197573946679066,0.7084759782415532,0.8645083612941012,0.03623020381663444,0.04434576947156077
2019-02-04 10:30:00,0.010038896551652465,0.013092471780063342,0.00030817178659936495,0.012699211192082682,0.3876008811608038,0.0,0.5311750279607679,0.04205335074383232,0.05021452222170408
2019-02-04 11:00:00,0.00874093298645029,0.011861092406288076,-0.0013080476315617817,0.01310001750222467,0.4047305209286732,0.20513211783540655,0.30453603202565277,0.04108232772678555,0.04923589432977682
2019-02-04 11:30:00,0.009437852639121447,0.012248386664592825,-0.0007861665153413577,0.012960276409235288,0.3911794919247086,0.04478574207287485,0.08330595330276004,0.04219916044776095,0.050361473880597085
2019-02-04 12:00:00,0.008163871195434602,0.009591612496923974,-0.0013553590020521922,0.010902075370789261,0.4096881388764097,0.29697209808099834,0.18229665266309283,0.04122786579683124,0.049382572227399946
2019-02-04 12:30:00,0.01665708897483298,0.020073193560084635,0.004693458216180835,0.01519161265364741,0.31113509261304023,0.0,0.11391928005129065,0.050701808007899585,0.05893071262313976
2019-02-04 13:00:00,0.012936168376883828,0.017317611558340884,6.350265170218528e-05,0.01710545299061663,0.36784018521594836,0.5753763557076823,0.2907828179295598,0.04740197342208252,0.05560503433566932
2019-02-04 13:30:00,0.01010784671813747,0.015027604626636437,-0.0030376118748792758,0.017957560988470178,0.40780112020572706,0.9808527616118551,0.518743039106512,0.04490401926629084,0.05308751665926259
2019-02-04 14:00:00,0.014133684417630965,0.020072121064099058,-0.00016607291377823685,0.02003874783820754,0.36105282813343853,0.5065062665541563,0.6875784612912308,0.049665296535525316,0.05788608338226653
2019-02-04 14:30:00,0.012824775191785598,0.019361127748176443,-0.0022023782175738527,0.02138007826183063,0.37419458844482223,0.6523439247704502,0.7132343176454867,0.04885232820127672,0.057066748028539394
2019-02-04 15:00:00,0.012687397360458208,0.019520861545380574,-0.0029590659030084288,0.0222953023279189,0.37021866850759066,0.19606791965744252,0.4516393703273493,0.04924633734034556,0.05746384297520679
2019-02-04 15:30:00,0.0108666987520194,0.01714188033014996,-0.004813627106236562,0.021821000029405655,0.3953012312104586,0.7326129267794542,0.5270082570691152,0.047819460726846286,0.056025791324736396
2019-02-04 16:00:00,0.012265735506873598,0.018263657586979454,-0.0036994104645949877,0.02180428654280615,0.3732214197206926,0.35530391183169996,0.42799491942286516,0.04978858350951354,0.05801033591731275
2019-02-04 16:30:00,0.011761880459842056,0.017228269359315984,-0.004254648819513873,0.02134446071187866,0.37369234240648647,0.13848959295130514,0.40880214385415264,0.04976392379789063,0.05798548307533302
2019-02-04 17:00:00,0.008477383189812171,0.013585482385180647,-0.00738335098806342,0.02090400866899822,0.43080147936710245,1.0,0.49793116826100126,0.04671507202248493,0.054912753249795054
2019-02-04 17:30:00,0.009758909593951648,0.014267541567507092,-0.005948284810752269,0.020132084388720176,0.40786855460492893,0.6017210662336748,0.5800702197283263,0.04845861486486469,0.05666995120120122
2019-02-04 18:00:00,0.000714059748162299,0.0049863588481637855,-0.014738032955308178,0.019821035944972688,0.5480105057513772,1.0,0.8672403554112244,0.039097377232142794,0.047235398065476275
2019-02-04 18:30:00,-0.00016270610609936398,0.004010950684696146,-0.015570677488581763,0.01969546527218881,0.5591303147476631,1.0,0.8672403554112244,0.03818008641917947,0.04631092319843888
2019-02-04 19:00:00,-0.00464316541221188,-0.00016421789849541124,-0.02046563781737698,0.020513010138610434,0.6135564510620415,1.0,0.9999999999999994,0.03333102108768027,0.041423880873104
2019-02-04 19:30:00,-0.0039079471893458395,0.0008214139928066633,-0.02012132376306941,0.021146803455183317,0.6036244352451438,0.9517131732689549,0.983904391089651,0.033928695370520234,0.04202623603174249
2019-02-04 20:00:00,-0.006051901190485931,-0.000533288220267103,-0.02305939070973162,0.022795000048137094,0.63042612371463,1.0,0.983904391089651,0.03144690377824455,0.03952500750109644
2019-02-04 20:30:00,-0.00722311413685639,-3.3191188155368145e-05,-0.025310774150280047,0.025602011204403998,0.6462768820130997,0.9999999999999999,0.983904391089651,0.0299255606001243,0.037991749441128375
2019-02-04 21:00:00,-0.007247511075621382,0.0013962313590984987,-0.026273549640403848,0.028018290970589107,0.6498150544543548,1.0,0.9999999999999993,0.02959336481972108,0.03765695196405949
2019-02-04 21:30:00,-0.0042747991416409725,0.005310071179632558,-0.023689111449485822,0.029268142816845547,0.5940508335584982,0.0,0.6666666666666659,0.032495437007600936,0.04058175265115649
2019-02-04 22:00:00,-0.0037976201007625665,0.00654522593640916,-0.02347651623662561,0.030278065531657624,0.5878169190676459,0.0,0.33333333333333265,0.03282950842404486,0.04091844045390469
2019-02-04 22:30:00,-0.003803512875340642,0.0071519093890290986,-0.022687078998052113,0.03007257970019292,0.5901328999915387,0.03735565447972054,0.012451884826572803,0.03266244569738408,0.04075006932248826
2019-02-04 23:00:00,0.0002541102149726804,0.011556433425167212,-0.017983347578301112,0.029635011841986157,0.5122057835951935,0.0,0.012451884826572803,0.036879350348027806,0.04500000000000015
2019-02-04 23:30:00,0.0005564135582007967,0.012155758316205967,-0.017199159885162518,0.029429129660720376,0.506476528577808,0.0,0.012451884826572803,0.037216265144130345,0.04533955345123708
2019-02-05 00:00:00,-0.0005574345505043876,0.011084158495374252,-0.01709551818008659,0.028264631107432124,0.5264420005300358,0.238660506245084,0.07955350208169396,0.036038020169236074,0.04415208067694465
2019-02-05 00:30:00,-0.0005133123805999285,0.01111243766638026,-0.015858113931045303,0.02703470056582445,0.5259743462273585,0.2330703247110986,0.15724361031872683,0.03606203922659601,0.04417628784717409
2019-02-05 01:00:00,-0.0018715057108659172,0.009604723079871258,-0.01581594634128558,0.025499862089443145,0.5525160177916558,1.0,0.4905769436520601,0.03457496064450405,0.04267756273729062
2019-02-05 01:30:00,-0.0036372467349975457,0.007781715626532293,-0.016363244774619368,0.02424900718212442,0.5859401849740944,1.0,0.7443567749036988,0.03259086392938815,0.04067792693916217
2019-02-05 02:00:00,-0.0034724900623119836,0.007388874936527845,-0.014288454399535855,0.021752370440244313,0.5853728725638522,0.9905394067339208,0.9968464689113061,0.032614723416054314,0.04070197328896907
2019-02-05 02:30:00,-0.005389360117707853,0.004649204288878828,-0.013978018473473797,0.01871451487827977,0.6220250400042099,1.0,0.9968464689113061,0.030400498028636536,0.038470406492817855
2019-02-05 03:00:00,-0.005794547062207722,0.003616506835364852,-0.012607497411186275,0.016297268540480643,0.6325565872706761,1.0,0.9968464689113061,0.02973570819604121,0.037800410147699415
2019-02-05 03:30:00,-0.0028966398947818384,0.00438819392073575,-0.006301406176386637,0.010699835625448422,0.5599478690568803,0.0,0.6666666666666659,0.032614723416054314,0.04070197328896907
2019-02-05 04:00:00,-0.003269790466400302,0.0036622763445328665,-0.005916317914973379,0.00958940171455651,0.5696208995039197,0.13322133601859257,0.37774044533953005,0.03209006928406466,0.040173210161662976
2019-02-05 04:30:00,-0.003141563389286617,0.0034506271584888726,-0.005118063648098081,0.008575840641394132,0.5696208995039198,0.1332213360185945,0.08881422401239486,0.03209006928406466,0.040173210161662976
2019-02-05 05:00:00,-0.005004973154133174,0.001711059055635511,-0.007196193879330015,0.008931748858315172,0.6102666538442035,0.6930129883185647,0.31981855345191645,0.029949297073058156,0.03801567181378207
2019-02-05 05:30:00,-0.0031976412252826547,0.0035001654309492203,-0.005407038021389088,0.008915704008137074,0.5637591874376356,0.07574345042043833,0.30065925825253165,0.03168501973820881,0.03976498834175968
2019-02-05 06:00:00,-0.003933733767686687,0.0026758305908305413,-0.006313158757637605,0.009005367086145593,0.5820831482794031,0.39400041020466636,0.3875856163145556,0.030756988652089534,0.03882968908570916
2019-02-05 06:30:00,-0.010268827203910091,-0.0025474077090958946,-0.014029152356882513,0.011577703899847651,0.6888936077665668,1.0,0.4899146202083674,0.023767524970218945,0.03178548520113633
2019-02-05 07:00:00,-0.00844805201863541,-0.00021562971797695063,-0.012985554121243137,0.012854773517474067,0.6496294800611089,0.6862244009102584,0.6934082703716409,0.025294239107990668,0.03332415628513097
2019-02-05 07:30:00,-0.007285476906327526,0.0014282377443817218,-0.012284973834764568,0.013788058233868314,0.6271258077404954,0.5063884112484225,0.7308709373862263,0.026188890674871956,0.034225814599646576
2019-02-05 08:00:00,-0.004914589173807049,0.003955563293223774,-0.010037857213233137,0.014036106368670248,0.5736272429437144,0.0,0.3975376040528929,0.02843236525981485,0.036486859667694604
2019-02-05 08:30:00,-0.006062083320366063,0.0030631942236742926,-0.011391356926192753,0.014514992760534858,0.5973779181775875,0.206050353634162,0.23747958829419416,0.026990692864529375,0.03503389635757803
2019-02-05 09:00:00,-0.0030732599580641784,0.0058666049172690915,-0.007788706784060961,0.013668447775823144,0.5319823123307339,0.0,0.06868345121138669,0.029949297073058156,0.03801567181378207
2019-02-05 09:30:00,-0.0011170085393249485,0.0074841884715053375,-0.005066565454443173,0.012535600747498488,0.49336182849750965,0.0,0.06868345121138669,0.03192324566467297,0.04000508001016012
2019-02-05 10:00:00,-0.0008293752408476962,0.007507450646691449,-0.004209224482613294,0.011697384818974067,0.4883023170987453,0.0,-6.394884621840901e-16,0.03218542128603086,0.040269308943089444
2019-02-05 10:30:00,-0.006220508704671723,0.001983502520356506,-0.009066319111236454,0.01108909263624387,0.589652012317956,0.9291692570729269,0.309723085690975,0.02635386523356753,0.03439208120894777
2019-02-05 11:00:00,-0.0021678157710562918,0.005803567826827338,-0.004537686667475671,0.010334713234917326,0.512738814103955,0.2411107103218783,0.39009332246493444,0.030448015863865807,0.03851829647905203
2019-02-05 11:30:00,-0.004530270445087137,0.0033755816131593175,-0.006756446378570535,0.010149184501869829,0.553024466069986,0.6386023049329576,0.6029607574425869,0.02781738730450778,0.03586706531738737
2019-02-05 12:00:00,-0.012487723820923669,-0.003004883708016215,-0.01604740461889631,0.013167960803836113,0.6559604984912363,1.0,0.6265710050849447,0.0190750917839142,0.027056301735343125
2019-02-05 12:30:00,-0.00976429511853405,0.0004428194091368187,-0.013965105123424415,0.014506001682220545,0.613916314871703,0.7064398188067458,0.7816807079132339,0.021474285714285557,0.029474285714285786
2019-02-05 13:00:00,-0.007092521282611175,0.0033487131561065198,-0.011528344270783975,0.014938151712160827,0.5735571915326113,0.424645036740381,0.7103616185157083,0.023931721846717657,0.03195096803757602
2019-02-05 13:30:00,-0.0043380760592606205,0.005996928971875537,-0.008422730680964885,0.014437170509288316,0.5329508784005415,0.0,0.377028285182375,0.026589635210879425,0.034629697693650874
2019-02-05 14:00:00,-0.009999517055665152,0.0008421700371719076,-0.01430594774899352,0.015250784371519884,0.6042459763626564,0.579589611849457,0.33474488286327875,0.020331514418137298,0.028322564442110565
2019-02-05 14:30:00,-0.005112564631276517,0.005639732770260419,-0.009043949043517463,0.014708717641755293,0.5362330682030916,0.04053815980747814,0.20670925721897784,0.025153120913907978,0.03318193287913207
2019-02-05 15:00:00,-0.004955924280123147,0.005735785444878072,-0.008761361772440246,0.014519111557430983,0.5367782156868554,0.05368303566042809,0.22460360243912053,0.02510609014795273,0.033134533776809416
2019-02-05 15:30:00,-0.005878679191052449,0.004666317029733413,-0.00927155004077862,0.0139700347030019,0.5512636120987581,0.2568582444188201,0.11702647996224158,0.023908261925491336,0.03192732438253221
2019-02-05 16:00:00,-0.0037624285487051212,0.006592755467902167,-0.0067901843016966446,0.013384260989118005,0.5216408234537167,0.0,0.10351376002641553,0.025929752066115475,0.033964646464646586
2019-02-05 16:30:00,-0.0046465277842592245,0.005402979456274437,-0.007859007158250941,0.013278292541684143,0.5363058325516286,0.4950583577271226,0.2506388673819804,0.02482399614740749,0.032850230467585506
2019-02-05 17:00:00,-0.00038989710525405563,0.009613304097414899,-0.003938761238958199,0.013513723235534552,0.4746266133454036,0.0,0.165019452575707,0.029190272212242574,0.03725070240891726
2019-02-05 17:30:00,-0.0003967245573358591,0.009554634707335419,-0.004216449874414829,0.013734426129124512,0.4749781063743842,0.004586466520065429,0.16654827474906217,0.029166570711373963,0.03722681528222371
2019-02-05 18:00:00,0.002658505013074741,0.012970928681312666,-0.0016739735457048655,0.014562645450860423,0.4323059034505017,0.0,0.0015288221733546217,0.03242387839024152,0.04050963359977833
2019-02-05 18:30:00,0.0012429804427323,0.011630439132966242,-0.0034634071800321298,0.015032461018264703,0.4550136091584273,0.21834347296376758,0.07430997982794381,0.03101857192294366,0.03909332102895391
2019-02-05 19:00:00,-0.0025639243726093275,0.007693282128257595,-0.0070842967209284735,0.014773080553946716,0.5151882626130817,1.0,0.406114490987922,0.026990692864529375,0.03503389635757803
2019-02-05 19:30:00,-0.0033874428614976138,0.006633087978743513,-0.007379236703405123,0.014017554272270218,0.5290242927655829,1.0,0.7394478243212553,0.026000413251601184,0.03403586105562839
2019-02-05 20:00:00,-0.005469785914938741,0.004311404452206569,-0.00885352731628819,0.01319489819288034,0.561437821698489,1.0,0.9999999999999996,0.023626826698428527,0.03164368500618453
2019-02-05 20:30:00,-0.004663978238285016,0.005070885732200159,-0.008174183845928606,0.013265653216430737,0.5505300531305785,0.8975067016464464,0.9658355672154818,0.024260273658637033,0.03228209300726559
2019-02-05 21:00:00,-0.001733458306501734,0.007828169446397526,-0.004879150920219288,0.012688610892320429,0.5019124902493203,0.0,0.6325022338821484,0.0272031443938765,0.03524801176849168
2019-02-05 21:30:00,-0.004237904728729869,0.005236072446286766,-0.007331297442276896,0.012580549429377535,0.5426264833612178,0.6839775961040213,0.5271614325834889,0.02444811223437182,0.03247140270041049
2019-02-05 22:00:00,-0.005188906659181591,0.003258531901901396,-0.008096650691114315,0.01138271806408487,0.5595279877914207,0.9679156107060197,0.55063106893668,0.02325182030498696,0.03126574163117657
2019-02-05 22:30:00,-0.0049416484211275424,0.0030029004518596913,-0.007928253080548009,0.010958139883949052,0.5586561344736688,0.9848677290842669,0.878920311964769,0.023298681077120298,0.03131296940831674
2019-02-05 23:00:00,-0.0034984239648290227,0.00424097744424401,-0.006627770978580694,0.010881734649776998,0.5331580741911822,0.5423121429964293,0.8316984942622382,0.02463601971798668,0.032660781841109765
2019-02-05 23:30:00,-0.0044794596325559155,0.0033055292334216446,-0.007718573707385157,0.011048481661277367,0.5528242891289968,0.7457823046351123,0.757654058905269,0.02343928914945259,0.03145467869738483
2019-02-06 00:00:00,-0.00574730763466802,0.0014572611195582397,-0.00903523605782064,0.010532404325387613,0.5776219498244309,1.0,0.7626981492105135,0.021894722400073174,0.02989801518338986
2019-02-06 00:30:00,-0.00796215173605086,-0.00013114019816085065,-0.011964015353341795,0.011904870787176678,0.616487986039628,1.0,0.9152607682117037,0.019284280631329143,0.027267128911595773
2019-02-06 01:00:00,-0.003304080585587066,0.004520195185304221,-0.007436909585581186,0.011974567968300572,0.5241926827277392,0.0,0.6666666666666662,0.023931721846717657,0.03195096803757602
2019-02-06 01:30:00,-0.0027135284682020533,0.0049575546661813075,-0.006963331302896836,0.011932853288245714,0.5154232819724969,0.0,0.33333333333333287,0.024424628644782453,0.03244773519163768
2019-02-06 02:00:00,0.016685042764683633,0.02849918160434095,0.007859352642552997,0.020271311377317254,0.2964477292187236,0.0,-4.736951571734001e-16,0.0450506278792413,0.053235273484086854
2019-02-06 02:30:00,0.01123461869947917,0.024171747949811806,0.0007153931122241275,0.02316806143110269,0.3673792129815808,0.22163300475836936,0.07387766825278931,0.03991948620095864,0.04806394564155081
2019-02-06 03:00:00,8.394406558687173e-05,0.012897151087320147,-0.010259818797261788,0.023126473786545712,0.4924738845862776,0.8607266696681998,0.36078655814218924,0.02845603295514687,0.036510712724092675
2019-02-06 03:30:00,0.00497021086951821,0.018137902152768337,-0.0057492175831128645,0.023740065643421522,0.44859812408681504,0.6948282260494016,0.5923959668253231,0.033689542710429565,0.041785210371706905
2019-02-06 04:00:00,0.004909322377749659,0.01833866725593758,-0.005807147603870133,0.023995465038959714,0.44742733889206626,0.7702013508873449,0.7752520822016483,0.03383302102852381,0.04192981238577764
2019-02-06 04:30:00,0.007898908742966393,0.02201626538760637,-0.0034552812864133697,0.025237331816716384,0.41952145864919027,0.41682227547133743,0.6272839508026942,0.037240338865034195,0.04536381571312531
2019-02-06 05:00:00,0.01367314567961797,0.029306461707959253,0.00030396430100720906,0.028579373691908792,0.3721671147590218,0.0,0.3956745421195603,0.043757006726457215,0.05193152092675635
2019-02-06 05:30:00,0.013546556081284633,0.03023455241873685,-0.0015439594003737733,0.03132908677989119,0.36916428829715786,0.0,0.13894075849044535,0.04419599046684408,0.052373942707603094
2019-02-06 06:00:00,0.007855036057164755,0.024272999568344167,-0.0078015636923647325,0.03181256395707429,0.43171152305360233,0.7991923938691143,0.26639746462303765,0.038662669083809664,0.04679728536233907
2019-02-06 06:30:00,0.006917244959309121,0.02302751551990201,-0.009207661383238808,0.032013962755333185,0.4390669977074776,1.0,0.599730797956371,0.037987178891624396,0.04611650485436902
2019-02-06 07:00:00,0.003309473406860608,0.019127202566294965,-0.01295402014840974,0.03198250579348265,0.47780087010764277,1.0,0.9330641312897042,0.03440733282410924,0.04250862208642925
2019-02-06 07:30:00,0.006336044335633506,0.02173676051576945,-0.010297440465611207,0.03185201826578769,0.4463878415004215,0.7108429952074441,0.9036143317358142,0.03779434304026741,0.04592215874785199
2019-02-06 08:00:00,0.00680660292539681,0.021486623856006304,-0.010048092598746283,0.03135538666950137,0.439328442272527,0.1652642032440545,0.625369066150499,0.038566116662793304,0.04669997676039972
2019-02-06 08:30:00,0.00766499606297133,0.021547697576532965,-0.009379247134469026,0.030739916137943184,0.4279405452525051,0.0,0.29203573281716566,0.03977431363424855,0.047917636109818584
2019-02-06 09:00:00,0.00912459632511231,0.022398852144354775,-0.008234011344394165,0.03041743443062244,0.4100824680951486,0.0,0.055088067748017645,0.04166472425527945,0.04982285208148807
2019-02-06 09:30:00,-0.0037037000288027144,0.008482694111442646,-0.0206959427711626,0.029357914638410133,0.5537932328300508,1.0000000000000002,0.33333333333333287,0.028266721888589696,0.03631991900784626
2019-02-06 10:00:00,-0.0005093336015593586,0.010166098358116216,-0.016991572124939514,0.02725066984914762,0.5201077130307245,0.7656019723959808,0.5885339907986598,0.031542136971123735,0.03962098654294488
2019-02-06 10:30:00,-0.0010874673186318518,0.007165333741607105,-0.016371792795819018,0.02364597438491179,0.5261803599175771,0.8078580058813958,0.857819992759125,0.03089965397923855,0.0389734717416379
2019-02-06 11:00:00,0.001953323349113134,0.008621480707630358,-0.012603894221458467,0.021267723363554425,0.4926146186956075,0.5742934480426911,0.7159178087733554,0.034120097188476084,0.04221913687377077
2019-02-06 11:30:00,0.00012012286177598419,0.0052083948348999876,-0.013595238277411381,0.018882816726129206,0.5122238329261257,0.32052400185832686,0.5675584852608041,0.032233103894304005,0.04031736499283989
2019-02-06 12:00:00,0.001404434829956891,0.0064073838612976886,-0.011028532903764154,0.017476297051755022,0.4970360047130535,0.13172317537120432,0.34218020842407365,0.03361781848459611,0.041712924414839536
2019-02-06 12:30:00,0.012628848132055337,0.018709418863128047,-0.000497180650892104,0.019033280197561085,0.3895807225165796,0.0,0.15074905907650987,0.045735345735345545,0.053925353925354136
2019-02-06 13:00:00,0.007060538535030858,0.012279272802195651,-0.005740479999758241,0.017961031071606164,0.44713216571231884,0.46925948798555284,0.2003275544522519,0.04028259503247256,0.04842989827509947
2019-02-06 13:30:00,0.009131737011671026,0.014502114429330693,-0.003975921453017062,0.0183812933618075,0.42700286129585163,0.3051303791489559,0.2581299557115024,0.042807140357017825,0.05097421537743574
2019-02-06 14:00:00,0.007079782816588276,0.012365034126119667,-0.006043114722441234,0.018350144780387084,0.44635964514143145,0.5283958262846109,0.43426189780637264,0.040985324947588886,0.04913813184253435
2019-02-06 14:30:00,0.009582370273640617,0.015312681478970358,-0.0038752997423405766,0.019078875032882654,0.4212276946387527,0.5498901567861305,0.4611387874065652,0.043976452449365544,0.05215268530847772
2019-02-06 15:00:00,0.0016968679950437604,0.007525184893348857,-0.01090711855274662,0.018463524653844435,0.5030513417226087,1.0,0.6927619943569132,0.03589392920887313,0.04400686122250308
2019-02-06 15:30:00,0.004112964747137182,0.009949563915396809,-0.007641871607706907,0.01757116110644245,0.47882387085290756,0.7039062455273855,0.7512654674378381,0.038566116662793304,0.04669997676039972
2019-02-06 16:00:00,0.0010012723521308775,0.007036649289747121,-0.010537413851168909,0.017604878408135776,0.5091015816882047,1.0,0.9013020818424612,0.03538992632408133,0.04349891107919013
2019-02-06 16:30:00,-0.0016158058181664492,0.004795801721305892,-0.013130290376051623,0.01800110710884335,0.5346847623075359,1.0,0.9013020818424612,0.032614723416054314,0.04070197328896907
2019-02-06 17:00:00,-0.006513642902126526,0.0007852811220470102,-0.018731169911327727,0.019693156632795663,0.5803664669935327,1.0,0.9999999999999994,0.02727398110475132,0.03531940325954541
2019-02-06 17:30:00,-0.0017610275613797466,0.005932494283434897,-0.013992726621365859,0.020005846791428653,0.5296001711005359,0.5000492618615822,0.8333497539538602,0.03211390563292449,0.0401972331924525
2019-02-06 18:00:00,-5.573415492121647e-06,0.00791865925232238,-0.012029896325178813,0.019989646665723962,0.5116441827778228,0.03567817556605153,0.5119091458092107,0.033928695370520234,0.04202623603174249
2019-02-06 18:30:00,0.0039228421615074005,0.01202869404650908,-0.007823987562899815,0.01981103182243347,0.471754463974559,0.0,0.17857581247587734,0.03815596905707719,0.04628661695356251
2019-02-06 19:00:00,0.004150074384854152,0.012330961745575575,-0.0070369808020498414,0.01931681113261256,0.46795937447054853,0.0,0.01189272518868331,0.038566116662793304,0.04669997676039972
2019-02-06 19:30:00,0.002219320626934973,0.009461042128938502,-0.008658425505961631,0.01811219905887862,0.48855011395554165,0.3340440197194986,0.11134800657316565,0.03666287782133648,0.04478183210002551
2019-02-06 20:00:00,-0.0029558074956540503,0.004180363463383463,-0.013915468913567985,0.01818434563811626,0.5436802980965819,0.9999999999999999,0.44468133990649894,0.03118510314273837,0.03926115649083961
2019-02-06 20:30:00,-0.0035467005190567003,0.003517009144178296,-0.014674491274684898,0.018293555427757423,0.5509642398590276,1.0,0.7780146732398323,0.030424256398432048,0.03849435093382536
2019-02-06 21:00:00,-0.0030321983615866355,0.004312546752281099,-0.014371827540233362,0.018778825029433777,0.5459781951361674,0.9399306932247334,0.9799768977415773,0.03082831637948913,0.03890157543883932
2019-02-06 21:30:00,-0.0049636961469967655,0.0027289634770528703,-0.01669802852331903,0.019563634844211968,0.5689592418763484,1.0000000000000002,0.9799768977415773,0.02862173732909823,0.0366777148644295
2019-02-06 22:00:00,-0.00523091639829476,0.0030091345272524883,-0.017406263383628162,0.020563425050974277,0.5742003059585795,1.0,0.9799768977415773,0.028124784319138563,0.03617686980928081
2019-02-06 22:30:00,-0.004057323877401875,0.004135728529385707,-0.014936456254326269,0.019175740761154723,0.558867279661195,0.45670164808480423,0.8189005493616008,0.029166570711373963,0.03722681528222371
2019-02-06 23:00:00,-0.0077828195546377765,0.0013126453421978823,-0.01871860864495234,0.020207116148215406,0.6046074914091608,1.0,0.8189005493616008,0.024988532110091555,0.03301605504587157
2019-02-06 23:30:00,-0.007892861806726659,0.0017309677840067206,-0.01824899891723064,0.02014635576712852,0.6092907443675065,1.0,0.8189005493616008,0.024542057360324554,0.03256608358742752
2019-02-07 00:00:00,-0.005788026239674893,0.004052675308242604,-0.015440690100260612,0.0196049964030208,0.577498931087705,0.36950359391265436,0.7898345313042175,0.026471736683740144,0.034510875806785135
2019-02-07 00:30:00,-0.009232878914755882,0.000666742375535323,-0.017644204908428107,0.018467714751595168,0.6211178570790663,1.0,0.7898345313042175,0.022526026770392393,0.030534263814208984
2019-02-07 01:00:00,-0.007234465256187872,0.0031647236126797207,-0.015612580591824354,0.018894904740425836,0.5917467895796349,0.3266439548454638,0.5653825162527055,0.02428374971349978,0.0323057529223012
2019-02-07 01:30:00,-0.009480013517088492,0.0014156614487133012,-0.017497131754571793,0.01906609865295305,0.6215546178501751,1.0,0.7755479849484874,0.021567686188451285,0.029568417683902615
2019-02-07 02:00:00,-0.009695259766903108,0.0018793475239891055,-0.017788698036864337,0.019825752987584096,0.6283563250282962,1.0,0.7755479849484874,0.020937564251936047,0.028933360747492864
2019-02-07 02:30:00,-0.010162020112251313,0.002184447133066092,-0.018641125668628855,0.020998354385645276,0.6384640119480984,1.0,0.9999999999999994,0.020028759244042682,0.02801743814480062
2019-02-07 03:00:00,-0.01002392047366818,0.002911858424008873,-0.019179200519666373,0.02227221380426613,0.6416931120980323,1.0,0.9999999999999994,0.01974945235487402,0.02773594377510058
2019-02-07 04:00:00,-0.009609121117375441,0.0039226757555548275,-0.018949031778649705,0.023044847576294106,0.6411791716203726,0.9744796968763264,0.9914932322921082,0.019772722086575323,0.027759395751089766
2019-02-07 04:30:00,-0.007143217575720673,0.00655790768404696,-0.016073767450326182,0.022739869840626602,0.5921480669000698,0.0,0.6581598989587748,0.022011571797745155,0.030015779724198
2019-02-07 05:00:00,-0.006557578228284733,0.006639438307762147,-0.013994229788559576,0.02070982632342775,0.5851209143748518,0.0,0.3248265656254415,0.022338892320362236,0.030345663761352615
2019-02-07 05:30:00,-0.008152811811425575,0.004255178616091815,-0.013723647495951452,0.018064346965582494,0.6149947692933051,0.5280660133557531,0.1760220044519171,0.020354810721950667,0.02834604319831957
2019-02-07 06:30:00,-0.006787570076918215,0.004656878326711356,-0.010476306898142052,0.015177346968145884,0.5891938645098214,0.07265566814057534,0.20024056049877553,0.021474285714285557,0.029474285714285786
2019-02-07 07:00:00,-0.00516714481312841,0.0058863910848088175,-0.008074634996182661,0.013976317877240626,0.556705760652522,0.0,0.20024056049877553,0.022923915033876474,0.03093526826588544
2019-02-07 07:30:00,9.413239774369586e-05,0.011001091560851606,-0.002413489738404384,0.013357228021406296,0.4562092342916252,0.0,0.024218556046857836,0.02833770537070257,0.03639145841962366
2019-02-07 08:00:00,-0.0006165719947719417,0.009905758214504123,-0.0024810628822460323,0.012341006988259682,0.4705302337140548,0.0901908314398923,0.030063610479963487,0.027581053115658616,0.03562888020234545
2019-02-07 08:30:00,-0.0029489891535886548,0.007246272314245683,-0.004402039912935973,0.01163177049791415,0.516392258614518,0.45255624070350664,0.1809156907144657,0.025059063697043138,0.03308713902332738
2019-02-07 09:00:00,-0.0023057033098483615,0.00764464232502271,-0.0034539737917588242,0.011075409431882038,0.5058092064469437,0.49354912006807333,0.34543206407049015,0.02562366603171684,0.03365616322034293
2019-02-07 09:30:00,-0.0019071964622610071,0.0076478139779121435,-0.0025007720348027007,0.010122535455435023,0.49937990551308503,0.7173230608990566,0.5544761405568781,0.025953304713147718,0.033988383571707415
2019-02-07 10:30:00,-0.006999949839507025,0.002526476580261061,-0.007739400430017862,0.010292704552799724,0.5932405138954565,1.0,0.7369573936557093,0.02042470601666846,0.028416485900216948
2019-02-07 11:00:00,-0.008812194450440791,0.0010023454950718325,-0.009958623547522305,0.011010274582893173,0.6241133089207213,1.0,0.9057743536330183,0.01819279578956956,0.02616709575995091
2019-02-07 11:30:00,-0.01201173457624971,-0.001329509725751854,-0.013862863444152107,0.012629288147604651,0.6701693467181417,1.0,0.9999999999999994,0.014402451481102974,0.022347066167290874
2019-02-07 12:00:00,-0.01100171067457456,0.0003104914027114436,-0.013637768259402994,0.014041829335679983,0.6569549882920863,0.922627778785284,0.9742092595950942,0.014978423801953022,0.022927549398137792
2019-02-07 12:30:00,-0.006343243817199751,0.004966048534850165,-0.008987948842826055,0.01398211471341225,0.5636047458066965,0.0,0.6408759262617609,0.019493555378122362,0.027478042659975
2019-02-07 13:00:00,-0.004960627364824943,0.006211112688525144,-0.007777930859964255,0.014000011284529913,0.5415075204937869,0.0,0.3075425929284275,0.020704382979695124,0.028698353242126107
2019-02-07 13:30:00,-0.00264335873196353,0.008367828361988128,-0.005696492007094434,0.014045560161340542,0.5019713072849634,0.0,-4.736951571734001e-16,0.022970745776679014,0.03098246577851027
2019-02-07 14:00:00,-0.009356456278045266,0.0018273125132539647,-0.012977565928107282,0.01488788026021691,0.6027579684989073,0.6503049905577594,0.21676833018591932,0.01569353848951094,0.023648264733289404
2019-02-07 14:30:00,-0.01417449441066021,-0.0017484591408769568,-0.019295844656593952,0.01773398520178007,0.6598388637673716,0.9999999999999999,0.5501016635192526,0.010160488245931187,0.01807188065099452
2019-02-07 15:00:00,-0.012482556090116392,0.0007550198671237851,-0.0186018979081789,0.019531203276740152,0.6381226913819386,0.8624405617638544,0.8375818507738707,0.011372123022608482,0.019293004729898033
2019-02-07 15:30:00,-0.011541913880939725,0.0023704356857359166,-0.018280864522399742,0.02081690313610901,0.6292853602943683,0.8064611617878056,0.889633907850553,0.011853009102024137,0.019777657021238237
2019-02-07 16:00:00,-0.013961956470948444,0.000983643786610866,-0.021570551235822966,0.022788770173657134,0.6614994933280076,1.0,0.889633907850553,0.008792325056433459,0.016693002257336387
2019-02-07 16:30:00,-0.011679044413739237,0.0038656616461567594,-0.01987461707255933,0.023931840603462325,0.6260831568378562,0.0,0.6021537205959347,0.010640222528777166,0.018555372125104608
2019-02-07 17:00:00,-0.013256708844115894,0.0030693599081976775,-0.022058844044138715,0.02536907679298827,0.6497671163020781,0.6687297956638707,0.5562432652212899,0.008473620074919808,0.016371801236629624
2019-02-07 17:30:00,-0.010743024669846446,0.005987360911819728,-0.019605325227418424,0.025768140951214602,0.6090939841865693,0.0,0.22290993188795652,0.010594513918726456,0.01850930553357011
2019-02-07 18:00:00,-0.0007914871463600148,0.015611964836434344,-0.00857254224267634,0.024099683152069232,0.46206082387423264,0.0,0.22290993188795652,0.020727696313553423,0.02872184916175624
2019-02-07 18:30:00,-0.002511438111981845,0.01328722154493267,-0.00906032810642321,0.022300418904184903,0.48639252470741995,0.1296264526802714,0.04320881756009009,0.018865988783001164,0.02684556107792635
2019-02-07 19:00:00,-0.006611467494918144,0.008756557029876433,-0.012270346611083838,0.021063910715966812,0.5404019412369145,0.4173601020477051,0.18232885157599177,0.014402451481102974,0.022347066167290874
2019-02-07 19:30:00,-0.004572387701339942,0.010212825743976417,-0.009093957347462545,0.019295988255719463,0.5155941903917928,0.3640904296951878,0.3036923281410544,0.01629408955495415,0.024253519204966878
2019-02-07 20:00:00,-0.007989918930420004,0.0060013772837803625,-0.011094378937648863,0.0171394017220877,0.5596633016142717,1.0,0.5938168439142972,0.012471963569632205,0.02040145902716417
2019-02-07 20:30:00,-0.007633400171489502,0.00614548012917826,-0.010373225558185206,0.01655369809809704,0.5590034503878266,0.990994346528031,0.7850282587410724,0.012517842173233262,0.020447696943607374
2019-02-07 21:00:00,-0.00852068593068156,0.005197400748509606,-0.011227904007019784,0.01647498096873731,0.573882193913124,1.0,0.9969981155093433,0.01125769370021712,0.0191776792179581
2019-02-07 21:30:00,-0.007129130450716725,0.006454569317209113,-0.010072356961910778,0.016556875909670282,0.5558878377507422,0.69128542624047,0.8940932575894999,0.012380218834243228,0.02030899576376788
2019-02-07 22:00:00,-0.004097154986784424,0.009349541751438206,-0.007238945604584046,0.016571000011635237,0.5111519643485376,0.0,0.5637618087468229,0.015301254089421956,0.023252908033442488
2019-02-07 23:00:00,-0.004023428887500846,0.009140131736651291,-0.006791199433154871,0.01591264231002807,0.5124827242685682,0.021214013232017687,0.23749981315749547,0.015208995910949374,0.0231599273057701
2019-02-07 23:30:00,0.0009847098212194538,0.01421711563697059,-0.001684579904747241,0.015802671767422827,0.44076725745365086,0.0,0.007071337744005462,0.020354810721950667,0.02834604319831957
2019-02-08 00:00:00,0.0015393340459275429,0.014544001394032335,-0.0005758489643437059,0.015014984561831642,0.4328340198657358,0.0,0.007071337744005462,0.020984213291905585,0.028980375134221248
2019-02-08 00:30:00,0.0027998208086403853,0.01641795536644275,-0.00034419818861786133,0.016628512221224464,0.4149601063801866,0.0,-4.337271282868945e-16,0.022385669511106876,0.030392807302509706
2019-02-08 01:00:00,0.0023595085442760233,0.015897633740282968,-0.001690983234865051,0.01746456052136901,0.42139300394551976,0.06596313454890879,0.02198771151630249,0.022034944884050667,0.030039335864245675
2019-02-08 01:30:00,0.0006838084914539966,0.01394088527729509,-0.003933579007604826,0.017785471952410637,0.4525117357362857,1.0,0.35532104484963584,0.020354810721950667,0.02834604319831957
2019-02-08 02:00:00,0.000656992472181317,0.01363149366633265,-0.004464408411300469,0.01801333717881019,0.4525117357362857,1.0,0.6886543781829692,0.020354810721950667,0.02834604319831957
2019-02-08 02:30:00,-0.0005307756263150942,0.011427746101905223,-0.005712939141974904,0.017091846940952095,0.47654592802437823,1.0,0.9999999999999996,0.019121570773756424,0.02710314474014286
2019-02-08 03:00:00,0.0034921901086166773,0.015136799998153316,-0.002322217571262386,0.017347864748043607,0.40998717319780276,0.0,0.6666666666666663,0.02336898028349621,0.031383819185234474
2019-02-08 03:30:00,-0.001455790299190296,0.008712761922622603,-0.0069127254661901505,0.01561143681111415,0.5004088528086043,1.0,0.6666666666666663,0.018262395187750524,0.02623724024790386
2019-02-08 04:00:00,-0.003514430948113878,0.005629938924066158,-0.008781013153919437,0.01443369289684999,0.5344416422677152,1.0,0.6666666666666663,0.01601682391724446,0.02397408207343421
2019-02-08 04:30:00,-0.005591675469398094,0.0036978352850209895,-0.010777019625078266,0.014526271988690163,0.5677840332764527,1.0,0.9999999999999996,0.013666160092544066,0.021605008279084625
2019-02-08 05:00:00,-0.0011496270674936637,0.008145286685904196,-0.006345455277709022,0.014477713242107147,0.49514920117954214,0.5396940594337079,0.8465646864779022,0.018146401476317298,0.026120338094912654
2019-02-08 05:30:00,-0.0024800060590008943,0.00648004262559132,-0.007774518920069973,0.014263793617014593,0.5167684474196529,0.2976429574624203,0.612445672298709,0.01668714168714147,0.024649649649649774
2019-02-08 06:00:00,-0.004796860649422197,0.004173138391021736,-0.010288825866912599,0.014506322324815869,0.5530822877750448,0.7975937291106752,0.5449769153356008,0.014126216896997557,0.02206866816438624
2019-02-08 06:30:00,-0.007162300955504186,0.0016913173562362882,-0.01302774374528437,0.014802967477092557,0.588485731347409,1.0,0.698412228857698,0.011417902002942126,0.01933914224284261
2019-02-08 07:00:00,-0.006190082843938183,0.0024820819319091303,-0.012340981666923434,0.014896495124751616,0.5751789333263421,0.8574320472687971,0.8850085921264905,0.01215092972164955,0.020077910900731633
2019-02-08 07:30:00,-0.009115755173111806,-0.0002771303437129058,-0.015941831281571006,0.015792772120346566,0.6179198775078303,1.0,0.9524773490895988,0.008792325056433459,0.016693002257336387
2019-02-08 08:00:00,-0.00610759203252953,0.0026411314173229172,-0.013259779129935367,0.015985784252954154,0.5665564805480743,0.20781452284948576,0.6884155233727607,0.011601059374787726,0.01952373406976493
2019-02-08 08:30:00,-0.0034409682522617002,0.005306219861981987,-0.010757258100948852,0.016107378932175398,0.5238561521004186,0.0,0.40260484094982835,0.014172245546351991,0.02211505730171348
2019-02-08 09:30:00,-0.021279534034618908,-0.008225163698269311,-0.032689595364705504,0.02497536212843392,0.7044268352276742,1.0,0.40260484094982835,-0.004865502805736277,0.0029282087823996328
2019-02-08 10:00:00,-0.03349498583744792,-0.013185129320518851,-0.05109242887008436,0.03916604853135048,0.7737125521473428,1.0,0.6666666666666664,-0.0186758893280633,-0.010990338164251101
2019-02-08 10:30:00,-0.029584567041929133,-0.0049883404849996316,-0.05026015664137551,0.046557944384648435,0.7363583671381675,0.8504973856897,0.9501657952298997,-0.01593156144716279,-0.008224517208728632
2019-02-08 11:00:00,-0.031187815315143363,-0.002801073334134263,-0.054178376916152904,0.05288395286260521,0.7501662007834905,0.9057604633724405,0.9187526163540467,-0.018848248002107826,-0.011164046719943754
2019-02-08 11:30:00,-0.029044233664719865,0.0021900588812464594,-0.05334273013369295,0.05699039447141109,0.7363227862960607,0.46035391544504667,0.7388705881690621,-0.017877942113706857,-0.010186141573083063
2019-02-08 12:00:00,-0.028417499792345646,0.005178784126881775,-0.05360173264208279,0.060238991562483385,0.739202185337374,0.07701035231849358,0.4810415770453267,-0.018417237743806103,-0.010729660868037172
2019-02-08 12:30:00,-0.025701074051101114,0.009562165407890122,-0.051001109302280856,0.06184466348023337,0.7130395114271608,0.0,0.17912142258784652,-0.01673267326732686,-0.00903190319031899
2019-02-08 13:00:00,-0.026973782171587524,0.009812784072200875,-0.05227014892371984,0.06342945679056619,0.7278038476756913,0.3976744628864494,0.15822827173498075,-0.019128201751498097,-0.011446193015956507
2019-02-08 13:30:00,-0.03330552608933823,0.0052858307247640735,-0.05830603802378098,0.0653236042684614,0.7695598003568985,1.0,0.4658914876288162,-0.026881369218709317,-0.01926008187440109
2019-02-08 14:00:00,-0.030682978398925198,0.009545044881787312,-0.055507669448395025,0.06658287620087514,0.7474487561249115,0.6087945647363182,0.668823009207589,-0.025502082470180487,-0.017869992804029677
2019-02-08 14:30:00,-0.02905306095611182,0.012352810505583234,-0.05337772433254062,0.06710706563045875,0.7400506771710792,0.4779021171936484,0.6955655606433219,-0.02505563069941985,-0.017420044504559473
2019-02-08 15:00:00,-0.02998496598171796,0.012491537730864977,-0.05383241713878972,0.06772383634535228,0.75284654609777,0.5997396015191283,0.5621454278163646,-0.027220287331301773,-0.019601654331736884
