timestamp,ema50_dist_trx_btc_30m,ema200_dist_trx_btc_30m,lower_bb_dist_trx_btc_30m,width_bb_trx_btc_30m,rsi_trx_btc_30m,stoch_rsi_fastk_trx_btc_30m,stoch_rsi_fastd_trx_btc_30m,kijun_dist_trx_btc_30m,tenkan_dist_trx_btc_30m
2019-01-29 16:00:00,,,,,,,,-0.046424090338770374,-0.046424090338770374
2019-01-29 16:30:00,,,,,,,,-0.060568603213844274,-0.060568603213844274
2019-01-29 17:00:00,,,,,,,,-0.053549190535491786,-0.053549190535491786
2019-01-29 17:30:00,,,,,,,,-0.04881101376720898,-0.04881101376720898
2019-01-29 18:00:00,,,,,,,,-0.046424090338770374,-0.046424090338770374
2019-01-29 18:30:00,,,,,,,,-0.046424090338770374,-0.046424090338770374
2019-01-29 19:00:00,,,,,,,,-0.046424090338770374,-0.046424090338770374
2019-01-29 19:30:00,,,,,,,,-0.04881101376720898,-0.04881101376720898
2019-01-29 20:00:00,,,,,,,,-0.04881101376720898,-0.04881101376720898
2019-01-29 20:30:00,,,,,,,,-0.04881101376720898,-0.04881101376720898
2019-01-29 21:00:00,,,,,,,,-0.046424090338770374,-0.046424090338770374
2019-01-29 21:30:00,,,,,,,,-0.04282115869017633,-0.04282115869017633
2019-01-29 22:00:00,,,,,,,,-0.04040404040404044,-0.04040404040404044
2019-01-29 22:30:00,,,,,,,,-0.045226130653266305,-0.045226130653266305
2019-01-29 23:00:00,,,,,0.5,,,-0.046424090338770374,-0.046424090338770374
2019-01-29 23:30:00,,,,,0.5,,,-0.046424090338770374,-0.046424090338770374
2019-01-30 00:00:00,,,,,0.4456008881487653,,,-0.04161412358133676,-0.04161412358133676
2019-01-30 00:30:00,,,,,0.47628219349373796,,,-0.04402515723270439,-0.04402515723270439
2019-01-30 01:00:00,,,,,0.4040413146676815,,,-0.03675538656527255,-0.03675538656527255
2019-01-30 01:30:00,,0.020838973762969504,-0.001193853357393082,0.021818513458382333,0.4040413146676815,,,-0.03675538656527255,-0.03675538656527255
2019-01-30 02:00:00,,0.02113124625894791,-0.002500067551723606,0.02341320599814141,0.40404131466768156,9.835743242700084e-16,3.278581080900028e-16,-0.03675538656527255,-0.03675538656527255
2019-01-30 02:30:00,,0.016588030523644326,-0.002917144447695086,0.019372753617498364,0.42228184621600234,0.25249598073468776,0.08416532691156292,-0.03797468354430389,-0.03797468354430389
2019-01-30 03:00:00,,0.011129023804791416,-0.00633709442269792,0.017424370052080806,0.47426843569322125,1.0,0.4174986602448963,-0.04161412358133676,-0.04161412358133676
2019-01-30 03:30:00,,0.006833598090498549,-0.009974301608086211,0.016834335526987834,0.5207150232545291,1.0,0.7508319935782292,-0.045226130653266305,-0.045226130653266305
2019-01-30 04:00:00,,0.004474341293051465,-0.012494391418364503,0.017037051715790143,0.549302036289386,0.9999999999999999,1.0,-0.04761904761904756,-0.04761904761904756
2019-01-30 04:30:00,,0.00463544803311966,-0.012530184875224948,0.017233660515643255,0.549302036289386,1.0,1.0,-0.04761904761904756,-0.04761904761904756
2019-01-30 05:00:00,,0.002694271909916557,-0.015194271909916401,0.01800105038473755,0.5784616283414236,1.0,1.0,-0.04999999999999993,-0.04999999999999993
2019-01-30 05:30:00,,0.0019063393894938052,-0.016637924907595858,0.018681871087874252,0.5926527058299996,1.0,1.0,-0.05118601747815221,-0.05118601747815221
2019-01-30 06:00:00,,0.004414240113872925,-0.014176442867314565,0.018681871087874252,0.5525852105743684,0.07573526129524936,0.6919117537650831,-0.04881101376720898,-0.04881101376720898
2019-01-30 06:30:00,,0.0013658114794792287,-0.018198729185215035,0.019730602468512874,0.5966370337317137,1.0,0.6919117537650831,-0.052369077306733125,-0.052369077306733125
2019-01-30 07:00:00,,0.0033197768365764713,-0.017177454739198073,0.020640244505871323,0.5762693110995246,0.5376417779704775,0.537792346421909,-0.05118601747815221,-0.05118601747815221
2019-01-30 07:30:00,,0.008541171657949098,-0.012054346061964316,0.020631759204086223,0.5023907283089543,0.0,0.5125472593234925,-0.046424090338770374,-0.046424090338770374
2019-01-30 08:00:00,,0.008665839713710044,-0.011551661545579961,0.020246715466047893,0.5023907283089543,0.0,0.17921392599015917,-0.046424090338770374,-0.046424090338770374
2019-01-30 08:30:00,,0.008748023121982973,-0.01150837443942343,0.020284393587687976,0.5023907283089543,0.0,0.0,-0.046424090338770374,-0.046424090338770374
2019-01-30 09:00:00,,0.0053846545715907634,-0.015259654571590842,0.020746746202556694,0.5557418748101387,0.7221463174574335,0.24071543915247784,-0.04999999999999993,-0.04999999999999993
2019-01-30 09:30:00,,0.00367956546321091,-0.017894029303609726,0.021728020850169644,0.5874944201486808,1.0,0.5740487724858112,-0.052369077306733125,-0.052369077306733125
2019-01-30 10:00:00,,0.0034619896989163124,-0.018904081853337473,0.022540104739532895,0.6027815944319092,1.0,0.9073821058191446,-0.053549190535491786,-0.053549190535491786
2019-01-30 10:30:00,,0.005442222231056615,-0.01753698532332615,0.023119017071586163,0.5796478311195364,0.7695630667829942,0.9231876889276647,-0.052369077306733125,-0.052369077306733125
2019-01-30 11:00:00,,0.0034510983743474277,-0.018625227727581684,0.02224510112288643,0.6117416767014263,1.0,0.9231876889276647,-0.05472636815920384,-0.05472636815920384
2019-01-30 11:30:00,,-0.00027469591722351083,-0.022373818934262713,0.022352245600260015,0.6665724777001446,1.0,0.9231876889276647,-0.05940594059405946,-0.05940594059405946
2019-01-30 12:00:00,,0.0004575669731576859,-0.02075459667612889,0.02142964269645353,0.6665724777001446,1.0,1.0,-0.05940594059405946,-0.05940594059405946
2019-01-30 12:30:00,,-0.0009524407378735944,-0.02176360864484339,0.021050257248558333,0.6918108064515871,1.0,1.0,-0.06172839506172845,-0.06172839506172845
2019-01-30 13:00:00,,0.007435521250784394,-0.011669643293126364,0.019145697153076638,0.5382457276544346,0.0,0.6666666666666667,-0.053549190535491786,-0.053549190535491786
2019-01-30 13:30:00,,0.028272461002794014,0.004468655748474104,0.023420400225251638,0.3559234798405779,0.0,0.33333333333333337,-0.035532994923857975,-0.035532994923857975
2019-01-30 14:00:00,,0.025051786573158763,-0.000905136762792802,0.025647275446552754,0.3997188743237859,0.13038715966180922,0.0434623865539364,-0.03919089759797734,-0.03919089759797734
2019-01-30 14:30:00,,0.019994608063769626,-0.00640970240339267,0.02622617044152166,0.4531150739771681,0.2893577293231657,0.13991496299499162,-0.04402515723270439,-0.04402515723270439
2019-01-30 15:00:00,,0.02136138436507018,-0.0059961450703602814,0.027148954345371446,0.4425173964454969,0.47494980806362014,0.298231565682865,-0.04282115869017633,-0.04282115869017633
2019-01-30 15:30:00,,0.018650638605386405,-0.008977271771215989,0.02749492612336738,0.4692538454220976,1.0,0.588102512462262,-0.045226130653266305,-0.045226130653266305
2019-01-30 16:00:00,,0.02400910017219382,-0.005069706232800786,0.028806022104760215,0.4253196632630072,0.36817141842233253,0.6143737421619843,-0.04040404040404044,-0.04040404040404044
2019-01-30 16:30:00,0.0070959595959596555,0.023863105839009302,-0.006186338162242122,0.029786182289100235,0.4253196632630072,0.0,0.4560571394741109,-0.04040404040404044,-0.04040404040404044
2019-01-30 17:00:00,0.01296509455116257,0.030810148218151534,-0.0020935027289523678,0.03243789715065861,0.37449030106607695,0.0,0.12272380614077756,-0.03430749682337986,-0.03430749682337986
2019-01-30 17:30:00,0.011221582093572158,0.029886713080621075,-0.0048867130806217185,0.0343441246036967,0.39018707850059814,0.16564151901652585,0.05521383967217534,-0.035532994923857975,-0.035532994923857975
2019-01-30 18:00:00,0.01573848859036131,0.03593704749722293,-0.0022635781094677565,0.037568101449630534,0.35212298418406035,0.0,0.05521383967217534,-0.030612244897959107,-0.030612244897959107
2019-01-30 18:30:00,0.015121292959366706,0.036471146296481294,-0.004455840174032111,0.04028216357150532,0.35212298418406035,0.0,0.05521383967217534,-0.030612244897959107,-0.030612244897959107
2019-01-30 19:00:00,0.017022706743067717,0.03938572322838385,-0.004475237294880086,0.04310849133311435,0.3332700777743158,0.0,4.736951571734001e-17,-0.028132992327365658,-0.028132992327365658
2019-01-30 19:30:00,0.021379002897849553,0.0449346875425114,-0.0026467698047222266,0.046596228606139725,0.298811601313457,0.0,4.736951571734001e-17,-0.023136246786632397,-0.023136246786632397
2019-01-30 20:00:00,0.008087248643172451,0.030427361930178254,-0.015960356854036184,0.046054582842334484,0.45149863381143973,1.0,0.33333333333333337,-0.035532994923857975,-0.035532994923857975
2019-01-30 20:30:00,0.016451127127367515,0.03880628192399027,-0.008972735189034742,0.047076783404115946,0.38783427828990624,0.5830401935254416,0.5276800645084806,-0.02688860435339302,-0.02688860435339302
2019-01-30 21:00:00,0.019571757246767074,0.04149660707033109,-0.007177841003492613,0.047853314717172996,0.3641362752885008,0.42783380426171314,0.6702913325957183,-0.023136246786632397,-0.023136246786632397
2019-01-30 21:30:00,0.010069052822811564,0.028902269797297153,-0.015653862153984344,0.0442629253122702,0.4487727737886533,0.9821474032326718,0.6643404670066089,-0.031847133757961665,-0.031847133757961665
2019-01-30 22:00:00,0.013397174585763949,0.029008699255516746,-0.01136164043198673,0.04001724633746694,0.42279897555548585,0.6714871399858313,0.6938227824934055,-0.028132992327365658,-0.028132992327365658
2019-01-30 22:30:00,0.01038797858586693,0.02063286726752578,-0.011449193798137802,0.031935418836313255,0.4458265452118518,0.9651896211562176,0.872941388124907,-0.030612244897959107,-0.030612244897959107
2019-01-30 23:00:00,0.007510467129538068,0.014197367184700438,-0.0122889702381348,0.026461088292784738,0.4686552911595211,1.0,0.8788922537140165,-0.03307888040712459,-0.03307888040712459
2019-01-30 23:30:00,0.002314671904368737,0.009295355968958807,-0.017270039513262447,0.026671744844576073,0.5119573725162746,1.0,0.9883965403854059,-0.03797468354430389,-0.03797468354430389
2019-01-31 00:00:00,0.0034444431874081083,0.010292308758313995,-0.015995730811545483,0.02636321985461601,0.5009656674435252,0.87671710744661,0.9589057024822034,-0.03675538656527255,-0.03675538656527255
2019-01-31 00:30:00,0.008221946248742285,0.013913534898944091,-0.01072882152314747,0.02460317938485458,0.4585556912992697,0.1924843012899462,0.6897338029121854,-0.031847133757961665,-0.031847133757961665
2019-01-31 01:00:00,0.015360496424724257,0.020508711414946257,-0.0038206497974875298,0.024128036135564624,0.40339088609271356,0.0,0.35640046957885213,-0.024390243902439046,-0.024390243902439046
2019-01-31 01:30:00,0.014758124015911367,0.018244064061785137,-0.003738287425070874,0.021824063988097532,0.4033908860927135,0.0,0.06416143376331547,-0.024390243902439046,-0.024390243902439046
2019-01-31 02:00:00,0.014179374054503091,0.016941669592569264,-0.004104699117600585,0.02091214441992637,0.4033908860927135,0.0,7.105427357601002e-17,-0.024390243902439046,-0.024390243902439046
2019-01-31 02:30:00,0.016131447927787645,0.01817352925394977,-0.0020860131664334203,0.020097879936977658,0.3841509043205333,0.0,7.105427357601002e-17,-0.02187902187902191,-0.02187902187902191
2019-01-31 03:00:00,0.016756938977022795,0.019294906123559885,-0.0020268648864462113,0.021139254252925375,0.3745320736992397,0.0,7.105427357601002e-17,-0.020618556701030966,-0.020618556701030966
2019-01-31 03:30:00,0.009845744461909556,0.011884228476020553,-0.008427122202012693,0.020276302012582636,0.44884266191902517,1.0,0.3333333333333334,-0.02688860435339302,-0.02688860435339302
2019-01-31 04:00:00,0.00821891567155153,0.010417137619533445,-0.009777751430275039,0.02018843494656473,0.46259455219640955,1.0,0.6666666666666667,-0.028132992327365658,-0.028132992327365658
2019-01-31 04:30:00,0.007896605253059352,0.010237303416088972,-0.00985367170253415,0.020087122090089247,0.4625945521964095,0.9999999999999993,0.9999999999999999,-0.028132992327365658,-0.028132992327365658
2019-01-31 05:00:00,0.007586934458821748,0.010237303416088972,-0.00985367170253415,0.020087122090089247,0.4625945521964096,1.0,0.9999999999999999,-0.028132992327365658,-0.028132992327365658
2019-01-31 05:30:00,0.009771647928434657,0.012744748356519953,-0.006975517587289537,0.019663544181746845,0.43545432618407437,0.0,0.6666666666666664,-0.02564102564102566,-0.02564102564102566
2019-01-31 06:00:00,0.006907185793710635,0.009174251494239005,-0.009302128732090909,0.018477561656103238,0.4690040419108788,1.0,0.6666666666666667,-0.028132992327365658,-0.028132992327365658
2019-01-31 06:30:00,0.005400784945869486,0.008013109410548003,-0.01043967390607825,0.018475198947533324,0.485468829720679,1.0,0.6666666666666667,-0.02937420178799488,-0.02937420178799488
2019-01-31 07:00:00,0.0051889894577961115,0.008031369200289573,-0.009819364091732674,0.017866706081622625,0.48546882972067884,0.9999999999999971,0.999999999999999,-0.02937420178799488,-0.02937420178799488
2019-01-31 07:30:00,0.004985499675137284,0.007774802226117927,-0.009818224959196042,0.01761102056520175,0.485468829720679,1.0,0.999999999999999,-0.02937420178799488,-0.02937420178799488
2019-01-31 08:00:00,0.0023299279639314996,0.005533208246908838,-0.01228480060359638,0.017878362558505178,0.5224568896307565,1.0,0.999999999999999,-0.031847133757961665,-0.031847133757961665
2019-01-31 08:30:00,-0.00020876799131397394,0.0034975676565747182,-0.01493339993103493,0.01853696037245861,0.5567702645122473,0.9999999999999999,1.0,-0.03430749682337986,-0.03430749682337986
2019-01-31 09:00:00,-0.00020058101126252392,0.003699346555376515,-0.015008114026787256,0.01881384126019154,0.5567702645122473,0.9999999999999999,1.0,-0.03430749682337986,-0.03430749682337986
2019-01-31 09:30:00,-0.0001927150892522267,0.0028624354250899042,-0.014552397305649167,0.01751722055098614,0.5567702645122472,0.999999999999998,0.9999999999999993,-0.03430749682337986,-0.03430749682337986
2019-01-31 10:00:00,0.0010369786961323957,0.0033506013579209792,-0.012892586090745728,0.016321055077854973,0.5328598079105238,0.30317385904756344,0.7677246196825205,-0.03307888040712459,-0.03307888040712459
2019-01-31 10:30:00,0.012136629003024035,0.014789621579051504,-0.0023057090951399406,0.016989284304977523,0.37625087046826544,0.0,0.4343912863491871,-0.02187902187902191,-0.02187902187902191
2019-01-31 11:00:00,0.0547933237410958,0.07244321595041492,0.0245997948022727,0.045629413324212095,0.17414677178720933,0.0,0.1010579530158544,0.021505376344086002,0.021505376344086002
2019-01-31 11:30:00,0.041863407652935614,0.06431336847398228,0.006830248547293305,0.05550857937061966,0.2757170413876753,0.2654574837448801,0.08848582791495994,0.010638297872340496,0.010638297872340496
2019-01-31 12:00:00,0.03889234812893183,0.06480927755312349,0.00013096149070035423,0.0626442497845582,0.28751305705474545,0.3160361454735765,0.19383120973948548,0.009296148738379806,0.009296148738379806
2019-01-31 12:30:00,0.036043349688282156,0.06460593587274133,-0.005454742238790056,0.06804811451255274,0.2997941631659752,0.6216964039757161,0.4010633443980575,0.007957559681697646,0.007957559681697646
2019-01-31 13:00:00,0.03860623998285351,0.0701397990452235,-0.006091862960004857,0.07386617400932398,0.2839797222820693,0.8741363373296545,0.6039562955929823,0.011984021304926706,0.011984021304926706
2019-01-31 13:30:00,0.02787705067848889,0.05978047796240893,-0.017827971366103368,0.07601396122368828,0.3677825403520086,1.0,0.83194424710179,0.0026385224274405594,0.0026385224274405594
2019-01-31 14:00:00,0.032022921316389175,0.0648375297467001,-0.01576591170956554,0.0786731325022969,0.343072903961003,0.7051455194456147,0.8597606189250895,0.007957559681697646,0.007957559681697646
2019-01-31 14:30:00,0.026837590358103736,0.059479263121314574,-0.02183065017547603,0.07980759074965368,0.37688627798689467,1.0,0.901715173148538,0.003963011889035695,0.003963011889035695
2019-01-31 15:00:00,0.029710478471762114,0.062448749365858536,-0.02040630904755647,0.08114920314829516,0.3570921523527619,0.7869458674474926,0.8306971289643689,0.007957559681697646,0.007957559681697646
2019-01-31 15:30:00,0.03117655761414606,0.06415700656827839,-0.020407006568278208,0.08275377432323584,0.34411662331649695,0.030867057357090374,0.6059376416015274,0.010638297872340496,0.010638297872340496
2019-01-31 16:00:00,0.03259591620826274,0.06530195845061315,-0.020368625117280215,0.08378814328215436,0.3311578324093075,0.0,0.27260430826819415,0.01333333333333342,0.01333333333333342
2019-01-31 16:30:00,0.027365047539349874,0.05859181885125064,-0.025789694017253173,0.08301989833407372,0.3695119197270924,0.8387358641506794,0.2898676405025897,0.009296148738379806,0.009296148738379806
2019-01-31 17:00:00,0.02760450977939599,0.05717232591073995,-0.0257893471873355,0.08167999236678809,0.36205892703041265,0.8056793103971535,0.5481383915159441,0.010638297872340496,0.010638297872340496
2019-01-31 17:30:00,0.02783663550171478,0.0553419682121683,-0.025515070742128665,0.0796689008851706,0.3543617102906376,0.6049910062798035,0.7498020602758787,0.011984021304926706,0.011984021304926706
2019-01-31 18:00:00,0.026745002736941803,0.05104395166338915,-0.025744351130766674,0.07582908007680621,0.3543617102906376,0.6049910062798035,0.6718871076522533,0.011984021304926706,0.011984021304926706
2019-01-31 18:30:00,0.02307604498910809,0.042602962073479356,-0.02719791559273621,0.06926734433666364,0.3847033048303181,1.0,0.7366606708532022,0.009296148738379806,0.009296148738379806
2019-01-31 19:00:00,0.026102923711454062,0.04006031680568811,-0.021526983472355488,0.0610218313079236,0.35755934537020034,0.10538783897401427,0.5701262817512726,0.01333333333333342,0.01333333333333342
2019-01-31 19:30:00,0.03302979249409477,0.040294563644508674,-0.01126230557999297,0.050819171572640855,0.31038907301992497,0.0,0.3684626129913381,0.021505376344086002,0.021505376344086002
2019-01-31 20:00:00,0.029073598148680935,0.026728222740473262,-0.008497659737792262,0.03490768906586892,0.3415702925128411,0.41958611067221324,0.17499131654874248,0.018766756032171594,0.018766756032171594
2019-01-31 20:30:00,0.023973305760016883,0.012697670939381123,-0.00628912621307931,0.01892615260472817,0.38638887622836926,1.0,0.47319537022407104,0.014686248331108098,0.014686248331108098
2019-01-31 21:00:00,0.023033176122369214,0.01203570982130664,-0.004959608352681832,0.016935399870042386,0.3863888762283692,0.999999999999999,0.806528703557404,0.014686248331108098,0.014686248331108098
2019-01-31 21:30:00,0.022129914313648857,0.011969682176107943,-0.005294114752876999,0.017206365801476647,0.3863888762283692,0.999999999999999,0.9999999999999993,0.014686248331108098,0.014686248331108098
2019-01-31 22:00:00,0.023891382135738715,0.014606672950475463,-0.0033616930307965864,0.017867903871153168,0.3656639204127848,0.5375811974084318,0.8458603991361433,0.01740294511378848,0.01740294511378848
2019-01-31 22:30:00,0.02692115381389515,0.01877568916394723,-0.0007649364757752464,0.019366225490813127,0.33650716111746676,0.0,0.5125270658028103,0.021505376344086002,0.021505376344086002
2019-01-31 23:00:00,0.02719334925815753,0.020595558020596982,-0.0009454907258457101,0.02133146637159387,0.3271432237952377,0.0,0.17919373246947728,0.02288021534320328,0.02288021534320328
2019-01-31 23:30:00,0.02215813137890299,0.01485033069452224,-0.004930759648945848,0.019683464580801932,0.38264479050522604,0.9368040426701524,0.3122680142233841,0.018766756032171594,0.018766756032171594
2019-02-01 00:00:00,0.022607404511762574,0.015600329192076767,-0.00419093321892261,0.019678999661254,0.3716403270024432,0.8017269753791938,0.579510339349782,0.020134228187919545,0.020134228187919545
2019-02-01 00:30:00,0.04053762779168735,0.03701628859585049,0.009358540405517202,0.027030969887203264,0.25923634837215964,0.0,0.579510339349782,0.03967168262653886,0.03967168262653886
2019-02-01 01:00:00,0.048613836254751464,0.05057041424361963,0.011446160342015288,0.0379475649069082,0.2229300371411229,0.0,0.267242325126398,0.04972375690607733,0.04972375690607733
2019-02-01 01:30:00,0.04393195200598399,0.0490654139413913,0.0036894069952475572,0.04420986518539952,0.2550326307028057,0.2009995500446864,0.06699985001489552,0.04683195592286493,0.04683195592286493
2019-02-01 02:00:00,0.061930911562593005,0.0744022615640525,0.013378637312351671,0.058457881556960696,0.19446887237214117,0.0,0.06699985001489552,0.06741573033707882,0.06741573033707882
2019-02-01 02:30:00,0.06671785347077508,0.08529713636842318,0.010742467591972504,0.07113860695721788,0.17819334054749134,0.0,0.06699985001489552,0.074964639321075,0.074964639321075
2019-02-01 03:00:00,0.0498073836461308,0.0697299897418504,-0.007805303549382359,0.07520671711284342,0.3037071980650334,1.0,0.33333333333333337,0.0599721059972107,0.0599721059972107
2019-02-01 03:30:00,0.04086912198249726,0.060880188252490086,-0.017251379388224408,0.07646356060534855,0.35661814311510426,1.0,0.6666666666666667,0.05263157894736836,0.05263157894736836
2019-02-01 04:00:00,0.026953885290007973,0.04571624381855788,-0.029984369673551226,0.0751098044964123,0.43922223927191145,1.0,1.0,0.03967168262653886,0.03967168262653886
2019-02-01 04:30:00,-0.0042008317157435915,0.014044040500978294,-0.059667382676044656,0.0754321567256723,0.585636723569268,1.0,1.0,0.007957559681697646,0.007957559681697646
2019-02-01 05:00:00,0.00882342587576801,0.026664808300222997,-0.046826098622803736,0.07423928683059317,0.5218414270227782,0.7737189943749558,0.9245729981249853,0.021505376344086002,0.021505376344086002
2019-02-01 05:30:00,0.009781933700867995,0.027910062550936088,-0.04554128731540452,0.07410462753844951,0.5157905486752572,0.6950196147600785,0.8229128697116782,0.02288021534320328,0.02288021534320328
2019-02-01 06:00:00,0.004203240681615483,0.022571024832448217,-0.050683474631644465,0.07429886096358078,0.5388256277987914,0.6802837096676384,0.7163407729342244,0.01740294511378848,0.01740294511378848
2019-02-01 06:30:00,0.006628535824955373,0.02462932175467758,-0.04798502645266378,0.07347234743239066,0.5253678115388551,0.13711936091176224,0.5041408951131597,0.020134228187919545,0.020134228187919545
2019-02-01 07:00:00,0.01290341018256469,0.030178727313231013,-0.04139494352944706,0.07197732747649903,0.492266062699021,0.0,0.2724676901931336,0.027027027027026973,0.027027027027026973
2019-02-01 07:30:00,0.004570195374541397,0.021334132345649293,-0.04894807336441542,0.07126617569621882,0.5304951142775405,0.8210783648129055,0.31939924190822266,0.018766756032171594,0.018766756032171594
2019-02-01 08:00:00,0.0005251164093558192,0.01762552083838953,-0.05287251683304883,0.07176274832278802,0.548788422551377,1.0,0.6070261216043019,0.014686248331108098,0.014686248331108098
2019-02-01 08:30:00,0.0030782554358550485,0.02084250851586389,-0.050427515209303886,0.07234011512018529,0.533854681484306,0.7357905595930542,0.8522896414686534,0.01740294511378848,0.01740294511378848
2019-02-01 09:00:00,0.00038413004839399356,0.019108098704929244,-0.05315349256340718,0.0735129804549868,0.5471263466188611,0.9705943641267357,0.9021283079065968,0.014686248331108098,0.014686248331108098
2019-02-01 09:30:00,-0.006004630027926616,0.01392781282656741,-0.059949032985717965,0.07561683532540973,0.5793689505104642,1.0,0.9021283079065968,0.007957559681697646,0.007957559681697646
2019-02-01 10:00:00,-0.004500873916406967,0.016721146224444317,-0.059085024046488854,0.07744664027408271,0.57061883405105,0.8077500386881888,0.9261148009383083,0.009296148738379806,0.009296148738379806
2019-02-01 10:30:00,-0.005592883572415608,0.017926004140016216,-0.05983581846362285,0.07942619106359226,0.5774907761931409,0.9587343846773889,0.9221614744551927,0.007957559681697646,0.007957559681697646
2019-02-01 11:00:00,-0.0028325687439108016,0.02226566688543552,-0.05524439028968986,0.07880957679244747,0.5582475447154056,0.34492245520656545,0.7038022928573813,0.010638297872340496,0.010638297872340496
2019-02-01 11:30:00,-0.005262768322557454,0.02133432247268119,-0.05581708109337025,0.07850493696194707,0.5735508379750436,0.7245395220434715,0.6760654539758088,0.007957559681697646,0.007957559681697646
2019-02-01 12:00:00,-0.00251455565407821,0.022861172483123804,-0.04679734269588898,0.0705022926172512,0.5529229287361025,0.0,0.3564873257500124,0.010638297872340496,0.010638297872340496
2019-02-01 12:30:00,0.00013970335316404459,0.02079698434814592,-0.03373031768147827,0.05488220696801728,0.5323057546550214,0.0,0.24151317401449063,0.01333333333333342,0.01333333333333342
2019-02-01 13:00:00,-0.0024214096206514046,0.014526239892294734,-0.028090069679527763,0.04290730325078389,0.550361391720888,0.4377645918611011,0.14592153062036717,0.010638297872340496,0.010638297872340496
2019-02-01 13:30:00,-0.0010502102217112563,0.01151915435541051,-0.018576411346089117,0.030202137825651468,0.5391536521897147,0.16602942662426337,0.20126467282845495,0.011984021304926706,0.011984021304926706
2019-02-01 14:00:00,-0.00482776007564234,0.005016593761375976,-0.01695293328392189,0.022101432144302297,0.5676021619343894,1.0,0.5345980061617882,0.007957559681697646,0.007957559681697646
2019-02-01 14:30:00,-0.01218695623722088,-0.0012019086674119883,-0.025640196595745457,0.0247707372973239,0.6183464698688327,1.0,0.7220098088747545,0.0,0.0
2019-02-01 15:00:00,-0.01045860782438468,0.0016536933729656145,-0.02391983303040912,0.025861443661530165,0.6055904188241683,0.8389241421317932,0.9463080473772645,0.0013175230566535578,0.0013175230566535578
2019-02-01 15:30:00,-0.005011455229105066,0.0071342268433916,-0.01733290234007978,0.024592534824630034,0.5561668463754003,0.21483254017582096,0.6845855607692047,0.0066225165562914245,0.0066225165562914245
2019-02-01 16:00:00,-0.006079437343104566,0.00642945703975939,-0.01806966867997084,0.024642547956514126,0.5657093064917941,0.15346603244392007,0.40240757158384477,0.005291005291005346,0.005291005291005346
2019-02-01 16:30:00,-0.007102511900379915,0.005580464118755124,-0.018262102163668748,0.023994712411319917,0.5755372992912458,0.3115241268370081,0.22660756648558306,0.003963011889035695,0.003963011889035695
2019-02-01 17:00:00,0.0007975386041934041,0.0118161164102637,-0.007155663680569524,0.018927674325095574,0.5021156703163249,0.0,0.15499671976030938,0.011984021304926706,0.011984021304926706
2019-02-01 17:30:00,-0.0005123951007585115,0.009951470800902973,-0.007158917609413451,0.01708653088713626,0.5132606788737342,0.1517946239141089,0.15443958358370566,0.010638297872340496,0.010638297872340496
2019-02-01 18:00:00,0.0007863832622450051,0.011168825658018466,-0.0054431265901088155,0.016564530489734428,0.5011789399903452,0.0,0.05059820797136962,0.011984021304926706,0.011984021304926706
2019-02-01 18:30:00,-0.0005230987258199038,0.00930851063780791,-0.005585106382488547,0.01486594106618384,0.5135113747032776,0.16585135590509195,0.10588199327306695,0.010638297872340496,0.010638297872340496
2019-02-01 19:00:00,0.002058166226169611,0.011877362159014915,-0.002677362159014929,0.014488079153921939,0.4875494211689293,0.0,0.05528378530169732,0.01333333333333342,0.01333333333333342
2019-02-01 19:30:00,-0.0018582504280463263,0.007775926531806032,-0.006713509533133766,0.014481743239845583,0.5262413512300727,1.0,0.3886171186350307,0.009296148738379806,0.009296148738379806
2019-02-01 20:00:00,-0.0017853778622406447,0.007775926531806032,-0.006713509533133766,0.014481743239845583,0.5262413512300728,1.0000000000000002,0.6666666666666667,0.009296148738379806,0.009296148738379806
2019-02-01 20:30:00,-0.0042559430459185865,0.0052245599295848155,-0.009330520194485215,0.014585022886286853,0.5523727712253738,0.9999999999999999,1.0,0.0066225165562914245,0.0066225165562914245
2019-02-01 21:00:00,-0.00535451325302827,0.004245603504419382,-0.010462534721350503,0.014754000529001549,0.5652839594350317,1.0,1.0,0.005291005291005346,0.005291005291005346
2019-02-01 21:30:00,-0.002609678809621374,0.006909384946075514,-0.007837766908940336,0.014754000529001549,0.5322199479755884,0.15313005509596908,0.7177100183653231,0.007957559681697646,0.007957559681697646
2019-02-01 22:00:00,-0.001234726279203957,0.008256634381729189,-0.006397404634053472,0.014640429055173636,0.5159694179751214,0.0,0.3843766850319897,0.009296148738379806,0.009296148738379806
2019-02-01 22:30:00,-0.0024589820440992227,0.006829922943110578,-0.007095174932500559,0.013926944950538136,0.5313787235523908,0.312469813590302,0.15519995622875707,0.007957559681697646,0.007957559681697646
2019-02-01 23:00:00,0.0014660308973319935,0.010904761157775278,-0.0033148809979888227,0.014165883476790852,0.4818219747158318,0.0,0.10415660453010071,0.011984021304926706,0.011984021304926706
2019-02-01 23:30:00,0.00012902771670098012,0.00950766209987397,-0.004454470610512518,0.013926944950538136,0.49860768590758986,0.33306321873783923,0.21517767744271377,0.010638297872340496,0.010638297872340496
2019-02-02 00:00:00,-0.0036942107958707338,0.005591552504637498,-0.0083730094582799,0.013984009923738413,0.5461102515620023,1.0000000000000002,0.4443544062459464,0.0066225165562914245,0.0066225165562914245
2019-02-02 00:30:00,-0.004815523612232475,0.003107027665062656,-0.00905940861744381,0.01220275400275266,0.5610391781860556,1.0,0.7776877395792797,0.005291005291005346,0.005291005291005346
2019-02-02 01:00:00,-0.0046266795490076396,0.0022081983990107634,-0.008557404748217312,0.01079988850756961,0.5610391781860556,1.0,1.0,0.005291005291005346,0.005291005291005346
2019-02-02 01:30:00,-0.0019085327199624968,0.004739628524538464,-0.005933262476793599,0.010679264567718654,0.5212705371381088,0.3630035163893709,0.787667838796457,0.007957559681697646,0.007957559681697646
2019-02-02 02:00:00,0.009750950128392333,0.01789149669470791,0.0035850133724060207,0.014154488811573543,0.38799032980955106,0.0,0.45433450546312365,0.020134228187919545,0.020134228187919545
2019-02-02 02:30:00,0.008068086906296568,0.016438226074462436,0.0008539991266096614,0.015450638983451706,0.4061586627691705,0.10498962073466339,0.15599771237467808,0.018766756032171594,0.018766756032171594
2019-02-02 03:00:00,0.0038723748991533746,0.012450980597007,-0.0035057202498777196,0.01588565020843582,0.45812933938182787,0.40531335649038525,0.17010099240834953,0.014686248331108098,0.014686248331108098
2019-02-02 03:30:00,0.0024345106189236354,0.011082903768464769,-0.005082903768465097,0.016117455171415475,0.47463424830245915,0.6500884131978912,0.38679713014097994,0.01333333333333342,0.01333333333333342
2019-02-02 04:00:00,0.0036249185906815917,0.01249084458408345,-0.0040796296308128754,0.016501077161413774,0.45955970644968636,0.8260173118323749,0.6271396938402171,0.014686248331108098,0.014686248331108098
2019-02-02 04:30:00,0.006064470619644657,0.015394912985098097,-0.0022757697454731662,0.017555526000447824,0.43013548372543847,0.35015138270868623,0.6087523692463175,0.01740294511378848,0.01740294511378848
2019-02-02 05:00:00,0.011030475763092351,0.021774208637507675,0.0012405962077142174,0.020300012022269512,0.3780067379229592,0.0,0.39205623151368707,0.02288021534320328,0.02288021534320328
2019-02-02 05:30:00,0.010597908086108276,0.022206272304883035,-0.0005373624798494792,0.02249986105459857,0.3780067379229592,0.0,0.11671712756956205,0.02288021534320328,0.02288021534320328
2019-02-02 06:00:00,0.010182303847437346,0.022392872205460046,-0.0020698574006149384,0.02421665191834478,0.3780067379229591,0.0,-2.3684757858670005e-17,0.02288021534320328,0.02288021534320328
2019-02-02 06:30:00,0.005879912110961838,0.017631603536258034,-0.006639646431700341,0.024138584823486124,0.44141903043280467,1.0000000000000002,0.33333333333333337,0.018766756032171594,0.018766756032171594
2019-02-02 07:00:00,0.006946553686119072,0.018037089738787815,-0.005822324638116494,0.023714580362609254,0.4258345579707785,0.7542357822876941,0.5847452607625647,0.020134228187919545,0.020134228187919545
2019-02-02 07:30:00,0.006674139816075231,0.01738539381259896,-0.00637868240320294,0.02363400985285319,0.42583455797077846,0.7542357822876928,0.8361571881917956,0.020134228187919545,0.020134228187919545
2019-02-02 08:00:00,0.0051158984909274174,0.015429903128497457,-0.00805724897300164,0.023400888771576957,0.4484195171932786,1.0000000000000002,0.8361571881917956,0.018766756032171594,0.018766756032171594
2019-02-02 08:30:00,0.0010473193915379042,0.010582309443401883,-0.011917422928048649,0.022514762252794224,0.5106124600232326,1.0,0.9180785940958976,0.014686248331108098,0.014686248331108098
2019-02-02 09:00:00,-0.002830682389736161,0.006710731190247898,-0.015886263105141518,0.02270114182103113,0.5636030338617624,1.0,1.0,0.010638297872340496,0.010638297872340496
2019-02-02 09:30:00,-0.0001648362012286464,0.009103929656734344,-0.013237262990068,0.02238746006426848,0.5229494489335516,0.7049137354152054,0.9016379118050685,0.01333333333333342,0.01333333333333342
2019-02-02 10:00:00,-0.00015837203647461884,0.008085121733983014,-0.012885121733983373,0.02102069313148188,0.5229494489335517,0.6470537963759336,0.783989177263713,0.01333333333333342,0.01333333333333342
2019-02-02 10:30:00,-0.003979381098883961,0.0032023714993740793,-0.016349781857939893,0.01968153395903685,0.5761371812319496,1.0,0.783989177263713,0.009296148738379806,0.009296148738379806
2019-02-02 11:00:00,4.517009005944317e-06,0.005635842621044551,-0.011635842621044556,0.017323656210721235,0.5143763988021736,0.0,0.5490179321253111,0.01333333333333342,0.01333333333333342
2019-02-02 11:30:00,4.339871397807116e-06,0.004620312757852352,-0.011153646091185743,0.01582565599194497,0.5143763988021736,0.0,0.33333333333333326,0.01333333333333342,0.01333333333333342
2019-02-02 12:00:00,-0.001275175836822351,0.003762695695399332,-0.012151510608848115,0.01598123812862181,0.5337005275343086,0.3128867215066006,0.10429557383553346,0.011984021304926706,0.011984021304926706
2019-02-02 12:30:00,0.0013370717657732456,0.006586059799260413,-0.009256286768553168,0.01586352617552456,0.4915697061088606,0.0,0.10429557383553346,0.014686248331108098,0.014686248331108098
2019-02-02 13:00:00,0.003860458064300243,0.009142686522215948,-0.006733047967999228,0.015856630116580762,0.453054074962266,0.0,0.10429557383553346,0.01740294511378848,0.01740294511378848
2019-02-02 13:30:00,0.0011336513135837833,0.0063077720387298974,-0.009378533053416405,0.015710426574871424,0.4956138880003616,0.5277332316641745,0.17591107722139146,0.014686248331108098,0.014686248331108098
2019-02-02 14:00:00,-0.0027480669362788257,0.002834951976856903,-0.013473249849197177,0.01639541146148742,0.5519351224484426,1.0,0.5092444105547248,0.010638297872340496,0.010638297872340496
2019-02-02 14:30:00,-0.0013644753522884523,0.004591477683977274,-0.0120482020514876,0.016701950656688138,0.5306639203030442,0.7848808979458672,0.7708713765366805,0.011984021304926706,0.011984021304926706
2019-02-02 15:00:00,-0.0025868619234685752,0.0034917346639180558,-0.012401309132003435,0.01596416073536769,0.5493669402290257,0.9740275585189775,0.9196361521549483,0.010638297872340496,0.010638297872340496
2019-02-02 15:30:00,0.002639176676209276,0.008422459892859946,-0.006016042780560671,0.01442115102112242,0.46887861428391436,0.0,0.586302818821615,0.016042780748663166,0.016042780748663166
2019-02-02 16:00:00,0.0012495380385983967,0.00650644669966205,-0.005972401305803676,0.012475516759335059,0.48903381939766327,0.24266858262116023,0.4055653803800459,0.014686248331108098,0.014686248331108098
2019-02-02 16:30:00,0.0037761318622098194,0.009110062636361382,-0.0030859662508189167,0.012159404175807477,0.45208282575903413,0.0,0.08088952754038672,0.01740294511378848,0.01740294511378848
2019-02-02 17:00:00,0.004920826224897867,0.010303408095974298,-0.0014562231093785405,0.011707840490048279,0.43440860268371617,0.0,0.08088952754038672,0.018766756032171594,0.018766756032171594
2019-02-02 17:30:00,0.004727852647450792,0.010131803059232114,-0.0011505698152637356,0.011231934562452603,0.43440860268371606,0.0,-2.3684757858670005e-17,0.018766756032171594,0.018766756032171594
2019-02-02 18:00:00,0.004542446661276234,0.010131803059232114,-0.0011505698152637356,0.011231934562452603,0.43440860268371617,1.3007595731490818e-15,4.099017665243573e-16,0.018766756032171594,0.018766756032171594
2019-02-02 18:30:00,0.0017837002006997338,0.007416246144335226,-0.003940310315457829,0.011336853372381125,0.48472878974087374,1.0,0.33333333333333376,0.016042780748663166,0.016042780748663166
2019-02-02 19:00:00,0.004294174939705853,0.009771477369526993,-0.0017285819271676273,0.011453997643970931,0.44234629390420127,0.1577436747496369,0.3859145582498794,0.018766756032171594,0.018766756032171594
2019-02-02 19:30:00,0.005420957250849012,0.011206594516455448,-0.0011394804224955646,0.012284241508538993,0.42245675741889877,0.0,0.38591455824987897,0.020134228187919545,0.020134228187919545
2019-02-02 20:00:00,0.006506747955994152,0.012700268682388716,-0.0007379030909905326,0.01335827349775412,0.40294515701833317,0.0,0.052581224916545606,0.021505376344086002,0.021505376344086002
2019-02-02 20:30:00,0.00625158136948456,0.01196099393184391,-0.0012083057598009095,0.013098875629122696,0.40294515701833306,0.0,-2.3684757858670005e-17,0.021505376344086002,0.021505376344086002
2019-02-02 21:00:00,0.008612326261982162,0.014899289324056486,0.00019505029858524203,0.014594094912920895,0.3639547810485306,0.0,-2.3684757858670005e-17,0.0242587601078168,0.0242587601078168
2019-02-02 21:30:00,0.008274587977198378,0.014894198834245476,-0.0008780263275066647,0.015662461282146788,0.3639547810485306,0.0,-2.3684757858670005e-17,0.0242587601078168,0.0242587601078168
2019-02-02 22:00:00,0.007950094331033775,0.01448225321457386,-0.0016790187132255108,0.01605847173810124,0.3639547810485306,0.0,-2.3684757858670005e-17,0.0242587601078168,0.0242587601078168
2019-02-02 22:30:00,0.010255684411439647,0.01739961201187379,-0.00037258498484626923,0.01762217041079028,0.32471166994941586,0.0,-2.3684757858670005e-17,0.027027027027026973,0.027027027027026973
2019-02-02 23:00:00,0.007237226276592068,0.014657259809026435,-0.003740817760508275,0.01829820193900508,0.39496706795695297,1.0,0.33333333333333337,0.0242587601078168,0.0242587601078168
2019-02-02 23:30:00,0.009568920852261131,0.017252147495321113,-0.0021170123601855773,0.019223683332986814,0.35517326831561996,0.4335837420341159,0.47786124734470525,0.027027027027026973,0.027027027027026973
2019-02-03 00:00:00,0.006579173143675954,0.013194462901782611,-0.004838667753534143,0.017958103538109043,0.4182901617745458,1.0,0.8111945806780386,0.0242587601078168,0.0242587601078168
2019-02-03 00:30:00,0.002426781870187522,0.007944729417346474,-0.008481642169023695,0.016430782534701743,0.49771064084423694,1.0,0.8111945806780386,0.020134228187919545,0.020134228187919545
2019-02-03 01:00:00,0.010151229063418699,0.014636764040916184,-0.0006990103196709008,0.015229640868741344,0.3846107488874148,0.20652464718251157,0.7355082157275039,0.02841677943166432,0.02841677943166432
2019-02-03 01:30:00,0.012386893224132223,0.017337012325971735,0.0005734354352227022,0.016614787746748478,0.3556029949474705,0.003014834805968285,0.4031798273294933,0.031207598371777445,0.031207598371777445
2019-02-03 02:00:00,0.007957813328115515,0.012149157702479485,-0.003635644188965892,0.015717894637246377,0.4255861518300727,0.4924658095697484,0.2340017638527428,0.027027027027026973,0.027027027027026973
2019-02-03 02:30:00,0.00895620237410033,0.012958948379471424,-0.002810098582448517,0.015689432116942265,0.4096170153217372,0.38009228872530193,0.29185764436700623,0.02841677943166432,0.02841677943166432
2019-02-03 03:00:00,0.007294993221212298,0.011072557016115425,-0.004450935394493816,0.015472266662874113,0.43254724158996444,1.0,0.6241860327650168,0.027027027027026973,0.027027027027026973
2019-02-03 03:30:00,0.004400307970011008,0.007761567935225866,-0.007087713487786362,0.014844279980970177,0.47635268381726464,1.0,0.7933640962417674,0.0242587601078168,0.0242587601078168
2019-02-03 04:00:00,0.00163362843067838,0.004639632333685695,-0.009612750613255283,0.014287910681835329,0.5165446635995427,1.0,1.0,0.021505376344086002,0.021505376344086002
2019-02-03 04:30:00,0.0015695645706517158,0.003518784954694709,-0.009029537642866403,0.012582993480134,0.5165446635995427,1.0,1.0,0.021505376344086002,0.021505376344086002
2019-02-03 05:00:00,0.0028031574693923034,0.004195702057192996,-0.007425850105645226,0.011640352193298467,0.49453385892599167,0.7379585688827319,0.912652856294244,0.02288021534320328,0.02288021534320328
2019-02-03 05:30:00,0.005293708925092178,0.006301481766940453,-0.004682048568559916,0.01097464398409631,0.4529615577247381,0.0,0.5793195229609106,0.02564102564102555,0.02564102564102555
2019-02-03 06:00:00,0.0037844003319373876,0.004614937160993149,-0.005962646055871601,0.010584715774664433,0.47665096262993295,0.3725738870296681,0.37017748530413336,0.0242587601078168,0.0242587601078168
2019-02-03 06:30:00,0.0036359924757829454,0.004262772969914952,-0.005880023643768828,0.010151004973500674,0.4766509626299329,0.37257388702966693,0.24838259135311166,0.0242587601078168,0.0242587601078168
2019-02-03 07:00:00,0.006099560530856252,0.006891891890984159,-0.003378378377470459,0.010252259542231659,0.4331431620398749,0.0,0.24838259135311166,0.027027027027026973,0.027027027027026973
2019-02-03 07:30:00,0.0019573553122964604,0.0029762408001932084,-0.007417694366814831,0.010417068630319043,0.5059852686160282,1.0,0.45752462900988894,0.02288021534320328,0.02288021534320328
2019-02-03 08:00:00,0.0005866918315089453,0.0019807525633721568,-0.008835591273049448,0.010853543481418336,0.5277687485674485,1.0,0.6666666666666667,0.021505376344086002,0.021505376344086002
2019-02-03 08:30:00,0.0005636843087046817,0.002368517524680591,-0.008685721825755555,0.011089265929649398,0.5277687485674484,0.9999999999999991,0.9999999999999996,0.021505376344086002,0.021505376344086002
2019-02-03 09:00:00,-0.0020357021721563173,0.000507770441295019,-0.011633775803225332,0.012209467545207355,0.5715864801713785,1.0,0.9999999999999996,0.018766756032171594,0.018766756032171594
2019-02-03 09:30:00,-0.000668852670114517,0.0023399660483229834,-0.010125200947651791,0.012513878738716054,0.5443871792027642,0.5853841670947625,0.8617947223649203,0.020134228187919545,0.020134228187919545
2019-02-03 10:00:00,-0.0019296763581593268,0.0016671351705652704,-0.011586706216141662,0.013319905259980266,0.5665973569259246,0.886139170997013,0.8238411126972583,0.018766756032171594,0.018766756032171594
2019-02-03 10:30:00,-0.0018540027754864186,0.001904159427872587,-0.011689682216076469,0.01366068009212094,0.5665973569259246,0.886139170997013,0.785887503029596,0.018766756032171594,0.018766756032171594
2019-02-03 11:00:00,-0.0017812967842909533,0.002364069115268874,-0.011211254101863855,0.013635641739573242,0.5665973569259245,0.8165716372192415,0.8629499930710888,0.018766756032171594,0.018766756032171594
2019-02-03 11:30:00,-0.0029953414350991636,0.0011691145617935828,-0.011343144012931239,0.01257623406259347,0.5914706566592035,1.0,0.900903602738751,0.01740294511378848,0.01740294511378848
2019-02-03 12:00:00,-0.0028778770650952357,0.0016875853878772773,-0.010924533179041296,0.012670637575802664,0.5914706566592036,1.0,0.9388572124064133,0.01740294511378848,0.01740294511378848
2019-02-03 12:30:00,-0.004045793598974612,0.0008079488939958246,-0.011503136059770824,0.012377273582550207,0.6169653216472754,1.0,0.9999999999999996,0.016042780748663166,0.016042780748663166
2019-02-03 13:00:00,-0.0013217270406774562,0.00347745591152826,-0.008035096662197705,0.011538847534595775,0.5438631370030779,0.0,0.6666666666666663,0.018766756032171594,0.018766756032171594
2019-02-03 13:30:00,-0.0038354411828910306,0.001397355820127899,-0.010488264911036382,0.011939892971945847,0.5954802821760669,0.7060957948687805,0.568698598289593,0.016042780748663166,0.016042780748663166
2019-02-03 14:00:00,0.00016905934372091203,0.005489388691882091,-0.006428986007317672,0.01192397656738578,0.5034499384463155,0.0,0.23536526495625976,0.020134228187919545,0.020134228187919545
2019-02-03 14:30:00,-0.0011257027981250722,0.0043117188821670815,-0.007662925316482494,0.01199474262798607,0.5295499446876074,0.22992483930645988,0.31200687805841304,0.018766756032171594,0.018766756032171594
2019-02-03 15:00:00,0.0014982885282872616,0.007001453677808245,-0.004850916043398712,0.011839638926662085,0.4756955288324673,0.0,0.07664161310215287,0.021505376344086002,0.021505376344086002
2019-02-03 15:30:00,0.0014395321154132557,0.006751454798606282,-0.004197691357745503,0.010935183220787625,0.4756955288324673,0.0,0.07664161310215287,0.021505376344086002,0.021505376344086002
2019-02-03 16:00:00,0.003976522985030151,0.009465070579734558,-0.0015135880999497253,0.010935183220787625,0.42550844687524275,0.0,-4.263256414560601e-16,0.0242587601078168,0.0242587601078168
2019-02-03 16:30:00,0.0051223418985928415,0.010982353602327244,-0.00045603781285297185,0.01137850454913218,0.40263512594442635,0.0,-4.263256414560601e-16,0.02564102564102555,0.02564102564102555
2019-02-03 17:00:00,0.00622647355580308,0.012348545972060254,0.000894697271183631,0.01137850454913218,0.38060196785704775,0.0,-4.263256414560601e-16,0.027027027027026973,0.027027027027026973
2019-02-03 17:30:00,0.004677619833648894,0.011199579960743833,-0.0009431697043327247,0.012080796860662924,0.41507278675816045,0.36249372247215533,0.12083124082405135,0.02564102564102555,0.02564102564102555
2019-02-03 18:00:00,0.0018958567160149986,0.008486159877247212,-0.0037755273065868122,0.01223287489437895,0.47768112524726297,1.0,0.4541645741573847,0.02288021534320328,0.02288021534320328
2019-02-03 18:30:00,0.005723965433491296,0.01290405391795102,-0.000606756620652904,0.013428244978264527,0.407263443555311,0.27463645559979427,0.5457100593573161,0.027027027027026973,0.027027027027026973
2019-02-03 19:00:00,0.006807052100570088,0.014477795444346686,-0.0004047237258074654,0.014778529517258547,0.3867948611383876,0.06379220265012384,0.4461428860833056,0.02841677943166432,0.02841677943166432
2019-02-03 19:30:00,0.009165141235367269,0.01779090031841335,0.0006622882840299216,0.01697201810882047,0.34901415608532355,0.0,0.11280955274997231,0.031207598371777445,0.031207598371777445
2019-02-03 20:00:00,0.006181664290185962,0.014894013513623294,-0.0028507117544884775,0.017638512304976206,0.4109737671773834,0.48155024942009655,0.1817808173567397,0.02841677943166432,0.02841677943166432
2019-02-03 20:30:00,0.011200326680323336,0.02081632653000165,0.0006802721094547604,0.019921927579892175,0.34105734122014036,0.0,0.16051674980669842,0.03401360544217691,0.03401360544217691
2019-02-03 21:00:00,0.010761098183055928,0.020893703466652314,-0.0008937034666516297,0.021571690032974176,0.34105734122014036,0.0,0.16051674980669842,0.03401360544217691,0.03401360544217691
2019-02-03 21:30:00,0.00639143820242194,0.016019134048370853,-0.00545002835731323,0.02135630388919639,0.42599689753657044,1.0,0.3333333333333329,0.02981029810298108,0.02981029810298108
2019-02-03 22:00:00,0.006140793567032787,0.01515230266730061,-0.00580270917136505,0.020857507231688284,0.42599689753657044,1.0,0.6666666666666663,0.02981029810298108,0.02981029810298108
2019-02-03 22:30:00,0.007211625747493455,0.015258815560969197,-0.004675369156626918,0.019829253795206354,0.40577615946523965,0.7619396786580639,0.9206465595526875,0.031207598371777445,0.031207598371777445
2019-02-03 23:00:00,0.008243644517775817,0.01582857008642824,-0.0038720483472968192,0.019583542905485748,0.38604238152368286,0.5296123767818758,0.7638506851466461,0.032608695652173836,0.032608695652173836
2019-02-03 23:30:00,0.0052951484108898494,0.011267758770125536,-0.006118707279609725,0.017341819090018362,0.4442546139033117,1.0,0.7638506851466461,0.02981029810298108,0.02981029810298108
2019-02-04 00:00:00,0.005087495532031472,0.01025177845045433,-0.006051236445033359,0.016268845910174978,0.44425461390331167,0.9999999999999987,0.8432041255939577,0.02981029810298108,0.02981029810298108
2019-02-04 00:30:00,0.007512095413185094,0.011509856612140323,-0.0032218131338779266,0.01467087332801486,0.4002428467056529,0.24394297558221542,0.7479809918607377,0.032608695652173836,0.032608695652173836
2019-02-04 01:00:00,0.01250713085238142,0.01665804944196836,0.0009649013777051074,0.015556076082389838,0.3298580812759049,0.0,0.4146476585274044,0.03825136612021862,0.03825136612021862
2019-02-04 01:30:00,0.012016655132680354,0.015923540090206467,6.006646717193753e-05,0.01573770101248392,0.3298580812759048,0.0,0.08131432519407142,0.03825136612021862,0.03825136612021862
2019-02-04 02:00:00,0.012875550181029816,0.01709986320009249,0.00013679890661211225,0.016818120166193138,0.3138553539329831,0.0,-3.907985046680551e-16,0.03967168262653886,0.03967168262653886
2019-02-04 02:30:00,0.012370626644518934,0.016867210788260145,-0.0009985377376431348,0.017725111526106525,0.313855353932983,0.0,-3.907985046680551e-16,0.03967168262653886,0.03967168262653886
2019-02-04 03:00:00,0.015893758774510713,0.021417427808268608,0.0011100447192056162,0.020081193818035588,0.2685291868393592,0.0,-3.907985046680551e-16,0.04395604395604402,0.04395604395604402
2019-02-04 03:30:00,0.01126477731295683,0.01652304609805233,-0.0036639489708277795,0.02005803098457437,0.36698044363223964,1.0,0.3333333333333329,0.03967168262653886,0.03967168262653886
2019-02-04 04:00:00,0.010823021339899652,0.01496323994284654,-0.003745729682926857,0.018604620863066683,0.3669804436322397,1.0,0.6666666666666663,0.03967168262653886,0.03967168262653886
2019-02-04 04:30:00,0.014400716477425801,0.018699680902252602,-0.0008425380451078102,0.019369278956675885,0.3174305870486839,0.49670671357910967,0.8322355711930363,0.04395604395604402,0.04395604395604402
2019-02-04 05:00:00,0.009836172800695486,0.013753947277127088,-0.0052724151293823684,0.018946016781308184,0.40408113230633824,1.0,0.8322355711930363,0.03967168262653886,0.03967168262653886
2019-02-04 05:30:00,0.006803142432338705,0.01055679181203395,-0.008101130147639135,0.018635041281428417,0.4538575707360646,0.9999999999999999,0.8322355711930363,0.03683492496589369,0.03683492496589369
2019-02-04 06:00:00,0.006536352533031309,0.00959232479616623,-0.007955217019902316,0.0175331899552594,0.4538575707360646,0.9999999999999999,0.9999999999999996,0.03683492496589369,0.03683492496589369
2019-02-04 06:30:00,0.011586276498261938,0.015084043369550937,-0.0032870612021961287,0.01826337819828659,0.3801956286782316,0.460063250928221,0.82002108364274,0.04252400548696844,0.04252400548696844
2019-02-04 07:00:00,0.008472771191610162,0.01206582632808706,-0.006320272292517193,0.01833343076205389,0.4300090349187179,0.6762434555605,0.7121022354962401,0.03967168262653886,0.03967168262653886
2019-02-04 07:30:00,0.012133327712569697,0.015488087509047288,-0.002850724871682253,0.018223662862641453,0.3805969830426063,0.0054485987358242624,0.3805851017415149,0.04395604395604402,0.04395604395604402
2019-02-04 08:00:00,0.010323571536694942,0.01305177867713514,-0.00440980336849095,0.017386455386548434,0.40513487474109877,0.33856351551642583,0.34008518993758313,0.04252400548696844,0.04252400548696844
2019-02-04 08:30:00,0.00991872559407958,0.01213316870001413,-0.004588587081356232,0.016658913515024187,0.40513487474109877,0.5006532968748801,0.2815551370423765,0.04252400548696844,0.04252400548696844
2019-02-04 09:00:00,-0.023885033191894167,-0.013974778127390453,-0.04509806955472706,0.03207054050448901,0.7289360451079578,1.0,0.6130722707971017,0.0066225165562914245,0.0066225165562914245
2019-02-04 09:30:00,-0.09411829032409647,-0.05108019205970282,-0.145615034378484,0.10484621757204127,0.8869557744160317,1.0,0.8335510989582932,-0.06976744186046502,-0.06976744186046502
2019-02-04 10:00:00,-0.05494785853739359,-0.0025419806118578414,-0.11465547161743961,0.1190921386189197,0.6698920165727863,0.5494928551466106,0.8498309517155367,-0.031847133757961665,-0.031847133757961665
2019-02-04 10:30:00,-0.058539820765471484,0.001203527589455522,-0.12348200860211256,0.13280514168981894,0.6829483166941483,0.5765906836761964,0.7086945129409353,-0.03797468354430389,-0.03797468354430389
2019-02-04 11:00:00,-0.0516408836459461,0.014036017135552914,-0.11988843443835029,0.14140867670215976,0.6604435522307308,0.0,0.37536117960760207,-0.03307888040712459,-0.03307888040712459
2019-02-04 11:30:00,-0.05537534996008964,0.015645987507154624,-0.12601261203307013,0.14993236400122786,0.6748661507752147,0.06367249592688815,0.21342105986769458,-0.03919089759797734,-0.03919089759797734
2019-02-04 12:00:00,-0.06453436119319267,0.012423011162218556,-0.13764148806608756,0.16008745272940406,0.70211768357779,1.0,0.3545574986422958,-0.05118601747815221,-0.05118601747815221
2019-02-04 12:30:00,-0.047176001355420105,0.034461929594723495,-0.1215177671581743,0.16307814918572838,0.6283815729730804,0.0,0.3545574986422958,-0.035532994923857975,-0.035532994923857975
2019-02-04 13:00:00,-0.037120829613503936,0.047010731267497885,-0.11013493101141458,0.1622671544124155,0.5923104956058891,0.0,0.33333333333333315,-0.02688860435339302,-0.02688860435339302
2019-02-04 13:30:00,-0.03209781310749493,0.05347075360522213,-0.10308514949211045,0.1605384112425525,0.5770229879921497,0.0,-1.8947806286936004e-16,-0.023136246786632397,-0.023136246786632397
2019-02-04 14:00:00,-0.03322355030879631,0.052992266621591844,-0.1013255999549243,0.15813957292213432,0.584718252036939,0.06151551038006321,0.020505170126687546,-0.02564102564102566,-0.02564102564102566
2019-02-04 14:30:00,-0.03429627633524379,0.05201112493603466,-0.09843056227618718,0.15401636368391355,0.5926983390307304,0.3052138419390055,0.1222431174396894,-0.028132992327365658,-0.028132992327365658
2019-02-04 15:00:00,-0.03176331793361631,0.05455157677294209,-0.09206758189458031,0.1494220172497356,0.5866284245528405,0.612773298476671,0.32650088359857965,-0.02688860435339302,-0.02688860435339302
2019-02-04 15:30:00,-0.03407739130656173,0.05166504518062154,-0.09018545334388584,0.1446362216714966,0.5998675286357231,0.9999999999999999,0.6393290468052252,-0.030612244897959107,-0.030612244897959107
2019-02-04 16:00:00,-0.02798182665743787,0.05706557572760551,-0.07950147316350209,0.138116431941736,0.573493881267079,0.0,0.5375910994922234,-0.02564102564102566,-0.02564102564102566
2019-02-04 16:30:00,-0.030462660327229885,0.05201969634424586,-0.07513591601218839,0.1286424762259679,0.5881200779731682,0.5545761836293621,0.5181920612097871,-0.02937420178799488,-0.02937420178799488
2019-02-04 17:00:00,-0.02568529132163977,0.05403142034229447,-0.06326218957306262,0.11783747518544363,0.5671737941642613,0.0,0.1848587278764538,-0.02564102564102566,-0.02564102564102566
2019-02-04 17:30:00,-0.027072158726068718,0.047460994082787034,-0.05487787387818244,0.1027197981587448,0.5779653124135626,0.33007909386188977,0.2948850924970838,-0.028132992327365658,-0.028132992327365658
2019-02-04 18:00:00,-0.02241060630938363,0.04540998746870595,-0.0387347628217215,0.08386484196039283,0.5555885014401455,0.0,0.11002636462062972,-0.024390243902439046,-0.024390243902439046
2019-02-04 18:30:00,-0.029896603638065122,0.026253632989847953,-0.0301976533460806,0.05656282881004491,0.5949909007693526,1.0000000000000002,0.4433596979539632,-0.03307888040712459,-0.03307888040712459
2019-02-04 19:00:00,-0.026346483406273546,0.024894180112435382,-0.020047241336924038,0.044832770602236546,0.5791902397983867,0.5989924156914569,0.5329974718971522,-0.030612244897959107,-0.030612244897959107
2019-02-04 19:30:00,-0.020516000667053946,0.018650182651259062,-0.008265567266642626,0.026776716964432436,0.5478541662211583,0.0,0.5329974718971522,-0.02564102564102566,-0.02564102564102566
2019-02-04 20:00:00,-0.020916410471612523,0.017182196096241942,-0.009883860628891239,0.026967647256910164,0.5543456825495601,0.13771671692201273,0.24556971087115642,-0.02688860435339302,-0.02688860435339302
2019-02-04 20:30:00,-0.02249893853049212,0.013650355684757143,-0.01237321647658196,0.026006964904056726,0.5677133049200579,0.4213091740284823,0.1863419636501649,-0.02937420178799488,-0.02937420178799488
2019-02-04 21:00:00,-0.01800444380591737,0.017217140361061256,-0.009012012155931504,0.02612198539741349,0.5414764620015792,0.0,0.1863419636501649,-0.02564102564102566,-0.02564102564102566
2019-02-04 21:30:00,-0.013655584380906083,0.019832163852135265,-0.005675149695120174,0.025328028915293833,0.5158048800005588,0.0,0.1404363913428273,-0.02187902187902191,-0.02187902187902191
2019-02-04 22:00:00,-0.021581359147014756,0.003668236034944705,-0.009663133994126882,0.013371450269036125,0.5673482683889977,0.9929676823824581,0.3309892274608193,-0.030612244897959107,-0.030612244897959107
2019-02-04 22:30:00,-0.024318446645033798,-0.000513343839913416,-0.013209654889437261,0.012784028654011315,0.5876096452390641,1.0000000000000002,0.6643225607941526,-0.03430749682337986,-0.03430749682337986
2019-02-04 23:00:00,-0.012520597257231869,0.011161369720464887,-0.0022924751189211667,0.01339444786620041,0.5103883319261558,0.0,0.6643225607941526,-0.023136246786632397,-0.023136246786632397
2019-02-04 23:30:00,-0.005892758253816188,0.018691073402496095,0.0025249679946586223,0.015996415105297396,0.47318423932010684,0.0,0.33333333333333337,-0.01681759379042691,-0.01681759379042691
2019-02-05 00:00:00,-0.009354154143414894,0.014991301005374824,-0.0021047030672292077,0.016986554622715352,0.4968813985957577,0.2070970086174271,0.069032336205809,-0.020618556701030966,-0.020618556701030966
2019-02-05 00:30:00,-0.012652781523552314,0.010939129038613826,-0.006189449962874405,0.017087997748811378,0.5201273951556845,0.41025116283026813,0.20578272381589838,-0.024390243902439046,-0.024390243902439046
2019-02-05 01:00:00,-0.004793377559686451,0.019335056833365005,-5.950702741264191e-05,0.01920942772039342,0.4730512721914522,0.0,0.20578272381589838,-0.01681759379042691,-0.01681759379042691
2019-02-05 01:30:00,-0.005840775240113616,0.017777273210245026,-0.002402596207659702,0.020025923366187897,0.48147480470642456,0.17893428737477884,0.19639515006834896,-0.018087855297157618,-0.018087855297157618
2019-02-05 02:00:00,0.0018505606169183508,0.02700090196335614,0.0025563897033122895,0.024088516604495597,0.43639880356221084,0.0,0.059644762458259566,-0.010416666666666519,-0.010416666666666519
2019-02-05 02:30:00,-0.005683733669355262,0.018612128824585517,-0.005950630116573596,0.02440823651361809,0.4880179948096997,0.616506145213989,0.2651468108629226,-0.018087855297157618,-0.018087855297157618
2019-02-05 03:00:00,-0.0004981228200654497,0.024214284129213448,-0.002396102311030379,0.026323223996644114,0.45790798281204537,0.41668958249865845,0.34439857590421574,-0.012987012987013102,-0.012987012987013102
2019-02-05 03:30:00,-0.0029664272579769113,0.02120089544835424,-0.005915921355088893,0.026911148698107863,0.4753384496282002,0.7543637380774283,0.5958531552633586,-0.015544041450777257,-0.015544041450777257
2019-02-05 04:00:00,0.0008869677881959692,0.02541314775210446,-0.0035665937859129526,0.028666608236088725,0.45186789076530653,0.29967705477850165,0.49024345845152945,-0.011703511053315907,-0.011703511053315907
2019-02-05 04:30:00,0.004618385123304369,0.0285394765341358,-0.001385429536745142,0.029524057251796448,0.4290531138258795,0.0,0.3513469309519766,-0.007832898172323688,-0.007832898172323688
2019-02-05 05:00:00,-0.001822271376157758,0.020600886423672415,-0.008279226242088988,0.02870327665523954,0.4764947060117031,1.0,0.4332256849261672,-0.014267185473411215,-0.014267185473411215
2019-02-05 05:30:00,-0.010379645907552248,0.011136352050276077,-0.017177483155673468,0.028399618114134953,0.5347770961859107,1.0,0.6666666666666667,-0.023136246786632397,-0.023136246786632397
2019-02-05 06:00:00,-0.009972600970001078,0.010665999985754349,-0.01709273520426191,0.027848221763807437,0.5347770961859106,0.9999999999999994,0.9999999999999999,-0.023136246786632397,-0.023136246786632397
2019-02-05 06:30:00,-0.010802574798720932,0.008568639125890343,-0.01806799727736519,0.026763755653470864,0.5432028923442485,1.0,0.9999999999999999,-0.024390243902439046,-0.024390243902439046
2019-02-05 07:00:00,-0.007932598547504832,0.010725625072387501,-0.015487529834290914,0.026275716135572606,0.5228086622801404,0.6942769518205576,0.898092317273519,-0.02187902187902191,-0.02187902187902191
2019-02-05 07:30:00,-0.003927086803950708,0.014416976846168161,-0.011832997518001487,0.026216103429506175,0.49291408535966186,0.0,0.5647589839401858,-0.018087855297157618,-0.018087855297157618
2019-02-05 08:00:00,-0.012350648844533851,0.004546774484758709,-0.02029581417745896,0.02503976478698079,0.5566209554349472,1.0,0.5647589839401858,-0.02688860435339302,-0.02688860435339302
2019-02-05 08:30:00,-0.010649748130504566,0.0036290592812400213,-0.017731623383802853,0.021512372470927653,0.5460664745227681,0.8343274296837008,0.6114424765612335,-0.02564102564102566,-0.02564102564102566
2019-02-05 09:00:00,-0.007788532021470007,0.006209082569840874,-0.015206511875752282,0.0215123724708476,0.5246398726863281,0.49799632738469835,0.7774412523561329,-0.023136246786632397,-0.023136246786632397
2019-02-05 09:30:00,0.0011720348484909326,0.01536638759050346,-0.006546672934211961,0.021816851323031503,0.4570442243154526,0.0,0.4441079190227996,-0.014267185473411215,-0.014267185473411215
2019-02-05 10:00:00,-0.00011992521230463904,0.013828818704177293,-0.008129336838891277,0.021895758304377448,0.4675974259023684,0.10598059876309543,0.2013256420492645,-0.015544041450777257,-0.015544041450777257
2019-02-05 10:30:00,-0.007523981322925977,0.0058138450406348685,-0.015711017277137196,0.02163190968575419,0.5270014079976922,0.78583931005252,0.2972733029385384,-0.023136246786632397,-0.023136246786632397
2019-02-05 11:00:00,-0.00600169621703861,0.007457560943211705,-0.014278667764317299,0.021810614974817674,0.5166545356453977,0.8520970712701608,0.5813056600285919,-0.02187902187902191,-0.02187902187902191
2019-02-05 11:30:00,-0.002064715510749271,0.011362435210433341,-0.010458042445574467,0.021810614974817674,0.4858372713608346,0.4115809918273172,0.6831724577166658,-0.018087855297157618,-0.018087855297157618
2019-02-05 12:00:00,-0.0019837462750336154,0.011087315812985832,-0.009407729249677255,0.020477847903570837,0.48583727136083454,0.30704752131258123,0.5235751948033529,-0.018087855297157618,-0.018087855297157618
2019-02-05 12:30:00,-0.0019059523034636872,0.011087315812985832,-0.009407729249677255,0.020477847903570837,0.48583727136083465,3.4522416540804694e-15,0.23954283771330043,-0.018087855297157618,-0.018087855297157618
2019-02-05 13:00:00,-0.0005906487852564979,0.012268756900834843,-0.007611577081946486,0.01983414838498969,0.47406488731766006,0.0,0.10234917377086136,-0.01681759379042691,-0.01681759379042691
2019-02-05 13:30:00,-0.0005674860877954435,0.012254840282146295,-0.007468294357177441,0.01967604449402761,0.47406488731766006,0.0,9.592326932761353e-16,-0.01681759379042691,-0.01681759379042691
2019-02-05 14:00:00,-0.0005452317314111887,0.01196187184928732,-0.006657861499997697,0.01857048432874944,0.47406488731766006,0.0,-1.9151452475068789e-16,-0.01681759379042691,-0.01681759379042691
2019-02-05 14:30:00,-0.005467275905081448,0.0058078483897159305,-0.009411451993318276,0.015246772044375441,0.5308575657066265,1.0,0.33333333333333315,-0.02187902187902191,-0.02187902187902191
2019-02-05 15:00:00,-0.00030833765908644395,0.010815509286389968,-0.0038297395580574323,0.01459427273012471,0.4755549612496219,0.026237077986646748,0.3420790259955487,-0.01681759379042691,-0.01681759379042691
2019-02-05 15:30:00,0.003445915316699244,0.014765709560280227,-0.0009994757940452459,0.015657413546795573,0.4386463236801884,0.0,0.3420790259955487,-0.012987012987013102,-0.012987012987013102
2019-02-05 16:00:00,0.0058214456928886715,0.017592688403101464,0.00011564493023308309,0.017323656927159113,0.4154944598754493,0.0,0.00874569266221537,-0.010416666666666519,-0.010416666666666519
2019-02-05 16:30:00,0.005593153704932297,0.017303614697299352,-0.001027573030630835,0.01818321236687162,0.4154944598754493,0.0,-2.1168252336186316e-16,-0.010416666666666519,-0.010416666666666519
2019-02-05 17:00:00,0.014260945613975728,0.02815662723365353,0.004563477891183609,0.023213377270178692,0.34218363422624826,0.0,-2.1168252336186316e-16,-0.0013140604467805073,-0.0013140604467805073
2019-02-05 17:30:00,0.01626950840888508,0.03248521309542873,0.003614918656878574,0.028358423034631375,0.3245631160182411,0.0,-2.1168252336186316e-16,0.0013175230566535578,0.0013175230566535578
2019-02-05 18:00:00,0.010512663820184676,0.02600015174416015,-0.0029333103286929285,0.028603565122553565,0.3919972332599986,0.7415937605370813,0.24719792017902692,-0.003931847968545177,-0.003931847968545177
2019-02-05 18:30:00,0.006297981934297203,0.020545259683010464,-0.007229332790058662,0.027590893313929304,0.4373669521900435,1.0,0.5805312535123602,-0.007832898172323688,-0.007832898172323688
2019-02-05 19:00:00,0.007314839264947137,0.020796035874352414,-0.006547669861279415,0.027150282156867305,0.42595684911535886,0.8988500439177717,0.880147934818284,-0.006535947712418277,-0.006535947712418277
2019-02-05 19:30:00,0.007027982823184287,0.020744585884194144,-0.007280533596611183,0.02783771525393239,0.42595684911535886,0.8988500439177717,0.9325666959451808,-0.006535947712418277,-0.006535947712418277
2019-02-05 20:00:00,0.013117748610089297,0.02776244587028276,-0.0026308669229131443,0.030016136343095162,0.36998528692112453,0.0,0.5992333626118476,0.0,0.0
2019-02-05 20:30:00,0.011324236897779727,0.025149187087960323,-0.004912656207539001,0.029760716466599377,0.3873251845942768,0.25733851492018006,0.38539618627931693,-0.0013140604467805073,-0.0013140604467805073
2019-02-05 21:00:00,0.0032791233908866513,0.015645371577083678,-0.012516297261567555,0.028117677687119848,0.4798323025938961,1.0,0.41911283830672635,-0.009126466753585305,-0.009126466753585305
2019-02-05 21:30:00,0.005670621412269261,0.01737616997919611,-0.010186627495534784,0.027464070424186294,0.455161996134084,0.7754121374284427,0.6775835507828741,-0.006535947712418277,-0.006535947712418277
2019-02-05 22:00:00,0.011805037245586014,0.023287465879873626,-0.004734834300925028,0.02776474563249712,0.3998178228082605,0.2715825796852375,0.6823315723712265,0.0,0.0
2019-02-05 22:30:00,0.01390707193920071,0.025187398122292093,-0.0034195880959061453,0.028298982777675976,0.37991838110357035,0.0,0.3489982390378932,0.0026385224274405594,0.0026385224274405594
2019-02-05 23:00:00,0.01593880241637602,0.027314667841364937,-0.0024469429736395654,0.02939610370543958,0.36059077620748536,0.0,0.09052752656174556,0.005291005291005346,0.005291005291005346
2019-02-05 23:30:00,0.01402432192898262,0.024900777923385853,-0.0048215176856044595,0.029426860810888772,0.37763921599008937,0.18027090901265874,0.06009030300421931,0.003963011889035695,0.003963011889035695
2019-02-06 00:00:00,0.013474348520002843,0.023540266645773578,-0.005574612748811325,0.028855673869731376,0.3776392159900893,0.43460931321470014,0.20496007407578604,0.003963011889035695,0.003963011889035695
2019-02-06 00:30:00,0.01552536059349352,0.023259648249199127,-0.002862297255820767,0.025858225850649008,0.3556443643661302,0.0,0.20496007407578604,0.0066225165562914245,0.0066225165562914245
2019-02-06 01:00:00,0.018808946473620525,0.025760140130519638,-9.52465134976821e-05,0.02552780247659813,0.32506103219054217,0.0,0.14486977107156643,0.010638297872340496,0.010638297872340496
2019-02-06 01:30:00,0.029928273286885965,0.03936954096143941,0.007198426737080821,0.03143908702972302,0.25438574526704083,0.0,-2.842170943040401e-16,0.02288021534320328,0.02288021534320328
2019-02-06 02:00:00,0.030088225927690226,0.04154650783515357,0.004275594590723131,0.036436123356215204,0.24793539389359634,0.0,-2.842170943040401e-16,0.0242587601078168,0.0242587601078168
2019-02-06 02:30:00,0.02624783149586163,0.03822169297117739,-0.0011249187776283254,0.038630085960822715,0.28688175006495065,0.3615887887563254,0.12052959625210818,0.021505376344086002,0.021505376344086002
2019-02-06 03:00:00,0.013433610525561246,0.025368367542253134,-0.013681780556860645,0.03882329220838744,0.4299443550527553,1.0,0.45386292958544155,0.009296148738379806,0.009296148738379806
2019-02-06 03:30:00,0.01549985450932434,0.027882662473155184,-0.011903967399919169,0.03947128009865114,0.4102481144401434,0.8917842259679268,0.7511243382414172,0.011984021304926706,0.011984021304926706
2019-02-06 04:00:00,0.021431402672781097,0.0342558570506839,-0.007044060804034746,0.04074553821281507,0.3652046228303162,0.6443046990096987,0.8453629749925416,0.018766756032171594,0.018766756032171594
2019-02-06 04:30:00,0.01927720012864098,0.03132530120448895,-0.00937081659940131,0.04025423728748157,0.3798696581930555,0.6499805322014903,0.728689819059705,0.01740294511378848,0.01740294511378848
2019-02-06 05:00:00,0.01590626341811685,0.026875249814910296,-0.012456024180730885,0.039049740486128304,0.40926359614492724,0.6805553838750662,0.6582802050287513,0.014686248331108098,0.014686248331108098
2019-02-06 05:30:00,-0.00010884095466989763,0.009788712883305628,-0.027659934959520682,0.037786291445758124,0.5477700589406754,1.0,0.7768453053588519,-0.0013140604467805073,-0.0013140604467805073
2019-02-06 06:00:00,0.008814204754806099,0.018433118508508928,-0.018698370497898464,0.03713641426028813,0.47744626664745465,0.6148022660175905,0.7651192166308853,0.007957559681697646,0.007957559681697646
2019-02-06 06:30:00,0.007184771039373317,0.016197854343924956,-0.019906463615447456,0.03617139073689764,0.48756735977274757,0.6414380257589631,0.752080097258851,0.0066225165562914245,0.0066225165562914245
2019-02-06 07:00:00,0.0030731182317143,0.009915142885263961,-0.022711976658350563,0.03283722580370425,0.5177445989070558,0.7832197904158639,0.6798200273974723,0.0026385224274405594,0.0026385224274405594
2019-02-06 07:30:00,0.0029526037912550596,0.008126091631431631,-0.02184640825412254,0.030179536282213225,0.5177445989070558,0.5730398055266125,0.665899207233813,0.0026385224274405594,0.0026385224274405594
2019-02-06 08:00:00,-0.014638179162481224,-0.0061932283214237716,-0.04199330017598535,0.03668390691760218,0.6343023249998396,1.0,0.7854198653141587,-0.015544041450777257,-0.015544041450777257
2019-02-06 08:30:00,-0.00913329864579071,0.0013171679162460315,-0.0380359179162455,0.040089096590202315,0.5903962894842529,0.7007800053134153,0.7579399369466757,-0.010416666666666519,-0.010416666666666519
2019-02-06 09:00:00,-0.0012789947670834856,0.010104563537743694,-0.03057700448262468,0.041102300227420764,0.5310197924878157,0.11389372481574032,0.6048912433763851,-0.002624671916010457,-0.002624671916010457
2019-02-06 09:30:00,0.0012963078789121063,0.013174178024436323,-0.0280425990770673,0.04152548630893178,0.5125167788301115,0.0,0.27155791004305185,0.0,0.0
2019-02-06 10:00:00,0.012774457727231292,0.024937005534429346,-0.016814502205534154,0.04158263021379549,0.4384754447709043,0.0,0.03796457493858005,0.011984021304926706,0.011984021304926706
2019-02-06 10:30:00,0.003287476587107152,0.015789343898874764,-0.025815729123149,0.041814698157907775,0.4990886479322779,0.3989788450409254,0.13299294834697506,0.0026385224274405594,0.0026385224274405594
2019-02-06 11:00:00,0.01214337629300366,0.025235972083147873,-0.016847157169698757,0.04190735274002223,0.44711294086837616,0.09333358882050315,0.1641041446204761,0.011984021304926706,0.011984021304926706
2019-02-06 11:30:00,0.010374011895239788,0.02340248219043528,-0.016487588573413703,0.03975262816646496,0.4558314612480084,0.23440982928839943,0.24224075438327589,0.010638297872340496,0.010638297872340496
2019-02-06 12:00:00,0.0010142754996460557,0.013682749947696138,-0.023037163649935688,0.036892467298434685,0.513646536882045,1.0000000000000002,0.4425811393696341,0.0013175230566535578,0.0013175230566535578
2019-02-06 12:30:00,0.0035154743986149928,0.015869958739287204,-0.018247765872708155,0.034158335578998014,0.4973866169215423,0.755613390306422,0.6633410731982736,0.003963011889035695,0.003963011889035695
2019-02-06 13:00:00,-0.004204263565702138,0.008868446228404103,-0.025644330894196377,0.034804717082400356,0.5440208619695776,1.0,0.9185377967688072,-0.003931847968545177,-0.003931847968545177
2019-02-06 13:30:00,0.0010027434981294547,0.014421662537429825,-0.01969175476404328,0.03420354522036731,0.51004482856727,0.6147379035993628,0.7901170979685948,0.0013175230566535578,0.0013175230566535578
2019-02-06 14:00:00,0.002232216706475443,0.015201961541336573,-0.016257370512311797,0.03147594204945272,0.5016105397993516,0.09057556037324957,0.568437821324204,0.0026385224274405594,0.0026385224274405594
2019-02-06 14:30:00,0.002144678796417665,0.014559669965355848,-0.014163891601238765,0.028717878609086128,0.5016105397993516,0.09057556037324957,0.26529634144862047,0.0026385224274405594,0.0026385224274405594
2019-02-06 15:00:00,0.0058864474706283865,0.018037201764361077,-0.008898128916678183,0.02681280857562744,0.47432059120390346,0.0,0.060383706915499546,0.0066225165562914245,0.0066225165562914245
2019-02-06 15:30:00,0.004377246710651983,0.016337119090003904,-0.01051701326989729,0.026776212165767956,0.48439038324887107,0.28187563369214674,0.12415039802179863,0.005291005291005346,0.005291005291005346
2019-02-06 16:00:00,0.0016594424737281788,0.013678032500249682,-0.012622623529272792,0.026286784375498543,0.5048207721383341,1.0,0.42729187789738204,0.0026385224274405594,0.0026385224274405594
2019-02-06 16:30:00,0.0041403416422662875,0.016347998331503133,-0.009866516850020712,0.026129835160171345,0.4841607908578392,0.32262758293435106,0.5348344055421657,0.005291005291005346,0.005291005291005346
2019-02-06 17:00:00,0.0027035204961822767,0.014963988000619377,-0.01126517690418527,0.026180746087733457,0.49528310700480527,0.6872915228262765,0.6699730352535425,0.003963011889035695,0.003963011889035695
2019-02-06 17:30:00,0.0038718146530991593,0.016246010278400114,-0.010161354193743088,0.02632726828556019,0.48404352946055273,0.0,0.33663970192020903,0.005291005291005346,0.005291005291005346
2019-02-06 18:00:00,0.006278345607983571,0.014999320918967163,-0.005980753279708817,0.02088589377581414,0.46148708204880934,0.0,0.22909717427542536,0.007957559681697646,0.007957559681697646
2019-02-06 18:30:00,0.0060321359762980364,0.012014914108425367,-0.004853110394896776,0.016807837287570796,0.4614870820488094,2.102444700775496e-15,5.587063531064786e-16,0.007957559681697646,0.007957559681697646
2019-02-06 19:00:00,0.008366272835322874,0.013808311081093372,-0.0026380983151352844,0.016355064620422997,0.4378248320848441,0.0,5.587063531064786e-16,0.010638297872340496,0.010638297872340496
2019-02-06 19:30:00,0.006751566842069012,0.011853067823442975,-0.004283346707904423,0.01607557073771863,0.45292893452310146,0.32679636804726775,0.10893212268242315,0.009296148738379806,0.009296148738379806
2019-02-06 20:00:00,0.006486799514929142,0.011637339510069733,-0.0038020141448629197,0.015379103515000053,0.4529289345231015,0.6383206356647881,0.3217056679040185,0.009296148738379806,0.009296148738379806
2019-02-06 20:30:00,0.00751834172148369,0.012800245301440194,-0.003092798492928428,0.01581627596554638,0.43924229640944357,0.059904038151827786,0.3416736806212944,0.010638297872340496,0.010638297872340496
2019-02-06 21:00:00,0.0033771161083815393,0.008537131036723933,-0.006285475407583729,0.014805937508040264,0.48911844182859726,1.0,0.5660748912722051,0.0066225165562914245,0.0066225165562914245
2019-02-06 21:30:00,-0.0005707379991315431,0.004652773117191034,-0.00953403960795518,0.014221522245137603,0.5337761849397931,1.0,0.6866346793839425,0.0026385224274405594,0.0026385224274405594
2019-02-06 22:00:00,0.007113100991767318,0.01236581227823308,-0.0022594292995085086,0.014551709005638722,0.44920280556140163,0.10536442863831137,0.7017881428794369,0.010638297872340496,0.010638297872340496
2019-02-06 22:30:00,0.00812259589422304,0.013779063390542357,-0.001795042085614762,0.01548134111527982,0.43678136333743356,0.0,0.3684548095461036,0.011984021304926706,0.011984021304926706
2019-02-06 23:00:00,0.005231450832265949,0.009052639881559799,-0.0037405548881990214,0.012759305512090518,0.4684402976809481,0.3263981913725628,0.14392087333695783,0.009296148738379806,0.009296148738379806
2019-02-06 23:30:00,0.007598361435944723,0.011118158234475484,-0.0015309411905334303,0.012588753867190156,0.4417020249478134,0.050731178521598454,0.1257097899647202,0.011984021304926706,0.011984021304926706
2019-02-07 00:00:00,0.008591166077943191,0.012110162994254825,-0.0009101629942543932,0.012947818206552582,0.42853110415137335,0.0,0.1257097899647202,0.01333333333333342,0.01333333333333342
2019-02-07 00:30:00,0.009548034068023181,0.01309038822674835,-0.0004068101226090137,0.013412141378001405,0.41519813645661613,0.0,0.016910392840532584,0.014686248331108098,0.014686248331108098
2019-02-07 01:00:00,0.007880324139359907,0.011696760706731313,-0.002363427373397675,0.01399487864644565,0.43415754097342457,0.35609757532051295,0.11869919177350409,0.01333333333333342,0.01333333333333342
2019-02-07 01:30:00,-0.003911185715945176,0.00046344415746002454,-0.014560940863651783,0.015131039913784724,0.5694483741216109,1.0,0.4520325251068374,0.0013175230566535578,0.0013175230566535578
2019-02-07 02:00:00,0.005150685545428857,0.008945215455955724,-0.00535478992404026,0.01427437983109713,0.4744340827954608,0.38402499234714327,0.5800408558892185,0.010638297872340496,0.010638297872340496
2019-02-07 02:30:00,-0.006472586097292954,-0.001521951888051487,-0.017926142724300154,0.016565272328005927,0.5730672907375685,0.9999999999999999,0.7946749974490475,-0.0013140604467805073,-0.0013140604467805073
2019-02-07 03:00:00,-0.0062187591915168206,-0.0004104203119330574,-0.018512050121706536,0.01827452943119883,0.5730672907375685,1.0,0.7946749974490475,-0.0013140604467805073,-0.0013140604467805073
2019-02-07 03:30:00,-0.0021959571496835695,0.003915882346102739,-0.01473382429860881,0.018751130967888684,0.5343030127128087,0.6069855291788512,0.8689951763929501,0.0026385224274405594,0.0026385224274405594
2019-02-07 04:00:00,-0.005889109800148118,0.0012705185911170425,-0.019010334622654,0.020462352397321568,0.5659240754167152,0.9275779884899825,0.8448545058896109,-0.0013140604467805073,-0.0013140604467805073
2019-02-07 04:30:00,-0.011892669209484508,-0.0024700136560839026,-0.026642257884385567,0.02452929599109634,0.6130791657820733,1.0,0.8448545058896109,-0.007832898172323688,-0.007832898172323688
2019-02-07 05:00:00,-0.005188720880904718,0.005034168259694827,-0.02001445735299301,0.025237659329081757,0.5488673484344753,0.18488254572244434,0.7041535114041421,-0.0013140604467805073,-0.0013140604467805073
2019-02-07 05:30:00,6.521581764817874e-05,0.010564554895797995,-0.01452756678483369,0.025141940585358152,0.5034396733208893,0.0,0.39496084857414787,0.003963011889035695,0.003963011889035695
2019-02-07 06:00:00,-0.0037301586603709636,0.007195015646946246,-0.018116068278525188,0.025450054618453868,0.5345545343704016,0.28379245790952456,0.15622500121065605,0.0,0.0
2019-02-07 06:30:00,-0.00232274428459045,0.008882066341475925,-0.016260195458735693,0.025235356660090753,0.5227949847466079,0.17653594513465087,0.15344280101472488,0.0013175230566535578,0.0013175230566535578
2019-02-07 07:00:00,0.00030084744506941874,0.011665788699604551,-0.013515194247821216,0.025204289423775277,0.4991445211192859,0.0,0.15344280101472488,0.003963011889035695,0.003963011889035695
2019-02-07 07:30:00,0.0002890495060470233,0.011565735403412214,-0.01354724134792984,0.02513788218283084,0.4991445211192859,0.0,0.058845315044883356,0.003963011889035695,0.003963011889035695
2019-02-07 08:00:00,0.0015489603000260477,0.012903934908194303,-0.011713458717718117,0.02460274913238131,0.4863851885189816,0.0,-2.723747153747051e-16,0.005291005291005346,0.005291005291005346
2019-02-07 08:30:00,0.0002170509325813974,0.011510985668723661,-0.012171487650229351,0.023690297063029275,0.5001455516446569,0.37793024271952597,0.12597674757317506,0.003963011889035695,0.003963011889035695
2019-02-07 09:00:00,-0.0023237213505324927,0.009081042101743542,-0.014219382022692018,0.023360441067890536,0.5274156301540469,1.0,0.4593100809065083,0.0013175230566535578,0.0013175230566535578
2019-02-07 09:30:00,-0.002232595023060613,0.009058704032963272,-0.01314302550858859,0.02224716182195234,0.527415630154047,0.9999999999999999,0.7926434142398416,0.0013175230566535578,0.0013175230566535578
2019-02-07 10:00:00,-0.004664462175740014,0.006337769889323663,-0.014222132570006596,0.020641274104947625,0.5555376902798445,1.0,0.9999999999999996,-0.0013140604467805073,-0.0013140604467805073
2019-02-07 10:30:00,-0.004481542090416846,0.005696430086232773,-0.012003920230779341,0.01775634931616948,0.5555376902798445,1.0,0.9999999999999996,-0.0013140604467805073,-0.0013140604467805073
2019-02-07 11:00:00,-0.005561016494507465,0.003683908539100944,-0.011032989903929757,0.014771175729174683,0.570363166641427,1.0,0.9999999999999996,-0.002624671916010457,-0.002624671916010457
2019-02-07 11:30:00,-0.0028286180049514886,0.006403866667495484,-0.0083775508780215,0.014796018879937823,0.5321328030408283,0.10983570357213407,0.7032785678573776,0.0,0.0
2019-02-07 12:00:00,-0.0039766492619204286,0.004290518900656348,-0.0077070760622858225,0.012018125268920692,0.5484308624713462,0.42631191271910046,0.5120492054304111,-0.0013140604467805073,-0.0013140604467805073
2019-02-07 12:30:00,-3.3247305286199236e-05,0.008089029650089286,-0.003999319887556085,0.012063681060542602,0.4929524221636876,0.0,0.1787158720970778,0.0026385224274405594,0.0026385224274405594
2019-02-07 13:00:00,-3.1943489392616264e-05,0.007886819599012718,-0.004192888200595379,0.012057438124970928,0.4929524221636877,9.178864517501536e-16,0.14210397090636673,0.0026385224274405594,0.0026385224274405594
2019-02-07 13:30:00,-3.069080353412801e-05,0.007886819599012718,-0.004192888200595379,0.012057438124970928,0.4929524221636876,0.0,-9.473903143468002e-17,0.0026385224274405594,0.0026385224274405594
2019-02-07 14:00:00,-2.9487242611203612e-05,0.00765859734654506,-0.004360444312243472,0.011999253970841908,0.4929524221636877,1.2807547072696137e-15,3.321792043218579e-16,0.0026385224274405594,0.0026385224274405594
2019-02-07 14:30:00,-2.833088015585794e-05,0.005558092800675096,-0.0033153487373496215,0.008863502254493845,0.4929524221636877,1.0,0.33333333333333337,0.0026385224274405594,0.0026385224274405594
2019-02-07 15:00:00,-2.721986524778508e-05,0.005186146283606474,-0.0033391805843968614,0.0085174611387195,0.4929524221636876,0.0,0.33333333333333337,0.0026385224274405594,0.0026385224274405594
2019-02-07 15:30:00,-0.0025544633703569186,0.0026705560761721703,-0.005696871865644826,0.008380108368954147,0.5412167991897929,1.0,0.6666666666666663,0.0,0.0
2019-02-07 16:00:00,-0.0011916664318916137,0.0038694037245750046,-0.004396412947235362,0.008267995326705488,0.5148294327758919,0.45327448441676454,0.48442482813892107,0.0013175230566535578,0.0013175230566535578
2019-02-07 16:30:00,0.003939247727088091,0.009462263613613686,7.416022744677342e-05,0.009343551353224441,0.4254703411356546,0.0,0.48442482813892107,0.0066225165562914245,0.0066225165562914245
2019-02-07 17:00:00,0.003784767424064972,0.00969668163445836,-0.0004251584556496102,0.010075134170114068,0.4254703411356546,0.0,0.15109149480558776,0.0066225165562914245,0.0066225165562914245
2019-02-07 17:30:00,0.0036363451721408424,0.00989324236972755,-0.0008866198531706226,0.010731534781498134,0.4254703411356546,0.0,-4.263256414560601e-16,0.0066225165562914245,0.0066225165562914245
2019-02-07 18:00:00,0.0034937434006840906,0.01001102659839459,-0.0011368544129634062,0.0110986354105298,0.4254703411356546,0.0,-4.263256414560601e-16,0.0066225165562914245,0.0066225165562914245
2019-02-07 18:30:00,0.0033567338555593462,0.010160977739469779,-0.001551706216290527,0.011662481222023097,0.4254703411356546,0.0,-4.263256414560601e-16,0.0066225165562914245,0.0066225165562914245
2019-02-07 19:00:00,0.0032250972337728445,0.010165473419047277,-0.002086003220371224,0.012202183052253757,0.4254703411356546,0.0,-4.263256414560601e-16,0.0066225165562914245,0.0066225165562914245
2019-02-07 19:30:00,0.0018236454031388405,0.008711838366503022,-0.0036853833400477543,0.012366142776292931,0.4618946088973032,1.0,0.3333333333333329,0.005291005291005346,0.005291005291005346
2019-02-07 20:00:00,-0.0007875440965939839,0.00556272069432584,-0.006222351301185647,0.01178896017498869,0.5265450794594676,1.0,0.6666666666666663,0.0026385224274405594,0.0026385224274405594
2019-02-07 20:30:00,-0.002021518583163906,0.0038281746582402576,-0.007385486911204331,0.011233642356244255,0.5553133109433658,1.0,0.9999999999999996,0.0013175230566535578,0.0013175230566535578
2019-02-07 21:00:00,-0.0006772801910717163,0.0042440127173455355,-0.00569520005243751,0.009946429836287076,0.5212073902012453,0.7373294773476833,0.9124431591158941,0.0026385224274405594,0.0026385224274405594
2019-02-07 21:30:00,-0.0006507201835785903,0.0038826501899260624,-0.005597689767761982,0.009488476514065524,0.5212073902012453,0.6349133525179611,0.7907476099552144,0.0026385224274405594,0.0026385224274405594
2019-02-07 22:00:00,0.0019149017258408563,0.005712560035991077,-0.002802507125937659,0.008502695515015346,0.4562152477693909,0.0,0.4574142766218811,0.005291005291005346,0.005291005291005346
2019-02-07 22:30:00,0.0005681772614305469,0.004282929906331834,-0.004150829510030096,0.00843320240167212,0.4904296625221138,0.34525815799907855,0.3267238368390128,0.003963011889035695,0.003963011889035695
2019-02-07 23:00:00,0.0018174966064490317,0.005479071348220899,-0.0029658438349930982,0.0084343165050661,0.45930746348946927,0.04757830107417383,0.13094548635775038,0.005291005291005346,0.005291005291005346
2019-02-07 23:30:00,0.0017462222297255359,0.0053301886488636985,-0.0030815114001861987,0.008402253071390278,0.45930746348946927,0.04757830107417383,0.14680492004914167,0.005291005291005346,0.005291005291005346
2019-02-08 00:00:00,0.0016777429265988353,0.0051645000775186745,-0.0031803730933915864,0.008336602731692315,0.45930746348946927,0.09037757162957957,0.06184472459264202,0.005291005291005346,0.005291005291005346
2019-02-08 00:30:00,0.0016119490863402142,0.004981596944180433,-0.0032620202246040897,0.008236535491444093,0.4593074634894693,2.283073683240704e-15,0.0459852909012515,0.005291005291005346,0.005291005291005346
2019-02-08 01:00:00,0.005382731608321922,0.009069436440278134,-3.889195156647762e-05,0.009067386672473388,0.3656711628749815,0.0,0.03012585720986023,0.009296148738379806,0.009296148738379806
2019-02-08 01:30:00,0.0026128203649462556,0.0055645420663561485,-0.0025181844504623685,0.008070433803078607,0.4466601743193002,0.8649317723236466,0.28831059077454924,0.0066225165562914245,0.0066225165562914245
2019-02-08 02:00:00,0.0025103568212228033,0.004955042578874025,-0.0024384862874836655,0.007384237441762082,0.44666017431930016,0.8649317723236458,0.576621181549097,0.0066225165562914245,0.0066225165562914245
2019-02-08 02:30:00,0.004970201562407572,0.007836957848736947,-0.0002672367331992831,0.00807363699172837,0.38905147433399306,0.24969281470517693,0.659852119784156,0.009296148738379806,0.009296148738379806
2019-02-08 03:00:00,0.0022175179080159424,0.005167191072978694,-0.002915535443839823,0.00807363699172837,0.463561613534622,1.0,0.7048748623429405,0.0066225165562914245,0.0066225165562914245
2019-02-08 03:30:00,0.00597197212680034,0.00953440201341893,0.000306023518495957,0.009183195220566527,0.38726651424269504,0.0,0.4165642715683919,0.010638297872340496,0.010638297872340496
2019-02-08 04:00:00,0.0031740580675179153,0.006879241162149441,-0.002502583337215869,0.009361338810985862,0.45201788747877986,0.848696362374829,0.6162321207916093,0.007957559681697646,0.007957559681697646
2019-02-08 04:30:00,0.0030495852021250602,0.006896551723373445,-0.0026525198931346416,0.009528851242518597,0.45201788747877986,0.848696362374829,0.5657975749165522,0.007957559681697646,0.007957559681697646
2019-02-08 05:00:00,0.00420982670306258,0.008324420631681484,-0.0016843143899815116,0.009975615448460887,0.4259177678994619,0.5066020493515061,0.7346649247003876,0.009296148738379806,0.009296148738379806
2019-02-08 05:30:00,0.004044735459805215,0.008317130821545504,-0.002075430954347257,0.010360229055732207,0.4259177678994618,0.5969178988041461,0.6507387701768266,0.009296148738379806,0.009296148738379806
2019-02-08 06:00:00,0.005168924808626185,0.009339977787981901,-0.0012282756603217981,0.01052556333106986,0.3991857771772889,0.0,0.3678399827185503,0.010638297872340496,0.010638297872340496
2019-02-08 06:30:00,0.0011288025281979142,0.004486023623847757,-0.004883374617224878,0.009371260080823816,0.5004760609963987,1.0,0.5323059662680482,0.0066225165562914245,0.0066225165562914245
2019-02-08 07:00:00,0.0023602238916804463,0.005161688348383375,-0.0034375504173486116,0.008591832013995868,0.4719162118767411,0.7180395982435838,0.572679866081194,0.007957559681697646,0.007957559681697646
2019-02-08 07:30:00,0.0022676660920066816,0.0043923310390148185,-0.003198697086760016,0.007586500373562436,0.47191621187674104,0.718039598243583,0.812026398829055,0.007957559681697646,0.007957559681697646
2019-02-08 08:00:00,-0.0003687832909202715,0.0017352084701285353,-0.005835737570657473,0.007586500373562436,0.5336451065363658,1.0,0.812026398829055,0.005291005291005346,0.005291005291005346
2019-02-08 08:30:00,0.0034720931117659948,0.005211086840123613,-0.0018910337192734605,0.007090350389427874,0.4488841451675603,0.0,0.5726798660811938,0.009296148738379806,0.009296148738379806
2019-02-08 09:00:00,0.0020572585308376024,0.0035828516757454576,-0.0031849736916604865,0.006766479250844107,0.4786122739992965,0.35072901901602377,0.45024300633867403,0.007957559681697646,0.007957559681697646
2019-02-08 09:30:00,0.0007014017317317212,0.0020414716849066483,-0.004425577645171153,0.00647476759608629,0.5072373802888025,0.6884447058987451,0.3463912416382558,0.0066225165562914245,0.0066225165562914245
2019-02-08 10:00:00,0.0006738957814675928,0.0018167382146965227,-0.00433329450608666,0.006157780921943278,0.5072373802888025,0.6884447058987451,0.5758728102711708,0.0066225165562914245,0.0066225165562914245
2019-02-08 10:30:00,-0.003157670483848407,-0.0014159780021975044,-0.008742333343448427,0.007363757009438759,0.5862680995211295,0.9999999999999999,0.7922964705991627,0.0026385224274405594,0.0026385224274405594
2019-02-08 11:00:00,-0.0017686480977826546,0.0004424865394063726,-0.007443807543368708,0.007913998304050778,0.5543521795831328,0.7035374557457268,0.7973273872148233,0.003963011889035695,0.003963011889035695
2019-02-08 11:30:00,-0.0016992893488499972,0.0008483196021267236,-0.007585439813486361,0.00846226506411166,0.5543521795831327,0.5961580478070382,0.7665651678509211,0.003963011889035695,0.003963011889035695
2019-02-08 12:00:00,-0.0016326505508559297,0.0012218063474438434,-0.007694725766201116,0.008945483811582043,0.5543521795831328,0.5961580478070391,0.6319511837866009,0.003963011889035695,0.003963011889035695
2019-02-08 12:30:00,-0.0028340810927336424,0.0005423403904336599,-0.008985612158242673,0.009568346624134449,0.5827240830532474,0.8889577215769738,0.6937579390636831,0.0026385224274405594,0.0026385224274405594
2019-02-08 13:00:00,-0.006499792325534326,-0.0018236456397635603,-0.013682267632245781,0.011951279746098518,0.6539096726591825,1.0,0.8283719231280038,-0.0013140604467805073,-0.0013140604467805073
2019-02-08 13:30:00,-0.011235954274685378,-0.004210331872788631,-0.019972674663158108,0.015955265940631944,0.7220064936184204,1.0,0.9629859071923242,-0.006535947712418277,-0.006535947712418277
2019-02-08 14:00:00,-0.007055214502253659,0.0009193864743246571,-0.016273717182985092,0.017326119138887954,0.6229984873786577,0.40945148468458975,0.8031504948948629,-0.002624671916010457,-0.002624671916010457
2019-02-08 14:30:00,-0.008028874645623518,0.0009312654433417666,-0.017707150109133263,0.01879607595365901,0.6406860006357344,0.4161467147739053,0.6085327331528313,-0.003931847968545177,-0.003931847968545177
2019-02-08 15:00:00,-0.0052092328560441326,0.004146409365870962,-0.014658892940114354,0.018904669821472788,0.5818861300654883,0.0,0.2751993998194979,-0.0013140604467805073,-0.0013140604467805073
2019-02-08 15:30:00,-0.005004949214630683,0.004613082172496119,-0.014074317389315194,0.018776222691495127,0.5818861300654882,0.0,0.13871557159130132,-0.0013140604467805073,-0.0013140604467805073
