timestamp,ema50_dist_omg_usd_12h,ema200_dist_omg_usd_12h,lower_bb_dist_omg_usd_12h,width_bb_omg_usd_12h,rsi_omg_usd_12h,stoch_rsi_fastk_omg_usd_12h,stoch_rsi_fastd_omg_usd_12h,kijun_dist_omg_usd_12h,tenkan_dist_omg_usd_12h
2018-07-15 14:00:00,,,,,,,,-0.8073997688943496,-0.838562464346834
2018-07-16 02:00:00,,,,,,,,-0.8079587550681095,-0.8390310066213575
2018-07-16 14:00:00,,,,,,,,-0.8154623426857639,-0.8453205146172604
2018-07-17 02:00:00,,,,,,,,-0.8207942621500606,-0.8497897301196293
2018-07-17 14:00:00,,,,,,,,-0.8218778745738867,-0.8506980141767221
2018-07-18 02:00:00,,,,,,,,-0.8335335018963337,-0.8604677623261694
2018-07-18 14:00:00,,,,,,,,-0.8364915374203723,-0.8629471880393886
2018-07-19 02:00:00,,,,,,,,-0.8333227848101266,-0.8602911392405064
2018-07-19 14:00:00,,,,,,,,-0.8357409278594863,-0.8623180270199469
2018-07-20 02:00:00,,,,,,,,-0.826522008352766,-0.8545907276392237
2018-07-20 14:00:00,,,,,,,,-0.8180706578056565,-0.8475068046478854
2018-07-21 02:00:00,,,,,,,,-0.8044914625092798,-0.8361247216035634
2018-07-21 14:00:00,,,,,,,,-0.810681216931217,-0.8413129744651484
2018-07-22 02:00:00,,,,,,,,-0.8125062296202423,-0.8428427003089891
2018-07-22 14:00:00,,,,,0.5354621413303969,,,-0.8133778363592556,-0.8435732811769208
2018-07-23 02:00:00,,,,,0.514813874504807,,,-0.8102857060527036,-0.8409814572017231
2018-07-23 14:00:00,,,,,0.5391445292579898,,,-0.814199438400429,-0.8442619481014266
2018-07-24 02:00:00,,,,,0.49692607255807286,,,-0.8079671571701498,-0.8390380492642449
2018-07-24 14:00:00,,,,,0.5341606685224567,,,-0.8138842951843842,-0.8439977950218378
2018-07-25 02:00:00,,0.12159398409146882,-0.10489282716309245,0.22461117798883173,0.5545519453679023,,,-0.817120595547284,-0.8467104623546895
2018-07-25 14:00:00,,0.1390058646147998,-0.0858722188579254,0.21905839781786382,0.5314022454511156,0.5982759342633676,0.8267421997751289,-0.8141338716052171,-0.8442069900062108
2018-07-26 02:00:00,,0.12915526723901127,-0.08825788879401897,0.21305643128287274,0.5414511601572829,0.7726579299917389,0.7903112880850354,-0.8156018933452834,-0.8454374859959668
2018-07-26 14:00:00,,0.10039318145989329,-0.11049981103801121,0.21196411388937134,0.5750353338376444,1.0,0.7903112880850354,-0.8204546074340724,-0.8495050314979956
2018-07-27 02:00:00,,0.168993934888225,-0.060514347635866494,0.21770026507410745,0.4884598823189757,0.0,0.5908859766639128,-0.8091694323270677,-0.8400457964377328
2018-07-27 14:00:00,,0.17466740396467006,-0.06144758882048851,0.2234646780169898,0.4811390491519632,0.0,0.33333333333333326,-0.8080371461060734,-0.8390967139983089
2018-07-28 02:00:00,,0.12752828796828775,-0.08600730647054045,0.20919265231569584,0.5191266549255035,0.4045698496027205,0.1348566165342401,-0.8134545093927974,-0.8436375485223699
2018-07-28 14:00:00,,0.12454091264316713,-0.06360548456591153,0.18258349548060265,0.49547532203177186,0.1526820036362403,0.18575061774632023,-0.8102118766215047,-0.8409195733640819
2018-07-29 02:00:00,,0.1096941786185206,-0.053007378404149375,0.15821714517320892,0.4886955909546018,0.19892124414700582,0.2520576991286555,-0.8092744680542882,-0.8401338373962544
2018-07-29 14:00:00,,0.08771673290939863,-0.02505375790134179,0.10934456300142777,0.47281972765628777,0.0,0.1172010825944153,-0.8071035129354546,-0.8383141425683396
2018-07-30 02:00:00,,0.07015355422353253,-0.018255302285718922,0.08617274899060727,0.4725006060396606,0.0,0.06630708138233522,-0.8070611162395417,-0.8382786056529957
2018-07-30 14:00:00,,0.06798818736647139,-0.017855288707206318,0.08374430372764327,0.4690910138953908,0.0,-5.921189464667501e-17,-0.8066361220024377,-0.8379223754350412
2018-07-31 02:00:00,,0.08929875355915917,-0.0010168956552873976,0.08649756628647963,0.44015362185299106,0.0,-5.921189464667501e-17,-0.8029643263302807,-0.8348446758843598
2018-07-31 14:00:00,,0.16652679195820386,0.03390881710246374,0.1205379283171598,0.36876321797892414,0.0,-5.921189464667501e-17,-0.791422461587201,-0.8251702835418977
2018-08-01 02:00:00,,0.2466185919429016,0.05155807472376428,0.16975241290049123,0.32126654629229295,0.0,-5.921189464667501e-17,-0.7805416666666667,-0.81605
2018-08-01 14:00:00,,0.24937827068064622,0.020462683263993364,0.201701874326333,0.3300837903685911,0.05964671626602497,0.0198822387553416,-0.7816226346252716,-0.8169560674660431
2018-08-02 02:00:00,,0.29219703255929264,0.018032115323597386,0.2373486781490415,0.30811054152507805,0.0,0.0198822387553416,-0.7759981627341238,-0.8122416344861609
2018-08-02 14:00:00,,0.34488870206094746,0.0193123252399241,0.2754219062265808,0.28224966236198623,0.0,0.0198822387553416,-0.7683735575569941,-0.8058506895581199
2018-08-03 02:00:00,,0.39628071352970684,0.012862205686717587,0.31830283274991134,0.262461325708826,0.0,-5.921189464667501e-17,-0.7616051707281747,-0.8001774269471702
2018-08-03 14:00:00,,0.4773592067433925,0.020108063769622264,0.36617188010623614,0.23320297315360322,0.0,-5.921189464667501e-17,-0.7494386512406759,-0.7899794489267773
2018-08-04 02:00:00,,0.4255070825903391,-0.03918298940249021,0.3894609900804027,0.28754519262907663,0.7254569952929778,0.24181899843099255,-0.7573079475081097,-0.7965754939545857
2018-08-04 14:00:00,,0.425856525393584,-0.059412080949140966,0.41012465556244976,0.28428557369567453,0.9400168236618808,0.5551579396516195,-0.7561574074074074,-0.7956111111111112
2018-08-05 02:00:00,,0.4302828045015359,-0.07101425147818519,0.42495972350186245,0.27639051441677137,0.7947327451846207,0.8200688547131597,-0.7534222205576674,-0.7933184771820753
2018-08-05 14:00:00,,0.37488150345247684,-0.10070515574111305,0.4182495870843089,0.31642572848116135,1.0,0.9115831896155003,-0.758722102099901,-0.7977608384945212
2018-08-06 02:00:00,,0.3634687871383462,-0.11241721804310023,0.4228121751761706,0.31508133456848314,0.9664197146413157,0.920384153275312,-0.7583501559919251,-0.7974490732244448
2018-08-06 14:00:00,,0.3925024504374395,-0.10043400059171714,0.43012367371693094,0.2889106022798386,0.31272688695833534,0.7597155338665502,-0.7507429912734018,-0.7910727468907945
2018-08-07 02:00:00,,0.39542558232292513,-0.09452031672687844,0.4258722915503292,0.2738982392780255,0.0,0.4263822005332168,-0.7458404107473748,-0.7869634033353923
2018-08-07 14:00:00,,0.3386577074397896,-0.12040676404356376,0.41389769074594274,0.31850830856053725,1.0,0.43757562898611163,-0.7515566037735849,-0.7917547169811321
2018-08-08 02:00:00,,0.45152550974470773,-0.05011342697461385,0.4177866350540449,0.2502393890856013,0.0,0.3333333333333332,-0.7261620047831965,-0.770468961214516
2018-08-08 14:00:00,,0.4117801209614995,-0.0703685844043127,0.4118444774341242,0.26362303942111104,0.19604309601565295,0.39868103200521754,-0.7283483248060736,-0.7723015349067504
2018-08-09 02:00:00,0.48349746412244987,0.529054284895071,-0.0030677944131409784,0.4213182305711295,0.2154345801513765,0.0,0.06534769867188416,-0.7005276444767905,-0.7489822374855011
2018-08-09 14:00:00,0.3982672148511561,0.41619521425886874,-0.05532734619563384,0.399448496743972,0.2826683111227708,0.6522877556587819,0.2827769505581448,-0.7144514562054085,-0.7606531780625854
2018-08-10 02:00:00,0.2882022880467807,0.27046428708480574,-0.11030501289125849,0.35253817116630615,0.3762855269561449,1.0000000000000002,0.5507625852195939,-0.7345262096774193,-0.7774798387096774
2018-08-10 14:00:00,0.36795648717768015,0.33347998711677707,-0.051040213085913,0.3369378719891607,0.3309460223411583,0.7181272133261537,0.7901383229949783,-0.7149953464210731,-0.7611090669033138
2018-08-11 02:00:00,0.44287931863910157,0.41060373736935074,-0.011690191368427305,0.35207098600260717,0.29753941970880826,0.5104405114698259,0.7428559082653264,-0.6956195099398983,-0.7448682385575589
2018-08-11 14:00:00,0.44369243095561783,0.408047104341382,-0.01888316991515404,0.3573888489649128,0.2915054992128892,0.0943970402393442,0.44098825501177435,-0.6916276346604215,-0.7415222482435597
2018-08-12 02:00:00,0.4225670741601184,0.384060613957935,-0.038609253453440906,0.3604166554282856,0.2946688157660978,0.037312049045186424,0.21404986691811867,-0.6924559149830667,-0.742216512904356
2018-08-12 14:00:00,0.43677709411694843,0.40107768728543625,-0.038570522593042056,0.3721878320193131,0.2834913210373058,0.0,0.04390302976151001,-0.6855297095911348,-0.7364109667558273
2018-08-13 02:00:00,0.4581445490034244,0.4308108696730313,-0.03801088931168173,0.3918603835109642,0.2701947830875476,0.0,0.01243734968172861,-0.6767601139041634,-0.7290602906520032
2018-08-13 14:00:00,0.4659558044421428,0.45516318554595037,-0.04971568554595196,0.41977958038319496,0.26163278473770796,0.0,-1.983598470663613e-16,-0.6708125,-0.724075
2018-08-14 02:00:00,0.6260870397070006,0.6406192992962825,0.016694167171337204,0.4695909157863352,0.2164919410976699,0.0,-1.983598470663613e-16,-0.6291158493648423,-0.6891248626876603
2018-08-14 14:00:00,0.7064938104361989,0.752076949472203,0.021441145994910205,0.5268657195144348,0.19818994539950413,0.0,-1.983598470663613e-16,-0.6041992304917638,-0.6682397499098233
2018-08-15 02:00:00,0.6398641417009929,0.6995511408874089,-0.04858421304751914,0.5644245094709933,0.22377007688732423,0.3552557343250249,0.11841857810834144,-0.6135956803709246,-0.6761158552689498
2018-08-15 14:00:00,0.5255733931526669,0.5726182641938355,-0.1228148203092243,0.567746025697738,0.2857972865467658,1.0,0.45175191144167476,-0.6354714578373291,-0.6944521344333094
2018-08-16 02:00:00,0.47690305187720394,0.5040642511659139,-0.14912086723564755,0.5547353051956883,0.30637499883019637,1.0,0.7850852447750082,-0.6424498330029598,-0.7003014092920955
2018-08-16 14:00:00,0.43698413156786553,0.44594888660697873,-0.16751845810433286,0.5384999577226277,0.3230302891325987,1.0,0.9999999999999999,-0.6477959664045364,-0.7047825389183117
2018-08-17 02:00:00,0.4514650213852127,0.44350504620422315,-0.15464625389800646,0.5226633483138924,0.310989057523739,0.8786902492299185,0.9595634164099727,-0.6397302251771594,-0.6980218337027004
2018-08-17 14:00:00,0.3510633888839929,0.30828198976602694,-0.19156513392478103,0.47228529627043947,0.3795499109902832,1.0,0.9595634164099727,-0.6610943813862507,-0.715929271870898
2018-08-18 02:00:00,0.1870938320184734,0.14224412534799202,-0.27989576291997187,0.4533414873226003,0.49820451534788107,1.0,0.9595634164099727,-0.7003095341056513,-0.7487994173475658
2018-08-18 14:00:00,0.21555267567540626,0.15652773483890803,-0.24951365033186756,0.425839943679007,0.47260752384042154,0.8632752241457347,0.9544250747152447,-0.6909037558685446,-0.7409154929577465
2018-08-19 02:00:00,0.28037462314387973,0.22084722107735355,-0.2038732906794508,0.42114625812046735,0.4280550191820042,0.6253007257991982,0.8295253166483109,-0.6715105401022826,-0.7246600972932519
2018-08-19 14:00:00,0.2239240944120724,0.16112446073738917,-0.22946648317690777,0.4044100440675112,0.46148762372615304,0.6905565374347233,0.7263774957932186,-0.6836484635898421,-0.7348341061432382
2018-08-20 02:00:00,0.21297138124980997,0.12112026152691291,-0.21197397855329336,0.348945749260649,0.4631794826154294,0.5007087057385158,0.6055219896574789,-0.6842326139088728,-0.7353237410071942
2018-08-20 14:00:00,0.2853013691843824,0.17291357758992998,-0.1500597314360853,0.3193244135161825,0.4140563938627423,0.0,0.3970884143910796,-0.6623717948717949,-0.7170000000000001
2018-08-21 02:00:00,0.34086429067904356,0.22327552707448994,-0.10799714869611277,0.31321898730375547,0.38175837790630673,0.0,0.1669029019128385,-0.6441216216216217,-0.7017027027027027
2018-08-21 14:00:00,0.29026975206821604,0.1763487930255181,-0.13426590806186978,0.30421360795344726,0.4090848448109292,0.3356189651595421,0.11187298838651394,-0.6544053961838272,-0.7103225637122386
2018-08-22 02:00:00,0.27638637145199296,0.16071821840935074,-0.13489968417497578,0.29185032873247996,0.4110454723524491,0.3596990553096848,0.23177267348974223,-0.655102415003405,-0.710906804966211
2018-08-22 14:00:00,0.25814052997606596,0.1441407652624338,-0.13957164263811805,0.28306572689209625,0.4173185849074177,1.0,0.5651060068230757,-0.657185628742515,-0.712652954959646
2018-08-23 02:00:00,0.35862667650828506,0.24322800588919025,-0.0709944168013823,0.28930813359029667,0.36000444854678604,0.0,0.4532330184365616,-0.6258169934640523,-0.6863597612958228
2018-08-23 14:00:00,0.33674599339685063,0.23117817749451341,-0.0849406767883395,0.2945795646370364,0.36617646479344734,0.10768750326840446,0.3692291677561348,-0.6280577368510254,-0.688237952658042
2018-08-24 02:00:00,0.2799759222714653,0.18879257907046032,-0.11223916114168464,0.2899340201056847,0.4025567986206247,0.7424407445676409,0.2833760826120151,-0.6406740346568427,-0.6988129349160868
2018-08-24 14:00:00,0.26605033029031167,0.17952965790461706,-0.098518033479714,0.2672235831082114,0.40515992208649576,0.7878592683589042,0.5459958387316499,-0.6415348596629733,-0.699534478534288
2018-08-25 02:00:00,0.20281122975140264,0.12439294364151698,-0.12246325614151765,0.24661825170424204,0.45371709208223193,1.0,0.8434333376421818,-0.6570963541666666,-0.7125781250000001
2018-08-25 14:00:00,0.22683702700275843,0.15472625937451778,-0.09406951259937557,0.24147230960542104,0.4302559242316256,0.7319968044870058,0.83995202428197,-0.6476074506235615,-0.7046245249692233
2018-08-26 02:00:00,0.1957492356469428,0.1330988424409263,-0.10794063536690468,0.23804508404910082,0.45143823431456853,0.9554565149362645,0.8958177731410903,-0.6542420502586456,-0.7101856471391434
2018-08-26 14:00:00,0.21266144925861674,0.15735918265433102,-0.0891279904858997,0.23835553208324056,0.43217957033892807,0.556450226708124,0.747967848710465,-0.6468418935228644,-0.7039828349202093
2018-08-27 02:00:00,0.1849924672891119,0.13780894172499614,-0.10028981950101667,0.233714381994241,0.45202325790347664,0.9278026486344957,0.813236463426295,-0.6527008492904995,-0.7088938123120747
2018-08-27 14:00:00,0.13923683054346925,0.10000679823389347,-0.13040102875809145,0.23396339568329613,0.4923317309571138,1.0,0.8280842917808735,-0.6644453505262353,-0.7187380545857649
2018-08-28 02:00:00,0.054189535487359386,0.010158925309994515,-0.18759169623489713,0.21700227941138228,0.5711122931608313,1.0,0.9759342162114989,-0.6888439907368022,-0.7391889975896782
2018-08-28 14:00:00,0.02966592828579162,-0.008204670882771214,-0.20797326094854096,0.2239781574973526,0.5923030117663214,1.0,1.0000000000000002,-0.6957250144425187,-0.7449566724436743
2018-08-29 02:00:00,-0.011297977863469866,-0.024427369658555853,-0.2524184242157823,0.26462060533728016,0.6296553809493807,1.0,1.0000000000000002,-0.7079664663221628,-0.7552174588036994
2018-08-29 14:00:00,0.008953198451538968,0.00741065525822493,-0.24256280160852495,0.2832804610888191,0.5996179815560091,0.7812656494706987,0.9270885498235664,-0.7018769244702047,-0.7501132041296867
2018-08-30 02:00:00,0.003254566690273686,0.013493919570045199,-0.2522731058443354,0.30179864255882083,0.6050159471159338,0.5791230909711902,0.7867962468139632,-0.7035214914552046,-0.7514916803638574
2018-08-30 14:00:00,0.0890254011221372,0.10707398362876042,-0.18454032659940822,0.30336458262974,0.4978092271295057,0.0,0.45346291348062984,-0.6771009588268471,-0.7293459869050247
2018-08-31 02:00:00,0.06017240131595769,0.08626819090412385,-0.19886868860703488,0.30214788036568674,0.523173630846988,0.19237879136113828,0.2571672941107764,-0.684927737366003,-0.735906393568147
2018-08-31 14:00:00,0.04183489510465632,0.07685727490229688,-0.20880178477087452,0.3058357325917278,0.5396365275307167,0.39015558359127267,0.19417812498413728,-0.6898699891657638,-0.7400489895897122
2018-09-01 02:00:00,0.03833528680743492,0.08196659685460905,-0.2071329226415729,0.3084001780771639,0.5416580248309618,0.4090116525065515,0.33051534248632114,-0.6904459646895644,-0.7405317723393752
2018-09-01 14:00:00,0.005527941299911188,0.05889656456792913,-0.23035734106798744,0.31637703136853246,0.5765838396961535,1.0,0.5997224120326083,-0.7001593988386656,-0.7486735739496755
2018-09-02 02:00:00,-0.026042031681910438,0.03494203733752088,-0.24327683948787104,0.3105701636213163,0.6107303027614677,1.0,0.8030038841688508,-0.7098902793689962,-0.7568299991187099
2018-09-02 14:00:00,0.006014426828458319,0.07135023838023646,-0.20084877016872482,0.29104388654581026,0.5624158222348776,0.32041194366490655,0.7734706478883026,-0.7002686030365801,-0.7487651089208076
2018-09-03 02:00:00,0.01751432029624511,0.08557566423709351,-0.17679075962000934,0.2749041269369587,0.5456030104898094,0.05711387805707926,0.45917527390732893,-0.6966293429177034,-0.7457146806745922
2018-09-03 14:00:00,0.04443369246769935,0.11283438170371785,-0.13716869422148736,0.25308236865094996,0.5085704082630806,0.0,0.12584194057399561,-0.6880626362171893,-0.7385340661423292
2018-09-04 02:00:00,0.015672767018269695,0.08448203735145565,-0.15053090779866862,0.24303917669777875,0.5414160388759749,0.32151198642254714,0.12620862149320913,-0.6964615029967727,-0.7455739972337483
2018-09-04 14:00:00,-0.0739893158164946,-0.0007214106093900163,-0.2200804998984046,0.2465819748621933,0.6384659634136987,1.0,0.44050399547418273,-0.7241599631305513,-0.7687908496732027
2018-09-05 02:00:00,-0.08147677709210943,0.0019214740366328975,-0.22234590467845683,0.2520459176633609,0.648828626146156,1.0,0.7738373288075161,-0.7273809523809524,-0.7714906832298136
2018-09-05 14:00:00,0.033080651316198306,0.11930501122086068,-0.10210206400952171,0.2195188892981386,0.5005619966184853,0.0,0.666666666666667,-0.6929793881738482,-0.7426552881925015
2018-09-06 02:00:00,0.10772077806756775,0.19796863213941562,-0.02160317029202874,0.20177842947853344,0.4396303472455134,0.0,0.3333333333333337,-0.6694904618473896,-0.7229668674698795
2018-09-06 14:00:00,0.1905392711174485,0.30749761191894853,0.04031112056720065,0.22760498983988176,0.3892112430319148,0.0,3.7895612573872007e-16,-0.64245954165309,-0.7003095470837406
2018-09-07 02:00:00,0.1104365748271472,0.2277011123547017,-0.03658095978000642,0.24123010490699112,0.445941096059842,0.21851330734261354,0.07283776911420489,-0.6651621106166561,-0.7193388429752067
2018-09-07 14:00:00,0.183444854752016,0.3268321642674272,0.005101181793060627,0.27593497302818815,0.4030291508776264,0.12409352788949751,0.11420227841070407,-0.6408896282761065,-0.6989936455123136
2018-09-08 02:00:00,0.17349775198522566,0.32430001362745675,-0.020684277421125108,0.29951548396410327,0.4050934336131719,0.2799617790907831,0.2075228714409651,-0.6417591685711177,-0.6997224942866471
2018-09-08 14:00:00,0.15278789926393732,0.30708168802860003,-0.05056146768734171,0.316986439999066,0.41630355882764664,0.4775671775915709,0.2938741615239509,-0.6461776165524653,-0.7034260378879484
2018-09-09 02:00:00,0.2565761945207976,0.4439619705254283,0.005047155556261673,0.3584427761373119,0.3625158925513789,0.0,0.25250965222745175,-0.6111078295283381,-0.6740305384092855
2018-09-09 14:00:00,0.2054570651637051,0.40115657611167865,-0.051774247504793425,0.3855743853194358,0.3925373087019057,0.5581468434850625,0.3452380070255449,-0.6243331146044335,-0.6851159738666515
2018-09-10 02:00:00,0.2406218941452678,0.45988633941835255,-0.04650960073827126,0.41965759596537827,0.3725493197073498,0.1865376925713151,0.24822817868545957,-0.6103137022787807,-0.6733649008582421
2018-09-10 14:00:00,0.20984488361882914,0.43349513716637644,-0.08673003805575763,0.44335513206608523,0.3889188918250614,0.490874601959299,0.41185304600522593,-0.6172905888507818,-0.6792129279776784
2018-09-11 02:00:00,0.21060382774116526,0.44211302746780934,-0.10179025785853213,0.46481048886871923,0.384291603862294,0.7253392445490288,0.46758384635988137,-0.6143313221252416,-0.6767324702712203
2018-09-11 14:00:00,0.20857834964445177,0.4399749048476176,-0.11642366809850224,0.47892085540973756,0.38092678919790013,0.4191251802686146,0.5451130089256478,-0.6122644287396937,-0.675
2018-09-12 02:00:00,0.2777526617943302,0.5191089596314797,-0.08332580061266792,0.4946538512786351,0.3432116091380468,0.0,0.3814881416058815,-0.5864348754671943,-0.6533496655045699
2018-09-12 14:00:00,0.30008601071765595,0.5478419782405826,-0.08784842985348795,0.5168228254182728,0.329321651238779,0.0,0.13970839342287192,-0.5752419354838709,-0.6439677419354839
2018-09-13 02:00:00,0.22708517560930552,0.4544380239614114,-0.1481861066658735,0.522600437626052,0.3807283435400515,0.9351780354142376,0.31172601180474624,-0.5960641757163015,-0.6614209460703111
2018-09-13 14:00:00,0.17834291999310437,0.3896635778600044,-0.18645651164387,0.5229831533659007,0.4151672848811524,1.0,0.6450593451380796,-0.6097130831703124,-0.6728614618531034
2018-09-14 02:00:00,0.15279925587471577,0.34310470699364437,-0.20246913848052617,0.5097307112888209,0.4319390838056567,1.0,0.9783926784714129,-0.6161078717201166,-0.6782215743440234
2018-09-14 14:00:00,0.15343396577405133,0.2890440807981083,-0.1756055542847358,0.43970962888558285,0.42715049618233236,0.9533355346792218,0.9844451782264076,-0.6138110042233693,-0.6762963397465979
2018-09-15 02:00:00,0.12481099176870036,0.17604193373541488,-0.1444841563407142,0.31554710738985364,0.4500042292534095,1.0,0.9844451782264076,-0.6216887892892029,-0.682899500086192
2018-09-15 14:00:00,0.10988830784713799,0.11995746845630872,-0.1293278430435808,0.2504587576889939,0.46064409100703485,1.0,0.9844451782264076,-0.625199248548332,-0.6858419674370944
2018-09-16 02:00:00,0.09891287232078749,0.08954391661428063,-0.12405018199487161,0.2173439628394561,0.468155487290221,1.0,1.0000000000000004,-0.6275422170678584,-0.6878058439170651
2018-09-16 14:00:00,0.14423189717168694,0.13271341133974368,-0.0846598869606926,0.21227306387545866,0.42297442100628596,0.0,0.666666666666667,-0.6101868024512271,-0.6732585334083306
2018-09-17 02:00:00,0.12618686650640076,0.0915950629968394,-0.08172795141740019,0.17247211361952672,0.43727980578508896,0.3166234433003983,0.43887448110013316,-0.6145796745111813,-0.6769406392694064
2018-09-17 14:00:00,0.1378314343531819,0.0982107409839319,-0.06649414564394274,0.16213372180514465,0.4221731362623283,0.0,0.10554114776679986,-0.6086691631003328,-0.6719864479315264
2018-09-18 02:00:00,0.22864691112920865,0.18805882006117236,0.0036310202026819116,0.16829735345790306,0.35291077035513174,0.0,0.10554114776679986,-0.5742255707171959,-0.6431158248722758
2018-09-18 14:00:00,0.21758470834149035,0.17060381330419871,-0.0029268500041133017,0.1601074941020065,0.35521264934261443,0.027283457440896126,0.009094485813632458,-0.5749814402375649,-0.6437493947903554
2018-09-19 02:00:00,0.18208583168075054,0.1438801302793553,-0.032941053589144675,0.1675284576623044,0.3864522898528771,0.3975572237706965,0.14161356040386464,-0.5847786326942481,-0.6519614026236125
2018-09-19 14:00:00,0.17842981509691547,0.14235900682923286,-0.03581148192017214,0.16915876489147486,0.38379506718938217,0.4459030012869002,0.2902478941661647,-0.5835046655068796,-0.6508935631820338
2018-09-20 02:00:00,0.18638219905335895,0.1575426893435532,-0.03147147824205776,0.1778060552239777,0.37209218647219056,0.5718708157615863,0.47177701360639474,-0.5780053200012818,-0.6462840111527738
2018-09-20 14:00:00,0.16095444013169358,0.13515151876107323,-0.05138768112269865,0.17904063456172192,0.39634167527614184,1.0,0.6725912723494959,-0.584713154823856,-0.6519065190651907
2018-09-21 02:00:00,0.081654983120925,0.06012470959600691,-0.11334485873975864,0.1782117975583822,0.48980659953896266,1.0,0.8572902719205292,-0.6118872874112065,-0.6746838800954992
2018-09-21 14:00:00,0.036646970630024533,0.023600697651527502,-0.15120543894548377,0.18671926857774088,0.5390391988183841,1.0,1.0000000000000007,-0.6275000707233584,-0.687770516846304
2018-09-22 02:00:00,0.0007723473853455953,0.002896904552353252,-0.18219773754429824,0.20332259765990493,0.5780757308369353,1.0,1.0000000000000007,-0.6403796258364058,-0.6985661614092585
2018-09-22 14:00:00,0.03399651039906981,0.041961617288787556,-0.14588634391420285,0.19814399126535054,0.5312347377535649,0.7422552809993213,0.9140850936664409,-0.6279421321804979,-0.6881410528100365
2018-09-23 02:00:00,0.030394784993156954,0.045616698729171734,-0.1457689314761288,0.20147470076723217,0.5339261755956962,0.49983018307722815,0.7473618213588503,-0.6287917230491655,-0.6888531799729365
2018-09-23 14:00:00,-0.023260645094958177,0.00519650121878934,-0.1961007380770553,0.22253906442881194,0.5952557310921178,0.9999999999999999,0.7473618213588503,-0.6484635715620578,-0.7053421256373975
2018-09-24 02:00:00,0.004610530225044762,0.04125447076511146,-0.17439006165797555,0.23102324022152534,0.5538940961573331,0.3539363765248374,0.6179221865340224,-0.6383647798742138,-0.6968773172942243
2018-09-24 14:00:00,0.06249151589561586,0.10433675676122722,-0.12444739877607891,0.23110802087459112,0.48256978960898744,0.0,0.4513121255082797,-0.616610860387247,-0.678643179502111
2018-09-25 02:00:00,0.05542509683340335,0.09860329080327435,-0.12855024886246313,0.230606521580714,0.487931677102193,0.04758257705117797,0.13383965119200572,-0.618344395814614,-0.6800962290948089
2018-09-25 14:00:00,0.10933013904554323,0.15567007952460754,-0.08412877098761384,0.23151732434587746,0.43205125276041445,0.0,0.015860859017059924,-0.5972379408436056,-0.6624047961337289
2018-09-26 02:00:00,0.08958893011830726,0.13409285914701807,-0.09915586029249568,0.22924416782515708,0.45009471635026654,0.14808800489884538,0.06522352731667506,-0.6030777114607826,-0.6672996925302949
2018-09-26 14:00:00,0.07068475464978952,0.11726064382396673,-0.11256789975672565,0.22929054266381244,0.46879789220149237,0.6575941373731582,0.26856071409066845,-0.6089132436365796,-0.6721910362648134
2018-09-27 02:00:00,0.070025306495614,0.1185871556638356,-0.11145620328288486,0.2292260588915062,0.4664165053548715,0.6149783756878913,0.4735535059866322,-0.608110119047619,-0.6715178571428572
2018-09-27 14:00:00,0.06447196670553024,0.11559457821117558,-0.11381374003000666,0.22920423041877463,0.47028029830688384,1.0,0.7575241710203504,-0.6091802208239345,-0.6724148165736674
2018-09-28 02:00:00,-0.01694321867144144,0.0360394216751756,-0.17337370457207635,0.22485314925207364,0.5723561848937747,1.0,0.8716594585626309,-0.6393256272597787,-0.6976826996822614
2018-09-28 14:00:00,0.023487888822140146,0.07859970704884356,-0.1259436399121454,0.20950268754796492,0.5162417944308265,0.47031753628873446,0.8234391787629121,-0.6241400964804613,-0.6849541860531498
2018-09-29 02:00:00,0.025381758383524966,0.08122202344227292,-0.1137557308249787,0.1982018751720268,0.5125727241999962,0.4356839575692242,0.6353338312859867,-0.6230641513754902,-0.6840523287435949
2018-09-29 14:00:00,-0.010094579506569112,0.04535760721865212,-0.13408688898660948,0.1877750697412984,0.5556627617675484,0.8364606599618775,0.580820717939946,-0.636256906077348,-0.695110497237569
2018-09-30 02:00:00,-0.02165830180640338,0.03200638280374535,-0.12988150895960737,0.17021794309033142,0.5705392199934336,0.9696075657170811,0.7472507277493947,-0.6408308556776956,-0.6989443823136303
2018-09-30 14:00:00,-0.04416144988184334,0.010267756480379031,-0.13973710080808333,0.16038748879477568,0.5997754390221802,1.0,0.93535607522632,-0.6497539566431706,-0.7064237265593829
2018-10-01 02:00:00,-0.037740136688268144,0.022777311972198788,-0.13339917059694661,0.16532051382310028,0.5909162331632343,0.8984067654658361,0.956004777060973,-0.6479654582397605,-0.7049246069939044
2018-10-01 14:00:00,-0.004877012796757785,0.059272769843793816,-0.10347334481062409,0.16642413590203173,0.5360894163042463,0.0,0.6328022551552792,-0.636015590446705,-0.6949082264484742
2018-10-02 02:00:00,-0.005847224440965304,0.05665829687177526,-0.10432533165918723,0.1649141118850422,0.537744379366905,0.02598628383481525,0.308131016433551,-0.6364577581446714,-0.69527885146328
2018-10-02 14:00:00,0.00021920643064454737,0.06433607047207501,-0.09838051491652156,0.16553434784299081,0.5276094373736709,0.0,0.008662094611605654,-0.6342361111111111,-0.6934166666666667
2018-10-03 02:00:00,0.008204770041105647,0.07359928687100692,-0.0906426725808932,0.16565360862491452,0.5135380642480342,0.0,0.008662094611605654,-0.6311934571324538,-0.6908663137551467
2018-10-03 14:00:00,0.03763739632370733,0.0984163119475907,-0.06268491092562345,0.15827355494181497,0.46562738774113216,0.0,5.699144859742471e-16,-0.6198648921735617,-0.6813707093160888
2018-10-04 02:00:00,0.05894706883536327,0.12006437749143561,-0.04532349457397111,0.15942990609298754,0.43391367984168044,0.0,5.699144859742471e-16,-0.6111767311383434,-0.6740882917466411
2018-10-04 14:00:00,0.03035336861953697,0.09122634759294068,-0.0688778736407526,0.15833494899205824,0.4783094443041767,0.4738289718970284,0.15794299063234335,-0.6212208382475621,-0.6825072634697811
2018-10-05 02:00:00,0.02539002925933831,0.08725589217884822,-0.0714833107941647,0.15749713478488836,0.4847545937910392,0.6385093502249021,0.3707794407073107,-0.6226644887666208,-0.6837173314993122
2018-10-05 14:00:00,0.04209766890352795,0.10312191770336421,-0.04649706356100958,0.1454995362552566,0.4566170674142957,0.446557424109832,0.5196319154105882,-0.6158838973162193,-0.6780338389731622
2018-10-06 02:00:00,0.014666203252983623,0.0723941033560509,-0.06300684706093629,0.13476839767227147,0.5023684340640584,1.0,0.6950222581115786,-0.6257744557494458,-0.6863241061785939
2018-10-06 14:00:00,0.010310010949547754,0.06695433604309575,-0.06067797220084248,0.1272330278561498,0.5090992670067681,1.0,0.8155191413699445,-0.6272258868159556,-0.6875406958638848
2018-10-07 02:00:00,0.03566099989274263,0.0933409630958768,-0.031478132523371394,0.12107410228117886,0.46405256864445543,0.1416766310843838,0.7138922103614618,-0.6173350770124963,-0.6792502179598954
2018-10-07 14:00:00,0.0355075321966718,0.09295745013808054,-0.026550722754255518,0.11566761887543743,0.4619792534625238,0.10217151891242704,0.41461604999893753,-0.6168562865539616,-0.6788488957430093
2018-10-08 02:00:00,0.026188738913470955,0.08095725687823285,-0.03639702826062163,0.11479660368645754,0.47809732142130107,0.3420641622618151,0.1953041040862092,-0.6199087838813035,-0.6814074993505181
2018-10-08 14:00:00,0.015105079902963281,0.06992121532661555,-0.04630978675518971,0.11487482274584593,0.49900432316762616,0.7857610157589815,0.4099988989777417,-0.6237857142857143,-0.6846571428571429
2018-10-09 02:00:00,0.009274406737835417,0.0642813351113587,-0.05081121660842014,0.11432258235384468,0.5101911553773234,1.0,0.7092750593402661,-0.6258063599420274,-0.68635084827645
2018-10-09 14:00:00,0.021415335011966352,0.07556902988131897,-0.04033400498278683,0.11389646251777161,0.48267853084950196,0.4293395731111811,0.7383668629567215,-0.6209809734895368,-0.6823062088022798
2018-10-10 02:00:00,0.009460198421443078,0.058645986641642445,-0.05079431186433203,0.10901233381007823,0.5080591228867942,0.9335687816715617,0.787636118260915,-0.6252739121773527,-0.6859045504994451
2018-10-10 14:00:00,0.016178928990549846,0.05342313420412359,-0.038665652263981665,0.09141426429093286,0.49142350400880175,0.317853105960744,0.5602538202478295,-0.6225346863891755,-0.683608531131751
2018-10-11 02:00:00,0.010865035357223052,0.03416336728741709,-0.03577240528810388,0.06999208253579456,0.5029702828681138,0.7375433048232949,0.6629883974852008,-0.6243438320209973,-0.6851249572064362
2018-10-11 14:00:00,0.13470152854086237,0.18393934064028938,0.053723164186584293,0.1163858948101557,0.318605058207618,0.0,0.35179880359468024,-0.5762807311108251,-0.6448384605483332
2018-10-12 02:00:00,0.1377617878143078,0.20114971649765612,0.03619139893684209,0.14745924653405265,0.31131079924424776,0.0,0.24584776827443222,-0.5730382619974059,-0.6421206225680934
2018-10-12 14:00:00,0.1411851251846472,0.21572296495327192,0.02200788850993618,0.17313527776902565,0.3034796109979364,0.0,5.684341886080802e-16,-0.5695910829274671,-0.6392311966789789
2018-10-13 02:00:00,0.15445881727352195,0.24135007880576698,0.01606588688229804,0.19959475377839989,0.28722441315272623,0.0,5.684341886080802e-16,-0.5622070020281278,-0.6330418592279815
2018-10-13 14:00:00,0.12039876218795609,0.21161344717820052,-0.02344907071981539,0.21484904920943124,0.344322972210364,1.0,0.3333333333333339,-0.5732596577651023,-0.6423061965257972
2018-10-14 02:00:00,0.11480578266445152,0.21259314345234537,-0.035863115279684665,0.2282839447394458,0.34613326495182517,1.0,0.6666666666666673,-0.5736051293675722,-0.6425957708623425
2018-10-14 14:00:00,0.11378329982564073,0.21494760297783677,-0.044082458895450816,0.23864224139337623,0.3420649729030875,0.9309392065115776,0.9769797355038599,-0.5722198758974693,-0.6414346512458985
2018-10-15 02:00:00,0.1114809981206748,0.21395996195915745,-0.05231081973447793,0.2463589270732443,0.3394014353122934,0.885724650304001,0.9388879522718601,-0.5713564894690581,-0.6407109606432502
2018-10-15 14:00:00,0.04889930191623448,0.14441791072751475,-0.1061076614200378,0.24581691843297113,0.4670576619771857,1.0,0.9388879522718601,-0.5947214527546938,-0.6602954755309327
2018-10-16 02:00:00,0.04667160038833451,0.1366502093725248,-0.1072317478340653,0.24034664297052696,0.4676831812391281,1.0,0.961908216768001,-0.5948461538461538,-0.6604000000000001
2018-10-16 14:00:00,0.04413017129863617,0.1270492192144521,-0.10767523772443177,0.23247249800226652,0.4692262398723915,1.0,1.0000000000000007,-0.5951326753374535,-0.660640162346647
2018-10-17 02:00:00,0.04966970023551487,0.12997350595041257,-0.10253382060865734,0.22936053608902038,0.4547822088640783,0.8887421316962058,0.9629140438987359,-0.5921985815602837,-0.6581808046083806
2018-10-17 14:00:00,0.053596601148986345,0.13090684257951968,-0.09871258676991512,0.2259817718635927,0.4430450115641331,0.0,0.6295807105654025,-0.5898230639835524,-0.656189645504953
2018-10-18 02:00:00,0.014169430927313709,0.0842049518572634,-0.13087921905596966,0.22022355749624783,0.5290679286745589,1.0,0.6295807105654025,-0.604947346314242,-0.6688668206774475
2018-10-18 14:00:00,-0.00961540385169568,0.054215024682676694,-0.14995964322126432,0.21444042631219784,0.5758006694122981,1.0,0.6666666666666673,-0.6143652072045687,-0.6767608727485723
2018-10-19 02:00:00,0.03491111828503546,0.09240933580717825,-0.10764025119438947,0.2015847471148975,0.48032653729565244,0.2808281495178074,0.7602760498392697,-0.5964726793539885,-0.6617633538659558
2018-10-19 14:00:00,0.02784616654818617,0.07789312543184224,-0.11034993398786386,0.19134833760020753,0.49159945200746646,0.3657429086665816,0.5488570193947968,-0.598784240836101,-0.6637009049635882
2018-10-20 02:00:00,0.01339661055089314,0.05305546102684899,-0.11774631437381122,0.17651110231773381,0.5185223121656493,0.4000641223251028,0.34887839350316446,-0.6042111274760287,-0.6682497219633894
2018-10-20 14:00:00,0.005292246325775407,0.03680283146177232,-0.12059644911760559,0.16428217965418257,0.5339382971958241,0.5615317857476968,0.44244627224646105,-0.607291977333731,-0.6708320906650761
2018-10-21 02:00:00,-0.002006758113902274,0.020359216881153053,-0.12199341665615737,0.14997387070546533,0.5487237110695211,1.0,0.6538653026909338,-0.6101752620048553,-0.6732488602048672
2018-10-21 14:00:00,-0.011928437463306851,0.017595560105921226,-0.13006992584096833,0.1564646151196713,0.569820797349966,1.0000000000000002,0.8538439285825662,-0.6142409327942814,-0.6766567059237125
2018-10-22 02:00:00,-0.008223500438783393,0.026731861218897812,-0.12342772811289793,0.15778832895901976,0.5606238394246961,0.8207167737560859,0.9402389245853625,-0.6129255100241049,-0.6755541184079017
2018-10-22 14:00:00,-0.0053169960793560955,0.03289620842666485,-0.11460640119917254,0.15378553237377943,0.5530004880161513,0.5312392040253889,0.7839853259271589,-0.6118758474326476,-0.6746742911041679
2018-10-23 02:00:00,-0.03583471977192165,0.005648687110439088,-0.1348387706981521,0.15018891719155375,0.6209905170532719,0.9999999999999999,0.7839853259271589,-0.6243545488260633,-0.6851339400336633
2018-10-23 14:00:00,-0.01582847441137003,0.028696713000715635,-0.11011568107684677,0.14470318612330632,0.5643891770840876,0.16750528318966348,0.5662481624050181,-0.6168116869889124,-0.6788115123825045
2018-10-24 02:00:00,-0.0006789016199355569,0.04372807576401727,-0.08691573643240069,0.1335271753662813,0.5255146175380173,0.0,0.3891684277298884,-0.6109239724610702,-0.6738764293945573
2018-10-24 14:00:00,-0.046060093244559286,8.28431448351985e-05,-0.1224655247877171,0.13053604345722575,0.6172424603513281,0.9607434261319012,0.37608290310718895,-0.6293246628944626,-0.6892998902119754
2018-10-25 02:00:00,-0.02208309980982215,0.0215814314554581,-0.08711308870375978,0.11237663367972668,0.5591106958467958,0.35188019677584464,0.4375412076359159,-0.6203580901856763,-0.681784107946027
2018-10-25 14:00:00,-0.0004227369946369075,0.04461197269715167,-0.06307777295059525,0.10869330003138047,0.5125758271772392,0.0,0.4375412076359159,-0.6119559131229186,-0.6747414021748741
2018-10-26 02:00:00,0.0050587828577022265,0.0502167240361191,-0.053728771693274946,0.10412834758899077,0.5010930988770493,0.0,0.11729339892528216,-0.6097477845944104,-0.6728905485907353
2018-10-26 14:00:00,0.016973338927823267,0.06241359491241871,-0.038481175862516204,0.09970171911401861,0.47608770663064603,0.0,6.158037043254201e-16,-0.6048525042763256,-0.6687873240704618
2018-10-27 02:00:00,0.014055140355466067,0.05790850683714943,-0.03531569246589461,0.09218286413424619,0.48122334928907323,0.061858079393606984,0.02061935979786961,-0.6057634730538921,-0.6695508982035928
2018-10-27 14:00:00,0.021147740841442664,0.06274850273928045,-0.021155261942662595,0.08219439896774373,0.4646603445988016,0.0,0.02061935979786961,-0.6026704888352443,-0.6669583584791793
2018-10-28 02:00:00,0.050152335689533034,0.09844385151933732,0.001596568852527236,0.09223373200565439,0.4078022569549337,0.0,0.02061935979786961,-0.5905882718736397,-0.6568310428455942
2018-10-28 14:00:00,0.0507015549626455,0.10273521721788237,-0.0038885119002616264,0.10160220739132883,0.4034532938876948,0.0,6.158037043254201e-16,-0.5895673586434761,-0.6559753132597719
2018-10-29 02:00:00,0.03572956683515427,0.08886620177004234,-0.017416971000814074,0.1026172123285768,0.4372241833653709,0.43424026514294517,0.144746755047649,-0.5948461538461538,-0.6604000000000001
2018-10-29 14:00:00,0.05838070171583798,0.1186122446622766,-0.00051751677648193,0.11248766154823453,0.3932342640343869,0.0,0.144746755047649,-0.5850534144266221,-0.6521917247029906
2018-10-30 02:00:00,0.07038919658777631,0.1391816776104564,0.002380333062854234,0.1277584714949174,0.37022230627796177,0.0,0.144746755047649,-0.5792189946633433,-0.6473013133927716
2018-10-30 14:00:00,0.06845109283703121,0.1432535155619088,-0.007213474625490934,0.14088405395381678,0.36890136202483165,0.0,6.158037043254201e-16,-0.5788825636433415,-0.6470193168734809
2018-10-31 02:00:00,0.04489285614623384,0.11953349755210096,-0.03275842470691126,0.1459591158057791,0.42614334880208227,0.8378164960715133,0.27927216535717175,-0.5874455619262462,-0.6541968230096814
2018-10-31 14:00:00,0.0383428524559315,0.11175533792880255,-0.041371801913837714,0.1479215200265517,0.4390604463146628,1.0,0.612605498690505,-0.589413782351107,-0.6558465855940131
2018-11-01 02:00:00,0.01175988312589693,0.08130235332464864,-0.06637394039946043,0.1465821741127952,0.5040439962705132,1.0,0.9459388320238383,-0.5997355381949722,-0.6644982825181628
2018-11-01 14:00:00,0.02484106066945202,0.09378276067962421,-0.055348487293896964,0.14631940791087888,0.4718684508247406,0.7619141758974499,0.9206380586324837,-0.594159346586531,-0.6598243180767454
2018-11-02 02:00:00,0.017085556970536153,0.07726966504835642,-0.060168348856133425,0.13627279185354757,0.4893433714587617,0.8112900817967029,0.857734752564718,-0.5969543924089378,-0.6621671258034895
2018-11-02 14:00:00,0.022374070792298584,0.07819889136792146,-0.05462165559556609,0.13127301949786252,0.4744653574250171,0.5448288241317729,0.706011027275309,-0.5944967972406996,-0.6601071692535108
2018-11-03 02:00:00,0.013664336171872016,0.06644021687979795,-0.062389259130739894,0.12856906209135374,0.4962094491877555,0.7565061609923062,0.7042083556402611,-0.5977301194513183,-0.6628173402987811
2018-11-03 14:00:00,0.032581243801387494,0.07016267208679006,-0.036774288689061296,0.10518104819420968,0.447264634569369,0.0,0.4337783283746935,-0.5896952511529353,-0.6560825127757697
2018-11-04 02:00:00,0.03518289174904776,0.06188398992925337,-0.0290438735592492,0.08945894244833227,0.43818771428361614,0.0,0.25216872033076915,-0.5880908436825476,-0.6547376982513217
2018-11-04 14:00:00,0.012401425740799832,0.03237503745671688,-0.04714393858925703,0.08011054843069722,0.49968393229662134,1.0,0.33333333333333376,-0.5969543924089378,-0.6621671258034895
2018-11-05 02:00:00,-0.011702998027887324,0.005484560960652196,-0.0692273558117732,0.07717147967093621,0.5597070817948165,1.0,0.666666666666667,-0.6067407341038735,-0.6703700385270137
2018-11-05 14:00:00,-0.008656366363094858,0.008637312520567653,-0.06689677586508402,0.07780039295646989,0.5517283265820075,0.9343416989717823,0.978113899657261,-0.6056690225203641,-0.6694717297556301
2018-11-06 02:00:00,-0.026585698797857882,-0.006077664982211295,-0.08753079440977252,0.08545267610826987,0.5962104847013961,1.0,0.978113899657261,-0.6132324864150389,-0.6758114260537524
2018-11-06 14:00:00,-0.03750279776111509,-0.009950474387489527,-0.1041335017187589,0.09988040415162766,0.623390279286601,1.0,0.978113899657261,-0.6181783912312242,-0.6799570840341008
2018-11-07 02:00:00,-0.05096447893432321,-0.012446642703852207,-0.12384515234350835,0.11954501176055841,0.6554463651795451,1.0,1.0000000000000004,-0.6243438320209973,-0.6851249572064362
2018-11-07 14:00:00,-0.04701069042271977,0.00017647823563016196,-0.1241951190567433,0.13259363872017424,0.647580576093397,0.9241618025899028,0.9747206008633014,-0.6235383251851216,-0.6844497812848443
2018-11-08 02:00:00,-0.02788378945992509,0.024409572815556668,-0.10768901585205848,0.13783813001608108,0.5825339460258809,0.0,0.6413872675299679,-0.6164321710507151,-0.6784934020798742
2018-11-08 14:00:00,-0.02304799414730574,0.032119388449085795,-0.10052720314258345,0.13734430342046666,0.5695094136527857,0.0,0.3080539341966346,-0.614895297145531,-0.677205194197473
2018-11-09 02:00:00,0.0004587806712583742,0.05591727688800807,-0.07153666109790568,0.12845714876645942,0.4989979360384014,0.0,3.315866100213801e-16,-0.6056217802803402,-0.6694321313046604
2018-11-09 14:00:00,-0.0007668521971302411,0.05254581659987623,-0.06419104543625254,0.11742055666234259,0.502463403809866,0.023323503810282375,0.007774501270094456,-0.6061172599461562,-0.6698474424169907
2018-11-10 02:00:00,-0.005338239863824978,0.04725578797255303,-0.06344762507177815,0.11160697401552964,0.5162761836242632,0.2068359212805522,0.07671980836361186,-0.6080051204191599,-0.6714298472805216
2018-11-10 14:00:00,-0.0025043322616136177,0.049583302688901654,-0.05606110799652464,0.10598769451044752,0.5076040144571606,0.12205216384521698,0.11740386297868419,-0.6069285650317919,-0.670527478432192
2018-11-11 02:00:00,0.003900512175269988,0.056658695835134276,-0.048867229488982145,0.10511641980046482,0.48664832963758914,0.0,0.10962936170859008,-0.6043419471153846,-0.6683593750000001
2018-11-11 14:00:00,0.01598653662856786,0.06958101395110527,-0.035040649407395486,0.10284550277965555,0.44866640359399634,0.0,0.04068405461507267,-0.5993214253111402,-0.6641511730517604
2018-11-12 02:00:00,0.03446940569839674,0.0913504921962025,-0.018339199071359724,0.10582642905163978,0.39804109880969224,0.0,3.434289889507151e-16,-0.5914774137503103,-0.6575763216679077
2018-11-12 14:00:00,0.03317933987885202,0.09192896068685164,-0.019539882188559843,0.10757520779465282,0.39788785247341807,0.0,3.434289889507151e-16,-0.5914520632950666,-0.6575550729134347
2018-11-13 02:00:00,0.00584546669514685,0.06323912835324408,-0.044095977709702416,0.1063174802923078,0.4897111125272624,1.0,0.33333333333333365,-0.6021662940358934,-0.666535742340927
2018-11-13 14:00:00,0.020018007071330945,0.07791436910374294,-0.027086452999243504,0.10239847164011008,0.44847177661526966,0.5508835573055195,0.5169611857685069,-0.5962375812584324,-0.661566294615479
2018-11-14 02:00:00,0.029803468859787907,0.08854807019841715,-0.014679362040720068,0.09955059530343989,0.42112474912003944,0.2530611158109122,0.6013148910388109,-0.5918825936027771,-0.6579159434664021
2018-11-14 14:00:00,0.05605378375368186,0.12308887120505507,0.00418704138970627,0.11178787773732395,0.3617374969097485,0.0,0.26798155770547755,-0.5805727209020832,-0.6484360068802957
2018-11-15 02:00:00,0.1448597449625959,0.24574396485123784,0.05610955823102293,0.16476670189360093,0.2492908080666882,0.0,0.08435370527030438,-0.5429538354737937,-0.6169038528288788
2018-11-15 14:00:00,0.220530165617967,0.36837267342330327,0.07924530913093286,0.23625203471552278,0.19831701409490365,0.0,3.315866100213801e-16,-0.5091515693729962,-0.588570789532543
2018-11-16 02:00:00,0.15281066268562116,0.30459350041815636,-0.0007880559776476392,0.2651105431951677,0.3076637190070583,0.49076709522593026,0.16358903174197711,-0.5338773053913413,-0.6092959042797975
2018-11-16 14:00:00,0.16159830410486653,0.3227535380509423,-0.011913060237693451,0.28964924364258254,0.2962864620953555,0.5994930764673547,0.3634200572310953,-0.5276572084514115,-0.6040822183161747
2018-11-17 02:00:00,0.17105497746826903,0.33634924072390304,-0.020324066102252236,0.30800468901157074,0.2844411881649295,0.7876247769808431,0.625961649558043,-0.5209727881257276,-0.5984793364377183
2018-11-17 14:00:00,0.16742521746998618,0.3311760734485971,-0.036407168184673155,0.3203662388749285,0.2820994844855332,0.766209374648623,0.7177757426989406,-0.5196622040637653,-0.597380804727684
2018-11-18 02:00:00,0.16918601029913072,0.33315343059175806,-0.04750791958518219,0.33308870368905164,0.27552036241179556,0.0,0.5179447172098225,-0.5160964315901657,-0.5943919738341112
2018-11-18 14:00:00,0.1476424341869378,0.30390547705446314,-0.07258227293509056,0.3374569397158586,0.30705437305321825,1.0000000000000002,0.5887364582162081,-0.5225187656380317,-0.5997751749646445
2018-11-19 02:00:00,0.1304170202292243,0.2804862945658704,-0.09212054418906945,0.34053433589954785,0.33178695280671755,1.0,0.666666666666667,-0.5274707528888251,-0.6039259312423743
2018-11-19 14:00:00,0.30499982253685864,0.49548979375056623,0.015133376471095472,0.38265911266728286,0.21740061571633887,0.0,0.666666666666667,-0.44928900041823505,-0.5383939774153075
2018-11-20 02:00:00,0.352812939428895,0.5673221477792254,0.015803783339867428,0.427016242448871,0.19725838281108057,0.0,0.33333333333333365,-0.4230347909911488,-0.5163876960827272
2018-11-20 14:00:00,0.6172109968714505,0.9306137004238451,0.12726479728867468,0.525428923180646,0.14408633393879883,0.0,3.315866100213801e-16,-0.2995265453771677,-0.41286307053941906
2018-11-21 02:00:00,0.5336980043424258,0.8571277293932615,0.013748242772105845,0.5875415690529006,0.18779610517249004,0.23286961703865733,0.07762320567955278,-0.32626381498157997,-0.43527425296766276
2018-11-21 14:00:00,0.5206518761060177,0.8580314800545665,-0.0408452660627997,0.6381379701867257,0.18636722011284232,0.5767073638167496,0.26985899361846927,-0.3226594650205761,-0.43225308641975313
2018-11-22 02:00:00,0.4364116249426544,0.7582508099405043,-0.12268902324235642,0.6685025087471077,0.23956999326378065,1.0,0.6031923269518026,-0.3522481306572215,-0.4570543093270366
2018-11-22 14:00:00,0.4815962498915063,0.8138988000086917,-0.12507103651255058,0.6984231933847257,0.22397545588741521,0.8366784695244148,0.8044619444470551,-0.3230077120822622,-0.43254498714652967
2018-11-23 02:00:00,0.5562266327164456,0.8942233837321483,-0.11010196572765829,0.7214666307043845,0.20440746745327545,0.3390847181828709,0.725254395902429,-0.2785326831406497,-0.3952660128212153
2018-11-23 14:00:00,0.5719533409673134,0.897069101429322,-0.12621985406918135,0.7386103422792972,0.19748050233896522,0.20888539389843622,0.4615495272019078,-0.260419006964727,-0.38008312738710404
2018-11-24 02:00:00,0.5935235258376066,0.899698504379925,-0.13462335987125773,0.7481329151616775,0.18967563567906137,0.0,0.18265670402710285,-0.23887283236994217,-0.3620231213872833
2018-11-24 14:00:00,0.5986422770409174,0.8803917509062384,-0.14886981979055136,0.7536176510040973,0.1847607250721757,0.0,0.06962846463281255,-0.2247571386517514,-0.35019134530468066
2018-11-25 02:00:00,0.7435416766921441,1.0583709563995791,-0.1156258071214743,0.7978922427645837,0.16085007283712233,0.0,4.736951571734001e-16,-0.1397726530345592,-0.278957339779186
2018-11-25 14:00:00,0.8004485195616562,1.1499291922910873,-0.14025132980053545,0.8573545615436595,0.1514415562747916,0.0,4.736951571734001e-16,-0.09557661927330163,-0.2419122192458274
2018-11-26 02:00:00,0.6423207022111674,0.945942805060096,-0.2365857076699025,0.8729218557930787,0.22642426728531467,1.0000000000000002,0.33333333333333387,-0.16183959261616798,-0.29745385105028643
2018-11-26 14:00:00,0.6652609384692305,0.9531617691179746,-0.24402434701236986,0.8838135019373535,0.2180416218794938,0.8882056237651309,0.6294018745883775,-0.13627418825844528,-0.27602492620531327
2018-11-27 02:00:00,0.7318831521427214,1.008393946912483,-0.2330296165863247,0.8946022328916484,0.20347410665000992,0.6939273023606212,0.8607109753752512,-0.08622484385843165,-0.2340735600277586
2018-11-27 14:00:00,0.7927444597826336,1.045936098661297,-0.22166375699097762,0.897647041292481,0.19133947291226586,0.532094880270133,0.7047426021319622,-0.03704109989761584,-0.19284774023694606
2018-11-28 02:00:00,0.7033614426793999,0.8932519754434451,-0.2568286023070112,0.8724551522863018,0.22378407506453496,0.9247482486940879,0.7169234771082812,-0.06963188016674904,-0.22016533597117227
2018-11-28 14:00:00,0.5910229687554496,0.688380065939854,-0.2732521013143715,0.7963405511751815,0.27437984505994056,1.0,0.8189477096547408,-0.11781455178882472,-0.2605520568136138
2018-11-29 02:00:00,0.44754418784430894,0.4226048252457073,-0.26954637206380805,0.6429469634571408,0.3496766243342625,1.0,0.9749160828980298,-0.18724152830072216,-0.3187457564347881
2018-11-29 14:00:00,0.37246955096416845,0.292767181080249,-0.27024055386131685,0.5567370311615897,0.3872191854863704,1.0,1.0000000000000007,-0.22085798816568036,-0.346923076923077
2018-11-30 02:00:00,0.37838628564863774,0.24669601303788524,-0.229834045608046,0.47254603075607693,0.37850016149199106,0.9466514632512252,0.9822171544170756,-0.2087314464274983,-0.33675860825671533
2018-11-30 14:00:00,0.5416841554437162,0.3995298847360591,-0.1395353387856939,0.4770500216362842,0.3194838664107417,0.3997189382740902,0.7821234671751057,-0.10229751840741752,-0.24754567766566693
2018-12-01 02:00:00,0.47284302263586464,0.3267799064077821,-0.1683701406539082,0.45881005073079617,0.3465666756862914,0.3998329032053547,0.5820677682435573,-0.13114483668756183,-0.27172550313427923
2018-12-01 14:00:00,0.37306350218454654,0.22293973014094393,-0.209349731384882,0.42937187986917097,0.3956570317291393,1.0000000000000002,0.5998506138264823,-0.18102375917402647,-0.3135340216444832
2018-12-02 02:00:00,0.32057767434850826,0.14296177848489333,-0.20995869747239038,0.36515252295658485,0.4198138029993117,1.0,0.7999443010684523,-0.2045248595420769,-0.33323264665015406
2018-12-02 14:00:00,0.33525308689650624,0.12906203181682163,-0.1745726766795207,0.3107048986460325,0.40697875576482323,0.8720716102201678,0.9573572034067233,-0.18744214748534405,-0.31891391545819203
2018-12-03 02:00:00,0.3251212981475655,0.10952471118833285,-0.16333184918548993,0.28040032999917996,0.40552080474577196,0.8048660913013168,0.8923125671738289,-0.1855322570668646,-0.3173130450918539
2018-12-03 14:00:00,0.38999066488890355,0.15507614289003913,-0.10707115535886946,0.25600259749847787,0.3705699211302383,0.0,0.5589792338404955,-0.13587741173382328,-0.2756923480771756
2018-12-04 02:00:00,0.4292473077082377,0.18505806192740493,-0.07156762476893752,0.24284537292855604,0.34967776826253216,0.0,0.2682886971004396,-0.10058060109289613,-0.24610655737704923
2018-12-04 14:00:00,0.3802619462626353,0.14235403251780765,-0.09165027693112482,0.22821854089011162,0.3720559399925309,0.39053727877035266,0.13017909292345153,-0.1216396504569408,-0.2637582549529719
2018-12-05 02:00:00,0.3740760364913309,0.14930459114993067,-0.08788647525656057,0.2301241699369643,0.3682458302757376,0.3325045194986538,0.24101393275633615,-0.11585979990599604,-0.25891358356274774
2018-12-05 14:00:00,0.3751037227481946,0.16263133378624706,-0.07562222928835571,0.22832057853616672,0.36113379298707016,0.5119285374497689,0.4116567785729257,-0.10534719391221625,-0.2501019160211986
2018-12-06 02:00:00,0.4534047101304648,0.24644845978911767,-0.026768459789120347,0.2461768539413234,0.3238729361502442,0.0,0.28147768564947484,-0.04236363636363627,-0.197309090909091
2018-12-06 14:00:00,0.3900399543261692,0.20597729091796557,-0.0660096533775153,0.25419725001830984,0.35806333719808847,0.7095946354809425,0.4071743909769044,-0.0736245954692556,-0.22351203039257073
2018-12-07 02:00:00,0.55593055419074,0.3866497776753459,0.028506821877223754,0.2965794895987048,0.29856336297724706,0.0,0.23653154516031483,0.052053371684244176,-0.1181687440076703
2018-12-07 14:00:00,0.6433257248653703,0.5131670946374618,0.06117275447090198,0.3511535901703968,0.2739633163897793,0.0,0.23653154516031483,0.12890089163237306,-0.05375514403292203
2018-12-08 02:00:00,0.42774578768689286,0.3338126699303643,-0.07654809932039952,0.36359120201835704,0.37761003348567646,1.0,0.333333333333334,-0.007200482545427045,-0.16783533137299267
2018-12-08 14:00:00,0.44935338604209685,0.3745683199596199,-0.0698326200681334,0.3856415640619243,0.36494326702120367,0.8777890239132888,0.6259296746377637,0.02057820492946827,-0.144551232367075
2018-12-09 02:00:00,0.3702455729810974,0.3031732848521771,-0.12022766327861367,0.38791708226390414,0.4006869821814691,0.9999999999999999,0.9592630079710971,-0.02448510890502298,-0.18232330715661593
2018-12-09 14:00:00,0.37663256649333476,0.30150761789396174,-0.11108841115053114,0.3767279137931895,0.3922693030237344,0.9335745292314083,0.9371211843815666,-0.00899375329269203,-0.1693384511176338
2018-12-10 02:00:00,0.3025332310568867,0.22162376398347505,-0.1490840472125774,0.3577328899381775,0.4303810109818634,1.0000000000000002,0.9778581764104701,-0.05344691251527567,-0.20659909424196687
2018-12-10 14:00:00,0.311615159296722,0.23967019722151917,-0.13964827060260676,0.3612519117215487,0.4199721477126312,0.8409348697062374,0.9248364663125495,-0.037604151439847966,-0.19331969010378613
2018-12-11 02:00:00,0.33257498277697106,0.2662861754013188,-0.12465388975133262,0.3650860773552459,0.40384986752159613,0.30385844975996856,0.7149311064887361,-0.012264646313104643,-0.1720801140199535
2018-12-11 14:00:00,0.3669409136211441,0.2953347411325926,-0.09947320865496057,0.35959275568900195,0.38241011041530093,0.0,0.3815977731554028,0.024309607156748347,-0.14142357059509936
2018-12-12 02:00:00,0.3423128156012061,0.2546587933507096,-0.10367855253564606,0.33318515817753136,0.3898123381511148,0.15430662439915716,0.152721691386376,0.016324482865081924,-0.1481167026860143
2018-12-12 14:00:00,0.3080291610385235,0.20552463963543777,-0.11238924590774657,0.303768104534325,0.4059821393735249,0.6275492666075217,0.26061863033556043,-0.00011390386513776551,-0.16189536031589347
2018-12-13 02:00:00,0.3437978025244741,0.21726609551681886,-0.07187747814333911,0.26954890253323505,0.3813065392765889,0.0,0.26061863033556043,0.03795522623364356,-0.12998581113038
2018-12-13 14:00:00,0.343371486143752,0.21034799384072334,-0.0645959435182486,0.2562681343519182,0.3748549703319307,0.0,0.2091830888691747,0.04845130981766066,-0.12118799267457614
2018-12-14 02:00:00,0.3838676039223652,0.2517639567405474,-0.037744877520310305,0.26152334185197795,0.3495768241620688,0.0,7.815970093361102e-16,0.0922853587722936,-0.0844462878473663
2018-12-14 14:00:00,0.3974317136615566,0.2610827250252996,-0.026441592917854195,0.2573337739218962,0.3372343667652357,0.0,7.815970093361102e-16,0.11579527158715375,-0.06474027624777567
2018-12-15 02:00:00,0.44860744720094003,0.30857063774102755,0.004709917320345536,0.2627097865460771,0.3111936737114383,0.0,7.815970093361102e-16,0.17127735278420197,-0.01823518946806635
2018-12-15 14:00:00,0.446791061021766,0.3070457841730927,5.2092761052779935e-05,0.2661297506978745,0.3054679578228816,0.0,7.815970093361102e-16,0.1845537963296151,-0.007106872975890632
2018-12-16 02:00:00,0.4086956123155596,0.2829136048562322,-0.031827900699540224,0.27963529329389236,0.3232410762740819,0.4029375480777273,0.13431251602590988,0.16702118230966945,-0.021802712044669104
2018-12-16 14:00:00,0.28562494333708877,0.16252322155894072,-0.105487635532173,0.2605796991667856,0.4165395910012042,1.0,0.4676458493592432,0.07472249428664712,-0.09916748285994137
2018-12-17 02:00:00,0.34138156417770005,0.2263957298880126,-0.06554561803119241,0.2702097163679156,0.3798722233290569,0.6698763975741779,0.6909379818839692,0.1329805541214939,-0.05033557046979864
2018-12-17 14:00:00,0.29042128019312696,0.18964755101524933,-0.08922987496479762,0.26554473346885726,0.41081401215307606,0.9484514751040364,0.8727759575594054,0.09994987887394546,-0.07802188622504402
2018-12-18 02:00:00,0.1819507963827911,0.09400640243144864,-0.16017517360484246,0.26287875823633405,0.49058042653944073,1.0,0.8727759575594054,0.01382044964582696,-0.15021558361564524
2018-12-18 14:00:00,0.20755931780667525,0.12388391632978668,-0.13649481620304715,0.2620309556052502,0.4662498990067123,0.7802283224984512,0.9095599325341631,0.04305291508238285,-0.125712927756654
2018-12-19 02:00:00,0.10658312052433594,0.036857249977126916,-0.20686162251757578,0.2663600599232466,0.5403111316368562,1.0,0.926742774166151,-0.040409561288441864,-0.19567118495846103
2018-12-19 14:00:00,0.056584003899570856,0.006200896208995221,-0.24772809286171749,0.2888062739296908,0.5759740000419689,1.0,0.926742774166151,-0.08176429567642951,-0.23033472803347288
2018-12-20 02:00:00,0.09408825828370615,0.04406265018843292,-0.21758438931887047,0.2865044113722293,0.5367868129720733,0.6428570687737611,0.880952356257921,-0.04583333333333317,-0.2002173913043478
2018-12-20 14:00:00,-0.08363331951910857,-0.08068865201254394,-0.3779520542397261,0.3857159111869404,0.6622593991809775,1.0,0.880952356257921,-0.20380336195428705,-0.3326278872898779
2018-12-21 02:00:00,-0.09222290537630107,-0.04966929687624033,-0.40927248312853437,0.4666964318238518,0.6702004445924572,1.0,0.880952356257921,-0.21453710331663078,-0.3416249105225483
2018-12-21 14:00:00,-0.04684557935022193,0.02346613828791333,-0.3889743268114816,0.5046711916248007,0.6172285587809766,0.6029499746906882,0.8676499915635634,-0.17692836604575568,-0.31010126265783233
2018-12-22 02:00:00,0.003640773698826427,0.09344934911554081,-0.3574148550071897,0.5194184858110208,0.5664337539208848,0.22221822904250954,0.6083894012443999,-0.13320387071292206,-0.2734513856888947
2018-12-22 14:00:00,-0.02256535507780122,0.08194064060877593,-0.3771753808893139,0.5386266747055163,0.5856371354376585,0.18506306207213943,0.33674375526844635,-0.15663229360148578,-0.29308909242298087
2018-12-23 02:00:00,-0.04536764436885787,0.0759251417554383,-0.39336286417536936,0.5578254216013415,0.6037323789205821,0.3594469936190754,0.2555760949112421,-0.17790472622838227,-0.31091964787413373
2018-12-23 14:00:00,-0.12054609529042115,0.02010764121541908,-0.45055261948126424,0.5997371919802656,0.661533098167952,1.0,0.5148366852304056,-0.24688286433310447,-0.3687371310912835
2018-12-24 02:00:00,-0.08729190629881922,0.0777068093106319,-0.4264385541223178,0.6106159454696909,0.6234165420551301,0.5991922298244723,0.6528797411478497,-0.221456867498374,-0.34742505764796316
2018-12-24 14:00:00,-0.12573708262580663,0.05332566999045696,-0.4473406466246579,0.6235006047140166,0.655191465356898,0.9164430809898301,0.838545103604768,-0.25862845560497716,-0.3785822870333878
2018-12-25 02:00:00,-0.04557353019522514,0.1544313974627083,-0.373571327528351,0.592974971930862,0.566555951844536,0.0,0.5052117702714347,-0.1922274707073186,-0.32292497392798003
2018-12-25 14:00:00,0.03158002836465168,0.24320837791752492,-0.289779446097837,0.5456946145656449,0.5042616980701045,0.0,0.30548102699661056,-0.12583814645157,-0.2672774347739495
2018-12-26 02:00:00,0.02909299541016397,0.23299919498669075,-0.2568421866323638,0.4957514808268974,0.5051609611755709,0.0059581560459018934,0.0019860520153011994,-0.1269393979578305,-0.26820050391194805
2018-12-26 14:00:00,0.042453206169965396,0.24607567986637813,-0.22336308567908258,0.46416754104809066,0.49408644363966464,0.0,0.0019860520153011994,-0.11413482238966621,-0.25746770721205603
2018-12-27 02:00:00,0.01614176007252799,0.20295623566927867,-0.2062832256292524,0.40992136342878416,0.5138307542415524,0.2724499046698453,0.09280268690524965,-0.13593411641183806,-0.2757398779447471
2018-12-27 14:00:00,0.06378217592306146,0.24696784547018336,-0.1340073055624661,0.36060791845103596,0.4755614831580839,0.0,0.09081663488994901,-0.09320983403346872,-0.2399283795881827
2018-12-28 02:00:00,0.14505051032455696,0.34571190309556776,-0.056344493811612884,0.35123798414945706,0.42351922322626323,0.0,0.09081663488994901,-0.01888830936591912,-0.17763206914536933
2018-12-28 14:00:00,0.12488238473792967,0.3190908378913242,-0.05267907318544485,0.3280691680710677,0.4343667182410271,0.12011196015409663,0.040037320051366114,-0.03180147058823535,-0.1884558823529413
2018-12-29 02:00:00,0.009859756840158385,0.1816631855535682,-0.13680417478952145,0.3114809956742167,0.5184786744486906,1.0,0.3733706533846995,-0.1304563164498448,-0.2711483853925907
2018-12-29 14:00:00,0.03195947084485362,0.20820296503075775,-0.11284485692265245,0.3064371867616306,0.5006559125611081,0.8123118693489972,0.6441412765010318,-0.11030405405405397,-0.25425675675675685
2018-12-30 02:00:00,0.020561167811676384,0.19199249273377905,-0.11036338820626235,0.2904992827804159,0.5087676348496354,0.8977348807933971,0.9033489167141319,-0.11940747676051622,-0.26188724670634667
2018-12-30 14:00:00,0.035546352072589826,0.20379747512120616,-0.10102498259606607,0.28992433446874927,0.4953442546683447,0.7249568215578125,0.8116678572334028,-0.10522560478390863,-0.2500000000000001
2018-12-31 02:00:00,0.04647272726255225,0.20781532791377666,-0.09433156346688898,0.2859230777765065,0.4848805370931666,0.0,0.5408972341170704,-0.09414556962025311,-0.24071271326362143
2018-12-31 14:00:00,0.07765515414452806,0.244036185592148,-0.0748447687952204,0.2940090504859498,0.458130625113531,0.0,0.24165227385260468,-0.06440954952394484,-0.2157879778314623
2019-01-01 02:00:00,0.09647009506179693,0.27181839723249057,-0.0670444002797258,0.3073900526589676,0.44160502246440053,0.0,5.210646728907401e-16,-0.04465646085757813,-0.19923093666110436
2019-01-01 14:00:00,0.06290396067869986,0.2330531517956893,-0.10068569550691653,0.3130218915303214,0.4699775678448879,0.5279670776242501,0.17598902587475057,-0.07166525662718559,-0.22186971235194597
2019-01-02 02:00:00,0.026403383478881937,0.18538738540322264,-0.1332439927773138,0.3105351987833733,0.5031323864109046,1.0,0.5093223592080839,-0.10260342124991473,-0.24780208546309557
2019-01-02 14:00:00,-0.006248245145902942,0.12123267505957269,-0.15021875593562295,0.2754434439669984,0.5343112475148014,0.9999999999999999,0.8426556925414173,-0.13137410119401016,-0.27191767266970124
2019-01-03 02:00:00,-0.03299414311233084,0.07377677039161212,-0.16689856526340996,0.25242863965592516,0.561217654461115,1.0,1.0000000000000007,-0.15592948717948718,-0.2925000000000001
2019-01-03 14:00:00,-0.0016980700898204804,0.06419285902130456,-0.11326644292813659,0.1819231114875287,0.5250650971124048,0.6037645437495615,0.8679215145831877,-0.1286725780836422,-0.26965325569084186
2019-01-04 02:00:00,0.006239346076441832,0.05534693829363735,-0.09716427100429459,0.15576811279720787,0.5160418552180897,0.22225030959701753,0.6086716177821936,-0.12152244979651727,-0.2636600173460538
2019-01-04 14:00:00,-0.011111981024828244,0.03838766005093297,-0.113569519936905,0.1578925061240704,0.5349350915426231,0.41821587312481917,0.4147435754904666,-0.1370666491906416,-0.27668916704895474
2019-01-05 02:00:00,-0.0027021403860858495,0.047507095470110894,-0.10620389695042032,0.15835856298773016,0.5245617233895051,0.18859363451618133,0.2763532724126732,-0.12982421358710017,-0.2706185567010311
2019-01-05 14:00:00,-0.037849690627663524,0.016831604933331246,-0.14156744197980098,0.16893518261838344,0.5658274820614475,1.0,0.5356031692136674,-0.16183959261616798,-0.29745385105028643
2019-01-06 02:00:00,-0.015424249482768992,0.040993309887739526,-0.12244754761720456,0.17037994164029457,0.5356809091056794,0.3944723634670868,0.5276886659944232,-0.1428524931649524,-0.28153886212732726
2019-01-06 14:00:00,-0.024087565067302252,0.03656727805766535,-0.1304179935404577,0.17520691894855173,0.5470328378936613,0.5445462588680057,0.6463395407783646,-0.15125048343431724,-0.2885780585277814
2019-01-07 02:00:00,-0.06146016878898353,0.0012117861686622433,-0.1559320334638734,0.170319778778471,0.593568224568492,1.0,0.6463395407783646,-0.18593508500772793,-0.31765069551777436
2019-01-07 14:00:00,-0.012253841397871668,0.04970970422405019,-0.09711166819621886,0.1503856602446939,0.5236282042423055,0.0,0.5148487529560024,-0.14368862586980558,-0.28223970865578474
2019-01-08 02:00:00,-0.003932803685747999,0.058963905477974476,-0.08952583584319873,0.1507940194826336,0.5133429495831052,0.0,0.33333333333333387,-0.13661399252508022,-0.2763097501803161
2019-01-08 14:00:00,-0.019334626266586996,0.044940904221775435,-0.10298128350320734,0.15234321676600907,0.5330960052181808,0.24621985575834554,0.08207328525278237,-0.1506482616267819,-0.28807327614010203
2019-01-09 02:00:00,-0.003635424450552538,0.06268253509800115,-0.08791023970451706,0.15251659662615616,0.5116197727458099,0.0,0.08207328525278237,-0.1371797392045082,-0.2767839591114607
2019-01-09 14:00:00,-0.019468276751635205,0.047803153528205966,-0.10080573084779598,0.15265442331342557,0.533290257035074,1.0,0.4154066185861157,-0.15157860824742264,-0.28885309278350524
2019-01-10 02:00:00,-0.019856723694693046,0.04866365314427612,-0.09759215562191581,0.1499235768160422,0.5349205895043163,1.0,0.6666666666666673,-0.152615998455499,-0.2897226333740911
2019-01-10 14:00:00,0.11470987735356086,0.2034974533759497,0.021322479006819828,0.16376603941517334,0.3868583726100166,0.0,0.6666666666666673,-0.03222842863442599,-0.188813758635896
2019-01-11 02:00:00,0.16022256157314518,0.2722043325921937,0.05047433499761822,0.19092610673060462,0.35374616099249345,0.0,0.3333333333333339,0.012962535579660095,-0.15093468728363735
2019-01-11 14:00:00,0.152141382513443,0.28257190782040387,0.027420411688041657,0.22091112076654626,0.35580049880364056,0.011339005333266863,0.003779668444422856,0.011328725038402432,-0.15230414746543786
2019-01-12 02:00:00,0.13398294529601862,0.27684190372265216,-0.0037465752000573893,0.24687788092466745,0.3706761606709328,0.09344585666698828,0.03492828733341895,0.00018989745537423275,-0.16164071401443225
2019-01-12 14:00:00,0.13757229747087818,0.29248867457528704,-0.017023478159025163,0.2720429679362071,0.3640578243970184,0.31141572552248226,0.13873352917424633,0.008308446282257576,-0.15483574546289924
2019-01-13 02:00:00,0.12585335542807763,0.2833896692239304,-0.039857122592794614,0.2881587720241535,0.37270586678698897,1.0000000000000002,0.46828719406315744,0.0024743052912068464,-0.15972592310620481
2019-01-13 14:00:00,0.11104421431633216,0.2711898318957928,-0.062137327369542916,0.3017829214854454,0.38699869075491244,1.0,0.7704719085074946,-0.006676222088110917,-0.16739589619794815
2019-01-14 02:00:00,0.20261562008838707,0.3936484188924798,-0.00931889492635507,0.3380131057963278,0.316783795533048,0.0,0.6666666666666673,0.08258653292773177,-0.0925758447751377
2019-01-14 14:00:00,0.19229984422095892,0.3921048782137957,-0.03786300095748063,0.3652707764015908,0.31982360137115007,0.04329289146550642,0.3477642971551693,0.08036593370528378,-0.09443715129635721
2019-01-15 02:00:00,0.10427617393062905,0.2886423066256154,-0.11523472404876212,0.37165328207379267,0.42187395747472023,1.0,0.3477642971551693,0.004462582958272954,-0.15805934853917158
2019-01-15 14:00:00,0.11114414876085088,0.28876205283996725,-0.11398748636598144,0.3703827931544521,0.4121841727348443,0.9077955104374662,0.6503628006343247,0.014836223506743629,-0.14936416184971113
2019-01-16 02:00:00,0.14364233614807964,0.32349393216540556,-0.09612190218613836,0.3767810933276824,0.38167744084520244,0.6175044753301655,0.8417666619225445,0.04987242863977048,-0.11999681071599433
2019-01-16 14:00:00,0.11569354484821859,0.28182648038754965,-0.12087506654596492,0.3727076364179984,0.40991884300979353,0.8828508304979007,0.802716938755178,0.02855022652710515,-0.13786908295578826
2019-01-17 02:00:00,0.105078742503252,0.2456815917268742,-0.12261363056182828,0.3469462391459183,0.4179570720325887,0.9025565951837923,0.8009706336706199,0.022718446601941666,-0.14275728155339817
2019-01-17 14:00:00,0.10493116033846972,0.2318451585799881,-0.12071239176000137,0.33399846365044034,0.4139639351613971,0.8899344689981318,0.8917806315599421,0.026545567942621195,-0.1395493880096671
2019-01-18 02:00:00,0.0695690424105897,0.17742655712245736,-0.1438309154759706,0.31595019778693473,0.4590682451026943,1.0,0.9308303547273086,-0.003669794188862041,-0.16487590799031493
2019-01-18 14:00:00,0.09381221472159429,0.18159684905929852,-0.11501042259556427,0.2870504401428843,0.42822781973405105,0.3725167742559809,0.7541504144180381,0.022480198788631833,-0.14295698089765507
2019-01-19 02:00:00,0.0877720576584069,0.15288476708460275,-0.10917980078724676,0.2564602740547624,0.431755137661942,0.39444573087804613,0.5889875017113428,0.02018284651739366,-0.14488262183311384
2019-01-19 14:00:00,0.03547053532258193,0.06472202100780766,-0.13118435483351132,0.20264035117447687,0.5037226418949335,1.0,0.5889875017113428,-0.0275110782865583,-0.1848596750369278
2019-01-20 02:00:00,0.0563912882797426,0.033788469623174944,-0.07422492661932589,0.1102423002592968,0.47342626498345025,0.598695962924179,0.6643805646007422,-0.005701125122706263,-0.16657856981046604
2019-01-20 14:00:00,0.08327119517943582,0.055877206068786434,-0.04583370754463145,0.10120269903422255,0.43816547954996976,0.13163366084552333,0.576776541256568,0.0227978872145409,-0.14269069442286797
2019-01-21 02:00:00,0.09826801772061566,0.07390100030790658,-0.03133065569836102,0.1030384645346289,0.4179947435282239,0.0,0.24344320792323468,0.04074454631678792,-0.12764780271893783
2019-01-21 14:00:00,0.08490956471703304,0.06336459544141171,-0.04117457429314064,0.10339203402377713,0.4325670300635737,0.16998301384941633,0.10053889156498044,0.031369938121720065,-0.13550560037596937
2019-01-22 02:00:00,0.07735145016722345,0.05695190232153724,-0.04566397034556635,0.10203996258883695,0.43940209200358654,0.3861944957194423,0.18539250318962008,0.0271862079725409,-0.13901240346360877
2019-01-22 14:00:00,0.06997598522060655,0.05144611847670544,-0.05004007481944084,0.10141489641022151,0.44685358148261484,1.0,0.5187258365229535,0.022877340169346727,-0.14262409694709877
2019-01-23 02:00:00,0.047263508067621585,0.030955260282097274,-0.06847811220166089,0.1013345532008026,0.48187677802961626,1.0,0.7953981652398145,0.003008836075563792,-0.15927787934186477
2019-01-23 14:00:00,0.04648421139760095,0.03048568697839693,-0.0669962863378627,0.09929462647922509,0.48007955726185786,0.9635524243807521,0.9878508081269178,0.0040796095775508245,-0.1583803568705201
2019-01-24 02:00:00,0.0645200247997113,0.04661159263249415,-0.03892107941321199,0.08520503681471965,0.44747176245605474,0.18998775994536815,0.7178467281087073,0.023911353032659344,-0.1417573872472785
2019-01-24 14:00:00,0.06654330162705446,0.04537120578913578,-0.02393872902587968,0.06857506803887446,0.4402452506242723,0.0,0.38451339477537394,0.028469889869561893,-0.1379364211512928
2019-01-25 02:00:00,0.0618570069432578,0.041807296532975435,-0.026654127930592852,0.06794662116036575,0.4446509241631269,0.10582541197585522,0.09860439064040831,0.02638553277730149,-0.13968352950346874
2019-01-25 14:00:00,0.08897068819578546,0.07333152994161662,-0.0038977795405923388,0.07463810761493865,0.3978309056281655,0.0,0.03527513732528559,0.05610362528071877,-0.11477382098171318
2019-01-26 02:00:00,0.07666152141023574,0.06404544381691757,-0.011802720737550287,0.0739173429161035,0.41723481888540903,0.39088594551297184,0.1655704524962762,0.04720057261014787,-0.12223636074439337
2019-01-26 14:00:00,0.04207168358414304,0.03209330437639957,-0.04121435295003317,0.07364351034392261,0.4841150444856772,1.0,0.4636286485043245,0.015227447956823514,-0.14903623747108719
2019-01-27 02:00:00,0.07244638900573874,0.06570752316730744,-0.013591036852860783,0.07728465761959417,0.43014701097046093,0.3745312379562803,0.5884723944897513,0.04770050922979019,-0.1218173138128581
2019-01-27 14:00:00,0.09868859356145054,0.099843142243627,0.005253806132382799,0.0898669642594996,0.38996838004606393,0.0,0.4581770793187607,0.07727235539556587,-0.09703018898797355
2019-01-28 02:00:00,0.1343296408878596,0.14728305839202172,0.024436513836799234,0.11313297179446237,0.34553816410479976,0.0,0.12484374598542738,0.11759463588524888,-0.0632320488881345
2019-01-28 14:00:00,0.2035761370666065,0.24731576269971,0.05611187603804524,0.16601683807739817,0.2856203893256178,0.0,6.158037043254201e-16,0.19400616612259713,0.0008161044613710366
2019-01-29 02:00:00,0.16576395125572696,0.22171315011829473,0.008278015959440888,0.19142240328625035,0.3337997088547773,0.3333594806329478,0.11111982687764987,0.163206713780919,-0.025000000000000022
2019-01-29 14:00:00,0.18208031276847514,0.24413290018387368,0.009238291451241443,0.20848283638718718,0.3160342653133681,0.2914658516926376,0.20827511077519575,0.18690283035875255,-0.005137912385072996
2019-01-30 02:00:00,0.1642915430173557,0.22954624481677466,-0.01555392407385392,0.22141013461906098,0.3337751977169199,0.803681521364394,0.47616895122999375,0.175774622734173,-0.014465577283686026
2019-01-30 14:00:00,0.14775223522179526,0.21685577147321933,-0.03676551397388639,0.23267044524846536,0.35137592905756354,1.0,0.6983824576856777,0.1651623750110609,-0.023360764534112177
2019-01-31 02:00:00,0.11790444465122185,0.18803611209731863,-0.06501178941057384,0.23838436404501817,0.39397366037141673,1.0,0.9345605071214652,0.13974725179607028,-0.04466372370812788
2019-01-31 14:00:00,0.14525665040175695,0.22081380824471952,-0.04838311032155673,0.24783015524833796,0.3602078490284366,0.5667683676806622,0.8555894558935546,0.17367858097869693,-0.016222479721900385
2019-02-01 02:00:00,0.1541692941778734,0.23319103836921173,-0.04769609617268322,0.25704670289430154,0.34614654636524944,0.20550937852572307,0.5907592487354623,0.1892611994219655,-0.0031611271676300623
2019-02-01 14:00:00,0.1575166830646979,0.23777033359425093,-0.05101379839068432,0.2641209730813057,0.3371788075304416,0.0,0.25742591540212895,0.1993350942708807,0.005282812642317003
2019-02-02 02:00:00,0.14459392186151776,0.21759506763804914,-0.0629508525375636,0.26041043640472133,0.35023910465013475,0.22995564679534894,0.14515500844035784,0.19206047437986618,-0.0008147745790332284
2019-02-02 14:00:00,0.1391227222717577,0.20274816117696637,-0.06645696233596976,0.25203036333154216,0.3500173941942098,0.5574954852066231,0.2624837106673245,0.19227634914885905,-0.0006338283230714614
2019-02-03 02:00:00,0.11553977597418563,0.1697975799882523,-0.08340399138629628,0.2427169760852391,0.3887694062607314,1.0,0.5958170440006578,0.1725289403383794,-0.017186108637577968
2019-02-03 14:00:00,0.1158021546271617,0.1611238755517881,-0.07991636213497588,0.2316349870283116,0.3821731960148196,0.8721431732088223,0.809879552805149,0.17777280858676203,-0.01279069767441876
2019-02-04 02:00:00,0.11704531024801046,0.15062076478067632,-0.07355241945693847,0.2158553759122208,0.3739732891080412,0.6181845441395084,0.8301092391161109,0.18412769784172656,-0.007464028776978604
2019-02-04 14:00:00,0.10090276778797502,0.1267149711467268,-0.08291993511790718,0.20514278836097335,0.4018460798494378,1.0,0.8301092391161109,0.17138154968419173,-0.018147851614625177
2019-02-05 02:00:00,0.10500487317565277,0.11961518977232233,-0.07295868206346934,0.188183870728137,0.3887518984775248,0.5302163499378066,0.7161336313591056,0.1803065614915742,-0.010666905700968066
2019-02-05 14:00:00,0.11019909946868123,0.0971268001372998,-0.049798831966582746,0.1435291603378625,0.37378347023026687,0.0,0.5100721166459361,0.19065919160864442,-0.001989329957500896
2019-02-06 02:00:00,0.1167907049656065,0.08081775043318884,-0.027351047226834346,0.105352375561897,0.3567051921930345,0.0,0.17673878331260273,0.20284096099387972,0.008221430528911888
2019-02-06 14:00:00,0.1755295265544603,0.12980178138092113,0.02659756078798292,0.09571902437063035,0.2813152022078568,0.0,5.210646728907401e-16,0.27382219212537495,0.06771790654928878
2019-02-07 02:00:00,0.1675544622836198,0.12406343271661391,0.016383073517073354,0.10061485665345034,0.2839868555016663,0.02486723239426141,0.008289077464754326,0.2725910892046004,0.06668599594085234
2019-02-07 14:00:00,0.13731725943046746,0.10212792345478894,-0.011172388923098686,0.1083718046670594,0.3426701566164734,0.6635244254142074,0.2294638859361568,0.2457426679280985,0.044181646168401034
2019-02-08 02:00:00,0.14405730460021315,0.11401946061245982,-0.008146110698555309,0.11602366430631714,0.3276279253177891,0.6143086518387628,0.43423343654907776,0.25956571647216364,0.05576812703271461
2019-02-08 14:00:00,0.0905383241882225,0.06471293722703386,-0.052050540154759295,0.11602887553485726,0.43686754593650307,1.0,0.7592776924176573,0.20471180237877418,0.009789569990850788
2019-02-09 02:00:00,0.03177498782452237,0.013305000427715319,-0.10376261873245096,0.12261327141242649,0.5397314737468635,1.0000000000000002,0.8714362172795882,0.14122898249263316,-0.043421736869474814
