timestamp,ema50_dist_omg_btc_1D,ema200_dist_omg_btc_1D,upper_bb_dist_omg_btc_1D,lower_bb_dist_omg_btc_1D,width_bb_omg_btc_1D,rsi_omg_btc_1D,stoch_rsi_fastk_omg_btc_1D,stoch_rsi_fastd_omg_btc_1D,kijun_dist_omg_btc_1D,tenkan_dist_omg_btc_1D
2017-12-19 01:00:00,,,,,,,,,-64.3,-68.52
2017-12-20 01:00:00,,,,,,,,,-65.84,-69.88
2017-12-21 01:00:00,,,,,,,,,-66.09,-70.1
2017-12-22 01:00:00,,,,,,,,,-61.13,-65.73
2017-12-23 01:00:00,,,,,,,,,-63.17,-67.52
2017-12-24 01:00:00,,,,,,,,,-64.5,-68.7
2017-12-25 01:00:00,,,,,,,,,-66.9,-70.82
2017-12-26 01:00:00,,,,,,,,,-61.21,-65.8
2017-12-27 01:00:00,,,,,,,,,-61.45,-66.01
2017-12-28 01:00:00,,,,,,,,,-64.61,-68.79
2017-12-29 01:00:00,,,,,,,,,-66.37,-70.34
2017-12-30 01:00:00,,,,,,,,,-71.99,-75.3
2017-12-31 01:00:00,,,,,,,,,-74.06,-77.13
2018-01-01 01:00:00,,,,,,,,,-74.09,-77.16
2018-01-02 01:00:00,,,,,,65.02,,,-72.75,-75.97
2018-01-03 01:00:00,,,,,,64.44,,,-72.57,-75.81
2018-01-04 01:00:00,,,,,,60.86,,,-71.41,-74.79
2018-01-05 01:00:00,,,,,,49.59,,,-65.93,-69.96
2018-01-06 01:00:00,,,,,,50.9,,,-66.79,-70.71
2018-01-07 01:00:00,,,0.45,-45.45,59.23,64.66,,,-75.35,-78.26
2018-01-08 01:00:00,,,-0.3,-48.88,64.42,66.68,100.0,69.5,-76.56,-79.33
2018-01-09 01:00:00,,,-4.01,-55.52,73.34,70.49,100.0,100.0,-78.75,-81.27
2018-01-10 01:00:00,,,10.29,-49.75,74.8,61.69,55.04,85.01,-76.17,-78.99
2018-01-11 01:00:00,,,9.43,-49.35,73.44,62.87,13.44,56.16,-76.84,-79.58
2018-01-12 01:00:00,,,9.36,-48.94,72.68,63.83,24.36,30.95,-77.34,-80.02
2018-01-13 01:00:00,,,3.12,-52.99,74.75,67.89,70.44,36.08,-79.39,-81.83
2018-01-14 01:00:00,,,9.91,-50.12,75.13,64.49,45.28,46.7,-78.55,-81.08
2018-01-15 01:00:00,,,16.04,-43.82,69.52,60.59,0.0,38.57,-77.44,-80.11
2018-01-16 01:00:00,,,24.14,-34.6,61.98,55.44,0.0,15.09,-75.65,-78.53
2018-01-17 01:00:00,,,15.44,-35.37,56.43,58.95,28.18,9.39,-77.33,-80.01
2018-01-18 01:00:00,,,19.91,-28.73,50.88,55.97,5.81,11.33,-76.31,-79.11
2018-01-19 01:00:00,,,17.78,-29.04,49.62,57.12,32.59,22.19,-76.82,-79.56
2018-01-20 01:00:00,,,22.98,-25.59,49.22,54.28,0.0,12.8,-75.84,-78.7
2018-01-21 01:00:00,,,27.18,-22.8,48.91,52.14,0.0,10.86,-75.03,-77.99
2018-01-22 01:00:00,,,31.06,-19.76,48.1,50.21,0.0,0.0,-74.26,-77.3
2018-01-23 01:00:00,,,27.78,-20.78,46.91,51.75,22.21,7.4,-74.88,-77.85
2018-01-24 01:00:00,,,19.73,-23.81,44.45,55.74,100.0,40.74,-76.44,-79.23
2018-01-25 01:00:00,,,14.88,-19.17,34.8,56.84,100.0,74.07,-76.85,-79.59
2018-01-26 01:00:00,,,18.72,-5.85,23.08,51.35,17.1,72.37,-75.12,-78.06
2018-01-27 01:00:00,,,24.92,-2.33,24.49,48.25,0.0,39.03,-73.91,-77.0
2018-01-28 01:00:00,,,22.11,-5.57,25.57,49.85,18.67,11.92,-74.52,-77.53
2018-01-29 01:00:00,,,16.75,-8.32,24.05,51.98,43.37,20.68,-75.28,-78.21
2018-01-30 01:00:00,,,20.66,-6.08,24.92,49.57,35.34,32.46,-74.47,-77.49
2018-01-31 01:00:00,,,12.83,-12.1,24.84,54.23,100.0,59.57,-76.08,-78.91
2018-02-01 01:00:00,,,15.74,-9.64,24.63,51.76,46.99,60.78,-75.33,-78.25
2018-02-02 01:00:00,,,13.99,-6.85,20.12,50.54,20.96,55.98,-74.95,-77.91
2018-02-03 01:00:00,,,8.49,-8.03,16.49,52.58,64.52,44.16,-75.59,-78.48
2018-02-04 01:00:00,,,16.02,-1.34,16.17,46.65,0.0,28.49,-73.65,-76.77
2018-02-05 01:00:00,,,24.99,2.58,19.7,42.54,0.0,21.51,-71.88,-75.21
2018-02-06 01:00:00,-4.99,,11.02,-7.37,18.06,50.32,77.51,25.84,-74.69,-77.69
2018-02-07 01:00:00,-1.45,,14.54,-4.49,18.12,47.85,52.92,43.47,-73.77,-76.87
2018-02-08 01:00:00,-3.42,,10.86,-6.38,16.87,49.44,88.74,73.05,-74.33,-77.36
2018-02-09 01:00:00,-6.8,,6.4,-9.88,16.57,52.33,100.0,80.55,-75.3,-78.22
2018-02-10 01:00:00,-3.01,,10.49,-6.52,16.68,49.3,32.35,73.7,-74.33,-77.36
2018-02-11 01:00:00,-3.4,,9.88,-6.96,16.6,49.74,42.17,58.18,-74.47,-77.49
2018-02-12 01:00:00,-1.91,,11.43,-5.85,16.81,48.55,0.0,24.84,-74.09,-77.16
2018-02-13 01:00:00,-6.16,,5.52,-9.86,15.72,52.56,100.0,47.39,-75.28,-78.21
2018-02-14 01:00:00,-14.14,,-3.19,-18.69,17.41,59.93,100.0,66.67,-77.54,-80.19
2018-02-15 01:00:00,-12.68,,-0.57,-18.48,19.8,58.76,89.71,96.57,-77.29,-79.98
2018-02-16 01:00:00,-18.7,,-4.75,-26.4,25.64,64.49,100.0,96.57,-79.05,-81.53
2018-02-17 01:00:00,-11.95,,3.75,-20.74,26.76,56.68,34.55,74.75,-77.44,-80.11
2018-02-18 01:00:00,-7.0,,9.54,-16.44,26.91,52.23,0.0,44.85,-76.25,-79.05
2018-02-19 01:00:00,-6.89,,9.67,-16.23,26.78,52.38,1.19,11.91,-76.29,-79.09
2018-02-20 01:00:00,-8.68,,7.5,-18.19,27.14,54.23,16.3,5.83,-76.84,-79.58
2018-02-21 01:00:00,-12.26,,3.9,-22.01,28.49,57.81,100.0,39.16,-77.87,-80.49
2018-02-22 01:00:00,-10.66,,6.17,-20.82,29.12,56.42,75.0,63.77,-77.58,-80.23
2018-02-23 01:00:00,-12.51,,4.56,-23.05,30.41,58.62,100.0,91.67,-78.17,-80.75
2018-02-24 01:00:00,-11.77,,5.73,-22.0,30.19,58.26,91.98,88.99,-78.1,-80.69
2018-02-25 01:00:00,-12.59,,4.35,-21.05,27.71,59.62,100.0,97.33,-78.43,-80.99
2018-02-26 01:00:00,-12.24,,5.07,-20.6,27.83,59.78,100.0,97.33,-78.47,-81.02
2018-02-27 01:00:00,-18.29,,-1.0,-26.39,29.42,66.75,100.0,100.0,-80.14,-82.49
2018-02-28 01:00:00,-13.19,,5.24,-21.16,28.68,59.21,11.14,70.38,-79.03,-81.51
2018-03-01 01:00:00,-11.53,,7.25,-19.25,28.19,57.51,0.0,37.05,-78.74,-81.26
2018-03-02 01:00:00,-6.9,,12.09,-13.54,25.82,52.03,0.0,3.71,-77.7,-80.34
2018-03-03 01:00:00,0.31,,20.19,-5.66,24.1,45.23,0.0,-0.0,-75.97,-78.81
2018-03-04 01:00:00,-0.38,,18.35,-4.54,21.42,45.93,4.99,1.66,-76.14,-78.96
2018-03-05 01:00:00,3.93,,23.79,-0.46,21.72,42.39,0.0,1.66,-75.07,-78.02
2018-03-06 01:00:00,5.27,,26.31,-0.91,24.16,41.27,0.0,1.66,-74.69,-77.69
2018-03-07 01:00:00,6.04,,28.16,-1.84,26.51,40.53,0.0,-0.0,-74.45,-77.47
2018-03-08 01:00:00,5.38,,26.96,-3.72,27.49,41.01,9.0,3.0,-74.56,-77.56
2018-03-09 01:00:00,-4.14,,15.17,-12.69,27.53,51.54,100.0,36.33,-76.89,-79.63
2018-03-10 01:00:00,1.29,,21.82,-8.06,27.96,46.31,52.5,53.83,-75.57,-78.46
2018-03-11 01:00:00,0.85,,21.39,-8.73,28.33,46.71,56.14,69.55,-75.67,-78.55
2018-03-12 01:00:00,2.83,,23.98,-7.64,29.23,44.84,36.38,48.34,-75.17,-78.1
2018-03-13 01:00:00,3.11,,24.16,-8.21,29.98,44.47,0.0,30.84,-75.07,-78.02
2018-03-14 01:00:00,8.23,,30.79,-5.13,31.84,40.02,0.0,12.13,-73.75,-76.85
2018-03-15 01:00:00,11.48,,35.06,-4.09,33.9,37.49,0.0,0.0,-72.85,-76.06
2018-03-16 01:00:00,12.78,,36.91,-4.77,35.91,36.33,0.0,0.0,-72.4,-75.67
2018-03-17 01:00:00,22.38,,49.68,0.12,39.68,30.95,0.0,0.0,-69.83,-73.4
2018-03-18 01:00:00,17.72,,43.72,-5.52,41.34,34.66,40.97,13.66,-70.8,-74.25
2018-03-19 01:00:00,11.53,,31.99,-9.34,37.13,40.16,100.0,46.99,-72.22,-75.5
2018-03-20 01:00:00,9.58,,26.61,-10.15,33.96,41.71,100.0,80.32,-72.61,-75.85
2018-03-21 01:00:00,11.5,,25.63,-7.61,30.49,40.01,84.22,94.74,-72.01,-75.32
2018-03-22 01:00:00,11.95,,24.02,-6.84,28.42,39.36,66.61,83.61,-71.78,-75.11
2018-03-23 01:00:00,13.98,,26.04,-5.81,28.92,37.55,0.0,50.28,-71.12,-74.53
2018-03-24 01:00:00,12.51,,23.63,-7.27,28.56,38.66,26.71,31.11,-71.36,-74.75
2018-03-25 01:00:00,13.54,,24.76,-7.01,29.18,37.49,0.0,8.9,-70.96,-74.4
2018-03-26 02:00:00,14.39,,25.88,-6.99,30.03,36.43,0.0,8.9,-70.59,-74.07
2018-03-27 02:00:00,16.04,,28.06,-6.5,31.2,34.78,0.0,0.0,-70.0,-73.55
2018-03-28 02:00:00,17.33,,29.76,-6.38,32.36,33.4,0.0,0.0,-69.48,-73.09
2018-03-29 02:00:00,19.98,,30.23,-3.84,30.1,31.2,0.0,0.0,-68.58,-72.3
2018-03-30 02:00:00,17.0,,25.56,-6.11,28.87,34.27,58.76,19.59,-69.18,-72.83
2018-03-31 02:00:00,18.62,,25.37,-4.39,26.93,32.63,40.12,32.96,-68.55,-72.27
2018-04-01 02:00:00,17.6,,22.4,-4.61,24.8,33.06,60.72,53.2,-68.63,-72.34
2018-04-02 02:00:00,12.25,,14.08,-7.33,20.72,40.08,100.0,66.94,-69.93,-73.48
2018-04-03 02:00:00,8.72,,9.02,-9.25,18.29,44.5,100.0,86.91,-70.78,-74.23
2018-04-04 02:00:00,14.09,,13.81,-4.46,17.45,38.84,52.32,84.11,-69.18,-72.83
2018-04-05 02:00:00,5.46,,4.84,-11.27,16.64,49.0,100.0,84.11,-71.45,-74.83
2018-04-06 02:00:00,-1.98,,-0.9,-18.11,19.03,57.01,100.0,84.11,-73.49,-76.62
2018-04-07 02:00:00,1.37,,3.27,-15.4,19.87,52.81,76.89,92.3,-72.57,-75.81
2018-04-08 02:00:00,1.03,,3.22,-15.75,20.24,53.13,78.63,85.17,-72.65,-75.88
2018-04-09 02:00:00,2.29,,4.41,-14.54,19.96,51.46,30.66,62.06,-72.28,-75.56
2018-04-10 02:00:00,1.4,,3.83,-15.33,20.33,52.44,17.73,42.34,-72.51,-75.76
2018-04-11 02:00:00,-2.46,,0.9,-19.13,22.03,57.13,100.0,49.46,-73.58,-76.7
2018-04-12 02:00:00,-9.84,,-3.91,-27.23,27.61,65.29,100.0,72.58,-75.69,-78.56
2018-04-13 02:00:00,-14.06,,-5.0,-33.17,34.81,69.68,100.0,100.0,-76.98,-79.7
2018-04-14 02:00:00,-18.86,,-6.16,-39.91,43.84,74.24,100.0,100.0,-78.47,-81.02
2018-04-15 02:00:00,-16.75,,-0.92,-39.87,48.94,71.15,81.95,93.98,-78.09,-80.68
2018-04-16 02:00:00,-25.34,,-6.56,-49.11,58.96,78.34,100.0,93.98,-80.62,-82.92
2018-04-17 02:00:00,-19.65,,2.87,-45.84,62.04,68.56,0.0,60.65,-79.36,-81.8
2018-04-18 02:00:00,-20.8,,3.45,-46.74,64.05,70.13,16.01,38.67,-79.87,-82.25
2018-04-19 02:00:00,-21.87,,4.01,-47.55,65.91,71.68,31.88,15.96,-80.37,-82.69
2018-04-20 02:00:00,-18.68,,9.18,-44.32,64.9,67.13,0.0,15.96,-79.76,-82.15
2018-04-21 02:00:00,-12.54,,17.32,-37.94,61.6,58.74,0.0,10.63,-78.36,-80.92
2018-04-22 02:00:00,-12.15,,17.69,-35.7,58.67,58.83,0.72,0.24,-78.38,-80.94
2018-04-23 02:00:00,-14.15,,14.95,-35.48,56.21,61.28,19.63,6.78,-79.02,-81.5
2018-04-24 02:00:00,-17.58,,9.99,-35.67,52.39,65.14,76.31,32.22,-80.03,-82.39
2018-04-25 02:00:00,-12.35,,16.31,-29.39,48.89,58.13,0.0,31.98,-78.89,-81.38
2018-04-26 02:00:00,-20.33,,6.31,-35.36,48.75,65.85,100.0,58.77,-81.01,-83.26
2018-04-27 02:00:00,-18.87,,8.15,-32.68,46.54,64.74,85.63,61.88,-80.84,-83.11
2018-04-28 02:00:00,-18.01,,8.75,-30.02,43.38,64.53,82.95,89.53,-80.81,-83.08
2018-04-29 02:00:00,-17.1,,8.68,-26.43,38.53,64.17,78.19,82.26,-80.77,-83.04
2018-04-30 02:00:00,-12.58,,12.25,-18.54,31.79,57.85,0.0,53.71,-79.84,-82.22
2018-05-01 02:00:00,-13.3,,8.79,-15.4,25.02,59.17,19.06,32.42,-80.13,-82.48
2018-05-02 02:00:00,-12.91,,7.47,-12.54,20.54,59.32,21.92,13.66,-80.16,-82.51
2018-05-03 02:00:00,-12.67,,6.45,-10.74,17.57,59.64,28.3,23.09,-80.22,-82.56
2018-05-04 02:00:00,-10.4,,8.56,-8.08,16.59,56.5,0.0,16.74,-79.8,-82.19
2018-05-05 02:00:00,-6.49,,12.55,-3.51,15.36,51.15,0.0,9.43,-78.98,-81.47
2018-05-06 02:00:00,-5.62,,12.94,-3.4,15.6,50.3,0.0,-0.0,-78.84,-81.34
2018-05-07 02:00:00,-6.47,,11.64,-4.69,15.78,51.82,16.24,5.41,-79.09,-81.56
2018-05-08 02:00:00,-4.2,,14.2,-3.24,16.53,48.83,0.0,5.41,-78.62,-81.15
2018-05-09 02:00:00,-3.45,,14.68,-3.34,17.06,47.99,0.0,5.41,-78.48,-81.03
2018-05-10 02:00:00,-1.46,,17.16,-2.42,18.24,45.4,0.0,-0.0,-78.05,-80.65
2018-05-11 02:00:00,5.3,,26.61,2.46,21.09,38.09,0.0,-0.0,-76.5,-79.28
2018-05-12 02:00:00,2.9,,24.46,-0.98,22.76,41.27,29.62,9.87,-77.01,-79.73
2018-05-13 02:00:00,1.34,,22.97,-3.56,24.18,43.42,53.81,27.81,-77.34,-80.02
2018-05-14 02:00:00,1.59,,23.23,-4.52,25.37,43.07,68.08,50.5,-77.28,-79.96
2018-05-15 02:00:00,4.1,,26.91,-3.49,27.21,40.11,37.97,53.29,-76.68,-79.44
2018-05-16 02:00:00,5.14,,27.31,-3.63,27.67,38.82,0.0,35.35,-76.4,-79.19
2018-05-17 02:00:00,8.18,,30.43,-2.29,28.68,35.62,0.0,12.66,-75.64,-78.52
2018-05-18 02:00:00,8.2,,29.51,-3.36,29.07,35.3,0.0,-0.0,-75.56,-78.45
2018-05-19 02:00:00,8.09,,28.05,-4.18,28.8,35.1,0.0,-0.0,-75.51,-78.41
2018-05-20 02:00:00,6.89,,26.01,-6.08,29.18,36.8,45.69,15.23,-75.72,-78.59
2018-05-21 02:00:00,9.16,,27.69,-4.85,29.2,34.06,0.0,15.23,-75.12,-78.06
2018-05-22 02:00:00,13.11,,31.39,-2.45,29.56,30.21,0.0,15.23,-74.09,-77.16
2018-05-23 02:00:00,14.6,,31.77,-1.95,29.34,28.67,0.0,-0.0,-73.62,-76.74
2018-05-24 02:00:00,9.24,,23.78,-6.43,27.8,37.16,100.0,33.33,-74.76,-77.75
2018-05-25 02:00:00,11.74,,25.79,-4.87,27.75,34.47,68.29,56.1,-74.08,-77.14
2018-05-26 02:00:00,9.0,,21.5,-7.24,26.83,38.29,100.0,89.43,-74.62,-77.63
2018-05-27 02:00:00,12.27,,23.51,-4.4,25.47,34.83,64.03,77.44,-73.75,-76.85
2018-05-28 02:00:00,16.98,,27.92,-1.14,25.63,30.85,0.0,54.68,-72.49,-75.74
2018-05-29 02:00:00,11.46,,20.19,-5.44,23.87,38.01,96.24,53.42,-73.67,-76.79
2018-05-30 02:00:00,12.16,,19.52,-4.59,22.44,37.0,82.6,59.61,-73.39,-76.54
2018-05-31 02:00:00,10.77,,17.91,-6.04,22.61,38.41,100.0,92.95,-73.62,-76.74
2018-06-01 02:00:00,8.27,,14.4,-7.91,21.61,41.71,100.0,94.2,-74.13,-77.19
2018-06-02 02:00:00,2.79,,7.23,-11.82,19.5,49.5,100.0,100.0,-75.41,-78.32
2018-06-03 02:00:00,1.71,,4.69,-11.92,17.24,50.92,100.0,100.0,-75.65,-78.53
2018-06-04 02:00:00,4.81,,6.83,-8.58,15.54,46.44,64.17,88.06,-74.86,-77.84
2018-06-05 02:00:00,4.35,,5.49,-8.39,14.08,46.86,55.91,73.36,-74.93,-77.9
2018-06-06 02:00:00,6.82,,7.69,-5.97,13.54,43.38,0.0,40.03,-74.27,-77.32
2018-06-07 02:00:00,3.79,,4.44,-8.39,13.09,47.77,58.29,38.06,-74.97,-77.93
2018-06-08 02:00:00,5.76,,6.14,-6.36,12.51,44.87,33.86,30.72,-74.43,-77.46
2018-06-09 02:00:00,7.24,,7.07,-4.65,11.58,42.7,0.0,30.72,-74.0,-77.08
2018-06-10 02:00:00,9.09,,8.91,-2.97,11.54,40.18,0.0,11.29,-73.47,-76.6
2018-06-11 02:00:00,5.26,,5.36,-6.13,11.53,45.88,75.06,25.02,-74.34,-77.38
2018-06-12 02:00:00,10.42,,11.1,-1.55,12.08,39.69,0.0,25.02,-72.98,-76.18
2018-06-13 02:00:00,8.79,,9.63,-3.07,12.3,41.55,30.07,35.05,-73.3,-76.45
2018-06-14 02:00:00,6.31,,7.37,-5.11,12.34,44.87,83.72,37.93,-73.84,-76.93
2018-06-15 02:00:00,8.42,,9.67,-3.3,12.57,42.03,37.88,50.56,-73.24,-76.4
2018-06-16 02:00:00,6.61,,8.11,-4.72,12.62,44.4,90.91,70.84,-73.62,-76.74
2018-06-17 02:00:00,6.79,,8.27,-3.64,11.64,43.82,68.41,65.73,-73.5,-76.64
2018-06-18 02:00:00,6.38,,8.12,-3.83,11.71,44.08,72.24,77.19,-73.54,-76.67
2018-06-19 02:00:00,9.2,,11.55,-1.37,12.3,39.98,0.0,46.88,-72.75,-75.97
2018-06-20 02:00:00,10.08,,13.18,-0.95,13.32,38.47,0.0,24.08,-72.42,-75.69
2018-06-21 02:00:00,11.28,,15.21,-0.61,14.75,36.61,0.0,-0.0,-72.01,-75.32
2018-06-22 02:00:00,8.4,,11.71,-3.13,14.23,41.34,63.27,21.09,-72.65,-75.88
2018-06-23 02:00:00,10.18,,12.73,-1.39,13.36,38.64,42.83,35.37,-72.09,-75.39
2018-06-24 02:00:00,15.21,,18.65,1.86,15.23,33.04,0.0,35.37,-70.66,-74.13
2018-06-25 02:00:00,15.76,,19.71,1.25,16.71,32.04,0.0,14.28,-70.36,-73.86
2018-06-26 02:00:00,20.72,,26.64,3.32,20.29,27.85,0.0,-0.0,-68.87,-72.55
2018-06-27 02:00:00,21.28,,28.01,2.09,22.53,26.96,0.0,-0.0,-68.5,-72.23
2018-06-28 02:00:00,23.38,,31.47,1.8,25.44,25.17,0.0,-0.0,-67.71,-71.53
2018-06-29 02:00:00,21.55,,30.36,-1.23,27.57,26.8,23.63,7.88,-67.96,-71.75
2018-06-30 02:00:00,17.95,,26.95,-5.01,28.81,31.75,100.0,41.21,-68.71,-72.41
2018-07-01 02:00:00,11.63,,19.25,-9.9,27.85,41.24,100.0,74.54,-70.26,-73.78
2018-07-02 02:00:00,10.07,,17.44,-11.14,27.71,43.02,100.0,100.0,-70.57,-74.05
2018-07-03 02:00:00,13.67,,21.06,-8.4,27.71,38.55,72.45,90.82,-69.46,-73.07
2018-07-04 02:00:00,11.98,,18.37,-9.51,26.69,40.44,77.05,83.17,-69.78,-73.35
2018-07-05 02:00:00,10.56,,16.24,-10.42,25.91,42.06,78.34,75.95,-70.05,-73.59
2018-07-06 02:00:00,11.71,20.59,16.37,-9.04,24.51,40.13,35.35,63.58,-69.61,-73.2
2018-07-07 02:00:00,14.41,23.9,18.1,-6.47,23.22,36.63,0.0,37.9,-68.71,-72.41
2018-07-08 02:00:00,16.11,26.19,18.51,-4.6,21.61,34.41,0.0,11.78,-68.07,-71.85
2018-07-09 02:00:00,24.03,35.51,26.88,0.83,22.89,28.07,0.0,-0.0,-65.62,-69.69
2018-07-10 02:00:00,22.76,34.79,25.6,-0.95,23.64,28.59,4.24,1.41,-65.71,-69.77
2018-07-11 02:00:00,22.97,35.68,25.92,-1.55,24.48,27.87,0.0,1.41,-65.4,-69.49
2018-07-12 02:00:00,21.85,35.08,23.66,-2.33,23.48,28.26,5.89,3.38,-65.46,-69.55
2018-07-13 02:00:00,20.66,34.36,21.42,-3.05,22.41,28.87,100.0,35.3,-65.56,-69.63
2018-07-14 02:00:00,21.27,35.64,22.15,-3.0,22.95,27.77,0.0,35.3,-65.14,-69.26
2018-07-15 02:00:00,19.67,34.41,20.51,-4.48,23.13,29.34,100.0,66.67,-65.36,-69.46
2018-07-16 02:00:00,15.17,29.75,16.28,-8.02,23.34,36.94,100.0,66.67,-66.49,-70.45
2018-07-17 02:00:00,17.76,33.14,19.47,-6.17,24.05,33.59,63.48,87.83,-65.52,-69.6
2018-07-18 02:00:00,17.9,33.8,20.39,-6.25,24.88,32.76,54.47,72.65,-65.27,-69.37
2018-07-19 02:00:00,23.69,41.05,27.65,-2.72,27.0,27.49,0.0,39.32,-63.28,-67.62
2018-07-20 02:00:00,34.77,54.75,41.84,2.91,31.81,21.51,0.0,18.16,-59.57,-64.35
2018-07-21 02:00:00,30.25,50.47,37.5,-1.99,33.54,25.8,35.59,11.86,-60.55,-65.22
2018-07-22 02:00:00,25.71,45.97,31.85,-5.7,33.2,30.44,79.41,38.33,-61.61,-66.15
2018-07-23 02:00:00,36.61,59.77,44.45,0.19,36.18,24.85,37.38,50.79,-57.82,-62.81
2018-07-24 02:00:00,39.64,64.55,48.36,0.17,38.78,23.31,20.16,45.65,-56.39,-61.55
2018-07-25 02:00:00,35.16,60.36,42.75,-3.87,39.04,26.52,44.99,34.18,-57.34,-62.39
2018-07-26 02:00:00,35.75,62.16,42.4,-4.16,39.09,25.72,33.87,33.01,-56.69,-61.82
2018-07-27 02:00:00,34.5,61.73,40.31,-5.65,39.17,25.66,73.3,50.72,-56.64,-61.77
2018-07-28 02:00:00,35.29,63.77,40.51,-5.76,39.42,24.74,44.58,50.58,-55.92,-61.14
2018-07-29 02:00:00,35.94,65.67,42.04,-6.64,41.36,23.88,0.0,39.29,-55.23,-60.53
2018-07-30 02:00:00,36.77,67.83,43.49,-7.33,43.04,22.96,0.0,14.86,-54.47,-59.85
2018-07-31 02:00:00,39.3,72.19,46.85,-7.1,45.01,21.43,0.0,-0.0,-53.09,-58.64
2018-08-01 02:00:00,40.17,74.53,48.12,-7.88,46.62,20.57,0.0,-0.0,-52.25,-57.89
2018-08-02 02:00:00,47.63,85.39,56.61,-5.05,49.02,17.86,0.0,-0.0,-49.04,-55.07
2018-08-03 02:00:00,44.22,82.55,52.98,-8.6,50.4,19.72,36.43,12.14,-49.59,-55.56
2018-08-04 02:00:00,38.13,76.04,45.23,-12.65,49.77,25.18,100.0,45.48,-51.18,-56.96
2018-08-05 02:00:00,34.07,71.91,37.61,-13.8,45.94,28.46,100.0,78.81,-52.12,-57.79
2018-08-06 02:00:00,36.84,76.62,37.34,-10.73,42.43,26.46,81.15,93.72,-50.6,-56.44
2018-08-07 02:00:00,42.38,85.15,39.31,-5.63,38.47,23.63,44.8,75.32,-47.97,-54.13
2018-08-08 02:00:00,41.68,85.6,36.29,-5.24,35.95,23.28,0.0,41.98,-47.61,-53.8
2018-08-09 02:00:00,35.6,78.74,30.18,-9.21,35.65,28.77,100.0,48.27,-49.32,-55.31
2018-08-10 02:00:00,39.56,85.23,32.93,-6.25,34.58,26.32,55.35,51.78,-47.23,-53.48
2018-08-11 02:00:00,46.93,96.59,37.79,-0.68,32.45,23.1,0.0,51.78,-43.72,-50.38
2018-08-12 02:00:00,49.27,101.39,40.9,-0.51,34.45,21.86,0.0,18.45,-42.06,-48.91
2018-08-13 02:00:00,64.05,123.62,58.33,5.23,40.3,18.15,0.0,-0.0,-35.3,-42.96
2018-08-14 02:00:00,60.45,120.86,56.31,0.37,43.59,19.04,10.81,3.6,-35.75,-43.35
2018-08-15 02:00:00,61.62,124.68,58.77,-1.36,46.72,18.34,3.84,4.88,-34.28,-42.05
2018-08-16 02:00:00,53.65,115.48,50.73,-7.16,47.53,23.2,100.0,38.22,-36.63,-44.12
2018-08-17 02:00:00,32.49,86.79,28.54,-18.92,45.28,39.32,100.0,67.95,-44.81,-51.34
2018-08-18 02:00:00,38.4,96.36,33.0,-14.58,43.57,35.96,83.97,94.66,-41.69,-48.59
2018-08-19 02:00:00,35.86,93.89,29.23,-15.22,41.54,36.77,87.83,90.6,-42.15,-48.99
2018-08-20 02:00:00,48.13,113.08,40.72,-7.9,41.77,31.53,51.69,74.49,-36.08,-43.64
2018-08-21 02:00:00,44.32,109.09,36.68,-10.22,41.42,32.88,17.33,52.28,-36.95,-44.41
2018-08-22 02:00:00,52.12,122.26,45.5,-6.68,43.7,29.87,0.0,23.0,-32.61,-40.58
2018-08-23 02:00:00,46.97,116.36,41.03,-10.37,44.57,31.99,30.72,16.02,-34.04,-41.84
2018-08-24 02:00:00,43.64,112.95,36.9,-12.04,43.52,33.08,100.0,43.57,-34.74,-42.46
2018-08-25 02:00:00,42.42,112.57,33.51,-11.54,40.59,32.89,94.11,74.94,-34.51,-42.25
2018-08-26 02:00:00,40.51,111.08,29.8,-11.45,37.79,33.09,100.0,98.04,-34.62,-42.36
2018-08-27 02:00:00,31.1,97.86,20.03,-16.17,35.51,40.02,100.0,98.04,-38.41,-45.7
2018-08-28 02:00:00,24.87,89.1,13.24,-18.78,32.93,44.45,100.0,100.0,-40.86,-47.85
2018-08-29 02:00:00,26.03,91.55,11.58,-15.53,27.66,42.95,87.01,95.67,-39.81,-46.93
2018-08-30 02:00:00,27.21,94.07,10.59,-12.6,23.43,41.44,73.5,86.84,-38.71,-45.96
2018-08-31 02:00:00,26.95,94.41,9.92,-11.57,21.67,40.88,19.3,59.94,-38.31,-45.61
2018-09-01 02:00:00,21.6,86.7,5.61,-14.52,21.06,45.28,100.0,64.27,-40.48,-47.52
2018-09-02 02:00:00,26.03,94.18,10.43,-10.33,20.74,41.22,7.84,42.38,-37.79,-45.15
2018-09-03 02:00:00,23.21,90.39,8.93,-11.34,20.51,43.05,49.45,52.43,-38.71,-45.96
2018-09-04 02:00:00,13.79,75.95,2.12,-17.38,21.12,51.54,100.0,52.43,-43.12,-49.85
2018-09-05 02:00:00,31.83,104.8,19.7,-4.06,22.03,38.92,0.0,49.82,-33.45,-41.32
2018-09-06 02:00:00,20.57,87.72,8.28,-10.8,19.32,46.1,56.91,52.3,-38.71,-45.96
2018-09-07 02:00:00,26.0,96.85,13.22,-6.19,18.75,42.61,29.3,28.74,-35.42,-43.06
2018-09-08 02:00:00,30.47,104.73,17.34,-2.58,18.55,39.99,8.49,31.57,-32.49,-40.47
2018-09-09 02:00:00,30.66,105.92,18.94,-2.5,19.81,39.36,6.2,14.66,-31.74,-39.82
2018-09-10 02:00:00,28.31,103.01,17.95,-4.21,20.74,40.2,12.49,9.06,-32.36,-40.36
2018-09-11 02:00:00,37.39,118.6,28.79,1.76,23.45,35.72,0.0,6.23,-26.77,-35.43
2018-09-12 02:00:00,34.39,114.9,28.03,-1.14,25.71,36.8,24.18,12.22,-27.63,-36.19
2018-09-13 02:00:00,30.09,108.9,25.43,-4.55,27.15,39.02,73.6,32.59,-29.28,-37.64
2018-09-14 02:00:00,27.97,106.25,24.68,-6.19,28.25,39.78,90.5,62.76,-29.81,-38.11
2018-09-15 02:00:00,24.15,100.68,21.94,-8.79,28.83,42.1,100.0,88.03,-31.37,-39.48
2018-09-16 02:00:00,27.07,106.11,25.54,-6.98,29.76,39.76,55.8,82.1,-29.14,-37.52
2018-09-17 02:00:00,34.19,118.74,33.19,-2.76,31.21,35.62,0.0,51.93,-24.39,-33.33
2018-09-18 02:00:00,31.04,114.52,30.42,-5.61,32.05,37.12,23.08,26.29,-25.45,-34.27
2018-09-19 02:00:00,32.14,117.28,32.12,-5.57,33.27,35.96,5.23,9.44,-24.08,-33.06
2018-09-20 02:00:00,25.42,106.87,25.37,-10.33,33.2,40.82,100.0,42.77,-27.34,-35.94
2018-09-21 02:00:00,16.51,92.35,15.22,-15.71,31.01,47.79,100.0,68.41,-32.12,-40.15
2018-09-22 02:00:00,19.66,97.9,17.9,-12.9,30.06,44.94,75.89,91.96,-29.81,-38.11
2018-09-23 02:00:00,16.76,93.3,14.1,-14.13,28.23,46.84,91.94,89.28,-31.11,-39.26
2018-09-24 02:00:00,21.1,100.88,13.91,-7.7,20.97,43.15,33.5,67.11,-28.05,-36.56
2018-09-25 02:00:00,18.94,97.6,12.04,-8.89,20.6,44.38,26.5,50.65,-28.87,-37.28
2018-09-26 02:00:00,19.52,98.9,10.11,-6.34,16.14,43.37,5.95,21.98,-28.05,-36.56
2018-09-27 02:00:00,13.05,88.14,3.34,-10.27,14.1,49.0,100.0,44.15,-31.62,-39.71
2018-09-28 02:00:00,15.41,92.18,5.53,-7.75,13.43,46.42,55.94,53.96,-29.81,-38.11
2018-09-29 02:00:00,9.24,81.72,0.7,-12.61,14.15,51.87,100.0,85.31,-33.33,-41.22
2018-09-30 02:00:00,7.95,79.31,0.3,-13.65,14.95,52.79,100.0,85.31,-33.93,-41.74
2018-10-01 02:00:00,10.48,83.38,3.47,-10.98,15.02,49.71,51.65,83.88,-32.12,-40.15
2018-10-02 02:00:00,11.24,84.56,4.87,-9.74,14.97,48.49,32.52,61.39,-31.37,-39.48
2018-10-03 02:00:00,13.84,88.92,7.86,-7.16,14.96,45.49,0.0,28.06,-29.41,-37.76
2018-10-04 02:00:00,13.09,87.68,7.64,-7.35,14.97,45.73,3.3,11.94,-29.55,-37.88
2018-10-05 02:00:00,12.17,86.1,7.03,-7.73,14.81,46.24,17.85,7.05,-29.81,-38.11
2018-10-06 02:00:00,13.13,87.71,8.45,-6.52,14.83,44.66,0.0,7.05,-28.87,-37.28
2018-10-07 02:00:00,12.0,85.78,7.47,-6.04,13.41,45.52,54.37,24.08,-29.28,-37.64
2018-10-08 02:00:00,10.92,83.88,6.59,-5.74,12.28,46.42,100.0,51.46,-29.68,-38.0
2018-10-09 02:00:00,10.49,83.05,5.83,-4.24,9.99,46.42,100.0,84.79,-29.68,-38.0
2018-10-10 02:00:00,10.08,82.22,5.66,-3.75,9.33,46.42,100.0,100.0,-29.68,-38.0
2018-10-11 02:00:00,20.72,100.24,17.82,3.72,12.73,34.53,0.0,66.67,-22.34,-31.52
2018-10-12 02:00:00,19.91,99.24,18.71,1.77,15.37,34.53,0.0,33.33,-22.34,-31.52
2018-10-13 02:00:00,16.77,94.22,16.37,-1.44,16.57,38.2,30.88,10.29,-23.93,-32.92
2018-10-14 02:00:00,18.7,97.71,19.6,-0.54,18.39,35.82,10.86,13.91,-22.18,-31.38
2018-10-15 02:00:00,17.02,95.11,18.87,-2.48,19.73,37.35,76.81,39.52,-22.82,-31.95
2018-10-16 02:00:00,17.05,95.37,19.89,-2.94,21.05,36.65,57.61,48.43,-22.34,-31.52
2018-10-17 02:00:00,12.97,88.55,15.72,-6.37,21.1,42.49,100.0,78.14,-24.7,-33.6
2018-10-18 02:00:00,12.46,87.67,15.47,-6.84,21.39,42.49,100.0,85.87,-24.7,-33.6
2018-10-19 02:00:00,9.41,82.39,11.52,-8.87,20.13,47.02,100.0,100.0,-26.48,-35.18
2018-10-20 02:00:00,7.61,79.11,8.45,-9.55,18.1,49.52,100.0,100.0,-27.49,-36.06
2018-10-21 02:00:00,7.31,78.32,7.46,-9.24,16.85,49.52,100.0,100.0,-27.49,-36.06
2018-10-22 02:00:00,3.53,71.56,3.44,-12.14,16.29,55.75,100.0,100.0,-29.94,-38.23
2018-10-23 02:00:00,5.89,75.11,5.82,-9.9,16.04,50.87,44.07,81.36,-28.19,-36.68
2018-10-24 02:00:00,3.54,70.75,3.65,-11.78,16.08,54.5,79.91,74.66,-29.68,-38.0
2018-10-25 02:00:00,6.9,76.0,6.87,-8.61,15.61,48.22,0.0,41.33,-27.2,-35.81
2018-10-26 02:00:00,6.43,74.91,6.43,-8.77,15.38,48.58,4.71,28.21,-27.34,-35.94
2018-10-27 02:00:00,9.69,80.11,9.6,-5.78,15.09,43.17,0.0,1.57,-24.85,-33.74
2018-10-28 02:00:00,8.05,77.18,7.67,-6.85,14.46,45.47,20.36,8.36,-25.75,-34.53
2018-10-29 01:00:00,9.85,79.98,9.13,-4.99,13.84,42.38,0.0,6.79,-24.24,-33.2
2018-10-30 01:00:00,6.94,74.94,5.79,-7.04,12.91,47.03,75.11,31.83,-26.04,-34.79
2018-10-31 01:00:00,4.08,69.83,3.33,-8.88,12.56,51.59,100.0,58.37,-27.91,-36.43
2018-11-01 01:00:00,4.9,70.78,4.35,-7.37,11.9,49.82,80.72,85.28,-27.2,-35.81
2018-11-02 01:00:00,5.51,71.41,5.22,-6.32,11.6,48.38,65.14,81.95,-26.63,-35.31
2018-11-03 01:00:00,6.3,72.39,6.0,-4.64,10.57,46.58,0.0,48.62,-25.9,-34.66
2018-11-04 01:00:00,2.9,66.39,2.73,-6.9,9.84,52.66,100.0,55.05,-28.19,-36.68
2018-11-05 01:00:00,1.1,62.92,1.02,-7.62,8.94,55.72,100.0,66.67,-29.41,-37.76
2018-11-06 01:00:00,-0.58,59.59,0.0,-9.07,9.51,58.6,100.0,100.0,-30.6,-38.81
2018-11-07 01:00:00,1.82,62.92,2.58,-6.35,9.11,53.22,55.23,85.08,-28.87,-37.28
2018-11-08 01:00:00,3.27,64.8,4.22,-4.77,9.01,50.16,0.0,51.74,-27.77,-36.31
2018-11-09 01:00:00,2.0,62.28,3.14,-5.83,9.09,52.37,26.17,27.13,-28.6,-37.04
2018-11-10 01:00:00,2.68,62.9,3.98,-5.07,9.1,50.76,7.03,11.07,-28.05,-36.56
2018-11-11 01:00:00,5.93,67.76,7.1,-2.04,8.91,44.48,0.0,11.07,-25.6,-34.4
2018-11-12 01:00:00,3.31,63.19,4.5,-4.37,8.86,49.25,60.45,22.5,-27.34,-35.94
2018-11-13 01:00:00,6.17,67.44,7.25,-1.72,8.73,44.15,0.0,20.15,-25.15,-34.0
2018-11-14 01:00:00,8.67,71.22,10.45,0.05,9.88,40.25,0.0,20.15,-23.14,-32.23
2018-11-15 01:00:00,7.48,69.12,9.63,-1.35,10.54,41.95,18.85,6.28,-23.77,-32.79
2018-11-16 01:00:00,7.82,69.47,10.47,-1.11,11.07,41.01,8.4,9.09,-23.3,-32.37
2018-11-17 01:00:00,8.16,69.82,11.39,-1.12,11.9,40.04,0.0,9.09,-22.82,-31.95
2018-11-18 01:00:00,5.31,65.04,8.66,-3.43,11.78,45.57,100.0,36.13,-24.7,-33.6
2018-11-19 01:00:00,11.65,74.96,16.42,1.23,13.96,36.51,0.0,33.33,-19.83,-29.31
2018-11-20 01:00:00,20.49,89.22,28.57,5.85,19.38,28.88,0.0,33.33,-12.88,-23.19
2018-11-21 01:00:00,17.29,84.47,26.72,1.15,22.44,32.57,22.11,7.37,-14.68,-24.77
2018-11-22 01:00:00,21.75,91.95,33.73,2.36,26.57,29.13,1.52,7.88,-10.79,-21.34
2018-11-23 01:00:00,28.68,103.67,44.59,4.36,32.32,25.21,0.0,7.88,-4.86,-16.11
2018-11-24 01:00:00,28.19,103.68,46.06,0.85,36.62,24.93,0.0,0.51,-4.37,-15.68
2018-11-25 01:00:00,29.01,105.8,48.25,-1.23,40.06,24.08,0.0,0.0,-2.87,-14.36
2018-11-26 01:00:00,31.2,110.21,51.34,-2.07,42.85,22.68,0.0,0.0,-0.27,-12.06
2018-11-27 01:00:00,33.09,114.26,54.39,-3.32,45.97,21.47,0.0,0.0,2.2,-9.89
2018-11-28 01:00:00,27.38,105.81,47.75,-9.0,47.54,27.48,100.0,33.33,-1.33,-13.0
2018-11-29 01:00:00,23.46,100.01,42.11,-12.42,47.48,31.4,100.0,66.67,-3.63,-15.03
2018-11-30 01:00:00,25.37,103.74,43.13,-11.67,47.36,29.68,82.62,94.21,-1.33,-13.0
2018-12-01 01:00:00,20.96,96.99,37.04,-15.03,46.9,34.42,100.0,94.21,-4.12,-15.46
2018-12-02 01:00:00,20.44,96.53,34.33,-14.98,44.96,34.2,96.74,93.12,-3.88,-15.25
2018-12-03 01:00:00,22.7,100.73,35.25,-13.26,43.7,31.94,47.67,81.47,-1.33,-13.0
2018-12-04 01:00:00,22.44,100.79,33.62,-13.36,42.66,31.49,38.23,60.88,-0.8,-12.53
2018-12-05 01:00:00,24.45,104.67,33.92,-11.57,40.91,29.49,0.0,28.63,1.64,-10.38
2018-12-06 01:00:00,27.55,110.5,35.15,-8.96,39.0,27.02,0.0,12.74,5.08,-7.34
2018-12-07 01:00:00,16.89,93.12,20.87,-14.91,34.74,40.44,100.0,33.33,-3.12,-14.58
2018-12-08 01:00:00,15.94,91.7,14.75,-12.15,26.55,40.83,100.0,66.67,-3.38,-14.81
2018-12-09 01:00:00,16.48,92.78,11.55,-9.0,20.29,39.71,91.88,97.29,-2.36,-13.91
2018-12-10 01:00:00,16.73,93.37,10.52,-7.67,17.93,38.85,85.64,92.5,-1.59,-13.23
2018-12-11 01:00:00,16.67,93.46,7.7,-5.36,12.91,38.25,0.0,59.17,-1.06,-12.77
2018-12-12 01:00:00,21.32,101.6,10.68,-0.37,10.51,33.54,0.0,28.55,3.62,-8.64
2018-12-13 01:00:00,20.81,101.14,10.72,-0.75,10.93,33.28,0.0,0.0,3.91,-8.38
2018-12-14 01:00:00,25.07,108.84,15.94,1.87,12.92,29.58,0.0,0.0,8.45,-4.37
2018-12-15 01:00:00,23.74,107.16,15.84,0.2,14.48,30.14,6.43,2.14,8.14,-4.65
2018-12-16 01:00:00,19.78,100.87,12.94,-2.97,15.15,35.12,100.0,35.48,5.38,-7.08
2018-12-17 01:00:00,17.71,97.63,11.71,-4.29,15.43,37.26,100.0,68.81,4.2,-8.12
2018-12-18 01:00:00,15.15,93.43,9.67,-6.06,15.46,40.43,100.0,100.0,2.48,-9.64
2018-12-19 01:00:00,14.25,91.97,8.81,-6.37,14.99,40.97,100.0,100.0,2.2,-9.89
2018-12-20 01:00:00,4.31,74.82,0.45,-14.78,16.41,55.6,100.0,100.0,-6.53,-17.59
2018-12-21 01:00:00,8.34,81.33,4.42,-11.12,16.08,49.4,66.17,88.72,-2.62,-14.14
2018-12-22 01:00:00,5.88,76.83,2.41,-13.0,16.28,52.27,78.0,81.39,-4.62,-15.9
2018-12-23 01:00:00,-0.71,65.13,-2.04,-19.45,19.51,60.17,100.0,81.39,-10.58,-21.15
2018-12-24 01:00:00,4.14,72.74,3.57,-15.51,20.29,52.91,32.63,70.21,-6.06,-17.17
2018-12-25 01:00:00,6.83,76.9,6.84,-12.92,20.38,49.38,0.0,44.21,-3.38,-14.81
2018-12-26 01:00:00,6.04,75.23,6.55,-12.78,19.96,50.04,6.05,12.89,-3.88,-15.25
2018-12-27 01:00:00,13.14,86.97,13.97,-6.88,20.14,42.39,0.0,2.02,3.05,-9.14
2018-12-28 01:00:00,8.28,78.72,9.22,-10.63,19.99,47.39,47.48,17.84,-1.06,-12.77
2018-12-29 01:00:00,5.79,74.25,7.02,-12.49,20.06,49.88,97.98,48.49,-3.12,-14.58
2018-12-30 01:00:00,10.27,81.51,11.84,-8.6,20.11,45.0,34.09,59.85,1.36,-10.63
2018-12-31 01:00:00,11.33,83.18,13.26,-7.6,20.29,43.64,16.72,49.6,2.76,-9.39
2019-01-01 01:00:00,8.58,78.43,10.84,-9.32,20.01,46.42,44.52,31.78,0.54,-11.35
2019-01-02 01:00:00,4.18,70.77,6.79,-12.43,19.78,51.27,100.0,53.75,-3.38,-14.81
2019-01-03 01:00:00,5.33,72.29,7.94,-10.05,18.18,49.66,78.85,74.46,-2.11,-13.68
2019-01-04 01:00:00,4.59,70.67,7.02,-9.17,16.37,50.33,87.67,88.84,-2.62,-14.14
2019-01-05 01:00:00,2.1,66.08,4.6,-10.33,15.38,53.35,100.0,88.84,-4.86,-16.11
2019-01-06 01:00:00,2.77,66.7,5.36,-8.78,14.39,52.21,69.14,85.6,-4.12,-15.46
2019-01-07 01:00:00,7.47,74.06,10.37,-4.04,13.97,45.87,0.0,56.38,0.54,-11.35
2019-01-08 01:00:00,6.62,72.4,9.65,-4.22,13.51,46.65,10.36,26.5,0.0,-11.83
2019-01-09 01:00:00,4.47,68.52,7.1,-5.97,13.0,49.38,46.89,19.08,-1.85,-13.46
2019-01-10 01:00:00,12.61,81.67,16.51,0.37,14.88,40.2,0.0,19.08,6.29,-6.29
2019-01-11 01:00:00,10.89,78.82,15.15,-1.73,15.82,41.8,17.51,21.46,5.08,-7.34
2019-01-12 01:00:00,10.17,77.54,12.82,-1.72,13.78,42.22,22.06,13.19,4.79,-7.61
2019-01-13 01:00:00,15.09,85.61,18.43,1.57,15.33,37.31,0.0,13.19,10.06,-2.96
2019-01-14 01:00:00,11.01,78.96,14.46,-2.42,15.93,42.01,95.7,39.25,6.59,-6.02
2019-01-15 01:00:00,12.76,81.81,16.53,-1.47,16.73,39.96,53.89,49.87,8.77,-4.09
2019-01-16 01:00:00,10.09,77.38,14.29,-3.89,17.28,42.96,100.0,83.2,6.59,-6.02
2019-01-17 01:00:00,7.62,73.16,11.79,-6.08,17.37,45.87,100.0,84.63,4.49,-7.87
2019-01-18 01:00:00,8.79,74.87,12.78,-5.09,17.2,44.14,70.68,90.23,5.98,-6.55
2019-01-19 01:00:00,8.45,74.13,12.7,-5.46,17.52,44.14,70.68,80.45,5.98,-6.55
2019-01-20 01:00:00,7.82,72.9,12.35,-5.99,17.77,44.62,57.14,66.17,5.68,-6.82
2019-01-21 01:00:00,5.78,69.31,10.28,-7.71,17.75,47.57,100.0,75.94,3.91,-8.38
2019-01-22 01:00:00,4.98,67.68,8.85,-8.1,16.89,48.55,100.0,85.71,3.33,-8.89
2019-01-23 01:00:00,5.64,68.41,9.11,-7.32,16.28,47.13,67.68,89.23,4.2,-8.12
2019-01-24 01:00:00,7.15,70.58,10.1,-5.74,15.5,44.32,0.0,55.89,5.98,-6.55
2019-01-25 01:00:00,8.36,72.31,9.93,-3.92,13.45,42.08,0.0,22.56,7.51,-5.2
2019-01-26 01:00:00,8.03,71.59,8.02,-3.23,10.99,42.08,0.0,0.0,7.51,-5.2
2019-01-27 01:00:00,13.08,79.66,13.45,0.69,11.92,35.07,0.0,0.0,13.07,-0.3
2019-01-28 01:00:00,14.24,81.61,14.88,1.08,12.77,33.31,0.0,0.0,14.81,1.23
2019-01-29 01:00:00,14.02,81.36,13.96,0.94,12.12,32.95,0.0,0.0,15.17,1.55
2019-01-30 01:00:00,11.8,77.81,12.35,-1.4,13.03,36.6,39.97,13.32,13.41,0.0
2019-01-31 01:00:00,15.42,83.72,17.01,0.75,14.94,32.09,0.0,13.32,17.72,3.8
2019-02-01 01:00:00,15.88,84.63,18.35,0.15,16.66,31.06,0.0,13.32,18.85,4.79
2019-02-02 01:00:00,14.9,83.21,18.38,-1.34,18.17,31.84,14.18,4.73,18.47,4.46
2019-02-03 01:00:00,12.93,80.1,16.8,-3.47,19.01,35.03,71.74,28.64,16.98,3.14
2019-02-04 01:00:00,11.74,78.19,16.05,-4.74,19.68,36.63,100.0,61.97,16.25,2.5
2019-02-05 01:00:00,14.39,82.51,19.31,-3.11,20.74,32.73,30.03,67.26,19.61,5.47
2019-02-06 01:00:00,18.24,88.94,23.92,-0.94,22.3,28.39,0.0,43.34,24.41,9.7
2019-02-07 01:00:00,15.29,84.38,21.06,-3.98,23.07,33.16,57.92,29.31,21.97,7.54
2019-02-08 01:00:00,12.2,79.44,17.63,-6.66,23.03,38.33,100.0,52.64,19.23,5.13
2019-02-09 01:00:00,11.04,77.52,15.96,-7.55,22.56,39.76,100.0,85.97,18.47,4.46
2019-02-10 01:00:00,7.63,71.85,11.32,-9.8,20.96,45.85,100.0,100.0,15.17,1.55
2019-02-11 01:00:00,8.3,72.73,10.53,-8.37,18.7,44.24,87.34,95.78,16.25,2.5
