timestamp,ema50_dist_etc_usd_12h,ema200_dist_etc_usd_12h,lower_bb_dist_etc_usd_12h,width_bb_etc_usd_12h,rsi_etc_usd_12h,stoch_rsi_fastk_etc_usd_12h,stoch_rsi_fastd_etc_usd_12h,kijun_dist_etc_usd_12h,tenkan_dist_etc_usd_12h
2018-07-15 14:00:00,,,,,,,,-0.7331785283474065,-0.7563630880579011
2018-07-16 02:00:00,,,,,,,,-0.735475962688352,-0.7584608945228414
2018-07-16 14:00:00,,,,,,,,-0.7421518913562977,-0.7645567406889316
2018-07-17 02:00:00,,,,,,,,-0.7447700917325333,-0.7669474412969479
2018-07-17 14:00:00,,,,,,,,-0.7424821002386635,-0.7648582571744571
2018-07-18 02:00:00,,,,,,,,-0.7535019780464702,-0.7749205995430991
2018-07-18 14:00:00,,,,,,,,-0.7520235426008969,-0.7735706278026906
2018-07-19 02:00:00,,,,,,,,-0.7451523705282563,-0.7672965032547958
2018-07-19 14:00:00,,,,,,,,-0.7482271925331512,-0.77010414888168
2018-07-20 02:00:00,,,,,,,,-0.7454163549519479,-0.7675375496345744
2018-07-20 14:00:00,,,,,,,,-0.7384319754035358,-0.7611600543960267
2018-07-21 02:00:00,,,,,,,,-0.7253941651148355,-0.7492551210428304
2018-07-21 14:00:00,,,,,,,,-0.7267510809141446,-0.7504941321803582
2018-07-22 02:00:00,,,,,,,,-0.7314616972198615,-0.7547954352312736
2018-07-22 14:00:00,,,,,0.477567752220451,,,-0.7299700909479339,-0.7534334370994323
2018-07-23 02:00:00,,,,,0.45856111961513235,,,-0.7271555445910941,-0.7508634513383495
2018-07-23 14:00:00,,,,,0.46224340694152277,,,-0.7276091373683886,-0.7512776306877655
2018-07-24 02:00:00,,,,,0.43587659818063523,,,-0.7238169559245848,-0.7478149581720565
2018-07-24 14:00:00,,,,,0.5138211417384069,,,-0.7335,-0.7566566265060242
2018-07-25 02:00:00,,0.08365053010833834,-0.05571989009388867,0.13745087475105555,0.5149372690046037,,,-0.7336444096574146,-0.756788488169065
2018-07-25 14:00:00,,0.10031554240048135,-0.04286444215598195,0.13918190769097585,0.4819702696929895,0.5830164484056,0.8610054828018667,-0.7295904645476773,-0.7530867970660147
2018-07-26 02:00:00,,0.08109940883681466,-0.059812845079231236,0.1394282794361322,0.52035252052748,1.0,0.8610054828018667,-0.734284341401886,-0.7573728151840952
2018-07-26 14:00:00,,0.04431436779910247,-0.09237467513456166,0.14005457591476464,0.5881278022761236,1.0,0.8610054828018667,-0.7434676717889244,-0.7657581907799362
2018-07-27 02:00:00,,0.08934424298640131,-0.0519716701708669,0.13872368269096466,0.4920249736494803,0.09471493648947364,0.6982383121631579,-0.7315594660194176,-0.7548847087378641
2018-07-27 14:00:00,,0.07851828438698472,-0.060286107123014854,0.1375504692410273,0.5065540259907609,0.23157806798607866,0.4420976681585174,-0.7336283718689789,-0.7567738439306358
2018-07-28 02:00:00,,0.03692586638695472,-0.08366613978337845,0.12347769682429735,0.5604933243166852,0.7124488596813571,0.3462472880523031,-0.7415644350975581,-0.7640203294777427
2018-07-28 14:00:00,,0.03358604626784234,-0.07313227562186497,0.10887104147785442,0.5472303876821266,0.5744410942066831,0.506156007291373,-0.7399694351378359,-0.76256392170693
2018-07-29 02:00:00,,0.03383045024761944,-0.06795261017680099,0.10354973065951426,0.538345848325222,0.6765297283249531,0.6544732274043311,-0.7389259368545293,-0.761611094718206
2018-07-29 14:00:00,,0.03847936562174348,-0.05180074080858854,0.09088546612698643,0.509523624494991,0.055054451881937645,0.435341758137858,-0.7354917787742901,-0.75847533632287
2018-07-30 02:00:00,,0.02468402633936484,-0.05598187216453754,0.0819483011514386,0.5252022266363864,0.30760632682247346,0.34639683567645485,-0.7374695863746958,-0.7602812889442763
2018-07-30 14:00:00,,0.011478799874205192,-0.07067309327302318,0.08465751400854665,0.5557863360129557,1.0,0.4542202595681372,-0.7413377769981875,-0.763813366076127
2018-07-31 02:00:00,,0.012726419535512346,-0.06924054514839995,0.0843504609569246,0.5593044344388597,1.0,0.7692021089408247,-0.7417756245622228,-0.7642131683399487
2018-07-31 14:00:00,,0.03574017468478585,-0.04436209969075611,0.08044908737461327,0.5025484195891653,0.0,0.6666666666666669,-0.7358550274659661,-0.7588070217339384
2018-08-01 02:00:00,,0.05110577928598614,-0.029988406687063707,0.0802468842952669,0.46979253826556044,0.0,0.3333333333333335,-0.7319335878325153,-0.7552263224868205
2018-08-01 14:00:00,,0.08237717724713067,-0.006413062861732932,0.08554120901569669,0.41592979777694583,0.0,1.8947806286936004e-16,-0.7243847735343591,-0.7483334371690237
2018-08-02 02:00:00,,0.1408045580723991,0.02406646850394334,0.10784761598761163,0.3492438248507501,0.0,1.8947806286936004e-16,-0.7118355914538823,-0.7368746743095362
2018-08-02 14:00:00,,0.16810572790772582,0.02256887526687823,0.1328694388750786,0.33031439844015237,0.0,1.8947806286936004e-16,-0.7074140211640212,-0.7328373015873015
2018-08-03 02:00:00,,0.1878988110991726,0.016741637588816305,0.1552699204191905,0.31884294960089055,0.0,1.8947806286936004e-16,-0.7046204179742273,-0.7302864392067837
2018-08-03 14:00:00,,0.24036606114892733,0.025453401521146723,0.18969972071342733,0.28210016278664457,0.0,1.8947806286936004e-16,-0.6944609434353202,-0.7210097382415912
2018-08-04 02:00:00,,0.08117592564725373,-0.1061593703525694,0.18970503867181152,0.531182012451129,1.0,0.3333333333333335,-0.7336764794413341,-0.7568177713563301
2018-08-04 14:00:00,,0.08177546921943568,-0.10581254192044687,0.18986997027955685,0.5315924712609291,1.0,0.6666666666666669,-0.7337566201251806,-0.7568909484833894
2018-08-05 02:00:00,,0.09300859651897908,-0.09624009603212369,0.1895549659411792,0.5137660875111375,0.9285493654742105,0.976183121824737,-0.7307753164556963,-0.7541686952288218
2018-08-05 14:00:00,,0.07060530797388709,-0.1105921445681548,0.18489411798356697,0.5391809649813059,1.0,0.976183121824737,-0.7353018608269013,-0.7583019206605637
2018-08-06 02:00:00,,0.031175585124429528,-0.15052765426758075,0.1932347213007848,0.5999284147845811,1.0,0.976183121824737,-0.7467861026844484,-0.7687882777173602
2018-08-06 14:00:00,,0.04996038931039348,-0.13855637119403075,0.1972547496161512,0.573197327596056,0.6897589928868595,0.8965863309622868,-0.7431250725815817,-0.7654453605852979
2018-08-07 02:00:00,,-0.019263370686296688,-0.2217041997549577,0.23017293560579027,0.6732041374948962,1.0,0.8965863309622868,-0.7648112706007443,-0.7852472089314194
2018-08-07 14:00:00,,-0.005824789923019491,-0.23423761752356387,0.25956923537175,0.6782151819429167,0.9999999999999999,0.8965863309622868,-0.766030251745293,-0.7863602707848529
2018-08-08 02:00:00,,0.0902110464519017,-0.16146756063835177,0.2609767539762756,0.5315125953444699,0.0,0.666666666666667,-0.7438390272148234,-0.7660972785176606
2018-08-08 14:00:00,,0.1699006255184996,-0.10218697954263167,0.2631772591825386,0.45447127093578615,0.0,0.33333333333333365,-0.7248476178629183,-0.7487560641870878
2018-08-09 02:00:00,0.12114623179652373,0.26388808525111007,-0.045936269936701524,0.2793787971844574,0.3937772764076769,0.0,3.315866100213801e-16,-0.7031138849741628,-0.7289108113549426
2018-08-09 14:00:00,0.11257765644709128,0.25763939573368866,-0.06191918709386002,0.2910740462925411,0.3976780618048247,0.013714013924436335,0.004571337974812443,-0.7041661094021667,-0.7298716062591948
2018-08-10 02:00:00,0.08851566214244766,0.23023226776169148,-0.08732823730350625,0.2963833195995236,0.4189496756211238,0.18275921824378646,0.06549107738940793,-0.7096035184455822,-0.7348365498227649
2018-08-10 14:00:00,0.12178384109190032,0.27259131233919365,-0.06820862565033081,0.30920215446024013,0.3914596019645023,0.0,0.06549107738940793,-0.6994020520486512,-0.7255215057416593
2018-08-11 02:00:00,0.1640911945865684,0.33097587172257636,-0.047329321832497606,0.33131676491117534,0.3610599755946426,0.0,0.06091973941459582,-0.6862704772711156,-0.7135309552514006
2018-08-11 14:00:00,0.21222649546576067,0.40413174707388455,-0.028445618401515826,0.36417046869498915,0.3315331932317005,0.0,3.315866100213801e-16,-0.6709631833395315,-0.6995537374488657
2018-08-12 02:00:00,0.18414753313537768,0.3857855636537928,-0.06264452395210329,0.38605498326823784,0.3517245353972679,0.23097866230328168,0.07699288743442756,-0.676544563866345,-0.7046501425751261
2018-08-12 14:00:00,0.20070443737613974,0.421249621961409,-0.06241555463290249,0.4100883426209676,0.33843778091058124,0.11521777835322532,0.11539881355216934,-0.6697842800627006,-0.6984772710308278
2018-08-13 02:00:00,0.20651328420839854,0.4445501065870636,-0.07086430598283378,0.43427349351687317,0.33088988263884184,0.0,0.11539881355216934,-0.6658685800604229,-0.6949018126888218
2018-08-13 14:00:00,0.18731527185646835,0.43500933581154144,-0.09236271702039778,0.45023611209792663,0.3437403203911532,0.6167819498270417,0.2439999093934227,-0.6690679233991622,-0.6978231597845601
2018-08-14 02:00:00,0.29350076469408704,0.5827387200454224,-0.043571093791103355,0.4933189974231307,0.2875248558405702,0.0,0.20559398327568093,-0.6361325875966442,-0.6677496298733344
2018-08-14 14:00:00,0.42886540785573324,0.7839669260843984,0.0024673606809848536,0.5609316315947382,0.24222061391748217,0.0,0.20559398327568093,-0.5931297709923664,-0.6284833992458383
2018-08-15 02:00:00,0.39152557724146164,0.7612332885102708,-0.06531917363438677,0.6131890163590845,0.2583794737884616,0.15916968667723844,0.0530565622257465,-0.5992118137343723,-0.6340369632179743
2018-08-15 14:00:00,0.3038758748384296,0.6548849029038637,-0.14797771291328998,0.6405204141763003,0.31825127965841676,0.7489251927718391,0.3026982931496929,-0.6208843945496616,-0.6538263775816265
2018-08-16 02:00:00,0.23079245157334594,0.5460620816655144,-0.20396883093189788,0.6404791204299652,0.37022769462064176,1.0000000000000002,0.6360316264830262,-0.6393951744375612,-0.6707287251385718
2018-08-16 14:00:00,0.07953336004779077,0.33483722422354556,-0.297899253624764,0.6212623918658744,0.48793380733925934,1.0,0.9163083975906134,-0.6827608461814271,-0.7103262818214413
2018-08-17 02:00:00,0.11275061755676297,0.3221833619501282,-0.25349784276360643,0.5565671527880296,0.4617737712021309,0.8860398942050923,0.9620132980683646,-0.671646997699102,-0.7001781340458695
2018-08-17 14:00:00,0.10453363677818683,0.24273762464995086,-0.22123773558849025,0.4590406981954918,0.46491560809258803,0.8643454953124785,0.9167951298391909,-0.6728126617853709,-0.7012425116485467
2018-08-18 02:00:00,0.03049282514276208,0.12106395853284191,-0.2521036821943262,0.3993318054445134,0.5243451675423014,1.0,0.9167951298391909,-0.6943765112262521,-0.7209326424870466
2018-08-18 14:00:00,0.07614698087044647,0.14715385027143735,-0.20608591018027056,0.36396434473603967,0.4846090184251041,0.36494706141491434,0.7430975189091314,-0.6799146226756385,-0.707727371391361
2018-08-19 02:00:00,0.12303485646629264,0.18866963692556227,-0.16698590541247826,0.3518409302051,0.44897576650791954,0.0,0.45498235380497193,-0.6644747819491847,-0.6936291240045507
2018-08-19 14:00:00,0.12132867789549451,0.17599275668204695,-0.16221014467930783,0.33588819304086304,0.446861556499051,0.0,0.12164902047163859,-0.6635049821251997,-0.6927435916939225
2018-08-20 02:00:00,0.09749319979125093,0.13372371244477765,-0.16942305494328258,0.30865617870703116,0.46381997267959363,0.21886455667478655,0.07295485222492931,-0.6694635385534967,-0.6981843992827257
2018-08-20 14:00:00,0.12289960644937259,0.1484755897824075,-0.14273190553146597,0.29037358821112463,0.4416106884866696,0.0,0.07295485222492931,-0.6603010059126162,-0.6898180142824234
2018-08-21 02:00:00,0.15367988398091748,0.17625203664673195,-0.11617430205483803,0.2838983537283852,0.41684068711415184,0.0,0.07295485222492931,-0.6490917744110415,-0.679582771476164
2018-08-21 14:00:00,0.13367621346568614,0.15797422802937033,-0.12917566913212697,0.28307383786547835,0.43016224162082706,0.2835623050954743,0.09452076836515859,-0.6535166040100251,-0.6836231203007519
2018-08-22 02:00:00,0.13426604412994325,0.15811984612090435,-0.126151342183896,0.2797988135682371,0.4257386150945386,0.18940109184912898,0.15765446564820157,-0.6516614173228347,-0.6819291338582677
2018-08-22 14:00:00,0.1113568118033832,0.1363768850649678,-0.1410867773881529,0.27811861682227373,0.44464207066297784,1.0,0.4909877989815349,-0.6573011077542801,-0.6870787822449453
2018-08-23 02:00:00,0.16858045817757739,0.19891262125584275,-0.09701176095268793,0.2815778686782115,0.397210904180547,0.0,0.3964670306163768,-0.6375337976239246,-0.6690290864399836
2018-08-23 14:00:00,0.16086664854792376,0.19308251307964297,-0.102667517581566,0.28295819853774196,0.3983889503949593,0.024836964843541646,0.3416123216145144,-0.637889825652779,-0.6693541786035851
2018-08-24 02:00:00,0.12956848376189,0.16634878624521976,-0.12005767637885112,0.279927387890352,0.42655031699379514,0.6185682324324845,0.21446839909200918,-0.6460030407297752,-0.6767624229815155
2018-08-24 14:00:00,0.12823449074877047,0.15916062202711845,-0.0931095540971355,0.24420516998837644,0.42327348561212574,0.5494821941862359,0.39762913048742116,-0.6447807933194155,-0.6756463786735185
2018-08-25 02:00:00,0.11818079747986898,0.14144834542388574,-0.07319386972056041,0.2075588063905486,0.4296381935884222,0.9999999999999999,0.7226834755395738,-0.6464274296675192,-0.6771499360613811
2018-08-25 14:00:00,0.111917313713501,0.13394416840267942,-0.06194672206958518,0.1890841041517125,0.4318501763147189,1.0,0.8498273980620791,-0.6469635304444976,-0.6776394541536988
2018-08-26 02:00:00,0.10838161621659959,0.13388463010355078,-0.058211760524443545,0.1850931266129104,0.43090297591812043,0.889561087202081,0.9631870290673608,-0.6466815749540772,-0.6773819982429519
2018-08-26 14:00:00,0.1310768973875811,0.15243372040663594,-0.03843110003323247,0.18057198094310326,0.40159157813315555,0.0,0.6298536957340275,-0.6377415656731085,-0.669218801179168
2018-08-27 02:00:00,0.11023789004663387,0.13065299633577143,-0.05592133625990947,0.17985394081166023,0.42595198245720434,0.8050737901959937,0.5648782924660254,-0.6429747397304495,-0.6739972560729561
2018-08-27 14:00:00,0.09635950443709063,0.11383222573947704,-0.06582774681441905,0.17544880824498468,0.44127810043940646,1.0,0.601691263398665,-0.6461729184995602,-0.6769175397904503
2018-08-28 02:00:00,0.10563048553603283,0.09574879345515908,-0.03957875296932878,0.131630695671952,0.4246009075212638,0.5797769129416532,0.7949502343792161,-0.6417894736842105,-0.672914979757085
2018-08-28 14:00:00,0.06174604300907838,0.03741925066473728,-0.06589937537245327,0.10481114325248501,0.4897526220661332,1.0,0.8599256376472181,-0.655190958690569,-0.6851519875292283
2018-08-29 02:00:00,0.02135569395302306,0.0012295920861908893,-0.10203253370408072,0.10874292937062445,0.5468508895610151,1.0,0.8599256376472181,-0.6680249137025365,-0.6968707789284105
2018-08-29 14:00:00,0.03478763206114688,0.015613617605505281,-0.08889112046047276,0.10847928357179665,0.5225989191056305,0.8016198444307441,0.9338732814769151,-0.6631975637609441,-0.6924628854206318
2018-08-30 02:00:00,0.032742654232804425,0.010616318680573222,-0.08703902105427952,0.10153513441374053,0.5236708803037146,0.810388444476309,0.8706694296356846,-0.6634281801582471,-0.692673463177115
2018-08-30 14:00:00,0.06760562742092868,0.04421625262068174,-0.05325268220592072,0.09791131919736493,0.46584511814684837,0.0,0.5373360963023512,-0.6511670083583032,-0.6814776849077433
2018-08-31 02:00:00,0.05796568248263445,0.03797860495328487,-0.05931152060838685,0.09833905494403355,0.4775447974977354,0.1444301948693114,0.3182728797818738,-0.6535437387422665,-0.683647897251155
2018-08-31 14:00:00,0.06761222143209378,0.049322300443346734,-0.04861712652685801,0.09790490697685661,0.4591217378104039,0.0,0.04814339828977083,-0.6494810236906743,-0.6799381982410269
2018-09-01 02:00:00,0.05148627801776384,0.036148428569364954,-0.06102918546982572,0.09840176928932207,0.48348111046557063,0.37737716899478835,0.17393578795470027,-0.6540855422628822,-0.6841426225662679
2018-09-01 14:00:00,0.028882994974339216,0.016833846886791015,-0.08083997480712735,0.10090302774460348,0.5203175337030613,1.0,0.4591257229982631,-0.6611336652623516,-0.6905783224818077
2018-09-02 02:00:00,0.015117059105414166,0.008928622036245892,-0.08997066680333576,0.10307603516782413,0.5426349527834586,1.0,0.7924590563315964,-0.6654643073200242,-0.694532667876588
2018-09-02 14:00:00,0.013640000667949348,0.012165492402365752,-0.08724859908112059,0.10329182712086596,0.5442563520556158,1.0,1.0000000000000004,-0.6657676035055908,-0.6948096101541251
2018-09-03 02:00:00,0.008491591426169398,0.01286901526384554,-0.09104030633836213,0.10813588237039547,0.5532115042405629,1.0,1.0000000000000004,-0.6673509286412512,-0.69625535754568
2018-09-03 14:00:00,-0.045327390740943274,-0.024177603272746317,-0.14855612790088246,0.13613617976762937,0.6456832713031279,1.0,1.0000000000000004,-0.6857132708155727,-0.7130221653878943
2018-09-04 02:00:00,-0.03824109345971782,-0.005133654816014688,-0.1464276170668003,0.1528792489591551,0.6310210521487203,0.8577151052531835,0.9525717017510617,-0.6838942479456949,-0.7113612004287245
2018-09-04 14:00:00,-0.03548523104799939,0.007076952576444695,-0.1457861683749564,0.16425495924537206,0.6274219584648697,0.819955954753047,0.8925570200020774,-0.6834645105895822,-0.710968803663423
2018-09-05 02:00:00,-0.03256610479047317,0.017518893220645815,-0.14289694811923404,0.17114473855281986,0.6227912152459335,0.7524427532383382,0.81003793774819,-0.6829427363291048,-0.7104923672328531
2018-09-05 14:00:00,0.09157271934415845,0.15113977222743458,-0.02781942169189411,0.1685654205444711,0.3984719174739577,0.0,0.5241329026637955,-0.6410337552742615,-0.6722249269717624
2018-09-06 02:00:00,0.09638822994818663,0.16156065438824574,-0.022569978778888666,0.172165905412074,0.38938548114737853,0.0,0.25081425107944655,-0.6381563880255194,-0.6695975789301489
2018-09-06 14:00:00,0.18308086858265882,0.2764990221619712,0.03515387774032952,0.20880742470622798,0.3134352940776903,0.0,4.736951571734001e-16,-0.607078781419309,-0.6412203570476951
2018-09-07 02:00:00,0.12710607214638836,0.2259223275120379,-0.01848438123526064,0.2214392564552335,0.3813049042420706,0.21939004725715094,0.07313001575238412,-0.6239459367562054,-0.6566218973138388
2018-09-07 14:00:00,0.14419480254188577,0.25685217616277556,-0.015703767801251822,0.24322882228338435,0.3633067284526808,0.5864700688148398,0.26862003869066403,-0.6162806834937983,-0.6496226906062972
2018-09-08 02:00:00,0.1338875826817676,0.25189095607984346,-0.03532505523341001,0.2591540465398075,0.3699843277136951,0.7445542376889488,0.5168047845869803,-0.6179046467438245,-0.6511055449991363
2018-09-08 14:00:00,0.10986512210952104,0.22919551907665991,-0.062316646315433544,0.2690618004139966,0.39814646114494734,1.0,0.77700810216793,-0.6244885833121128,-0.6571173924115101
2018-09-09 02:00:00,0.18805549579967384,0.32922125875253405,-0.014900271098212459,0.2973844438057235,0.33161751197068734,0.0,0.5815180792296502,-0.5954366712391403,-0.6305898491083677
2018-09-09 14:00:00,0.13749291423082943,0.28033441253692426,-0.06516503286248432,0.3119395280284942,0.38762759209593106,0.8418903472913108,0.6139634490971041,-0.6107435107787066,-0.6445666520017598
2018-09-10 02:00:00,0.15197701856339507,0.30475938133715985,-0.06370043132820002,0.3288265243213586,0.3717878330725003,0.6038021282523851,0.48189749184789915,-0.6036642178821001,-0.6381024905930837
2018-09-10 14:00:00,0.14127793213172102,0.2995705527696002,-0.08069454920135677,0.3427547112677236,0.3782573879786431,0.7010463352696498,0.715579603604449,-0.6053612845673506,-0.6396520963425513
2018-09-11 02:00:00,0.12902957837771223,0.2894580779269569,-0.09754390113823352,0.3531178210929498,0.38801406740626093,1.0,0.7682828211740121,-0.6077755120134765,-0.6418565475662736
2018-09-11 14:00:00,0.11937277425202764,0.2781347293388936,-0.11076472845604635,0.3588676207906608,0.3951251182295669,1.0,0.900348778423217,-0.6094376269091552,-0.6433742385450693
2018-09-12 02:00:00,0.1253350173486112,0.2819087811937886,-0.11099223340491438,0.3619678655993306,0.38401280500855234,0.5238386493447937,0.8412795497815985,-0.6055723965763196,-0.6398448644793152
2018-09-12 14:00:00,0.21179223530647762,0.3840619171882804,-0.05766470194944728,0.3797516746016041,0.31006906508826193,0.0,0.5079462164482652,-0.5722394121059757,-0.6094082382517888
2018-09-13 02:00:00,0.16653432534487678,0.32732712385399054,-0.09927731578358334,0.38293976920294504,0.36143046478794116,0.6038535507208611,0.37589740002188554,-0.585815934837562,-0.6218050744312329
2018-09-13 14:00:00,0.1399085291619302,0.27109597504614014,-0.11241631340582958,0.35532116716247863,0.38958051768153384,0.9348123932012018,0.5128886479740217,-0.5932420007355645,-0.6285858771607208
2018-09-14 02:00:00,0.11727370056573738,0.21451121806279083,-0.11629418484711351,0.31532048179298205,0.4142510605358421,1.0,0.8462219813073549,-0.5996108245090053,-0.6344013032853651
2018-09-14 14:00:00,0.1182412498929537,0.17547320670438382,-0.09352269724295603,0.2584075872359957,0.4083944866586747,0.9437851631464081,0.9595325187825374,-0.5975345705967977,-0.6325054585152838
2018-09-15 02:00:00,0.10411019134416133,0.1028738630124384,-0.06513716328295094,0.16489964215464448,0.42348576182948267,1.0,0.9812617210488035,-0.6010910730387737,-0.6357529305680794
2018-09-15 14:00:00,0.08382608716859874,0.07000954766429301,-0.07282432301502884,0.14303517662404663,0.45000374625894884,1.0,0.9812617210488035,-0.607183448765761,-0.6413159296750133
2018-09-16 02:00:00,0.06721189858328724,0.04125311532776221,-0.07679834674431074,0.12018750847310024,0.4721965312723506,1.0,1.0000000000000007,-0.612210729312763,-0.6459063814866759
2018-09-16 14:00:00,0.08511268481035406,0.061736557859313645,-0.0586070871869232,0.12015563328099915,0.4426827713151291,0.537416706064381,0.8458055686881277,-0.6044438483547925,-0.6388143776824033
2018-09-17 02:00:00,0.07824461243675929,0.05117503937423096,-0.059658375677919095,0.1113055362001742,0.44897483977788105,0.523273974932671,0.6868968936656847,-0.6057832828372839,-0.6400374264836928
2018-09-17 14:00:00,0.08261443363478982,0.05504446574164801,-0.05270197785796349,0.10762039386527815,0.4377694367392478,0.0,0.35356356033235137,-0.6029527912403518,-0.6374528809908454
2018-09-18 02:00:00,0.1721043661633077,0.15138465155093583,0.016288857735477613,0.12464588715662353,0.3350948857728024,0.0,0.1744246583108911,-0.5675562072336267,-0.6051319648093841
2018-09-18 14:00:00,0.15510167746708858,0.1337928235577608,3.1275628601834526e-05,0.12537260965434113,0.35196558730258987,0.1481446113776539,0.04938153712588538,-0.5714936071290198,-0.608727237504843
2018-09-19 02:00:00,0.11403858328797556,0.09831987604591363,-0.03433300925416782,0.12854043544015048,0.4096283045119279,0.6544911208499569,0.267545244075871,-0.585,-0.6210600375234521
2018-09-19 14:00:00,0.12992780578964847,0.11647383889758545,-0.021865292869480135,0.13209067826004114,0.3876288645047827,0.5116553054042449,0.43809701254395267,-0.5771054392505497,-0.6138514482363062
2018-09-20 02:00:00,0.09437117365030567,0.08312245836583898,-0.050993869682385284,0.1319959069471224,0.4370413515447428,1.0,0.7220488087514013,-0.5889714763541763,-0.6246864257177367
2018-09-20 14:00:00,0.08677714824660843,0.07637960110406272,-0.05554279651274474,0.1305621486278172,0.4434470460899446,1.0,0.8372184351347489,-0.5904933814681108,-0.626076089975007
2018-09-21 02:00:00,0.04295688489141791,0.03417952335162111,-0.09193001276254753,0.12985925384624797,0.5088926012638696,1.0,1.0000000000000007,-0.6063445452927567,-0.6405499199145754
2018-09-21 14:00:00,0.030161852958565216,0.023270590020156634,-0.1022304633042107,0.13065948137055713,0.526269450286585,1.0,1.0000000000000007,-0.6107092573037664,-0.6445353748680043
2018-09-22 02:00:00,0.0010483095974065382,0.0022142155140352227,-0.13129750609039859,0.1427233194636058,0.5692568349675742,1.0,1.0000000000000007,-0.6216948862664615,-0.6545664443304259
2018-09-22 14:00:00,0.0270243947489206,0.031485772338440965,-0.10079018126167927,0.1370241421915187,0.5216760110599183,0.6218034834003585,0.8739344944667868,-0.6114614438784471,-0.6452222027050764
2018-09-23 02:00:00,0.021822236693365804,0.03126927773658639,-0.10209313640371875,0.13825841122849997,0.5282931625885771,0.3213916608290663,0.6477317147431423,-0.6130925310477523,-0.6467115620080461
2018-09-23 14:00:00,-0.004378215258190932,0.013064273349735922,-0.1263555743636232,0.14779159897686506,0.5688414055107667,0.9912689730296869,0.6448213724197046,-0.6230808554145012,-0.6558319843230809
2018-09-24 02:00:00,0.007926088223817018,0.03086661525000567,-0.11556031671678701,0.15290184351080488,0.5443918551410933,0.47741594650108565,0.5966921934532803,-0.6183002588438309,-0.6514667817083692
2018-09-24 14:00:00,0.04691465141977824,0.07323941279989099,-0.07889572452551452,0.15256661950482736,0.476564190347837,0.0,0.4895616398435916,-0.6028101993176513,-0.637322679116538
2018-09-25 02:00:00,0.053544295596731795,0.08210890174965968,-0.07138006517202233,0.15266998128193954,0.46376098666214266,0.0,0.15913864883369594,-0.5994658216387505,-0.6342688999547306
2018-09-25 14:00:00,0.09374006476474861,0.1264676214456526,-0.03794658767843839,0.15744558610216655,0.40758838834911887,0.0,7.105427357601002e-16,-0.5827296736464818,-0.6189869835880022
2018-09-26 02:00:00,0.05555336646947451,0.08626451907730015,-0.07040062562719951,0.15543226426499582,0.46436656457278763,0.4150346300069032,0.13834487666896847,-0.5964331326400292,-0.6314997263273125
2018-09-26 14:00:00,0.05309733136393091,0.0848242280632654,-0.07150913458401287,0.15529944930489284,0.4648268800796203,0.8298343777367784,0.4149563359145612,-0.5965435476516188,-0.6316005471956224
2018-09-27 02:00:00,0.04797913289380529,0.08018111568524877,-0.07494379980963461,0.15471975737410004,0.47022025541494394,1.0,0.7482896692478945,-0.5977541371158392,-0.6327059465357336
2018-09-27 14:00:00,0.05291829229172951,0.08644601334825075,-0.06962067464447863,0.15476470371304887,0.45904835008930334,0.8216258615777956,0.8838200797715252,-0.5950292932991579,-0.6302178689124862
2018-09-28 02:00:00,0.008773282937061255,0.040608934878753944,-0.09740837337673558,0.14205153187976402,0.5352217010373108,1.0,0.9405419538592658,-0.6118705035971224,-0.6455957185471135
2018-09-28 14:00:00,0.01579772316560346,0.0463383204026897,-0.0796303996106098,0.1281010959294517,0.5208900743758997,0.811855110966652,0.8778269908481497,-0.6089197312588401,-0.6429013437057991
2018-09-29 02:00:00,0.023005385740922035,0.054404983325688994,-0.06691612216012066,0.12208481552410867,0.5056311358612627,0.6115365175907079,0.8077972095191206,-0.6057832828372839,-0.6400374264836928
2018-09-29 14:00:00,0.008286485197554372,0.03726810087836929,-0.06962621017374737,0.10865220094885995,0.5318849840758625,0.9561957440506218,0.7931957908693278,-0.6113248989632754,-0.6450975224037954
2018-09-30 02:00:00,0.005076332411698692,0.03464028788904061,-0.06713853596192032,0.10345995753373123,0.5375057028849534,1.0,0.8559107538804437,-0.6124824807288017,-0.6461545199719692
2018-09-30 14:00:00,0.00445450353714727,0.034333214162331815,-0.06228173005410975,0.09798420071181023,0.5383835045029061,0.9999999999999999,0.9853985813502077,-0.6126521320374748,-0.6463094299973733
2018-10-01 02:00:00,0.008779148486963928,0.03988599112323965,-0.05749682856166316,0.09824793388102254,0.526966207208734,0.6514054473710512,0.883801815790351,-0.6108462350457424,-0.6446604503870513
2018-10-01 14:00:00,0.021307107934877,0.05292323232989715,-0.04549832814948851,0.0980575266097629,0.49517373862487024,0.0,0.5504684824570176,-0.6056778679026651,-0.6399411712273821
2018-10-02 02:00:00,0.018899709384696983,0.04590621980250953,-0.04576383304447773,0.0916635270107668,0.4991052441436391,0.09098650360351307,0.24746398365818872,-0.6063095132152709,-0.6405179318323395
2018-10-02 14:00:00,0.01702732145261221,0.0436990346695354,-0.047076812447312766,0.0909294167985523,0.5021210007581719,0.16077990685973698,0.083922136821084,-0.6067644444444444,-0.6409333333333334
2018-10-03 02:00:00,0.021423409842381114,0.047274725304379484,-0.04246772030080537,0.08952726659594339,0.4880039977074405,0.0,0.083922136821084,-0.6047265904217298,-0.6390725518227305
2018-10-03 14:00:00,0.03807582319567282,0.057872442947088265,-0.024069241783028272,0.08057975784797339,0.4427075814148173,0.0,0.05359330228657964,-0.5976809748999636,-0.6326391415060022
2018-10-04 02:00:00,0.032247846121967294,0.04739455939217585,-0.02737463907345017,0.07402817933976477,0.4560240782374827,0.22413281325736203,0.07471093775245465,-0.5994295545092359,-0.6342357841361825
2018-10-04 14:00:00,0.027047639235455723,0.04310068939413214,-0.03154765909110124,0.07421961773882552,0.46856002661379326,0.4351280482540952,0.21975362050381972,-0.6010191197691197,-0.6356872294372293
2018-10-05 02:00:00,0.02492016775886552,0.04202647449086139,-0.03215260061698677,0.07381465680219401,0.472132881531667,0.64961651550438,0.4362924590052797,-0.6014504504504505,-0.6360810810810811
2018-10-05 14:00:00,0.0296535389421555,0.042689903073723556,-0.017227779115767228,0.05916445583529913,0.4545797479303716,0.40346798395969413,0.4960708492393903,-0.5991391808626314,-0.6339706415367887
2018-10-06 02:00:00,0.01987126478340473,0.0331078517155563,-0.023757272356891956,0.05660050033737575,0.48578390939693894,1.0,0.6843614998213586,-0.6026318153238122,-0.6371597952034491
2018-10-06 14:00:00,0.03157109381700751,0.04605755079457707,-0.01086242662465009,0.05593564640878592,0.4461134224131408,0.0,0.46782266131989864,-0.597571181661057,-0.6325388883835168
2018-10-07 02:00:00,0.03060356238681816,0.04639602376387231,-0.010718134773880506,0.05611315900875674,0.4452742910962926,0.0,0.3333333333333339,-0.5974613284804369,-0.6324385805277525
2018-10-07 14:00:00,0.05216953744786923,0.07313614242269262,0.0076606554922291625,0.06293309081989526,0.38162647368824276,0.0,5.684341886080802e-16,-0.5882062738527414,-0.6239877129293494
2018-10-08 02:00:00,0.037027566457185745,0.05748845064776931,-0.008370479313700496,0.06428027169035334,0.43157639855791496,0.4795617761690136,0.15985392538967175,-0.5935409775817715,-0.628858875413451
2018-10-08 14:00:00,0.033930442035605246,0.05456905028512904,-0.012595100551134553,0.06578355306150008,0.43781946321284615,0.8713854607127289,0.45031574562724813,-0.5942120711796001,-0.6294716565767748
2018-10-09 02:00:00,0.02410782936136524,0.044707189712905215,-0.022244475998827173,0.06620805937013448,0.47052428649874584,1.0,0.7836490789605814,-0.5976809748999636,-0.6326391415060022
2018-10-09 14:00:00,0.027747283460477057,0.0463654221732408,-0.018471406641034083,0.06394498757594974,0.4550564944833582,0.8260048079207621,0.8991300895444977,-0.5958063042485153,-0.6309273640931932
2018-10-10 02:00:00,0.023959992596848778,0.03892814888168328,-0.020595574849792242,0.05898306800109634,0.4661733582947483,0.8882884686685092,0.9047644255297577,-0.5969111617312073,-0.6319362186788154
2018-10-10 14:00:00,0.03785206890450388,0.049772537179957554,-0.006644531260608044,0.05522617112301737,0.4164618376293118,0.0,0.5714310921964244,-0.5908342582315945,-0.6263873473917869
2018-10-11 02:00:00,0.027229550990417684,0.03498127189756861,-0.014755832014870185,0.049239162056415535,0.45486861464875816,0.7104150445016348,0.5329011710567153,-0.5945839442815251,-0.6298112170087977
2018-10-11 14:00:00,0.119953787589828,0.15232189848893873,0.047306801962642586,0.09548438470978012,0.2721754716932399,0.0,0.23680501483387886,-0.5560561966884094,-0.594631209232313
2018-10-12 02:00:00,0.13673757708660417,0.18807609671794645,0.04046155463979595,0.13247659691835673,0.24990623456523806,0.0,0.23680501483387886,-0.5471908617283698,-0.5865361979140011
2018-10-12 14:00:00,0.15150372635998433,0.2194362893145565,0.032901328348139414,0.16563676733329966,0.23142715455698665,0.0,5.684341886080802e-16,-0.5388456286289104,-0.5789160959439597
2018-10-13 02:00:00,0.16014496560525981,0.24253717680155318,0.021283149973053472,0.195469599960464,0.21911074992848228,0.0,5.684341886080802e-16,-0.5327672338223335,-0.5733658629320997
2018-10-13 14:00:00,0.13810386192125423,0.22783509503106014,-0.010517491091075915,0.21499183129976857,0.2649518756730115,0.8638719703035187,0.2879573234345068,-0.5393738091023625,-0.579398381941046
2018-10-14 02:00:00,0.13256279832414708,0.22749638418946416,-0.02541209651195586,0.22969918283024238,0.2653280913275749,1.0,0.6212906567678401,-0.5394265606130013,-0.5794465497855328
2018-10-14 14:00:00,0.12296391355952996,0.21925470119729984,-0.04104603692239828,0.23900440980602658,0.2794101399952636,1.0,0.9546239901011734,-0.5412890649302171,-0.5811472180170465
2018-10-15 02:00:00,0.12166608774573073,0.21818492913116083,-0.048332232726366775,0.24565461268326388,0.2748423535651552,0.9242482150308721,0.9747494050102911,-0.5397906957390146,-0.5797790446071904
2018-10-15 14:00:00,0.05585105860383277,0.1423456529946543,-0.10370384730279925,0.2413857104376918,0.45214358009318806,1.0,0.9747494050102911,-0.5658586849852797,-0.6035819430814524
2018-10-16 02:00:00,0.074073622301158,0.15584551372873912,-0.08763448159339016,0.23544985645951758,0.41416753128396877,0.796718949482472,0.9069890548377818,-0.5571228351186306,-0.5956051656822505
2018-10-16 14:00:00,0.07027076863982074,0.14670105995853588,-0.09024507508201385,0.2304412414202748,0.41645217111587585,0.7986962094045689,0.8651383862956807,-0.5575082268921852,-0.595957070126129
2018-10-17 02:00:00,0.07382763701660222,0.14462482323882697,-0.08614464370236086,0.22421344566276372,0.4045397303883825,0.7315086272272404,0.7756412620380942,-0.5547918322984492,-0.5934767075588474
2018-10-17 14:00:00,0.0731904540682089,0.14115672923226885,-0.08652233689742206,0.22162489538682434,0.4001546448763604,0.0,0.5100682788772702,-0.5538174483106404,-0.5925869894099849
2018-10-18 02:00:00,0.050832711012732235,0.11116388879408934,-0.10305979221779793,0.21335913947601323,0.4560451525183586,1.0,0.5771695424090806,-0.5622501484266773,-0.6002869582426281
2018-10-18 14:00:00,0.05770799521104908,0.1109027181500486,-0.09398317333072304,0.20316714368408303,0.43589339048523135,0.6394421363604789,0.5464807121201601,-0.5584048712317828,-0.5967758035536035
2018-10-19 02:00:00,0.08213740295144145,0.12590225145495593,-0.06865139094028594,0.18913944442008376,0.38281538471281534,0.0,0.5464807121201601,-0.5468058514997541,-0.5861846418619898
2018-10-19 14:00:00,0.08110436285608658,0.11302537762518106,-0.06380403711948845,0.1725820547047718,0.37884333669356657,0.0,0.21314737878682677,-0.5458521111578775,-0.5853137735984641
2018-10-20 02:00:00,0.07813710640382854,0.09396441582238113,-0.057012336061417535,0.14823790248567445,0.37843079068438057,0.0,4.973799150320702e-16,-0.545758848353544,-0.5852286145537062
2018-10-20 14:00:00,0.06890897736353985,0.06963211951973447,-0.05515685057082931,0.12389228303177428,0.39897678789887264,0.35755425765104126,0.11918475255034759,-0.5484618368138485,-0.5876967358686997
2018-10-21 02:00:00,0.06345720528656629,0.03768232969260943,-0.039678522573092456,0.07743814300056974,0.4084758793312792,1.0,0.452518085883681,-0.549670694341236,-0.5888005537628389
2018-10-21 14:00:00,0.05483796265543828,0.030548224777630972,-0.04536255241094034,0.07647725675762344,0.43033797160067244,1.0,0.7858514192170144,-0.5523727613072953,-0.5912678336537488
2018-10-22 02:00:00,0.06327726442293735,0.04135155484637454,-0.03531114915358846,0.07643186426595187,0.40271335957985493,0.4678075069157317,0.8226025023052445,-0.5476954850318992,-0.586996973662686
2018-10-22 14:00:00,0.014222595562453755,0.0001424073293649908,-0.07916563137308064,0.08257053359009522,0.5461438203327186,1.0,0.8226025023052445,-0.568315768930523,-0.6058255269320842
2018-10-23 02:00:00,0.02220170814804856,0.010709305060398133,-0.06610452112497156,0.07900199240476664,0.5205017750150742,0.8212231545304267,0.7630102204820532,-0.564533910817994,-0.602372280736293
2018-10-23 14:00:00,0.04478003352137705,0.03437721584083708,-0.040138093074487124,0.07473056572268898,0.45875852015451346,0.39074796441758997,0.7373237063160061,-0.554136725088439,-0.59287852369962
2018-10-24 02:00:00,0.04979708273651995,0.040221605266206995,-0.029985800241652538,0.06984992042463602,0.4428770130752703,0.28002178396832267,0.4973309676387803,-0.5511282925443404,-0.5901314988432972
2018-10-24 14:00:00,0.03611084165753131,0.027681850635028038,-0.037547870130394734,0.06555309482116631,0.4768956514780997,0.329424713577322,0.3333981539877454,-0.556350034096835,-0.5948995146215251
2018-10-25 02:00:00,0.047946742775806905,0.039516349307098686,-0.020574414872206237,0.05952698604591064,0.44392882202442563,0.013549915295985012,0.20766547094721044,-0.5504440786130927,-0.5895067373940613
2018-10-25 14:00:00,0.054891169306956034,0.04486289696605583,-0.012683831656628008,0.05663549005601199,0.4233584767524821,0.0,0.1143248762911029,-0.5465038800217323,-0.5859089091859643
2018-10-26 02:00:00,0.04820823913930328,0.039406453496399374,-0.018251017682175075,0.05705397037447261,0.43773203387863163,0.2684780659385777,0.09400932707818811,-0.5485309575564604,-0.587759850595475
2018-10-26 14:00:00,0.05036276229682368,0.04266935904167912,-0.015834517806805004,0.05772929856765229,0.4274624474316525,0.07665646721560433,0.11504484438472788,-0.5467176245171471,-0.5861040810680656
2018-10-27 02:00:00,0.052051091025984375,0.046189086280411296,-0.014179913477975759,0.059418038625415705,0.4179532117008272,0.0,0.11504484438472788,-0.545072189543828,-0.5846016206655422
2018-10-27 14:00:00,0.05113371640061781,0.04716129314207329,-0.014966226431481378,0.06114326384436833,0.4149120644978615,0.0,0.025552155738535327,-0.544566381156317,-0.5841397628067864
2018-10-28 02:00:00,0.0536924483348733,0.04876286059909862,-0.011893813349384774,0.05955873700411439,0.4021608392178206,0.0,5.506706202140776e-16,-0.5425081955345971,-0.5822604163434989
2018-10-28 14:00:00,0.05301269272243103,0.04841729219718016,-0.012425245554055553,0.05976696996587084,0.3980608055044932,0.0,5.506706202140776e-16,-0.5418638608991022,-0.5816720690119404
2018-10-29 02:00:00,0.05364414482184343,0.05173397577585592,-0.011648829625603208,0.06213741178505794,0.3899390509504442,0.0,5.506706202140776e-16,-0.5406365193915166,-0.5805513732412646
2018-10-29 14:00:00,0.07499759786762605,0.07942193023208843,0.004442971387053296,0.07196143933013822,0.32885527225624317,0.0,5.506706202140776e-16,-0.5299923505163402,-0.5708320938336662
2018-10-30 02:00:00,0.10677452157834488,0.12473138848832765,0.022231702997787206,0.09548341645648968,0.26589909244587484,0.0,5.506706202140776e-16,-0.5141934704545205,-0.5564060046341543
2018-10-30 14:00:00,0.10783279511430077,0.13657626190556882,0.012857612906826965,0.11511742738263132,0.25812773116502274,0.0,5.506706202140776e-16,-0.5117970336364439,-0.5542177981813365
2018-10-31 02:00:00,0.10702137563192604,0.14434873782175628,0.0032278182086231677,0.13142341232666813,0.2529622460890904,0.0,5.506706202140776e-16,-0.5102296127360894,-0.5527865730797334
2018-10-31 14:00:00,0.10486548162049103,0.1483194292436223,-0.006246508763992686,0.14431435692955435,0.2497514169444076,0.0,5.506706202140776e-16,-0.509289762958526,-0.5519283884063758
2018-11-01 02:00:00,0.09485158137796135,0.14270574312004203,-0.020429471017501033,0.15373607694904393,0.278484120876622,1.0,0.3333333333333339,-0.5120178254299173,-0.554419405010093
2018-11-01 14:00:00,0.0961099479622034,0.13961216267831644,-0.020868950886229087,0.1514870822206023,0.26908174578587013,0.6727640004597625,0.5575880001532547,-0.5097085226643023,-0.5523107613875651
2018-11-02 02:00:00,0.08322336362401273,0.12072501168114691,-0.0319403756750819,0.1461762833033262,0.3150421667931729,1.0,0.8909213334865881,-0.513953283965809,-0.5561866883473598
2018-11-02 14:00:00,0.08098982461585424,0.11668549828984687,-0.03495379848340585,0.14568572577085906,0.31262426394099163,0.9629671453034018,0.8785770485877219,-0.5134721977828612,-0.5557474045398557
2018-11-03 02:00:00,0.06458614931920414,0.09721868685933588,-0.049008569705341176,0.14278540598936307,0.3794699195000838,1.0,0.9876557151011345,-0.5196686246620559,-0.5614054136220019
2018-11-03 14:00:00,0.07190925262351877,0.09927272950419863,-0.04063775109986534,0.13592548661784598,0.351856504537956,0.7498516912362665,0.9042729455132233,-0.5150402315230975,-0.557179189230668
2018-11-04 02:00:00,0.06517537987617072,0.08834315388365854,-0.04499707984194079,0.13051164990554312,0.3713603212044333,0.8786817448670012,0.876177812034423,-0.5168832587091843,-0.5588620727312439
2018-11-04 14:00:00,0.0407769806616054,0.059981678881120715,-0.06450464103658082,0.1247684814776604,0.4699341773470799,1.0,0.876177812034423,-0.5271944168349953,-0.5682772772451825
2018-11-05 02:00:00,0.01760597066895042,0.032829054283565196,-0.08286669937401747,0.11866460228453937,0.548668091396625,1.0,0.9595605816223344,-0.5373941231831016,-0.5775907142110217
2018-11-05 14:00:00,0.030704944540476786,0.042003640060805036,-0.06803545342241624,0.1114902400434475,0.49737561958772575,0.7393828654725874,0.9131276218241965,-0.5308695652173914,-0.5716330858960763
2018-11-06 02:00:00,0.023281284038952244,0.031225118975819033,-0.07212884516027318,0.10551187863248747,0.5190727649537475,0.8330850001057607,0.8574892885261165,-0.5338159669532963,-0.5743234699038947
2018-11-06 14:00:00,0.013304471093045223,0.018923912801707354,-0.07930562486802606,0.10128749381341363,0.5500619995073815,1.0,0.8574892885261165,-0.5381137827707535,-0.5782478413848546
2018-11-07 02:00:00,-0.02989405111228205,-0.016555664688352567,-0.12538503612027252,0.11714305509978326,0.6654933249594503,1.0,0.9443616667019209,-0.5583607866626734,-0.5967355495657383
2018-11-07 14:00:00,-0.005167600768320013,0.010581139004118167,-0.1044020824949724,0.12064262389878896,0.5760097761904517,0.4677327496759378,0.8225775832253133,-0.5472001310119651,-0.5865446617741885
2018-11-08 02:00:00,-0.0006310371574507201,0.016913482999920237,-0.10110945256603165,0.12320982072390997,0.5614872692682965,0.2896758782571042,0.5858028759776814,-0.5451470285831792,-0.5846699568167797
2018-11-08 14:00:00,0.01761163100903529,0.03766519800169377,-0.08412351605636115,0.12468504274429185,0.5051615706792877,0.0,0.25246954264434807,-0.5365168833617953,-0.576789699211097
2018-11-09 02:00:00,0.020663785001631796,0.04337529805149498,-0.07812525861309749,0.12364895481626685,0.49442574705208997,0.0,0.09655862608570212,-0.5347425987274543,-0.5751695851080612
2018-11-09 14:00:00,0.014142401104266789,0.03913972023355461,-0.08007989296101681,0.12171104887649349,0.5115329432946397,0.20968805320385664,0.06989601773461959,-0.53745216536668,-0.5776437130131113
2018-11-10 02:00:00,0.016264306816963225,0.042836291438956176,-0.07309630402020961,0.11771360301324861,0.5029127439531056,0.1265553870616523,0.11208114675517036,-0.5361815894317468,-0.5764835395261061
2018-11-10 14:00:00,0.01171122261054669,0.03916242739067943,-0.07146162124223043,0.11243990782261645,0.5157919855733992,1.0,0.44541448008850376,-0.538041435194854,-0.578181780209682
2018-11-11 02:00:00,0.015984643454466374,0.0441067294912485,-0.06195352907152041,0.10701519795776661,0.4989690152402435,0.21263771737933115,0.4463977014803286,-0.5357922350472193,-0.576128016789087
2018-11-11 14:00:00,0.02610693547507381,0.05368890673118831,-0.04543107218492304,0.09871240356794708,0.4626181452981961,0.0,0.4042125724597778,-0.5306804438692156,-0.5714603976151578
2018-11-12 02:00:00,0.03847199403489676,0.06654561833947947,-0.02888392305243237,0.09366573618440495,0.4223040296892808,0.0,0.07087923912644452,-0.5243067129754083,-0.5656404907579651
2018-11-12 14:00:00,0.04129490319093376,0.06954938414825107,-0.021238963724262483,0.08864705951524754,0.4100554851614703,0.0,7.934393882654452e-16,-0.522241541302634,-0.5637547652731729
2018-11-13 02:00:00,0.03846685853580101,0.06781606352425928,-0.02132435290285173,0.08711534570549903,0.41514508986508825,0.05724218461587086,0.01908072820529108,-0.5228187123148778,-0.5642817849399734
2018-11-13 14:00:00,0.03586182744392041,0.06503789177650376,-0.01908320968063071,0.08223163708685961,0.4200522315735777,0.19018722389817952,0.08247646950468425,-0.5233431382056006,-0.5647606425962439
2018-11-14 02:00:00,0.044321242458338794,0.07517911564456603,-0.008583903457405118,0.0810637889878022,0.38868466994316575,0.0,0.08247646950468425,-0.5186180631120784,-0.5604461371055495
2018-11-14 14:00:00,0.047641744429672395,0.08224910620397141,-0.0075621564341784575,0.08657813425598036,0.3734855480819588,0.0,0.06339574129939397,-0.5161911219501526,-0.5582300768818557
2018-11-15 02:00:00,0.16263817836307548,0.23423292235327442,0.06460628816340619,0.14757590127562115,0.19984097293194472,0.0,7.934393882654452e-16,-0.46001928546144744,-0.5069391043245817
2018-11-15 14:00:00,0.24065593653857498,0.36190546862182593,0.08681847193375991,0.22467783495893148,0.15337786337502396,0.0,7.934393882654452e-16,-0.41922228640445314,-0.46968702410334506
2018-11-16 02:00:00,0.18821324938229722,0.32371177892534586,0.01658028794126354,0.2624727873348708,0.24680398541140128,0.3970396071365761,0.13234653571219282,-0.4401756450653608,-0.4888197107171329
2018-11-16 14:00:00,0.21292925918438144,0.3701712228838969,0.011307271040280176,0.3013791245725542,0.2264093781112881,0.3317990229805147,0.24294621003903105,-0.4244360021857355,-0.4744477114829174
2018-11-17 02:00:00,0.22389161246030387,0.390342844024943,-0.0018824755502889756,0.32843360078502737,0.21530003775625797,0.6627929430392432,0.4638771910521121,-0.41489769736407045,-0.4657382057691545
2018-11-17 14:00:00,0.22270312440269846,0.3973112893319939,-0.023484017088767684,0.35452900161781126,0.21098464760225474,0.6166025408268626,0.537064835615541,-0.41112028113518984,-0.4622890154943826
2018-11-18 02:00:00,0.22079579290184737,0.4001365502350993,-0.04273395283249992,0.3757275092133661,0.2069865737658895,0.0,0.42646516128870277,-0.4076984870799304,-0.4591645467934128
2018-11-18 14:00:00,0.19409266476373377,0.37152125699175964,-0.07621297957503947,0.3901299367688479,0.24823864528066403,1.0,0.5388675136089549,-0.41681057779769837,-0.4674848728528679
2018-11-19 02:00:00,0.19605838181358037,0.37409701215237745,-0.08602193472212927,0.4021886793953188,0.24097408985823615,0.823898409081686,0.6079661363605627,-0.4119422031397467,-0.4630395193342992
2018-11-19 14:00:00,0.3302807424588394,0.5416790441506911,-0.013880358368132617,0.43955984758084726,0.17030320815140876,0.0,0.6079661363605627,-0.3393219832735962,-0.39672939068100355
2018-11-20 02:00:00,0.4032531378852924,0.6448065439604393,0.0009108383353131355,0.4867456440615002,0.1466734191358988,0.0,0.27463280302722937,-0.29490612348984746,-0.3561728985368653
2018-11-20 14:00:00,0.5789558534371908,0.8871934657970664,0.060037958717843454,0.561310184330276,0.11490639213493054,0.0,7.579122514774401e-16,-0.19474680548982493,-0.2647165896101059
2018-11-21 02:00:00,0.5143116977721627,0.8246762810451829,-0.027596635027482108,0.6094019648572221,0.15438365011513222,0.31314332452430976,0.10438110817477067,-0.2170088495575222,-0.2850442477876106
2018-11-21 14:00:00,0.4691628270201351,0.7730167878921737,-0.08793146425378373,0.6412818576501255,0.17929324084972614,1.0,0.43771444150810396,-0.2304521022144138,-0.29731939394993645
2018-11-22 02:00:00,0.4280784234551831,0.7178034698901223,-0.1350457935131646,0.6604175615883927,0.20333692595220973,1.0,0.7710477748414373,-0.24281997740731875,-0.3086126039776811
2018-11-22 14:00:00,0.43455221561625335,0.7141090873324267,-0.14873799494225515,0.6726879279447731,0.19689341945636432,0.9271348230334173,0.9757116076778065,-0.22998329039894172,-0.2968913179697834
2018-11-23 02:00:00,0.5405109677481426,0.8289898724439932,-0.11045162237289463,0.6911372277306148,0.16901868932489206,0.29895934356807957,0.7420313888671665,-0.16126647075552192,-0.23414541662716837
2018-11-23 14:00:00,0.5422829339771931,0.8070881201000346,-0.12505535088999764,0.6951022237245705,0.1647184054431593,0.0,0.4086980555338331,-0.14825083270759942,-0.22226072893201632
2018-11-24 02:00:00,0.4970191324787465,0.7177239515287206,-0.15319957375851712,0.6792086149280329,0.18831058344854198,0.610903206399472,0.3032875166558513,-0.16204492934803205,-0.2348562336629162
2018-11-24 14:00:00,0.5136102751479152,0.6885897732906281,-0.1372752612328414,0.6474035487356361,0.18003546404041262,0.4760544499208924,0.36231921877345546,-0.1410236495670072,-0.21566152770766178
2018-11-25 02:00:00,0.5868009927666717,0.7603543939987185,-0.11458408240271623,0.6613865705323811,0.16164527567413953,0.0,0.36231921877345546,-0.08589552855607907,-0.1653235804611951
2018-11-25 14:00:00,0.6323592797392916,0.8195137195287772,-0.11921790625820294,0.6952805845741743,0.15053944785758372,0.0,0.15868481664029818,-0.04478224256688201,-0.12778269600328207
2018-11-26 02:00:00,0.5383234795567737,0.6960404263429303,-0.17804942493947717,0.6942755957389966,0.2105231821934519,1.0,0.3333333333333341,-0.08695203500371507,-0.16628828531329976
2018-11-26 14:00:00,0.5508766316971134,0.6925107344663528,-0.17941677799325362,0.6939076115429271,0.20274573011023858,0.8703406486887785,0.6234468828962602,-0.06615582715893031,-0.14729909442087263
2018-11-27 02:00:00,0.6456176434872622,0.7813092957848407,-0.14405791896994502,0.7017664094443551,0.17997701982650827,0.4907592415652908,0.7870332967513572,0.006758909471576091,-0.08072004005279676
2018-11-27 14:00:00,0.6461911304446057,0.7586075267467591,-0.15192991190658411,0.6986191414462057,0.1755947859342544,0.4177022046739837,0.5929340316426851,0.02324559374566304,-0.06566591108849518
2018-11-28 02:00:00,0.5272987069834432,0.5923934282839016,-0.20243651672400975,0.6651416526912503,0.2509936613364575,1.0,0.6361538154130922,-0.037278029247911015,-0.12093053621169914
2018-11-28 14:00:00,0.4282112372828748,0.42634597550615005,-0.22035166083552526,0.5863094315709814,0.3153508974135474,0.9999999999999999,0.8059007348913286,-0.08871997692909817,-0.16790260783586686
2018-11-29 02:00:00,0.36091494976235183,0.2793001272867439,-0.2037579753453116,0.465476552408449,0.3578433227213442,1.0,1.0000000000000007,-0.12225947897859168,-0.19852780698795647
2018-11-29 14:00:00,0.3449479412816143,0.22126312734490727,-0.1812698638866812,0.39464149067748255,0.35945890575334877,1.0,1.0000000000000007,-0.12347684809098303,-0.19963939688137744
2018-11-30 02:00:00,0.35128184876189916,0.19881123927717126,-0.15368681012232155,0.34472039390303805,0.3491345927217842,0.9048145506233999,0.9682715168744674,-0.11000462711489334,-0.18733779950509977
2018-11-30 14:00:00,0.40568234935564806,0.2519270011212442,-0.1157358392858503,0.3442227895851815,0.31727829613071284,0.043697251127665676,0.6495039339170227,-0.06326889279437609,-0.14466301056598962
2018-12-01 02:00:00,0.41863093048858246,0.26143291801389923,-0.101788462035177,0.336371460629587,0.3053258729992181,0.0,0.31617060058368923,-0.04325353056943282,-0.12638681632388238
2018-12-01 14:00:00,0.3417884473834394,0.1809544305574311,-0.13586721164208437,0.30983680233212585,0.3615589006202306,1.0,0.3478990837092226,-0.08566881613756616,-0.16511656746031744
2018-12-02 02:00:00,0.3121003474664483,0.13207023698273868,-0.13204574868610086,0.2641127518331332,0.37722600892124175,1.0,0.6666666666666674,-0.09721853764055266,-0.1756627145276819
2018-12-02 14:00:00,0.3081214478880283,0.10400201429553468,-0.10888246783262823,0.21340523930566468,0.3721575082140253,0.929506382119871,0.9765021273732911,-0.09130309752690835,-0.17026127680552128
2018-12-03 02:00:00,0.21145067832388298,0.027573668453284794,-0.16778096006007948,0.21008215338379702,0.45845267076050933,1.0,0.9765021273732911,-0.15246086939862447,-0.22610494856026198
2018-12-03 14:00:00,0.24559210413252153,0.060155520197177736,-0.13569413142411657,0.20353710681216422,0.42553351229017056,0.6602551596177978,0.8632538472458903,-0.1215623200492445,-0.19789122535295167
2018-12-04 02:00:00,0.3711337596597024,0.1663576704279608,-0.04119965937823378,0.195333550472015,0.35015716007453807,0.0,0.5534183865392667,-0.02234254143646419,-0.107292817679558
2018-12-04 14:00:00,0.29217331881187225,0.09958113252361378,-0.08657457459524343,0.18495290677088919,0.4020661965270866,0.47932768518051716,0.3798609482661057,-0.07014040692786283,-0.15093744745249704
2018-12-05 02:00:00,0.36997150732069795,0.17965396505475395,-0.030961839336602903,0.19604093287302696,0.3596251169449284,0.08742704854908491,0.18891824457653478,-0.0032893995719276425,-0.08989523487664752
2018-12-05 14:00:00,0.3886008130581713,0.21393408862611407,-0.018117019680505164,0.2113574136829585,0.3461826631396507,0.0,0.18891824457653478,0.021803903453054385,-0.06698233052315505
2018-12-06 02:00:00,0.4705941330335952,0.3139069583528056,0.021873881217005176,0.2500517789927458,0.3122664699573592,0.0,0.02914234951636239,0.09627298409079632,0.0010160083263122122
2018-12-06 14:00:00,0.43310704457600124,0.30275684515672263,-0.014251772427223974,0.2770442778226842,0.32559745508436044,0.14845240220915432,0.04948413406971886,0.08150592837061499,-0.012467913458012236
2018-12-07 02:00:00,0.6328992650655074,0.542012328943998,0.0824521740412072,0.35021251335658204,0.2689119141674163,0.0,0.04948413406971886,0.2517755581336125,0.14300670609207455
2018-12-07 14:00:00,0.5975412235378572,0.554352949652648,0.03097026563684402,0.4048876217260116,0.27475272128146144,0.07558885078419451,0.07468041766445037,0.2433670601461495,0.13532883642495808
2018-12-08 02:00:00,0.44127152210865783,0.4235066528172786,-0.07990315098163558,0.42960321863712453,0.35323880312428024,1.0,0.3585296169280656,0.13576031424096935,0.03707221894174739
2018-12-08 14:00:00,0.4597060325320832,0.4580967753813634,-0.08185701345778695,0.4544606966782303,0.34166286167056137,0.8627253821774409,0.6461047443205459,0.1650733454478417,0.0638381923046536
2018-12-09 02:00:00,0.40467490714052823,0.40574107374057133,-0.12143081733031136,0.4615589231730028,0.3651866859292418,1.0,0.9542417940591479,0.1343333333333332,0.035769230769230775
2018-12-09 14:00:00,0.36440816952927424,0.3624402532063933,-0.1464978593295584,0.45934236733072686,0.38178607509085355,1.0,0.9542417940591479,0.11382748376051155,0.01704516843748438
2018-12-10 02:00:00,0.3353994179448798,0.329711952469417,-0.16239387136209182,0.4541149987362099,0.3925310874347211,1.0,1.0000000000000007,0.10132191490950726,0.0056262291817075205
2018-12-10 14:00:00,0.3395983154026261,0.3377641315533735,-0.1602958601633664,0.45746704855432746,0.3839890800824027,0.8320757757126873,0.9440252585708966,0.11621628440945675,0.019226402240557272
2018-12-11 02:00:00,0.33389205816823986,0.33755611991589696,-0.1645688102712236,0.46215173734192494,0.3801166940793662,0.5459987174022709,0.7926914977049868,0.12281725888324857,0.02525380710659908
2018-12-11 14:00:00,0.3073444995807413,0.3061132844609282,-0.17745036819190074,0.4543355821694735,0.3919633177459071,0.9542652087329659,0.7774465672826422,0.11103018735245374,0.014490933748556145
2018-12-12 02:00:00,0.37236521355123364,0.3634130132401332,-0.13475324140944378,0.4470545580318597,0.3520595006307075,0.0,0.5000879753784131,0.17920353982300874,0.07674059068130945
2018-12-12 14:00:00,0.3022144127748938,0.28122812678181464,-0.17075986349222316,0.42832957797671234,0.39926728402241113,1.0,0.6514217362443229,0.1295256089465353,0.03137925751927706
2018-12-13 02:00:00,0.27418709400109065,0.21050252743199382,-0.15886816164656226,0.36007457784725605,0.41357303042531024,1.0,0.6666666666666675,0.11492225106479492,0.018044809597016043
2018-12-13 14:00:00,0.28557953439074746,0.1801423035064449,-0.12061287363011364,0.2920620339517245,0.3994932739045932,0.7711112243480399,0.9237037414493475,0.13509006004002666,0.036460204238723204
2018-12-14 02:00:00,0.26672689559594986,0.15281690318947483,-0.12143255456515045,0.27001237647651455,0.40698719039406256,0.8929367237868131,0.8880159827116186,0.1280567101002117,0.030037993727210166
2018-12-14 14:00:00,0.3058443697384676,0.15294469526154386,-0.0650671940673363,0.20883590076925818,0.3751399991662702,0.0,0.5546826493782853,0.17400881057268713,0.07199724006156782
2018-12-15 02:00:00,0.2924536257584822,0.12521560209636684,-0.057319832824812234,0.1765422006598329,0.37657746815368204,0.03740191549615889,0.31011287976099156,0.17270172834269948,0.0708037323719648
2018-12-15 14:00:00,0.31775768150595796,0.13667317775623467,-0.02570672124813822,0.1538441300227739,0.35392614697627806,0.0,0.012467305165387235,0.20742924206446678,0.10251371489396566
2018-12-16 02:00:00,0.3004772336207109,0.12759063100834078,-0.034379831367237323,0.15475790818903581,0.35928151647144463,0.10092846182839253,0.046110125774851414,0.20283313847576045,0.09831697436036868
2018-12-16 14:00:00,0.2393869062169871,0.0741156894809829,-0.0703366348975375,0.14417989253665486,0.4155867118054296,1.0,0.3669761539427984,0.15536693653695477,0.054975189344476316
2018-12-17 02:00:00,0.27508970420201595,0.10958688151755624,-0.025725444388557728,0.12986691292923777,0.38214942344347125,0.4577200443329368,0.5195495020537774,0.19911636353779838,0.09492315615428426
2018-12-17 14:00:00,0.24537240794649473,0.08649303155795507,-0.02978135350500488,0.11306824024360548,0.40356831279807265,0.8050877568076552,0.7542692670468649,0.180588172502135,0.0780049103330489
2018-12-18 02:00:00,0.1364291829127997,0.004066749052824337,-0.1133952533597904,0.12425426911041298,0.5106054698101783,1.0,0.7542692670468649,0.08259103367267029,-0.011477094753328143
2018-12-18 14:00:00,0.15852488359196282,0.0326152530345698,-0.08967460780853664,0.12588121118736467,0.4830287024000464,0.7853213749751593,0.8634697105942725,0.10980382319000537,0.013371130399879583
2018-12-19 02:00:00,0.07577904660093249,-0.020363126411945154,-0.16139134152404044,0.1551256006134711,0.5584575659849701,1.0,0.9284404583250542,0.03350075925709617,-0.05630183389790899
2018-12-19 14:00:00,0.02526150523501869,-0.03835048081440495,-0.21556424873160385,0.20298409352152938,0.6022851066826431,1.0,0.9284404583250542,-0.014040874545900417,-0.0997124963783459
2018-12-20 02:00:00,0.02830489763478683,-0.014604140187206682,-0.22205163567100084,0.23528871180527156,0.5966304512032152,0.9525840518717272,0.9841946839572436,-0.010003132972295714,-0.09602560085932954
2018-12-20 14:00:00,-0.03813354636437549,-0.04425633307179544,-0.291825171630396,0.29757327568414416,0.6566521668677887,1.0,0.9841946839572436,-0.07546499477533963,-0.1557993730407523
2018-12-21 02:00:00,-0.05773751384787218,-0.031555099661325525,-0.3229764311342932,0.3542107757481077,0.6750518112183961,1.0,0.9841946839572436,-0.09657327234112079,-0.1750735173991177
2018-12-21 14:00:00,-0.051424932459337436,0.00017726231150128058,-0.3290285443627802,0.3939874448497564,0.6675398782099823,0.9042106256897404,0.968070208563248,-0.09253333333333336,-0.17138461538461536
2018-12-22 02:00:00,-0.0010577356029887186,0.0671585618610846,-0.2883902549530589,0.39976967819061543,0.5881348400812806,0.0,0.6347368752299146,-0.0443902017540071,-0.12742472026612517
2018-12-22 14:00:00,-0.004177805775772869,0.07692639835496196,-0.28834155972167774,0.40844353612630735,0.5913956209320411,0.03751604327786021,0.313908889655868,-0.047538054126208484,-0.13029905053071245
2018-12-23 02:00:00,-0.041405131683809104,0.05306691045943013,-0.31647099850974114,0.4255888274599108,0.6303115699002407,0.4852531015194306,0.1742563815990981,-0.08476084078119828,-0.1642874875868916
2018-12-23 14:00:00,-0.08963256255975594,0.022057230859049426,-0.3557251890602908,0.4534299412637288,0.6785837912056649,1.0,0.5075897149324314,-0.13430002739618807,-0.20952213220617577
2018-12-24 02:00:00,-0.06970916682967254,0.06028033168733482,-0.3408708302818573,0.4666150345700469,0.647603006600022,0.6574776797241294,0.7142435937478545,-0.1180598472917207,-0.19469308825581622
2018-12-24 14:00:00,-0.13390275106845484,0.010243057303677361,-0.3890778261201847,0.49263440362873745,0.709275517473489,1.0,0.8858258932413776,-0.18409841205437016,-0.2549934527212704
2018-12-25 02:00:00,-0.09673236868154245,0.06622012411328027,-0.35511284309906743,0.4924682068591443,0.6489361182790955,0.2358614146231526,0.631113031449095,-0.15280171588341185,-0.2264161783293117
2018-12-25 14:00:00,-0.022346757361702108,0.15375869817596288,-0.279339563779604,0.4621146402189739,0.5501024712521975,0.0,0.41195380487438527,-0.083889003934562,-0.16349140608821688
2018-12-26 02:00:00,-0.02717377094795792,0.14511881737970844,-0.2577811617246677,0.4269506072717454,0.5555768490940222,0.03439261842243008,0.09008467768186196,-0.08945147679324905,-0.16857054646495828
2018-12-26 14:00:00,-0.043700438555592025,0.1243080900149125,-0.24982054028451317,0.39917963749957713,0.5732445022956871,0.14538913209788196,0.059927250173438404,-0.10658965607771065,-0.1842195609588625
2018-12-27 02:00:00,-0.15075508530452286,0.005665378854098346,-0.3187676115215454,0.38465044729848835,0.673091235474806,1.0,0.39326058350677173,-0.21235266887440807,-0.2807926503578677
2018-12-27 14:00:00,-0.07911762100738173,0.08109736560300584,-0.2304076639927367,0.3366366920664277,0.5809187239371344,0.25056152795518594,0.465316886684357,-0.14890628907828163,-0.22285923161276655
2018-12-28 02:00:00,-0.02384989875298038,0.1388068584914386,-0.1622539400845897,0.30463216620447553,0.52718232311634,0.0,0.4168538426517297,-0.09872669858408889,-0.17703982886828962
2018-12-28 14:00:00,-0.08224739624839539,0.06005437744960651,-0.18461735454883998,0.2609223653055639,0.5756094390342483,0.33189964296994856,0.19415372364171257,-0.15574427480916042,-0.2291030534351145
2018-12-29 02:00:00,-0.11111174137918012,0.026444764475656246,-0.19797605412790842,0.24547405961448826,0.601828210176562,0.5115923753638402,0.28116400611126396,-0.18646904135787712,-0.25715809411721435
2018-12-29 14:00:00,-0.10104697266432716,0.03896013398182552,-0.18133489794938873,0.2371791981053465,0.5946117175697295,0.9033236405776733,0.5822718863038218,-0.18103224850975597,-0.2521937132067088
2018-12-30 02:00:00,-0.08099278362587947,0.057816016330900055,-0.14984694222190198,0.21767958545112,0.5743144399509497,0.6314094277771121,0.6821084812395429,-0.16577409013765798,-0.2382613614934942
2018-12-30 14:00:00,-0.09740264446049929,0.04147752417843642,-0.16406155972874392,0.2189595569647005,0.5925521266224073,0.6628566903739117,0.7325299195762335,-0.18427894455405391,-0.25515829845297144
2018-12-31 02:00:00,-0.09667399190723425,0.04510087311885003,-0.16434683560070362,0.22272737906328474,0.5955613489179246,0.7722281894756954,0.6888314358755742,-0.18718650669704384,-0.2578132177044481
2018-12-31 14:00:00,-0.06688391451835907,0.07894888068444472,-0.13410746065567736,0.21909893438712402,0.5592649384926024,0.0,0.4783616266165368,-0.1628377866929075,-0.2355801983195821
2019-01-01 02:00:00,-0.04186358384395261,0.10115987718969244,-0.09752499473177934,0.19832442892762947,0.5309131607975214,0.0,0.2574093964918996,-0.14192334548840102,-0.21648304755993475
2019-01-01 14:00:00,-0.05711871761431031,0.07563149240433753,-0.09720993871050343,0.17472659534277254,0.5493280489383656,0.28484770689238276,0.09494923563079541,-0.1576732673267327,-0.23086443259710576
2019-01-02 02:00:00,-0.09060069995441078,0.03585908970113971,-0.12385565126379683,0.16706532818316427,0.5882591100866789,0.8870465044179475,0.39063140377011124,-0.19088814104908924,-0.26119321091520953
2019-01-02 14:00:00,-0.08867468250265809,0.039042199689149015,-0.12388830579013566,0.1701487342592386,0.5900633263101804,1.0,0.7239647371034447,-0.19239475701924136,-0.2625689145277301
2019-01-03 02:00:00,-0.10024698584236025,0.0277600340557711,-0.1355216244102967,0.17258042922472963,0.6074612392233355,1.0,0.9623488348059839,-0.20627601550165064,-0.27524400746375766
2019-01-03 14:00:00,-0.054868830343301256,0.07520633941988364,-0.09419065860162024,0.17102035048156103,0.5415745098245996,0.0,0.666666666666668,-0.16822096040311363,-0.24049561914789597
2019-01-04 02:00:00,-0.03361091734942245,0.097763503921245,-0.07531197771659603,0.17115414574374108,0.5156852777796959,0.0,0.33333333333333465,-0.150719907851795,-0.2245152620464579
2019-01-04 14:00:00,-0.034125168746556134,0.09048577992387719,-0.06454743570146848,0.15304830580601916,0.5180171454227954,0.025408261666989725,0.008469420555664568,-0.1523959151610369,-0.22604563830398705
2019-01-05 02:00:00,-0.06840153654995795,0.04517111673686314,-0.0864987753705102,0.13444810479686625,0.5637614466971542,0.5238427161232445,0.18308365926341275,-0.184925197140541,-0.2557483970815829
2019-01-05 14:00:00,-0.05670767331019522,0.05200405823514931,-0.06576231635369123,0.11858211627078878,0.5491828718407603,0.6967608862215333,0.4153372880039239,-0.17671908439564532,-0.2482553270680189
2019-01-06 02:00:00,-0.031943441049447796,0.06979211679870279,-0.041274636681975174,0.10950534522806965,0.514637778419387,0.0,0.4068678674482606,-0.15624344376418542,-0.22955884877267263
2019-01-06 14:00:00,-0.05212859210129828,0.04584209754140933,-0.060933026959309355,0.1075869177920634,0.5439442868587441,0.5965863191169885,0.431115735112842,-0.17569128717298943,-0.2473168368487738
2019-01-07 02:00:00,-0.09153205886493432,-0.0029255803116019496,-0.08980033428458611,0.09109834253800062,0.5980184163369362,1.0,0.5321954397056643,-0.21320717804613443,-0.281572909812012
2019-01-07 14:00:00,-0.03292480624632654,0.059630176789207345,-0.031202974701972086,0.08956017883975614,0.5127215290822746,0.0,0.5321954397056643,-0.16361333257708965,-0.23628835573705398
2019-01-08 02:00:00,0.02607445583803414,0.13083922208437726,0.014375637353376547,0.10857987881132355,0.44877122235161915,0.0,0.33333333333333476,-0.1116666666666668,-0.18885542168674696
2019-01-08 14:00:00,-0.013285619412967575,0.08602481760768876,-0.028485495017702478,0.11130801862998974,0.49312604697807144,0.2971903420228855,0.09906344734096327,-0.14621248673164144,-0.22039949821480254
2019-01-09 02:00:00,0.010690267072030357,0.11503457545693019,-0.011466819741398293,0.12027318336156831,0.46795066903236515,0.12850792144630144,0.1418994211563971,-0.12508899612372448,-0.20111146270073565
2019-01-09 14:00:00,-0.011726733860263128,0.08776950637373115,-0.03668128927151704,0.12135099271456276,0.4940129512139471,0.7074513192387976,0.3777165275693296,-0.1449087675892996,-0.2192090613885882
2019-01-10 02:00:00,0.013072016892398564,0.11421951497611671,-0.018453997461294946,0.12661102716752137,0.466843110528238,0.3994517590521843,0.4118036665790959,-0.1229903058898163,-0.19919513113811615
2019-01-10 14:00:00,0.09050524766098489,0.21706437123233968,0.03338206689797585,0.1632407696732103,0.39856175416297857,0.0,0.3689676927636621,-0.052758923409631175,-0.13506626983277303
2019-01-11 02:00:00,0.1317786378374144,0.28768683331090394,0.043920552760950526,0.20909719364085178,0.36880176541479925,0.0,0.13315058635072952,-0.012235693393172209,-0.0980641704065911
2019-01-11 14:00:00,0.10453707123563483,0.2691146695027513,0.00027612126614595667,0.23692574177188735,0.39246350483734893,0.18897464528852587,0.06299154842951007,-0.03228699551569525,-0.11637318166903643
2019-01-12 02:00:00,0.11286147903060173,0.2846611383095832,-0.009704293269080622,0.2587877059913398,0.3836349138822758,0.15129482822082702,0.1134231578364524,-0.020957818793431726,-0.10602841588102507
2019-01-12 14:00:00,0.06684023696332297,0.22794762018797243,-0.0580039851778662,0.2635567124899139,0.4312714186689103,1.0,0.4467564911697858,-0.05904498564288008,-0.1408061257045623
2019-01-13 02:00:00,0.08653999031846538,0.24344424921522,-0.047377920134304974,0.2648573638221922,0.4124641070785638,0.6989368339561122,0.6167438873923146,-0.03855432160476402,-0.12209592941125336
2019-01-13 14:00:00,0.09153960794264715,0.24965349355204935,-0.052448919219136525,0.2749879699871883,0.40548920104604685,0.45877184444276753,0.7192362261329613,-0.03082416860184911,-0.11503746220917499
2019-01-14 02:00:00,0.15852260360657877,0.3378596027299736,-0.014594544742690396,0.30341277355413415,0.35481738200946145,0.0,0.38590289279962803,0.034394874672652564,-0.055485409652076156
2019-01-14 14:00:00,0.14488629037699674,0.32834011785525496,-0.041785710701611745,0.32374110792982014,0.3633612797493936,0.11175208155443019,0.19017464199906736,0.0274997096736731,-0.06178144234119154
2019-01-15 02:00:00,0.1074225001843756,0.27687977923113527,-0.07881049016581332,0.32363881445083814,0.40146066732957314,0.8091228992488201,0.3069583269344182,-0.0021878383255143907,-0.08888939011187291
2019-01-15 14:00:00,0.11876909683329506,0.28266146209795573,-0.07542069042026311,0.3244613429698887,0.38895628758906875,0.6737256768887412,0.5315335525639986,0.01240359750097264,-0.0755658283177334
2019-01-16 02:00:00,0.14409963925918134,0.30977195675850155,-0.06428725868035445,0.3331656775563901,0.3661602748197969,0.24318383090919668,0.5753441356822541,0.04064830279221843,-0.04977535226176755
2019-01-16 14:00:00,0.10500411139187116,0.25139670545266224,-0.09663561524853137,0.3230356463028789,0.40817551476920694,1.0,0.6389698359326473,0.008986201391264714,-0.07868628121792676
2019-01-17 02:00:00,0.10851983482732241,0.22150697467144642,-0.08041536390235415,0.2820265485654286,0.40145142369202064,0.8399606646235347,0.6943814985109118,0.016240926215197904,-0.07206193145272444
2019-01-17 14:00:00,0.10153100892760092,0.19500151050734593,-0.08059632308180886,0.2606859226681314,0.4052271123031993,0.92982540455421,0.9232620230592495,0.013633030886261555,-0.0744432224360736
2019-01-18 02:00:00,0.05373207437628613,0.13564626121894396,-0.11816289896631127,0.251609668693241,0.46625251131359435,1.0,0.9232620230592495,-0.02833358958026766,-0.11276329372487859
2019-01-18 14:00:00,0.09070143231123984,0.1564210880858603,-0.07926708575905594,0.22693375029574217,0.4241813304661378,0.35076427894012546,0.7601965611647797,0.009170335561283771,-0.07851814677099245
2019-01-19 02:00:00,0.07795070028404805,0.12727246638787704,-0.08267551895994862,0.2053685794766905,0.4367327845687848,0.5444563073200365,0.6317401954200553,0.0003165630299601929,-0.08660260033917466
2019-01-19 14:00:00,0.024583778376087606,0.04480944474726889,-0.1108335826041168,0.1609565355990621,0.5044326604361322,1.0,0.6317401954200553,-0.04827571370178352,-0.1309726136436976
2019-01-20 02:00:00,0.0660558678512373,0.0602973132823692,-0.05614803811518321,0.11620426965235754,0.45439520164101327,0.3764905975536138,0.6403156349578848,-0.007248328171985174,-0.09351016561195624
2019-01-20 14:00:00,0.08960616793359999,0.08063332728187578,-0.03281384416218003,0.11079801943404478,0.4280000173415004,0.047584094578748216,0.47469156404412194,0.01808850942397533,-0.07037488780981738
2019-01-21 02:00:00,0.10577743571546594,0.10130283682909291,-0.01998469657446511,0.11654876883811702,0.40947552088192124,0.0,0.14135823071078865,0.0372324212796884,-0.052894422170640776
2019-01-21 14:00:00,0.07936358547726807,0.07456502318887948,-0.04180402787164195,0.11449358909246539,0.4392310499251184,0.31335747035861083,0.12031385497912099,0.015494444954549547,-0.07274354971995212
2019-01-22 02:00:00,0.09491085274408717,0.0921013757294904,-0.028354121441503177,0.11673473766781776,0.42000928365887696,0.23450217363407255,0.18261988133089577,0.03376641585268958,-0.05605926064401545
2019-01-22 14:00:00,0.09158232176526182,0.08067427623386658,-0.02605975475085842,0.10389689147887952,0.4195983724441512,0.3402006916944494,0.29602011189571226,0.034153069334704744,-0.05570620412361493
2019-01-23 02:00:00,0.06734558299520255,0.051993243853122095,-0.043268996081732736,0.09484849903170638,0.4506711026737079,1.0,0.5249009551095086,0.013795632147031167,-0.07429474986823092
2019-01-23 14:00:00,0.056591128906655186,0.037879259902940055,-0.048823900121193864,0.08718023819472534,0.46320905848331484,1.0,0.7800668972314844,0.005774695919063211,-0.08161873365920203
2019-01-24 02:00:00,0.06736841129605842,0.05085734297524258,-0.03481506707664661,0.084990688018884,0.4457056487778345,0.5986440183545425,0.8662146727848489,0.018651131732252635,-0.06986115268599324
2019-01-24 14:00:00,0.06491545564364998,0.05097244707794779,-0.033715820100215343,0.08396380117986646,0.4454448296634931,0.5926633943829961,0.7304358042458476,0.018838810713709853,-0.06968978144215932
2019-01-25 02:00:00,0.05518652112149791,0.042516512505085924,-0.04081279863753817,0.08325838690844138,0.45853939872913313,0.7371312989972766,0.6428129039116065,0.011685876326381184,-0.076221185510428
2019-01-25 14:00:00,0.04675517539413643,0.03647335013831854,-0.04645516832013341,0.0833444831973183,0.470469728709768,1.0,0.776598231126759,0.005431818181818038,-0.08193181818181816
2019-01-26 02:00:00,0.04774092556856058,0.0387607966026422,-0.04005076629063009,0.07886242796406959,0.46547510306943635,0.8004137546730631,0.8458483512234478,0.008250336167012318,-0.07935820589374831
2019-01-26 14:00:00,0.03894216836507858,0.03213046643225481,-0.04641262392076495,0.07910800685930319,0.48016405202503426,1.0,0.933471251557689,0.0013127815124147624,-0.08569294493107893
2019-01-27 02:00:00,0.05486316825316684,0.05015753440133408,-0.029983429109082693,0.07934065019492272,0.44712662687435745,0.0,0.6001379182243557,0.01881534705909438,-0.0697112063009534
2019-01-27 14:00:00,0.0756740628330983,0.07497964196141438,-0.011823730515344688,0.08414620726934635,0.408739861185636,0.0,0.33333333333333465,0.04189825718323115,-0.048634008478568136
2019-01-28 02:00:00,0.07095691487967293,0.06724080985239866,-0.014623956659505444,0.07976624218451839,0.41280314183010547,0.05688941795092921,0.01896313931697768,0.04013448697451327,-0.05024452177184224
2019-01-28 14:00:00,0.15279500857129658,0.1703300915033128,0.03954777109211016,0.11836158244293495,0.3098618050017077,0.0,0.01896313931697768,0.12567430025445292,0.027862595419847258
2019-01-29 02:00:00,0.13360356011748054,0.16136042314035937,0.01099086161853191,0.13843945275040245,0.3360133777421416,0.190519117598073,0.08246951184966868,0.11225926484638205,0.015613214662845154
2019-01-29 14:00:00,0.1342282788929683,0.15894080333336014,0.007609587202777268,0.13969785036306887,0.32996258344447876,0.19526440069725212,0.12859450609844297,0.11824776926771308,0.021081368013953217
2019-01-30 02:00:00,0.13111726025693415,0.16064099088777395,-0.002674271033655806,0.1513603156331067,0.32763584847283683,0.1726618676106596,0.18614846196866286,0.12045690550363441,0.02309854874249684
2019-01-30 14:00:00,0.12383270935254731,0.15930765549413928,-0.01543363815382548,0.1630145169301959,0.33270325691687447,0.873425554244039,0.41378394085065145,0.11824776926771308,0.021081368013953217
2019-01-31 02:00:00,0.09329140565378924,0.13140085470892848,-0.04377099659664874,0.1678188790267397,0.39353804975186796,0.9999999999999999,0.682029140618234,0.09164713140036995,-0.0032078963602714117
2019-01-31 14:00:00,0.10989726891412199,0.15133108505441673,-0.03300018309757391,0.1740344419105737,0.3650240877830852,0.5673291420410357,0.8135848987616927,0.11270687660345091,0.016021932692791507
2019-02-01 02:00:00,0.09739003451016393,0.14132316678401402,-0.046085309248942496,0.1788899292354635,0.3843157184572072,0.8600603452438065,0.8091298290949486,0.10415314730694347,0.008211451105675893
2019-02-01 14:00:00,0.09307106076622818,0.13910816196709397,-0.051581655792710124,0.18269451161055064,0.38555588965789217,0.8687895573898582,0.765393014891568,0.10362978670325562,0.00773356617188492
2019-02-02 02:00:00,0.09410552086046065,0.13938838641639895,-0.05189747003580958,0.18326868390294207,0.3778765374323429,0.45074232978667056,0.726530744140113,0.10855238429348235,0.012228431102313086
2019-02-02 14:00:00,0.09002013830299571,0.13170142275476437,-0.055172190752355355,0.17998649922873128,0.37899903513549416,0.680648850871514,0.6667269126826822,0.10813586493662641,0.011848103802414744
2019-02-03 02:00:00,0.07016904795314183,0.10815679786643329,-0.07107784141330464,0.1759722063908739,0.4259924482902717,1.0,0.7104637268860627,0.09086649898900223,-0.003920698328154892
2019-02-03 14:00:00,0.08692264066339916,0.12262992497012659,-0.056007648028490786,0.1728787838897977,0.38819922487383157,0.21453792014804368,0.6317289236731871,0.1115605919746725,0.014975250634438053
2019-02-04 02:00:00,0.09326009276684788,0.1241430793522762,-0.049131032992807966,0.16701022304818636,0.37092556545734306,0.0,0.40484597338268247,0.12193451852603276,0.024447769521442675
2019-02-04 14:00:00,0.09227346845430495,0.11477538528793096,-0.04635861480154191,0.15580419032435336,0.366157583682665,0.0,0.07151264004934911,0.12478706363936842,0.027052452264117344
2019-02-05 02:00:00,0.09571957070378923,0.1086633530523522,-0.03863161352127342,0.14231179528386578,0.35329507061328497,0.0,1.2197650297215055e-15,0.1323589638578888,0.03396641752841201
2019-02-05 14:00:00,0.08743149959223451,0.08411874983797385,-0.0356033179751869,0.11688666431406207,0.36864295316870144,0.43971506774953345,0.1465716892498457,0.12748171368861017,0.029512959706399666
2019-02-06 02:00:00,0.08846862982255344,0.07086085944289344,-0.024728276898737578,0.09343396137387719,0.3595620184096798,0.35546068626127747,0.26505858467027155,0.13230099820834385,0.03391348861018684
2019-02-06 14:00:00,0.14350662373672018,0.12502133054381326,0.020827318104840176,0.09711217285020472,0.27058668889961535,0.0,0.26505858467027155,0.19564864864864862,0.09175675675675676
2019-02-07 02:00:00,0.10879784143198923,0.07998391311897324,-0.0028434616113119926,0.07975134726220971,0.35422228693253927,0.8529347783779633,0.4027984882130815,0.16400042098615986,0.06285849602694316
2019-02-07 14:00:00,0.09726527659461093,0.0734813297767678,-0.01320746456652977,0.08415269038463621,0.3742685164783697,1.0,0.617644926125989,0.1560613583505368,0.055609271696239526
2019-02-08 02:00:00,0.07576298623262057,0.0545104278103703,-0.030998094819615685,0.08451495079706715,0.42256444553742833,1.0,0.9509782594593222,0.13666495375128473,0.03789825282631054
2019-02-08 14:00:00,0.04856947258695521,0.030449114928471577,-0.05362370217190593,0.08505841391743643,0.4839205101201295,1.0,1.000000000000001,0.11002659707933948,0.013574547096903755
2019-02-09 02:00:00,-0.007353546349070483,-0.012709163255161804,-0.1102177934317643,0.1038943375421317,0.5957518968342029,1.0,1.000000000000001,0.050508168693009114,-0.04077222644376888
