timestamp,ema50_dist_xmr_usd_1D,ema200_dist_xmr_usd_1D,upper_bb_dist_xmr_usd_1D,lower_bb_dist_xmr_usd_1D,width_bb_xmr_usd_1D,rsi_xmr_usd_1D,stoch_rsi_fastk_xmr_usd_1D,stoch_rsi_fastd_xmr_usd_1D,kijun_dist_xmr_usd_1D,tenkan_dist_xmr_usd_1D
2017-12-19 01:00:00,,,,,,,,,-86.14,-86.95
2017-12-20 01:00:00,,,,,,,,,-89.54,-90.15
2017-12-21 01:00:00,,,,,,,,,-88.28,-88.97
2017-12-22 01:00:00,,,,,,,,,-84.36,-85.28
2017-12-23 01:00:00,,,,,,,,,-85.61,-86.46
2017-12-24 01:00:00,,,,,,,,,-85.07,-85.94
2017-12-25 01:00:00,,,,,,,,,-85.18,-86.05
2017-12-26 01:00:00,,,,,,,,,-86.2,-87.01
2017-12-27 01:00:00,,,,,,,,,-86.9,-87.67
2017-12-28 01:00:00,,,,,,,,,-85.88,-86.71
2017-12-29 01:00:00,,,,,,,,,-85.84,-86.67
2017-12-30 01:00:00,,,,,,,,,-83.75,-84.7
2017-12-31 01:00:00,,,,,,,,,-85.09,-85.96
2018-01-01 01:00:00,,,,,,,,,-85.39,-86.25
2018-01-02 01:00:00,,,,,,50.9,,,-86.47,-87.26
2018-01-03 01:00:00,,,,,,53.13,,,-87.23,-87.98
2018-01-04 01:00:00,,,,,,51.57,,,-86.77,-87.55
2018-01-05 01:00:00,,,,,,49.82,,,-86.22,-87.03
2018-01-06 01:00:00,,,,,,53.78,,,-87.45,-88.19
2018-01-07 01:00:00,,,9.51,-28.29,41.72,54.54,,,-87.67,-88.39
2018-01-08 01:00:00,,,10.16,-28.4,42.44,54.7,100.0,100.0,-87.71,-88.43
2018-01-09 01:00:00,,,3.69,-27.47,35.36,55.81,100.0,100.0,-87.98,-88.69
2018-01-10 01:00:00,,,4.6,-25.69,33.86,54.68,44.19,81.4,-87.77,-88.49
2018-01-11 01:00:00,,,19.13,-13.53,31.77,47.37,0.0,48.06,-86.02,-86.84
2018-01-12 01:00:00,,,8.8,-21.0,31.74,52.25,57.8,34.0,-87.31,-88.05
2018-01-13 01:00:00,,,3.02,-25.68,32.37,55.68,98.39,52.06,-88.15,-88.85
2018-01-14 01:00:00,,,9.46,-20.14,31.27,52.3,59.41,71.87,-87.46,-88.19
2018-01-15 01:00:00,,,5.4,-23.83,32.2,54.83,89.8,82.53,-88.06,-88.76
2018-01-16 01:00:00,,,41.21,-1.7,35.84,42.34,0.0,49.74,-84.11,-85.04
2018-01-17 01:00:00,,,37.84,-5.91,37.73,43.53,8.95,32.92,-84.55,-85.45
2018-01-18 01:00:00,,,44.23,-4.38,40.53,42.23,0.0,2.98,-83.93,-84.87
2018-01-19 01:00:00,,,21.05,-16.7,36.94,49.68,59.13,22.69,-86.42,-87.22
2018-01-20 01:00:00,,,14.79,-19.73,35.4,52.04,100.0,53.04,-87.13,-87.88
2018-01-21 01:00:00,,,26.8,-10.88,34.9,47.62,54.99,71.37,-85.77,-86.6
2018-01-22 01:00:00,,,40.66,-4.08,37.82,44.06,18.69,57.89,-84.3,-85.22
2018-01-23 01:00:00,,,44.51,-4.65,40.99,43.24,0.0,24.56,-83.91,-84.85
2018-01-24 01:00:00,,,38.54,-10.31,42.8,45.16,21.79,13.5,-84.58,-85.48
2018-01-25 01:00:00,,,40.59,-10.72,44.64,44.65,32.24,18.01,-84.38,-85.29
2018-01-26 01:00:00,,,36.83,-13.81,45.42,45.69,100.0,51.34,-84.69,-85.59
2018-01-27 01:00:00,,,34.93,-15.04,45.46,45.87,100.0,77.41,-84.75,-85.64
2018-01-28 01:00:00,,,28.55,-18.28,44.54,47.88,100.0,100.0,-85.28,-86.14
2018-01-29 01:00:00,,,34.42,-13.46,43.33,44.73,2.27,67.42,-84.31,-85.23
2018-01-30 01:00:00,,,51.35,-4.29,45.04,39.5,0.0,34.09,-82.13,-83.18
2018-01-31 01:00:00,,,52.73,-6.94,48.56,39.27,0.0,0.76,-82.02,-83.07
2018-02-01 01:00:00,,,72.34,-0.27,53.38,35.32,0.0,0.0,-79.66,-80.85
2018-02-02 01:00:00,,,72.21,-1.56,54.51,34.69,0.0,0.0,-79.2,-80.42
2018-02-03 01:00:00,,,58.36,-9.57,54.62,38.07,70.23,23.41,-80.45,-81.59
2018-02-04 01:00:00,,,75.74,0.92,54.08,34.02,0.0,23.41,-77.57,-78.88
2018-02-05 01:00:00,,,119.55,10.57,66.02,29.85,0.0,23.41,-72.65,-74.25
2018-02-06 01:00:00,61.25,,89.4,-10.63,71.77,36.1,76.04,25.35,-76.47,-77.85
2018-02-07 01:00:00,61.1,,92.69,-14.72,77.28,35.75,71.75,49.26,-76.13,-77.53
2018-02-08 01:00:00,33.62,,57.3,-29.11,75.73,43.62,100.0,82.6,-79.99,-81.17
2018-02-09 01:00:00,26.63,,43.86,-30.61,69.83,45.66,100.0,90.58,-80.88,-82.0
2018-02-10 01:00:00,31.31,,46.52,-27.29,67.33,43.92,82.39,94.13,-79.98,-81.15
2018-02-11 01:00:00,40.67,,56.65,-22.86,68.02,41.14,54.34,78.91,-78.3,-79.57
2018-02-12 01:00:00,28.5,,42.51,-29.44,67.54,44.94,83.92,73.55,-80.0,-81.17
2018-02-13 01:00:00,34.5,,47.5,-25.87,66.21,42.86,38.07,58.78,-78.84,-80.08
2018-02-14 01:00:00,13.47,,22.96,-36.55,63.85,50.53,100.0,74.0,-82.06,-83.12
2018-02-15 01:00:00,5.75,,13.13,-39.96,61.32,53.64,100.0,79.36,-83.25,-84.23
2018-02-16 01:00:00,5.96,,11.64,-38.76,58.3,53.41,97.82,99.27,-83.18,-84.16
2018-02-17 01:00:00,-3.02,,0.91,-43.32,56.13,57.76,100.0,99.27,-84.62,-85.52
2018-02-18 01:00:00,5.7,,8.81,-37.38,53.89,52.56,28.07,75.3,-83.2,-84.19
2018-02-19 01:00:00,-0.96,,3.95,-42.19,57.05,55.71,60.53,62.87,-84.27,-85.19
2018-02-20 01:00:00,3.77,,10.2,-39.65,58.47,52.9,6.6,31.73,-83.49,-84.46
2018-02-21 01:00:00,1.2,,9.55,-41.06,60.08,54.16,30.75,32.63,-83.89,-84.84
2018-02-22 01:00:00,12.68,,23.08,-33.29,59.41,48.14,0.0,12.45,-81.98,-83.04
2018-02-23 01:00:00,10.34,,21.58,-34.08,59.36,49.03,11.79,14.18,-82.29,-83.33
2018-02-24 01:00:00,14.45,,26.78,-29.51,57.07,46.94,0.0,3.93,-81.53,-82.62
2018-02-25 01:00:00,10.17,,20.51,-26.43,48.37,48.86,26.64,12.81,-82.16,-83.2
2018-02-26 01:00:00,4.23,,13.83,-27.1,43.84,51.93,100.0,42.21,-83.09,-84.08
2018-02-27 01:00:00,1.39,,9.96,-25.11,37.94,53.51,100.0,75.55,-83.54,-84.51
2018-02-28 01:00:00,6.79,,16.13,-19.61,36.36,50.0,46.66,82.22,-82.62,-83.64
2018-03-01 01:00:00,-2.82,,6.75,-26.39,36.75,55.6,100.0,82.22,-84.2,-85.13
2018-03-02 01:00:00,-11.11,,-0.32,-32.73,38.82,60.74,100.0,82.22,-85.63,-86.47
2018-03-03 01:00:00,-12.18,,-0.48,-32.01,37.65,61.69,100.0,100.0,-85.88,-86.71
2018-03-04 01:00:00,-16.11,,-2.65,-35.28,40.27,64.59,100.0,100.0,-86.62,-87.4
2018-03-05 01:00:00,-15.62,,-1.09,-33.45,39.12,64.69,100.0,100.0,-86.64,-87.42
2018-03-06 01:00:00,-9.08,,7.3,-27.74,39.03,58.06,0.0,66.67,-85.66,-86.5
2018-03-07 01:00:00,-6.68,,10.66,-25.64,39.25,56.12,0.0,33.33,-85.33,-86.19
2018-03-08 01:00:00,13.42,,35.37,-10.07,40.34,43.91,0.0,0.0,-82.08,-83.13
2018-03-09 01:00:00,9.28,,30.51,-13.95,41.06,45.88,9.47,3.16,-82.68,-83.69
2018-03-10 01:00:00,21.58,,47.07,-5.94,43.97,40.87,0.0,3.16,-80.59,-81.72
2018-03-11 01:00:00,9.85,,33.07,-15.61,44.77,46.25,35.3,14.92,-82.4,-83.43
2018-03-12 01:00:00,18.92,,45.38,-10.04,47.1,42.57,31.59,22.3,-80.82,-81.94
2018-03-13 01:00:00,22.93,,51.83,-9.12,50.22,41.01,2.51,23.13,-80.02,-81.19
2018-03-14 01:00:00,40.21,,77.63,-0.35,56.25,36.38,0.0,11.37,-76.95,-78.3
2018-03-15 01:00:00,39.9,,81.31,-4.56,62.06,36.12,0.0,0.84,-76.73,-78.09
2018-03-16 01:00:00,36.3,,79.97,-9.83,66.48,36.93,12.57,4.19,-77.08,-78.43
2018-03-17 01:00:00,47.65,,99.75,-7.34,73.25,34.18,0.0,4.19,-74.84,-76.32
2018-03-18 01:00:00,37.12,,88.09,-17.52,78.06,37.52,100.0,37.52,-76.38,-77.77
2018-03-19 01:00:00,30.52,,80.33,-24.12,81.54,39.7,100.0,66.67,-77.3,-78.64
2018-03-20 01:00:00,25.85,,75.09,-28.66,84.21,41.31,100.0,100.0,-77.93,-79.23
2018-03-21 01:00:00,28.1,,78.24,-29.51,86.65,40.22,84.6,94.87,-77.34,-78.67
2018-03-22 01:00:00,30.75,,79.5,-29.43,87.12,38.99,38.78,74.46,-76.64,-78.01
2018-03-23 01:00:00,27.53,,71.11,-31.33,85.44,40.04,45.25,56.21,-77.02,-78.37
2018-03-24 01:00:00,31.33,,68.86,-27.39,79.72,38.34,0.0,28.01,-76.1,-77.51
2018-03-25 01:00:00,27.91,,54.8,-25.1,69.56,39.57,65.53,36.93,-76.52,-77.9
2018-03-26 02:00:00,36.0,,56.27,-17.0,61.24,36.44,0.0,21.84,-74.76,-76.24
2018-03-27 02:00:00,40.65,,51.72,-9.34,50.38,34.69,0.0,21.84,-73.59,-75.14
2018-03-28 02:00:00,31.02,,39.01,-14.92,48.14,39.0,88.25,29.42,-75.17,-76.62
2018-03-29 02:00:00,46.28,,51.6,-4.38,45.29,34.27,0.0,29.42,-71.91,-73.56
2018-03-30 02:00:00,47.55,,52.94,-5.07,46.81,33.55,0.0,29.42,-71.3,-72.98
2018-03-31 02:00:00,40.73,,40.02,-6.56,39.91,35.94,43.84,14.61,-72.3,-73.92
2018-04-01 02:00:00,41.74,,37.94,-4.69,36.55,35.2,30.29,24.71,-71.77,-73.42
2018-04-02 02:00:00,38.71,,32.34,-5.47,33.33,35.96,100.0,58.04,-72.06,-73.69
2018-04-03 02:00:00,28.92,,23.31,-11.9,33.31,40.79,100.0,76.76,-73.79,-75.33
2018-04-04 02:00:00,41.63,,36.91,-4.38,35.52,36.05,15.19,71.73,-70.86,-72.57
2018-04-05 02:00:00,37.86,,33.8,-7.45,36.45,37.17,35.29,50.16,-71.32,-73.0
2018-04-06 02:00:00,44.91,,43.09,-4.29,39.68,34.65,0.0,16.83,-69.47,-71.26
2018-04-07 02:00:00,37.19,,36.16,-9.95,40.77,37.8,51.42,28.9,-70.78,-72.49
2018-04-08 02:00:00,31.6,,29.89,-13.24,39.81,40.16,100.0,50.47,-71.69,-73.35
2018-04-09 02:00:00,36.36,,32.89,-9.4,37.85,37.92,59.48,70.3,-70.35,-72.09
2018-04-10 02:00:00,35.36,,30.46,-9.36,36.02,37.77,56.67,72.05,-70.25,-72.0
2018-04-11 02:00:00,31.31,,25.31,-11.22,34.13,39.47,71.48,62.55,-70.86,-72.57
2018-04-12 02:00:00,14.91,,7.86,-20.66,30.47,49.44,100.0,76.05,-74.37,-75.87
2018-04-13 02:00:00,16.5,,8.23,-18.29,27.92,48.08,88.27,86.59,-73.86,-75.39
2018-04-14 02:00:00,14.83,,4.81,-17.64,23.99,48.79,94.41,94.23,-74.1,-75.62
2018-04-15 02:00:00,8.37,,-0.11,-22.4,25.11,53.08,100.0,94.23,-75.48,-76.92
2018-04-16 02:00:00,11.78,,4.06,-19.82,25.92,50.14,41.2,78.54,-74.6,-76.09
2018-04-17 02:00:00,10.71,,3.11,-20.09,25.35,50.61,50.58,63.93,-74.74,-76.22
2018-04-18 02:00:00,-5.31,,-7.02,-34.46,34.62,62.19,100.0,63.93,-78.45,-79.71
2018-04-19 02:00:00,-8.57,,-5.76,-39.0,42.82,64.61,100.0,83.53,-79.27,-80.49
2018-04-20 02:00:00,-19.28,,-10.3,-50.52,57.8,71.9,100.0,100.0,-81.88,-82.94
2018-04-21 02:00:00,-13.6,,-0.41,-48.4,63.49,65.05,67.83,89.28,-80.73,-81.86
2018-04-22 02:00:00,-17.1,,-0.68,-52.03,69.73,67.71,56.88,74.9,-81.66,-82.74
2018-04-23 02:00:00,-20.46,,-0.81,-56.0,77.09,70.39,79.19,67.97,-82.59,-83.61
2018-04-24 02:00:00,-22.15,,0.65,-57.91,82.06,72.04,100.0,78.69,-83.16,-84.14
2018-04-25 02:00:00,-10.59,,16.91,-50.48,80.99,58.51,0.0,59.73,-80.75,-81.88
2018-04-26 02:00:00,-14.02,,13.58,-50.62,78.79,61.09,19.05,39.68,-81.61,-82.69
2018-04-27 02:00:00,-7.92,,22.03,-44.85,75.49,55.83,0.0,6.35,-80.38,-81.53
2018-04-28 02:00:00,-11.12,,18.31,-44.81,72.76,58.22,14.71,11.25,-81.16,-82.26
2018-04-29 02:00:00,-8.79,,21.11,-40.26,67.88,56.43,11.26,8.66,-80.74,-81.87
2018-04-30 02:00:00,-3.36,,27.26,-32.76,61.72,52.15,0.0,8.66,-79.62,-80.81
2018-05-01 02:00:00,-2.27,,27.27,-27.83,55.26,51.41,0.0,3.75,-79.41,-80.62
2018-05-02 02:00:00,-6.17,,21.65,-28.38,51.77,54.4,43.92,14.64,-80.28,-81.44
2018-05-03 02:00:00,-4.6,,22.62,-24.15,47.14,53.19,35.58,26.5,-79.99,-81.17
2018-05-04 02:00:00,-2.91,,23.41,-19.52,42.11,51.83,14.14,31.21,-79.66,-80.86
2018-05-05 02:00:00,-2.33,,23.05,-16.49,38.29,51.41,0.15,16.62,-79.56,-80.76
2018-05-06 02:00:00,-0.09,,23.94,-10.89,32.69,49.45,0.0,4.76,-79.1,-80.32
2018-05-07 02:00:00,1.05,,22.9,-5.69,26.33,48.42,0.0,0.05,-78.85,-80.09
2018-05-08 02:00:00,5.57,,28.98,-1.84,27.14,44.67,0.0,-0.0,-77.85,-79.15
2018-05-09 02:00:00,3.31,,26.7,-4.59,28.17,46.61,28.85,9.62,-78.3,-79.57
2018-05-10 02:00:00,7.84,,32.26,-2.27,30.03,42.98,0.0,9.62,-77.28,-78.61
2018-05-11 02:00:00,18.14,,47.51,3.03,35.51,36.86,0.0,9.62,-74.95,-76.42
2018-05-12 02:00:00,15.21,,44.44,-2.19,38.5,38.69,18.77,6.26,-75.44,-76.88
2018-05-13 02:00:00,11.22,,37.57,-6.41,38.04,41.64,48.99,22.59,-76.2,-77.59
2018-05-14 02:00:00,7.85,,29.2,-8.14,33.78,44.3,100.0,55.92,-76.85,-78.21
2018-05-15 02:00:00,12.8,,35.05,-5.4,35.23,40.78,52.66,67.22,-75.67,-77.1
2018-05-16 02:00:00,14.37,,35.47,-4.9,35.02,39.53,14.92,55.86,-75.21,-76.66
2018-05-17 02:00:00,18.59,,40.82,-3.42,37.27,36.87,0.0,22.53,-74.13,-75.65
2018-05-18 02:00:00,10.57,,29.3,-9.93,35.77,43.31,86.7,33.87,-75.79,-77.21
2018-05-19 02:00:00,13.25,,30.85,-8.02,34.89,41.3,68.8,51.83,-75.08,-76.54
2018-05-20 02:00:00,9.55,,25.76,-11.31,34.57,44.18,100.0,85.17,-75.81,-77.23
2018-05-21 02:00:00,12.19,,28.18,-9.67,34.64,42.06,71.03,79.94,-75.11,-76.57
2018-05-22 02:00:00,26.13,,43.65,-0.24,36.06,34.69,0.0,57.01,-71.79,-73.44
2018-05-23 02:00:00,27.72,,45.02,-0.75,37.48,33.68,0.0,23.68,-71.18,-72.87
2018-05-24 02:00:00,26.49,,42.83,-3.01,38.23,33.8,1.12,0.37,-71.21,-72.9
2018-05-25 02:00:00,30.37,,46.41,-1.54,39.16,31.87,0.0,0.37,-70.05,-71.8
2018-05-26 02:00:00,28.85,,43.73,-3.79,39.62,32.14,9.55,3.56,-70.13,-71.88
2018-05-27 02:00:00,26.78,,39.94,-5.83,39.1,32.98,57.29,22.28,-70.35,-72.09
2018-05-28 02:00:00,39.88,,55.48,0.88,42.6,27.9,0.0,22.28,-66.91,-68.85
2018-05-29 02:00:00,31.38,,44.57,-5.91,42.31,33.1,100.0,52.43,-68.62,-70.46
2018-05-30 02:00:00,32.21,,44.95,-6.42,43.07,32.32,84.94,61.65,-68.1,-69.97
2018-05-31 02:00:00,30.41,,43.95,-9.12,45.2,32.76,93.53,92.83,-68.24,-70.1
2018-06-01 02:00:00,27.33,,40.68,-12.12,46.2,34.44,100.0,92.83,-68.72,-70.55
2018-06-02 02:00:00,22.41,,34.1,-15.46,45.34,38.03,100.0,97.84,-69.7,-71.48
2018-06-03 02:00:00,17.25,,26.01,-17.94,42.24,42.13,100.0,100.0,-70.8,-72.52
2018-06-04 02:00:00,23.14,,31.03,-13.54,40.98,38.03,56.26,85.42,-69.1,-70.91
2018-06-05 02:00:00,16.82,,22.96,-17.31,39.16,42.94,100.0,85.42,-70.52,-72.24
2018-06-06 02:00:00,17.91,,23.49,-16.21,38.3,41.75,75.69,77.32,-70.06,-71.81
2018-06-07 02:00:00,17.73,,20.63,-14.82,34.45,41.38,68.2,81.3,-69.92,-71.68
2018-06-08 02:00:00,20.97,,21.69,-11.22,31.27,38.72,14.06,52.65,-68.87,-70.7
2018-06-09 02:00:00,23.06,,19.38,-6.8,24.63,36.92,0.0,27.42,-68.09,-69.96
2018-06-10 02:00:00,34.95,,27.42,3.95,20.29,30.9,0.0,4.69,-64.64,-66.71
2018-06-11 02:00:00,35.22,,28.98,2.62,22.76,30.29,0.0,0.0,-64.19,-66.29
2018-06-12 02:00:00,47.13,,44.05,7.55,29.01,26.18,0.0,0.0,-60.53,-62.84
2018-06-13 02:00:00,48.83,,48.7,5.15,34.31,25.29,0.0,0.0,-59.54,-61.91
2018-06-14 02:00:00,35.46,,36.53,-5.44,36.32,33.67,100.0,33.33,-62.78,-64.96
2018-06-15 02:00:00,45.46,,48.78,-1.02,40.21,30.03,56.51,52.17,-59.52,-61.89
2018-06-16 02:00:00,38.76,,42.71,-6.84,42.01,33.27,95.22,83.91,-60.95,-63.24
2018-06-17 02:00:00,40.46,,46.68,-7.2,45.0,32.19,82.35,78.03,-60.0,-62.35
2018-06-18 02:00:00,34.83,,41.77,-11.83,46.62,35.08,100.0,92.52,-61.2,-63.48
2018-06-19 02:00:00,34.37,,42.3,-12.99,48.22,34.71,92.63,91.66,-60.93,-63.22
2018-06-20 02:00:00,36.76,,45.82,-12.55,50.04,33.2,34.93,75.85,-59.8,-62.16
2018-06-21 02:00:00,34.34,,43.61,-14.82,51.08,34.0,62.71,63.42,-60.1,-62.44
2018-06-22 02:00:00,48.83,,59.79,-7.71,53.56,28.57,0.0,32.54,-55.2,-57.83
2018-06-23 02:00:00,41.1,,49.79,-12.68,52.69,32.57,65.23,42.64,-57.02,-59.54
2018-06-24 02:00:00,32.6,,39.63,-17.77,51.75,37.54,100.0,55.08,-59.21,-61.6
2018-06-25 02:00:00,25.27,,28.72,-20.57,47.36,42.05,100.0,88.41,-61.14,-63.42
2018-06-26 02:00:00,31.22,,31.4,-14.99,42.87,38.61,74.45,91.48,-58.9,-61.31
2018-06-27 02:00:00,21.43,,17.38,-18.4,35.96,44.77,100.0,91.48,-61.7,-63.94
2018-06-28 02:00:00,32.83,,24.31,-8.04,29.92,38.89,18.65,64.37,-57.67,-60.16
2018-06-29 02:00:00,21.42,,9.19,-12.28,21.81,45.25,100.0,72.88,-61.03,-63.32
2018-06-30 02:00:00,16.68,,4.11,-14.45,19.58,47.8,100.0,72.88,-62.34,-64.55
2018-07-01 02:00:00,16.83,,3.54,-13.12,17.49,47.3,94.34,98.11,-62.07,-64.29
2018-07-02 02:00:00,7.7,,-2.11,-20.72,21.01,53.34,100.0,98.11,-64.93,-66.99
2018-07-03 02:00:00,9.0,,0.91,-19.8,22.87,52.04,83.97,92.77,-64.39,-66.47
2018-07-04 02:00:00,8.55,,1.64,-20.25,24.13,52.11,79.7,87.89,-64.42,-66.5
2018-07-05 02:00:00,8.83,,3.37,-19.75,25.18,51.56,70.6,78.09,-64.21,-66.31
2018-07-06 02:00:00,11.98,80.46,7.29,-17.01,25.55,48.53,0.0,50.1,-63.01,-65.18
2018-07-07 02:00:00,10.97,78.76,7.31,-17.18,25.75,49.02,13.57,28.06,-63.2,-65.36
2018-07-08 02:00:00,7.65,73.18,5.22,-19.47,26.59,51.75,89.84,34.47,-64.19,-66.29
2018-07-09 02:00:00,9.36,75.78,7.79,-17.78,26.91,49.73,37.35,46.92,-63.5,-65.64
2018-07-10 02:00:00,21.54,95.81,20.7,-8.17,27.17,40.42,0.0,42.4,-59.14,-61.54
2018-07-11 02:00:00,16.76,88.33,16.64,-11.15,27.06,43.73,29.22,22.19,-60.52,-62.83
2018-07-12 02:00:00,20.27,94.38,20.02,-6.04,24.36,41.11,6.11,11.78,-59.05,-61.45
2018-07-13 02:00:00,18.23,91.37,18.2,-5.95,22.75,42.21,19.15,18.16,-59.49,-61.87
2018-07-14 02:00:00,16.45,88.68,17.01,-6.58,22.42,43.2,83.98,36.41,-59.87,-62.22
2018-07-15 02:00:00,15.05,86.53,16.22,-7.48,22.71,43.96,100.0,67.71,-60.14,-62.48
2018-07-16 02:00:00,4.71,69.38,6.28,-14.8,22.01,53.49,100.0,94.66,-63.66,-65.79
2018-07-17 02:00:00,-1.29,59.01,1.54,-20.05,23.79,58.75,100.0,100.0,-65.76,-67.77
2018-07-18 02:00:00,1.5,62.96,4.63,-16.23,22.15,55.47,78.95,92.98,-64.77,-66.84
2018-07-19 02:00:00,1.8,62.93,5.59,-15.56,22.26,55.05,74.99,84.65,-64.64,-66.71
2018-07-20 02:00:00,8.73,73.84,13.12,-9.57,22.3,47.96,0.0,51.31,-62.11,-64.33
2018-07-21 02:00:00,6.61,70.18,11.26,-10.99,22.21,49.65,15.67,30.22,-62.76,-64.94
2018-07-22 02:00:00,9.64,74.9,14.07,-8.32,21.76,46.66,0.0,5.22,-61.56,-63.81
2018-07-23 02:00:00,5.22,67.5,9.28,-11.81,21.36,50.63,47.4,21.02,-63.03,-65.2
2018-07-24 02:00:00,-4.99,50.42,-0.24,-21.2,23.48,59.85,100.0,49.13,-66.69,-68.65
2018-07-25 02:00:00,-1.91,54.63,3.54,-18.93,24.34,56.34,73.37,73.59,-65.64,-67.65
2018-07-26 02:00:00,2.86,61.71,8.9,-14.84,24.47,51.47,36.44,69.94,-63.93,-66.04
2018-07-27 02:00:00,0.15,56.89,6.51,-17.09,24.92,53.79,34.29,48.04,-64.87,-66.93
2018-07-28 02:00:00,0.26,56.51,6.85,-17.04,25.17,53.67,26.34,32.36,-64.83,-66.9
2018-07-29 02:00:00,3.31,60.86,10.29,-14.39,25.19,50.4,0.0,20.21,-63.72,-65.85
2018-07-30 02:00:00,5.95,64.7,13.06,-10.82,23.61,47.71,0.0,8.78,-62.7,-64.89
2018-07-31 02:00:00,14.11,77.51,22.56,-3.86,24.16,41.25,0.0,0.0,-59.63,-61.99
2018-08-01 02:00:00,8.3,68.31,16.25,-7.43,22.68,46.05,38.67,12.89,-61.56,-63.82
2018-08-02 02:00:00,12.91,75.53,21.69,-2.91,22.49,42.52,13.92,17.53,-59.74,-62.1
2018-08-03 02:00:00,14.38,77.96,24.16,-1.59,23.14,41.23,0.0,17.53,-59.01,-61.41
2018-08-04 02:00:00,20.02,87.12,32.3,1.96,25.9,37.64,0.0,4.64,-56.69,-59.23
2018-08-05 02:00:00,15.52,80.28,28.34,-3.16,27.98,40.91,38.89,12.96,-58.09,-60.55
2018-08-06 02:00:00,19.04,86.13,32.61,-1.75,29.77,38.49,17.42,18.77,-56.53,-59.08
2018-08-07 02:00:00,24.16,94.72,39.73,0.0,33.14,35.52,0.0,18.77,-54.3,-56.98
2018-08-08 02:00:00,39.83,120.63,61.3,7.1,40.39,29.65,0.0,5.81,-47.93,-50.99
2018-08-09 02:00:00,30.95,107.54,53.51,-2.72,44.84,34.47,42.83,14.28,-50.77,-53.66
2018-08-10 02:00:00,41.49,125.65,69.37,0.39,51.14,30.9,14.09,18.97,-46.17,-49.33
2018-08-11 02:00:00,37.9,121.18,67.81,-5.75,56.14,32.08,41.47,32.8,-46.95,-50.06
2018-08-12 02:00:00,36.28,119.75,67.34,-9.88,59.99,32.18,52.36,35.97,-47.0,-50.11
2018-08-13 02:00:00,42.75,131.67,74.13,-8.03,61.75,29.83,0.0,31.28,-43.81,-47.1
2018-08-14 02:00:00,46.74,139.85,78.36,-8.28,64.16,28.36,0.0,17.45,-41.48,-44.91
2018-08-15 02:00:00,36.86,124.9,65.41,-16.04,65.32,33.52,100.0,33.33,-44.83,-48.06
2018-08-16 02:00:00,32.22,118.25,57.0,-19.01,63.88,35.69,100.0,66.67,-46.17,-49.32
2018-08-17 02:00:00,20.78,99.75,39.46,-24.63,59.66,42.9,100.0,100.0,-50.48,-53.38
2018-08-18 02:00:00,21.68,101.7,36.83,-22.66,55.56,41.98,93.64,97.88,-49.74,-52.69
2018-08-19 02:00:00,20.14,99.5,31.58,-22.08,51.23,42.52,95.87,96.5,-50.04,-52.97
2018-08-20 02:00:00,27.0,111.61,37.55,-17.35,49.87,38.5,38.88,76.13,-46.73,-49.85
2018-08-21 02:00:00,23.06,105.54,29.45,-17.99,44.86,40.7,50.03,61.6,-47.99,-51.04
2018-08-22 02:00:00,29.0,116.27,32.84,-12.81,41.49,37.36,0.0,29.64,-44.98,-48.21
2018-08-23 02:00:00,27.02,113.67,27.72,-12.5,37.38,38.01,12.47,20.83,-45.35,-48.56
2018-08-24 02:00:00,21.3,104.45,19.98,-15.13,34.27,41.8,100.0,37.49,-47.44,-50.52
2018-08-25 02:00:00,21.86,105.84,16.55,-11.93,27.84,40.96,81.08,64.51,-46.81,-49.93
2018-08-26 02:00:00,18.3,100.07,9.6,-11.66,21.48,43.37,100.0,93.69,-48.04,-51.09
2018-08-27 02:00:00,6.29,79.4,-2.04,-19.93,20.1,53.17,100.0,93.69,-53.2,-55.95
2018-08-28 02:00:00,3.89,74.87,-1.86,-22.66,23.71,54.99,100.0,100.0,-54.19,-56.87
2018-08-29 02:00:00,7.63,80.88,2.56,-19.9,24.6,51.18,72.82,90.94,-52.4,-55.19
2018-08-30 02:00:00,7.58,80.51,3.87,-19.63,25.51,50.94,65.16,79.33,-52.29,-55.08
2018-08-31 02:00:00,-4.11,60.0,-4.02,-30.07,31.4,60.87,100.0,79.33,-57.55,-60.04
2018-09-01 02:00:00,-7.73,52.91,-4.03,-34.54,37.8,63.92,100.0,88.39,-59.29,-61.67
2018-09-02 02:00:00,-6.66,53.68,-0.37,-34.12,40.78,62.82,91.57,97.19,-58.94,-61.35
2018-09-03 02:00:00,-16.29,36.37,-6.45,-42.52,47.77,70.64,100.0,97.19,-63.46,-65.61
2018-09-04 02:00:00,-17.57,32.79,-4.04,-44.99,54.25,72.04,100.0,97.19,-64.33,-66.43
2018-09-05 02:00:00,-1.04,58.75,15.94,-32.75,53.15,52.99,0.0,66.67,-57.2,-59.71
2018-09-06 02:00:00,-2.77,55.25,14.81,-33.51,53.3,54.23,6.48,35.49,-58.0,-60.46
2018-09-07 02:00:00,2.94,63.9,22.08,-28.77,52.6,49.93,0.0,2.16,-55.48,-58.09
2018-09-08 02:00:00,9.39,74.04,30.22,-23.58,52.07,45.87,0.0,2.16,-52.53,-55.31
2018-09-09 02:00:00,7.8,71.3,28.54,-23.11,50.29,46.7,9.9,3.3,-53.08,-55.83
2018-09-10 02:00:00,6.58,69.1,27.32,-22.64,48.82,47.36,17.8,9.23,-53.49,-56.22
2018-09-11 02:00:00,7.13,69.74,27.75,-19.97,45.93,46.8,22.89,16.87,-53.12,-55.87
2018-09-12 02:00:00,7.76,70.53,28.19,-17.22,43.05,46.15,18.96,19.89,-52.71,-55.48
2018-09-13 02:00:00,0.12,57.86,18.86,-21.21,40.55,52.3,100.0,47.29,-56.06,-58.64
2018-09-14 02:00:00,-3.57,51.31,14.06,-21.91,37.44,55.38,100.0,72.99,-57.74,-60.22
2018-09-15 02:00:00,-5.23,47.88,11.7,-21.27,34.63,56.93,100.0,100.0,-58.56,-60.99
2018-09-16 02:00:00,-3.67,49.58,13.63,-19.35,33.95,55.37,85.52,95.17,-57.95,-60.42
2018-09-17 02:00:00,6.14,64.55,25.53,-11.1,34.16,46.61,0.0,61.84,-53.56,-56.28
2018-09-18 02:00:00,0.52,55.32,18.79,-14.92,33.07,51.06,43.1,42.87,-56.01,-58.59
2018-09-19 02:00:00,2.65,58.19,21.24,-12.25,32.04,49.23,25.43,22.84,-55.03,-57.67
2018-09-20 02:00:00,-2.75,49.2,14.71,-16.97,32.04,53.77,81.71,50.08,-57.44,-59.94
2018-09-21 02:00:00,-9.17,38.39,7.08,-22.88,32.52,59.25,100.0,69.05,-60.42,-62.74
2018-09-22 02:00:00,-7.32,40.35,9.15,-21.59,32.78,57.48,82.31,88.01,-59.74,-62.1
2018-09-23 02:00:00,-7.1,39.84,6.94,-20.55,29.5,57.54,82.96,88.42,-59.77,-62.13
2018-09-24 02:00:00,-1.04,48.42,9.33,-12.86,22.6,51.24,0.0,55.09,-57.16,-59.68
2018-09-25 02:00:00,-2.44,45.71,7.81,-14.18,22.71,52.57,16.57,33.18,-57.81,-60.29
2018-09-26 02:00:00,-0.92,47.44,9.25,-12.88,22.54,51.09,0.0,5.52,-57.17,-59.69
2018-09-27 02:00:00,-4.12,42.0,6.07,-15.68,22.85,54.3,49.77,22.11,-58.63,-61.06
2018-09-28 02:00:00,-2.43,43.93,7.82,-13.12,21.51,52.52,44.32,31.36,-57.94,-60.41
2018-09-29 02:00:00,-0.23,46.69,10.03,-10.12,20.16,50.17,0.0,31.36,-57.0,-59.52
2018-09-30 02:00:00,-1.24,44.68,8.69,-10.06,18.88,51.29,27.12,23.81,-57.46,-59.95
2018-10-01 02:00:00,-0.08,45.91,9.51,-7.74,17.1,49.98,0.0,9.04,-56.96,-59.48
2018-10-02 02:00:00,-1.99,42.57,6.62,-7.78,14.48,52.27,90.38,39.17,-57.82,-60.29
2018-10-03 02:00:00,-0.01,45.0,8.73,-5.68,14.19,49.83,0.0,30.13,-56.97,-59.49
2018-10-04 02:00:00,-0.15,44.35,8.51,-5.92,14.25,50.0,7.13,32.5,-57.03,-59.55
2018-10-05 02:00:00,-0.89,42.79,7.44,-6.71,14.1,51.03,49.32,18.82,-57.36,-59.86
2018-10-06 02:00:00,-0.5,42.9,7.74,-6.44,14.1,50.5,27.39,27.95,-57.2,-59.71
2018-10-07 02:00:00,0.71,44.24,8.33,-3.85,11.91,48.68,0.0,25.57,-56.67,-59.21
2018-10-08 02:00:00,0.06,42.87,7.54,-4.17,11.52,49.7,43.18,23.52,-56.95,-59.47
2018-10-09 02:00:00,0.62,43.27,7.79,-2.87,10.41,48.77,3.76,15.65,-56.7,-59.24
2018-10-10 02:00:00,-0.47,41.28,6.61,-3.99,10.46,50.66,100.0,48.98,-57.17,-59.68
2018-10-11 02:00:00,12.95,60.47,22.5,6.17,14.29,35.03,0.0,34.59,-51.17,-54.03
2018-10-12 02:00:00,11.52,58.51,21.71,2.98,16.67,36.33,8.33,36.11,-51.59,-54.43
2018-10-13 02:00:00,8.86,54.7,18.56,-0.28,17.26,39.54,28.85,12.39,-52.58,-55.36
2018-10-14 02:00:00,11.08,57.91,22.05,0.25,19.61,37.19,13.83,17.0,-51.42,-54.27
2018-10-15 02:00:00,2.39,45.25,12.21,-7.72,19.49,48.45,100.0,47.56,-55.18,-57.8
2018-10-16 02:00:00,0.8,42.61,10.28,-9.23,19.41,50.37,100.0,71.28,-55.86,-58.45
2018-10-17 02:00:00,2.55,44.79,11.5,-7.6,18.73,48.08,82.64,94.21,-55.05,-57.68
2018-10-18 02:00:00,6.25,49.87,15.27,-4.61,18.87,43.77,49.91,77.52,-53.31,-56.05
2018-10-19 02:00:00,6.14,49.57,15.14,-5.07,19.25,43.62,0.0,44.18,-53.25,-55.99
2018-10-20 02:00:00,5.3,48.2,13.91,-6.02,19.18,44.51,13.2,21.04,-53.53,-56.25
2018-10-21 02:00:00,4.33,46.62,12.62,-6.99,19.08,45.68,46.3,19.83,-53.88,-56.58
2018-10-22 02:00:00,3.26,44.85,10.75,-7.81,18.29,47.14,100.0,53.17,-54.29,-56.97
2018-10-23 02:00:00,0.98,41.29,7.91,-9.76,17.83,50.66,100.0,82.1,-55.28,-57.9
2018-10-24 02:00:00,2.64,43.34,9.2,-8.17,17.28,47.93,55.6,85.2,-54.5,-57.17
2018-10-25 02:00:00,2.96,43.51,8.83,-7.66,16.39,47.27,31.78,62.46,-54.3,-56.98
2018-10-26 02:00:00,4.32,45.19,9.56,-6.23,15.53,44.96,0.0,29.13,-53.62,-56.34
2018-10-27 02:00:00,5.62,46.85,10.44,-4.98,15.02,42.77,0.0,10.59,-52.94,-55.7
2018-10-28 02:00:00,4.72,45.41,8.7,-5.48,13.96,44.12,26.19,8.73,-53.26,-56.0
2018-10-29 01:00:00,8.0,49.91,11.53,-2.48,13.41,39.2,0.0,8.73,-51.65,-54.48
2018-10-30 01:00:00,6.12,47.18,8.27,-3.49,11.48,42.28,53.5,26.56,-52.38,-55.17
2018-10-31 01:00:00,4.04,44.08,6.11,-4.59,10.62,45.88,100.0,51.17,-53.24,-55.98
2018-11-01 01:00:00,4.29,44.23,6.37,-3.73,9.98,45.19,89.72,81.08,-53.04,-55.8
2018-11-02 01:00:00,2.38,41.3,4.55,-5.17,9.75,48.77,100.0,96.57,-53.86,-56.57
2018-11-03 01:00:00,1.82,40.23,3.83,-4.85,8.72,49.74,100.0,96.57,-54.08,-56.77
2018-11-04 01:00:00,-3.21,32.79,-0.78,-10.05,9.8,59.09,100.0,100.0,-56.41,-58.97
2018-11-05 01:00:00,-2.74,32.95,-0.2,-9.84,10.15,58.23,93.84,97.95,-56.25,-58.81
2018-11-06 01:00:00,-3.69,31.13,-0.53,-11.28,11.43,60.14,100.0,97.95,-56.74,-59.28
2018-11-07 01:00:00,-2.3,32.57,1.43,-10.1,12.05,56.87,68.52,87.46,-56.16,-58.73
2018-11-08 01:00:00,0.51,36.05,4.51,-7.28,11.96,50.63,0.0,56.17,-54.89,-57.53
2018-11-09 01:00:00,1.77,37.48,5.94,-5.93,11.86,48.07,0.0,22.84,-54.29,-56.97
2018-11-10 01:00:00,3.81,40.04,8.22,-4.03,11.99,44.25,0.0,0.0,-53.31,-56.05
2018-11-11 01:00:00,1.89,37.19,6.29,-5.74,12.0,47.98,29.57,9.86,-54.13,-56.82
2018-11-12 01:00:00,2.53,37.8,6.81,-5.15,11.85,46.62,37.11,22.22,-53.8,-56.51
2018-11-13 01:00:00,2.4,37.38,6.7,-5.25,11.86,46.68,63.61,43.43,-53.81,-56.52
2018-11-14 01:00:00,16.43,56.54,23.92,4.9,16.62,29.7,0.0,33.57,-47.18,-50.28
2018-11-15 01:00:00,19.59,61.25,30.08,4.75,21.58,27.25,0.0,21.2,-45.39,-48.59
2018-11-16 01:00:00,21.62,64.53,35.03,3.63,26.32,25.66,0.0,0.0,-44.06,-47.34
2018-11-17 01:00:00,19.26,61.77,34.2,-0.45,29.65,28.1,11.63,3.88,-44.78,-48.02
2018-11-18 01:00:00,17.53,59.8,33.73,-3.28,32.12,29.73,100.0,37.21,-45.25,-48.46
2018-11-19 01:00:00,42.05,94.52,67.74,10.08,41.51,19.46,0.0,37.21,-33.03,-36.96
2018-11-20 01:00:00,51.38,109.07,85.27,9.43,51.46,17.32,0.0,33.33,-27.64,-31.89
2018-11-21 01:00:00,45.64,102.69,82.43,-0.29,58.64,20.41,24.89,8.3,-29.5,-33.63
2018-11-22 01:00:00,52.42,113.96,95.09,-1.89,66.15,18.71,11.22,12.04,-25.18,-29.56
2018-11-23 01:00:00,45.59,105.91,88.61,-10.73,71.5,22.53,100.0,45.37,-27.62,-31.86
2018-11-24 01:00:00,64.37,134.83,115.47,-5.78,78.31,18.79,28.32,46.51,-16.97,-21.84
2018-11-25 01:00:00,62.83,134.94,114.62,-12.1,83.78,18.65,0.0,42.77,-16.46,-21.36
2018-11-26 01:00:00,73.42,153.0,129.11,-12.28,89.25,16.97,0.0,9.44,-9.49,-14.8
2018-11-27 01:00:00,59.22,134.47,108.68,-22.61,91.79,23.47,100.0,33.33,-15.64,-20.58
2018-11-28 01:00:00,43.12,112.22,84.79,-31.5,91.82,31.86,100.0,66.67,-23.23,-27.73
2018-11-29 01:00:00,46.87,119.43,86.49,-30.63,91.56,30.34,89.83,96.61,-20.19,-24.87
2018-11-30 01:00:00,52.52,129.76,90.47,-29.04,91.42,28.49,77.38,89.07,-15.96,-20.89
2018-12-01 01:00:00,46.33,122.06,77.32,-31.06,88.02,30.97,89.46,85.56,-18.33,-23.12
2018-12-02 01:00:00,46.76,124.35,71.1,-28.88,82.55,30.34,55.02,73.95,-17.03,-21.89
2018-12-03 01:00:00,56.2,140.88,73.18,-20.98,74.67,27.53,0.0,48.16,-10.39,-15.64
2018-12-04 01:00:00,47.48,129.13,59.07,-24.05,70.74,31.41,100.0,51.67,-14.28,-19.31
2018-12-05 01:00:00,60.44,151.57,69.16,-16.9,68.23,27.9,9.58,36.53,-5.31,-10.87
2018-12-06 01:00:00,75.31,177.91,81.38,-9.73,67.08,25.01,0.0,36.53,5.27,-0.9
2018-12-07 01:00:00,70.6,173.27,69.99,-10.04,61.58,25.79,12.19,7.26,4.18,-1.93
2018-12-08 01:00:00,73.09,180.23,62.06,-3.41,50.62,24.95,0.0,4.06,7.52,1.21
2018-12-09 01:00:00,62.06,164.82,49.86,-9.16,49.04,28.94,100.0,37.4,2.24,-3.75
2018-12-10 01:00:00,70.87,182.11,58.74,-5.82,51.05,26.83,47.17,49.06,9.62,3.2
2018-12-11 01:00:00,76.12,193.96,63.18,-4.19,52.02,25.54,14.71,53.96,14.99,8.25
2018-12-12 01:00:00,66.31,180.29,54.03,-10.23,52.72,28.72,94.45,52.11,10.35,3.88
2018-12-13 01:00:00,75.72,199.35,61.48,-5.75,52.58,26.6,31.16,46.78,18.64,11.69
2018-12-14 01:00:00,82.01,213.62,70.08,-5.4,57.04,25.21,0.0,41.87,25.15,17.81
2018-12-15 01:00:00,78.13,210.32,68.51,-9.76,60.5,25.5,8.29,13.15,24.67,17.36
2018-12-16 01:00:00,73.81,205.97,67.13,-13.95,64.05,26.11,25.45,11.25,23.76,16.5
2018-12-17 01:00:00,52.53,170.58,46.62,-24.37,63.89,35.55,100.0,44.58,10.14,3.68
2018-12-18 01:00:00,41.04,151.64,32.45,-27.93,59.04,40.66,100.0,75.15,3.05,-3.0
2018-12-19 01:00:00,42.22,155.26,30.94,-25.38,54.79,39.6,93.0,97.67,5.17,-1.0
2018-12-20 01:00:00,17.4,110.87,7.97,-37.66,53.58,52.74,100.0,97.67,-12.66,-17.78
2018-12-21 01:00:00,23.68,122.66,12.02,-32.54,49.65,48.82,77.17,90.06,-7.27,-12.7
2018-12-22 01:00:00,22.66,121.26,9.55,-31.38,45.94,48.87,70.55,82.57,-7.34,-12.77
2018-12-23 01:00:00,19.75,116.3,7.37,-32.42,45.49,50.08,79.79,75.83,-8.93,-14.27
2018-12-24 01:00:00,13.23,104.45,1.79,-35.67,45.1,53.72,100.0,83.44,-13.48,-18.55
2018-12-25 01:00:00,23.34,123.19,11.69,-29.37,45.04,47.13,0.0,59.93,-5.02,-10.59
2018-12-26 01:00:00,25.73,128.13,15.34,-27.21,45.23,45.46,0.0,33.33,-2.37,-8.1
2018-12-27 01:00:00,39.35,154.2,29.17,-18.76,45.57,39.62,0.0,-0.0,9.45,3.03
2018-12-28 01:00:00,21.44,121.91,14.13,-28.37,45.75,47.91,58.81,19.6,-3.93,-9.56
2018-12-29 01:00:00,26.72,132.22,20.19,-24.57,45.76,45.19,67.13,41.98,1.11,-4.82
2018-12-30 01:00:00,23.4,126.61,18.33,-25.42,45.36,46.38,81.49,69.14,-0.78,-6.59
2018-12-31 01:00:00,28.76,137.23,24.54,-20.51,44.16,43.63,48.34,65.65,4.48,-1.65
2019-01-01 01:00:00,21.3,123.84,18.47,-23.86,43.51,47.07,80.38,70.07,-0.87,-6.68
2019-01-02 01:00:00,11.38,105.34,9.96,-28.23,42.03,52.26,100.0,76.24,-8.6,-13.96
2019-01-03 01:00:00,17.26,116.31,15.69,-20.94,37.62,48.59,57.44,79.27,-3.19,-8.87
2019-01-04 01:00:00,14.44,111.07,12.4,-18.98,32.45,49.83,71.9,76.44,-5.04,-10.61
2019-01-05 01:00:00,16.53,115.02,13.16,-12.92,26.05,48.27,23.09,50.81,-2.74,-8.44
2019-01-06 01:00:00,4.64,92.49,2.52,-20.34,25.09,55.25,100.0,65.0,-12.51,-17.64
2019-01-07 01:00:00,8.48,99.21,7.04,-16.38,24.57,52.33,58.21,60.44,-9.0,-14.34
2019-01-08 01:00:00,8.33,98.56,7.31,-15.0,23.19,52.21,56.41,71.54,-8.85,-14.19
2019-01-09 01:00:00,9.43,100.28,7.9,-13.53,22.05,51.15,41.29,51.97,-7.6,-13.02
2019-01-10 01:00:00,26.35,131.87,26.0,-1.28,24.29,41.81,0.0,32.57,7.59,1.28
2019-01-11 01:00:00,24.5,129.03,25.18,-3.49,25.87,42.27,4.41,15.24,6.87,0.61
2019-01-12 01:00:00,25.03,130.56,26.39,-3.83,27.16,41.61,0.0,1.47,8.2,1.85
2019-01-13 01:00:00,29.68,139.97,30.87,-0.97,27.7,39.24,0.0,1.47,13.28,6.63
2019-01-14 01:00:00,20.12,122.56,21.69,-8.4,28.22,44.49,100.0,33.33,5.64,-0.56
2019-01-15 01:00:00,22.61,127.6,25.12,-6.9,29.35,42.86,68.87,56.29,8.64,2.27
2019-01-16 01:00:00,18.68,120.52,21.71,-8.8,28.66,44.89,100.0,89.62,5.84,-0.37
2019-01-17 01:00:00,19.01,121.36,22.52,-8.73,29.23,44.28,89.23,86.03,6.83,0.56
2019-01-18 01:00:00,20.31,124.06,24.78,-7.93,30.17,43.1,11.93,67.05,8.73,2.36
2019-01-19 01:00:00,16.05,116.18,20.87,-11.15,30.54,45.79,100.0,67.05,5.48,-0.71
2019-01-20 01:00:00,22.28,128.19,28.57,-6.67,31.77,41.68,0.0,37.31,11.96,5.4
2019-01-21 01:00:00,19.75,123.73,26.64,-8.99,32.75,42.96,31.12,43.71,10.39,3.91
2019-01-22 01:00:00,14.42,113.74,20.09,-12.65,31.57,46.65,100.0,43.71,6.02,-0.2
2019-01-23 01:00:00,16.48,117.66,22.32,-11.15,31.7,44.81,63.0,64.71,8.55,2.18
2019-01-24 01:00:00,13.24,111.49,18.48,-13.36,31.04,47.05,100.0,87.67,6.04,-0.18
2019-01-25 01:00:00,10.62,106.33,15.56,-15.11,30.6,48.94,100.0,87.67,3.98,-2.12
2019-01-26 01:00:00,13.04,110.74,14.91,-11.3,25.74,46.53,41.51,80.5,6.76,0.5
2019-01-27 01:00:00,11.03,106.75,10.46,-11.23,21.78,47.98,76.59,72.7,5.29,-0.89
2019-01-28 01:00:00,17.08,118.12,13.3,-4.23,16.77,42.8,0.0,39.37,11.68,5.13
2019-01-29 01:00:00,17.12,118.31,9.07,-0.84,9.51,42.3,0.0,25.53,12.39,5.8
2019-01-30 01:00:00,14.0,112.42,6.65,-3.17,9.65,44.78,43.76,14.59,9.94,3.49
2019-01-31 01:00:00,14.92,114.14,8.02,-2.22,9.95,43.55,22.04,21.93,11.42,4.89
2019-02-01 01:00:00,14.07,112.49,7.75,-2.73,10.22,43.85,62.51,42.77,11.15,4.63
2019-02-02 01:00:00,14.59,113.42,8.7,-1.59,9.94,42.87,23.06,35.87,12.24,5.65
2019-02-03 01:00:00,15.03,114.24,9.54,-1.24,10.35,41.93,0.0,28.52,13.27,6.63
2019-02-04 01:00:00,15.38,114.91,10.64,-1.08,11.19,41.03,0.0,7.69,14.24,7.54
2019-02-05 01:00:00,12.99,110.33,8.51,-2.96,11.15,43.53,88.68,29.56,12.39,5.8
2019-02-06 01:00:00,12.82,109.89,8.61,-2.96,11.26,43.15,84.57,57.75,12.74,6.13
2019-02-07 01:00:00,12.3,108.77,8.52,-3.27,11.49,43.17,85.51,86.25,12.73,6.12
2019-02-08 01:00:00,0.26,85.53,-1.93,-14.36,13.54,59.04,100.0,90.03,0.65,-5.25
2019-02-09 01:00:00,0.0,84.22,-0.74,-14.98,15.45,59.33,100.0,95.17,0.39,-5.49
2019-02-10 01:00:00,-2.82,78.01,-1.71,-18.25,18.38,62.73,100.0,100.0,-2.56,-8.27
2019-02-11 01:00:00,0.24,82.81,2.18,-15.93,19.44,57.35,72.51,90.84,0.52,-5.37
