timestamp,ema50_dist_eos_btc_15m,ema200_dist_eos_btc_15m,upper_bb_dist_eos_btc_15m,lower_bb_dist_eos_btc_15m,width_bb_eos_btc_15m,rsi_eos_btc_15m,stoch_rsi_fastk_eos_btc_15m,stoch_rsi_fastd_eos_btc_15m,kijun_dist_eos_btc_15m,tenkan_dist_eos_btc_15m
2019-02-06 16:15:00,,,,,,,,,10.29583211891576,10.740308947828625
2019-02-06 16:30:00,,,,,,,,,10.456800934033872,10.90192644483363
2019-02-06 16:45:00,,,,,,,,,10.360163312919223,10.804899387576562
2019-02-06 17:00:00,,,,,,,,,10.424569594397436,10.869565217391308
2019-02-06 17:15:00,,,,,,,,,10.440682912593013,10.885743470013121
2019-02-06 17:30:00,,,,,,,,,10.456800934033872,10.90192644483363
2019-02-06 17:45:00,,,,,,,,,10.489051094890511,10.934306569343066
2019-02-06 18:00:00,,,,,,,,,10.424569594397436,10.869565217391308
2019-02-06 18:15:00,,,,,,,,,10.151360791733378,10.59525542133606
2019-02-06 18:30:00,,,,,,,,,10.23157588115351,10.675793766385077
2019-02-06 18:45:00,,,,,,,,,10.1032877509456,10.546988652894962
2019-02-06 19:00:00,,,,,,,,,10.23157588115351,10.675793766385077
2019-02-06 19:15:00,,,,,,,,,10.055256652610156,10.498763995928462
2019-02-06 19:30:00,,,,,,,,,10.215523518275793,10.659676714722565
2019-02-06 19:45:00,,,,,,52.873563218391205,,,10.215523518275793,10.659676714722565
2019-02-06 20:00:00,,,,,,41.96491228070203,,,10.553607946245979,10.999123575810676
2019-02-06 20:15:00,,,,,,44.88079979492442,,,10.472923660779454,10.918114143920587
2019-02-06 20:30:00,,,,,,52.13284426041446,,,10.247632920611792,10.691915513474125
2019-02-06 20:45:00,,,,,,52.13284426041446,,,10.247632920611792,10.691915513474125
2019-02-06 21:00:00,,,0.1494683023388843,-0.35622427205351803,0.5062158901787023,53.648443772443514,,,10.199475829935945,10.64356435643563
2019-02-06 21:15:00,,,0.1577799381049516,-0.355799740085172,0.514088676880111,53.648443772443514,100.0,97.73660078834747,10.199475829935945,10.64356435643563
2019-02-06 21:30:00,,,0.04422571341879955,-0.4949381298189226,0.5403816267816555,58.70331542361457,100.0,100.0,10.039255597557428,10.482698458854323
2019-02-06 21:45:00,,,0.109617352055702,-0.4485264429647917,0.5590912004729287,56.705404133921846,69.59257197744626,89.86419065914875,10.087272727272723,10.530909090909102
2019-02-06 22:00:00,,,0.04441155087995252,-0.5457193102522351,0.5916137639843615,60.116314614866326,99.99999999999999,89.86419065914875,9.97529787852367,10.418482999128154
2019-02-06 22:15:00,,,0.13339393894038487,-0.4547549975415066,0.5890954982465667,56.68126649848744,46.890588880526465,72.16105361932425,10.055256652610156,10.498763995928462
2019-02-06 22:30:00,,,0.2476403238067526,-0.31169622714057876,0.5595157523820746,51.600821457654156,0.0,48.96352962684216,10.183432814092285,10.627456689474446
2019-02-06 22:45:00,,,0.26574311181990495,-0.24681199197137405,0.512506592172688,50.38494980227475,0.0,15.630196293508831,10.215523518275793,10.659676714722565
2019-02-06 23:00:00,,,0.06592345544740308,-0.44226754146889924,0.5091490731291767,58.31777614435818,81.51812715744671,27.172709052482247,9.97529787852367,10.418482999128154
2019-02-06 23:15:00,,,0.09863464900619068,-0.4314351140548123,0.5309532705377741,57.65593772152302,91.65696569803721,57.72503095182799,9.991280337160301,10.434529864845231
2019-02-06 23:30:00,,,0.15510074507414373,-0.38336477531546453,0.5390807841516889,55.61672572481794,65.95097001920692,79.70868762489697,10.039255597557428,10.482698458854323
2019-02-06 23:45:00,,,0.20021065040534136,-0.33984701404162765,0.5404349863283286,53.57605129544323,40.226539137000564,65.94482495141492,10.087272727272723,10.530909090909102
2019-02-07 00:00:00,,,0.16803429106659884,-0.3773974780395095,0.546003334096731,55.340725948546456,37.21588049350943,47.797796549905655,10.039255597557428,10.482698458854323
2019-02-07 00:15:00,,,0.16979406716333134,-0.3777033431155763,0.548067151502122,55.340725948546456,43.25303375659989,40.231817795703314,10.039255597557428,10.482698458854323
2019-02-07 00:30:00,,,0.1801165676185379,-0.37203282234367085,0.5526797310824575,55.340725948546456,86.47507057967825,55.64799494326254,10.039255597557428,10.482698458854323
2019-02-07 00:45:00,,,0.17665392339880626,-0.3801718765895967,0.557392997398173,56.03646750814381,100.0,76.5760347787594,10.023259194650391,10.466637592673367
2019-02-07 01:00:00,,,0.2513218184037269,-0.18582916813442152,0.43700788251608125,49.4053740450953,0.0,62.15835685989276,10.151360791733378,10.59525542133606
2019-02-07 01:15:00,,,0.13868969931780661,-0.182319716769741,0.32107945959967576,53.13788415935019,56.28800340478007,52.0960011349267,10.071262361838285,10.514834205933688
2019-02-07 01:30:00,,,0.09431395428249889,-0.20479512887173756,0.29927440409266776,55.27009671603369,88.44276895838242,48.24359078772085,10.023259194650391,10.466637592673367
2019-02-07 01:45:00,,,-0.19225830873093042,-0.6677387956558367,0.47753387567655153,69.30695775371883,100.0,81.57692412105418,9.577240480671767,10.018821485449525
2019-02-07 02:00:00,,,-0.15528143204541767,-0.7851120864730055,0.6328060881464571,71.05382492122618,100.0,96.14758965279417,9.497974537037045,9.939236111111116
2019-02-07 02:15:00,,,-0.1523674953745835,-0.9430082271686846,0.7949948219315501,73.63898119829064,100.0,100.00000000000001,9.371387283236988,9.812138728323694
2019-02-07 02:30:00,,,-0.1387987891368403,-1.1140880468907932,0.981437407797021,75.95190332085136,100.0,100.00000000000001,9.245092378752883,9.685334872979201
2019-02-07 02:45:00,,,0.04146391180170905,-1.0268706449326759,1.0736243400018342,70.15186606152122,12.71505235470252,70.90501745156753,9.355584453113707,9.796272214997837
2019-02-07 03:00:00,,,0.17925843072323921,-0.94426204605218,1.127834463987643,65.53245655360975,0.0,37.571684118234195,9.45046999276935,9.891540130151855
2019-02-07 03:15:00,,,0.13091121465178546,-1.0596993122972465,1.196165448104104,68.5099073568534,28.575901098747977,13.763651151150185,9.323992488805445,9.764552939477111
2019-02-07 03:30:00,,,0.21960477720321947,-0.988390904370795,1.2126570511637484,66.20044379419777,6.410966489009267,11.6622891959191,9.371387283236988,9.812138728323694
2019-02-07 03:45:00,,,0.21739432440595063,-0.991625149192843,1.2137179628961516,67.38448458336906,40.092311075418166,25.026392887725155,9.323992488805445,9.764552939477111
2019-02-07 04:00:00,,,0.21388436424152335,-1.0381950326404987,1.257261266255728,68.94651481364266,99.99999999999999,48.83442585480916,9.26086328858091,9.701169337375482
2019-02-07 04:15:00,,,0.3713081071838653,-0.8830166934804429,1.2575422765670483,61.77745205244448,0.0,46.69743702513941,9.403006649320611,9.843885516045091
2019-02-07 04:30:00,-0.47273253290904815,,0.4558314731345936,-0.7726259183826856,1.2304063209566733,58.15934235689099,0.0,33.33333333333335,9.482135107767963,9.92333285114999
2019-02-07 04:45:00,-0.6887700534759733,,0.2456179167065642,-0.9728906439792961,1.22295567222121,65.54749896119849,68.49020569503605,22.83006856501204,9.213564213564208,9.653679653679648
2019-02-07 05:00:00,-0.5790760386120253,,0.34992170526055855,-0.8380788398648531,1.1909072945879364,61.42491804557951,30.272767973080864,32.92099122270566,9.308203350664357,9.74870017331022
2019-02-07 05:15:00,-0.5839507909274344,,0.3339704895630957,-0.8104359819107843,1.1471393330093407,62.276618938251474,55.728063194545726,51.49701228755424,9.276638752526711,9.717008374241987
2019-02-07 05:30:00,-0.43676907341163584,,0.4545186126218237,-0.6149928066365495,1.0703702532768238,56.25718767009871,0.0,28.666943722542225,9.418823189243897,9.859765794419562
2019-02-07 05:45:00,-0.53014922448823,,0.3321484093737004,-0.6570581566661238,0.9908161952378548,59.96175605339038,39.87561091565028,31.867891370065365,9.29241877256317,9.732851985559577
2019-02-07 06:00:00,-0.57831221344955,,0.22271215070532868,-0.6065505345437594,0.830857259788084,62.12096429737019,97.41413043945184,45.763247118367396,9.213564213564208,9.653679653679648
2019-02-07 06:15:00,-0.4728579148431278,,0.24629675633520698,-0.38783344033292977,0.6345792779017833,58.07367065242461,30.17698685150601,55.822242735536065,9.308203350664357,9.74870017331022
2019-02-07 06:30:00,-0.4957281167930927,,0.09729003941674197,-0.25608894226070156,0.35365978560710826,59.494668452312716,55.21152983824457,60.93421570973417,9.26086328858091,9.701169337375482
2019-02-07 06:45:00,-0.37958042782009205,,0.18020763320467648,-0.11806890488103017,0.29818389424572334,54.82539011407637,0.0,28.46283889658356,9.371387283236988,9.812138728323694
2019-02-07 07:00:00,-0.3508614569861179,,0.1857030888642086,-0.08453239945823698,0.27009885788414295,54.171314835643244,0.0,18.40384327941489,9.387194681312327,9.828009828009844
2019-02-07 07:15:00,-0.4200549603552317,,0.10231648290557338,-0.16729843236408248,0.2697025442551616,57.45127443505677,61.61453541509445,20.53817847169818,9.29241877256317,9.732851985559577
2019-02-07 07:30:00,-0.30677332058608453,,0.19482040723752814,-0.0719525263471299,0.26660914508124156,52.711397154012666,0.0,20.53817847169818,9.403006649320611,9.843885516045091
2019-02-07 07:45:00,-0.2115974314602309,,0.29005935163186614,-0.006494536817058805,0.29613402250266513,48.98117638574341,0.0,20.53817847169818,9.497974537037045,9.939236111111116
2019-02-07 08:00:00,-0.23103311515256797,,0.26236475187462194,-0.03818193440283668,0.30021017646149784,50.24512402964426,14.922467680327657,4.974155893442583,9.466300260341342,9.907434191495511
2019-02-07 08:15:00,-0.23583509832297844,,0.24765632729779608,-0.06399761435494922,0.31136801440885287,50.90011275852082,22.65542100699733,12.525962895775026,9.45046999276935,9.891540130151855
2019-02-07 08:30:00,-0.15722932249444543,,0.3285628279675823,-0.014525201339510296,0.3425501611091077,47.53089661277688,0.0,12.525962895775026,9.529667149059339,9.971056439942117
2019-02-07 08:45:00,-0.16494385564189695,,0.3154665358297448,-0.047777344685218104,0.36275834807109264,48.2684279602351,21.890294820944824,14.848571942647416,9.513818550137444,9.955143973375758
2019-02-07 09:00:00,-0.11681943734095368,,0.3549899789162758,-0.0278330594026599,0.3821978449708979,46.171623532156026,0.0,7.296764940314972,9.561378112333529,10.00289519397799
2019-02-07 09:15:00,-0.05663793931455219,,0.42599662320541576,-0.0030534018844119437,0.4281446207643369,43.46071386670009,0.0,7.296764940314972,9.624855156431057,10.066628041714942
2019-02-07 09:30:00,-0.16555574935990247,,0.31022302692416126,-0.1206975639611918,0.43051262536219426,49.80801302492919,100.0,33.333333333333364,9.497974537037045,9.939236111111116
2019-02-07 09:45:00,-0.24225449279574596,,0.20071129248697694,-0.2021567969680671,0.40287100121423136,53.980777485513386,100.0,66.6666666666667,9.403006649320611,9.843885516045091
2019-02-07 10:00:00,-0.26045537934060725,,0.16538857746239977,-0.23041747919653188,0.39593479268256765,55.31436298385509,100.0,100.00000000000004,9.371387283236988,9.812138728323694
2019-02-07 10:15:00,-0.1670813127862547,,0.23706202302529178,-0.1459425552786997,0.3828301619010376,50.57895524453119,60.05105522762048,86.68368507587354,9.466300260341342,9.907434191495511
2019-02-07 10:30:00,-0.24369491565682244,,0.15315202556722696,-0.23118670764814553,0.3844887505024108,54.75068490929554,89.76312659449088,83.27139394070383,9.371387283236988,9.812138728323694
2019-02-07 10:45:00,-0.17870488438548326,,0.19774646000425555,-0.17316577752884976,0.37086665675545016,51.62219929031141,22.030712099338015,57.28163130714984,9.434644303065355,9.875650665124347
2019-02-07 11:00:00,-0.07452690591156497,,0.2683532797650212,-0.07150858444011643,0.3395276930786292,46.60355530982567,0.0,37.26461289794301,9.545520335793878,9.98697351280937
2019-02-07 11:15:00,-0.16877718406367315,,0.152179687547771,-0.1695307575304339,0.32173835760198877,51.6641750326032,62.11537033984111,28.048694146393085,9.434644303065355,9.875650665124347
2019-02-07 11:30:00,-0.2729802767419742,,0.026165848477699427,-0.2789099270450457,0.30546179382082966,56.71336612795327,100.0,54.038456779947076,9.308203350664357,9.74870017331022
2019-02-07 11:45:00,-0.16530927318004762,,0.12246803138671325,-0.17740514285119469,0.299955567700186,51.63110656463549,49.72942961301574,70.61493331761899,9.418823189243897,9.859765794419562
2019-02-07 12:00:00,-0.2696362083577153,,0.02201800997549963,-0.29927432766504447,0.32173835760198877,56.435920646455074,97.2556807789052,82.32837013064037,9.29241877256317,9.732851985559577
2019-02-07 12:15:00,-0.20368332356194285,,0.06872582834587249,-0.23633166565262265,0.30531335550143646,53.57048473385132,38.159762307570475,61.71495756649719,9.355584453113707,9.796272214997837
2019-02-07 12:30:00,-0.12637623991041957,,0.13860875339191114,-0.16463535836589438,0.30328357896733743,50.14326174262544,0.0,45.138481028825275,9.434644303065355,9.875650665124347
2019-02-07 12:45:00,0.14292407416183206,,0.4413302103792205,0.06178708699644542,0.37859074561902956,39.73917597195905,0.0,12.719920769190205,9.736117152385093,10.178338408003484
2019-02-07 13:00:00,0.011929437985758184,,0.31185042356816073,-0.08161584494089658,0.39301384162795583,45.506923748198716,34.544145512686654,11.514715170895599,9.593107442803351,10.034752389226753
2019-02-07 13:15:00,0.05322167468464478,,0.358313291545298,-0.058443669641805585,0.4161330329108996,43.99530942129745,30.771733337808257,21.771959616831683,9.640735911922338,10.082572794437205
2019-02-07 13:30:00,0.05113455018719293,,0.3624509153452138,-0.0727218120568085,0.43454322830263087,43.995309421297435,40.90828875458008,35.40805586835838,9.640735911922338,10.082572794437205
2019-02-07 13:45:00,0.21652598358521402,,0.5633628722882644,0.04612776767687343,0.5156636437900876,38.1209959547137,0.0,23.89334069746283,9.83166448991437,10.27427078798433
2019-02-07 14:00:00,0.026730588381274067,,0.37491667571438736,-0.14896070815936246,0.5232861856917546,46.46102533506992,100.0,46.96942958486007,9.624855156431057,10.066628041714942
2019-02-07 14:15:00,-0.016059720241112796,,0.3304109696119939,-0.1870781188808901,0.5171184881575149,48.19622037873139,100.0,66.66666666666671,9.577240480671767,10.018821485449525
2019-02-07 14:30:00,0.08202529156704497,,0.43427216052114304,-0.10528665327477205,0.5386727361791558,44.566692614565284,63.97571298249293,87.99190432749769,9.688405797101463,10.130434782608688
2019-02-07 14:45:00,0.05094502610445417,,0.3959342221108608,-0.14817994798742573,0.5434409709818228,45.822075331580095,76.43580979207053,80.13717425818787,9.65662126919733,10.098522167487678
2019-02-07 15:00:00,-0.03454504030997452,,0.29301970820405643,-0.23656342563311838,0.5294336845486837,49.515817839805685,100.0,80.13717425818787,9.561378112333529,10.00289519397799
2019-02-07 15:15:00,0.18978178796502654,,0.531361637484995,-0.04238891548847823,0.5723512322735507,41.40834439692418,0.0,58.81193659735689,9.815728380731281,10.258270458502627
2019-02-07 15:30:00,0.23823992863429844,,0.584953911368502,-0.02601082193766091,0.6092620193293901,39.66003086860218,0.0,33.33333333333338,9.87950058072009,10.322299651567945
2019-02-07 15:45:00,0.11717174717149614,,0.45582540844510966,-0.15855162654256905,0.6134651993882361,44.68983511896694,51.03401955684279,17.01133985228098,9.752030162412995,10.194315545243615
2019-02-07 16:00:00,0.0011155853277378114,,0.3355447637440445,-0.27760733616583044,0.6129745290729395,49.24601469437627,97.26249008610148,49.43216988098147,9.624855156431057,10.066628041714942
2019-02-07 16:15:00,-0.05456192293666895,,0.2647948385880783,-0.3342794940599969,0.599282537351275,51.401634809907414,100.0,82.7655032143148,9.561378112333529,10.00289519397799
2019-02-07 16:30:00,-0.06632092388354494,,0.21475033846183322,-0.33488349810868456,0.5499641812444565,51.9510625193218,100.0,99.0874966953672,9.545520335793878,9.98697351280937
2019-02-07 16:45:00,-0.022010845620057395,,0.238444874843613,-0.2876774262482118,0.5262518446968083,50.120395629089764,74.7884649619626,91.59615498732092,9.593107442803351,10.034752389226753
2019-02-07 17:00:00,0.13209817260944057,,0.3436497924703019,-0.11739888601637327,0.46052770443380286,43.99821592714015,0.0,58.26282165398758,9.767947788252362,10.210297316896288
2019-02-07 17:15:00,0.16879481782505756,,0.3415318561431846,-0.07020277895224414,0.411176813967939,42.474401423669725,0.0,24.929488320654247,9.815728380731281,10.258270458502627
2019-02-07 17:30:00,0.16217541320444617,,0.3074959727300097,-0.07098987870800544,0.37803880902745496,42.47440142366971,0.0,4.7369515717340014e-14,9.815728380731281,10.258270458502627
2019-02-07 17:45:00,0.07210937652415428,,0.2203760274463562,-0.15658942263339082,0.376845261680826,46.751997011441055,55.94557715907062,18.648525719690255,9.72020875616122,10.162365903160332
2019-02-07 18:00:00,-0.08379773616137287,,0.06774918840615207,-0.31814721995925277,0.3863801525135154,53.5687159663887,100.0,51.981859053023584,9.545520335793878,9.98697351280937
2019-02-07 18:15:00,0.016849423020870447,,0.16803999087289245,-0.2173010746167492,0.38543600046512294,49.248045888021394,61.05509662872422,72.33355792926498,9.65662126919733,10.098522167487678
2019-02-07 18:30:00,0.016188661333793597,,0.16683011565878925,-0.2175400548068751,0.38446765212188944,49.248045888021394,61.05509662872422,74.03673108581619,9.65662126919733,10.098522167487678
2019-02-07 18:45:00,0.015553811869728484,,0.16487030071341557,-0.1996428304149589,0.36457651736725766,49.248045888021394,36.61657306215742,52.90892210653533,9.65662126919733,10.098522167487678
2019-02-07 19:00:00,0.028868416531602215,,0.17598027454550635,-0.18612373201547516,0.3621223724254117,48.549364097159234,0.0,32.55722323029392,9.672511230256475,10.11447616287493
2019-02-07 19:15:00,0.01381192772129669,,0.15317443124622798,-0.19953780418161537,0.3527940190312058,49.32361326474226,100.0,45.53885768738585,9.65662126919733,10.098522167487678
2019-02-07 19:30:00,0.027194599053492752,,0.16842966970207485,-0.18436938858340524,0.3528271781156461,48.53702433285968,0.0,33.33333333333338,9.672511230256475,10.11447616287493
2019-02-07 19:45:00,-0.01563223798837221,,0.12753770243565388,-0.2274797650080762,0.35519496202932943,51.058618049595495,100.0,66.66666666666671,9.624855156431057,10.066628041714942
2019-02-07 20:00:00,-0.11231972780680888,,0.03447071464497409,-0.33254624640596253,0.3675647713743689,56.423872474192336,100.0,66.66666666666671,9.513818550137444,9.955143973375758
2019-02-07 20:15:00,-0.09402639058132545,,0.06135485159075582,-0.30448075607697467,0.3662808695062057,55.48803574175359,88.13421133932707,96.04473711310906,9.529667149059339,9.971056439942117
2019-02-07 20:30:00,0.006997822524068553,,0.14987553710865686,-0.16870792882238694,0.318613467199132,49.321311377872625,9.944239206315222,66.0261501818808,9.640735911922338,10.082572794437205
2019-02-07 20:45:00,0.0067233981113634655,,0.14926514433015736,-0.1579570174288225,0.3072355140194829,49.321311377872625,0.0,32.692816848547466,9.640735911922338,10.082572794437205
2019-02-07 21:00:00,0.5101813139881006,,0.7666600005075797,0.2192144716054223,0.5447602030142934,29.660335440323628,0.0,3.31474640210511,10.215523518275793,10.659676714722565
2019-02-07 21:15:00,0.5183078105041483,,0.8422026769036917,0.1395890201101313,0.6991814043062814,28.96942382765697,0.0,3.611925573447176e-14,10.247632920611792,10.691915513474125
2019-02-07 21:30:00,0.4276935035432361,,0.7772181504847264,0.0015300300101772635,0.7726795066749041,33.16121530792825,20.59657351156534,6.8655245038551485,10.167394468704515,10.611353711790382
2019-02-07 21:45:00,0.42496828347236004,,0.797270506346881,-0.0431578261896548,0.8372713478358628,32.74500382520439,18.551497929770225,13.049357147111891,10.183432814092285,10.627456689474446
2019-02-07 22:00:00,0.380217651965542,,0.7769779250127229,-0.11622985340736802,0.890266568827249,34.51526908043395,100.0,46.38269048044523,10.151360791733378,10.59525542133606
2019-02-07 22:15:00,0.37934554569769574,,0.8003126082194889,-0.1423795660069227,0.9396012008437202,34.03291316753128,91.30239141344333,69.95129644773789,10.167394468704515,10.611353711790382
2019-02-07 22:30:00,0.4909793948981722,,0.950934373597323,-0.07496877091545118,1.021429459153846,29.97302466166394,0.0,63.767463804481146,10.311907885147932,10.756449497157838
2019-02-07 22:45:00,0.3592778918397821,,0.8283733319636388,-0.22857714620144742,1.0537901815077748,37.150162713193055,100.0,63.767463804481146,10.183432814092285,10.627456689474446
2019-02-07 23:00:00,-0.07410533463693136,,0.3708456959610196,-0.6578438116298879,1.0301677886617464,55.54879144711264,99.99999999999999,66.6666666666667,9.704304971735024,10.14639802869981
2019-02-07 23:15:00,0.0821224110150176,,0.5137630363012402,-0.5021486344428783,1.0158526781379515,49.79299221204215,77.49510588145789,92.49836862715267,9.87950058072009,10.322299651567945
2019-02-07 23:30:00,0.023093837659193817,,0.44077769926433863,-0.5597562250913124,1.001129488909411,51.75081333117818,85.15009091303054,87.5483989314962,9.815728380731281,10.258270458502627
2019-02-07 23:45:00,0.008246427117630795,,0.41218041427069085,-0.5732133462305833,0.9861878040690482,52.25210169304787,82.08187250397081,81.57568976615313,9.799796895401137,10.24227477150732
2019-02-08 00:00:00,0.03581053002914558,,0.4264888706709602,-0.5440334940927327,0.9710930986266173,51.10842105658426,22.85397371970709,63.361979045569534,9.83166448991437,10.27427078798433
2019-02-08 00:15:00,0.03440619551819957,,0.4090347209523504,-0.5425421944684983,0.9522125528817791,51.10842105658426,53.49208136939604,52.80930919769136,9.83166448991437,10.27427078798433
2019-02-08 00:30:00,0.005170239693219614,,0.3663895565520825,-0.5694941554204691,0.9368350895479012,52.31878964049639,100.0,58.78201836303443,9.799796895401137,10.24227477150732
2019-02-08 00:45:00,0.004967485195450649,,0.3455941190386502,-0.5646569363895404,0.9112491594691007,52.31878964049639,100.0,84.4973604564654,9.799796895401137,10.24227477150732
2019-02-08 01:00:00,-0.1483146942461211,,0.16604568697065059,-0.7135543775847464,0.8820146178981383,58.82139329781377,100.0,100.00000000000006,9.624855156431057,10.066628041714942
2019-02-08 01:15:00,-0.11469897274641871,,0.1728601226720583,-0.6741640925358006,0.84915263313791,57.291530681704636,80.16507037415109,93.38835679138374,9.65662126919733,10.098522167487678
2019-02-08 01:30:00,-0.01277129828348711,,0.257085487974984,-0.5674553211874378,0.8258223609045033,52.17653697564896,0.0,60.055023458050414,9.767947788252362,10.210297316896288
2019-02-08 01:45:00,-0.13750155346592408,,0.1290648500419822,-0.6983000759979041,0.8297264737236397,57.43799283552049,79.18088224603498,53.11531754006207,9.624855156431057,10.066628041714942
2019-02-08 02:00:00,-0.06257293762753635,,0.21778115269610598,-0.5960968506232955,0.8154204350744041,53.890746967220814,25.797547884577696,34.99281004353761,9.704304971735024,10.14639802869981
2019-02-08 02:15:00,0.009519945909408634,,0.2893977783376078,-0.4808686225499015,0.7710045253242914,50.53007108732916,0.0,34.99281004353761,9.783870031911812,10.226283724978247
2019-02-08 02:30:00,0.09284659552240004,,0.3719906659671812,-0.363279864573407,0.7352385079574892,46.76157968279942,0.0,8.599182628192613,9.87950058072009,10.322299651567945
2019-02-08 02:45:00,0.07524595945214152,,0.3487334765045036,-0.3400239395615068,0.6887274235813065,47.464816031296664,6.586822169934575,2.195607389978239,9.863550587893744,10.30628538249383
2019-02-08 03:00:00,0.10021752070148437,,0.3678554940977685,-0.277830809910129,0.6453957962442226,46.15177223760913,0.0,2.195607389978239,9.895455205459559,10.338318571221139
2019-02-08 03:15:00,0.06836617963983382,,0.32375015101513416,-0.26423498190492056,0.5878102147983562,47.709581251449045,35.58023486540961,14.055685678448109,9.863550587893744,10.30628538249383
2019-02-08 03:30:00,0.07964335805779044,,0.2812423608954173,-0.15348394045407998,0.43444877890072314,46.97778526366198,53.02402404366445,29.534752969691397,9.87950058072009,10.322299651567945
2019-02-08 03:45:00,0.14636968337677914,,0.31261848584760443,-0.019141804168087972,0.3312741837747871,43.393795619018746,0.0,29.534752969691397,9.959320063925613,10.40244079616446
2019-02-08 04:00:00,0.1685962881690095,,0.34042385456787283,-0.0148897752189181,0.3547362361166014,42.01308256775475,0.0,17.67467468122153,9.991280337160301,10.434529864845231
2019-02-08 04:15:00,-0.0055599403610440135,,0.16718922073528653,-0.1831474392178123,0.3503646159285519,51.90181097936192,100.0,33.33333333333338,9.799796895401137,10.24227477150732
2019-02-08 04:30:00,-0.1584131642257014,,0.030798297575596045,-0.3480057135663017,0.3794057627499668,58.832290079760796,100.0,66.66666666666671,9.624855156431057,10.066628041714942
2019-02-08 04:45:00,-0.04091755324171498,,0.14993117986805693,-0.2311376763877271,0.3812236454389573,52.866140661056974,64.52776140347274,88.1759204678243,9.752030162412995,10.194315545243615
2019-02-08 05:00:00,-0.17837914433765922,,0.031412583364764934,-0.38038449185011647,0.4125168591930648,58.527644096423984,98.1887019164289,87.57215443996726,9.593107442803351,10.034752389226753
2019-02-08 05:15:00,-0.213028281295502,,0.020592453002810096,-0.43020310577455145,0.45172070684536836,60.07691994734361,100.0,87.57215443996726,9.545520335793878,9.98697351280937
2019-02-08 05:30:00,-0.07962150434230875,,0.1580402368494438,-0.2971706716320077,0.4555277973839851,53.60701888865862,10.274593052801384,69.48776498974347,9.688405797101463,10.130434782608688
2019-02-08 05:45:00,0.07679184315394494,,0.3180760549520434,-0.14388531609299537,0.46155937420295434,46.95160213363547,0.0,36.758197684267174,9.863550587893744,10.30628538249383
2019-02-08 06:00:00,0.07378039832437455,,0.30199944906512677,-0.14958255256348751,0.45123812005941333,46.95160213363546,0.0,3.42486435093384,9.863550587893744,10.30628538249383
2019-02-08 06:15:00,-0.12411374128675767,,0.1008277631322052,-0.35289208299317254,0.45429240065031584,55.16743991353737,62.59534356814771,20.86511452271595,9.640735911922338,10.082572794437205
2019-02-08 06:30:00,-0.1331456065509551,,0.10098347018094866,-0.3689440727301929,0.4705579979344372,55.6952606124421,100.0,54.198447856049285,9.624855156431057,10.066628041714942
2019-02-08 06:45:00,-0.14182001139771971,,0.08894074693679421,-0.3843788352786093,0.47401979973273795,56.249957893243,100.0,87.53178118938263,9.608979000724105,10.050687907313538
2019-02-08 07:00:00,-0.08064785085527548,,0.15022368602508607,-0.3270096590724969,0.47765555911158697,53.371499665138025,69.04336312222938,89.68112104074318,9.672511230256475,10.11447616287493
2019-02-08 07:15:00,-0.1886456429915473,,0.060999460730193356,-0.44745191405197726,0.5094357382364355,58.00058944652265,100.0,89.68112104074318,9.545520335793878,9.98697351280937
2019-02-08 07:30:00,-0.22286981613107715,,0.049348677369076555,-0.4877167329246257,0.5382451577096768,59.61953205982461,100.0,89.68112104074318,9.497974537037045,9.939236111111116
2019-02-08 07:45:00,-0.25571954201806246,,0.04239417309819249,-0.5297405216159068,0.573532238926099,61.22899151430834,100.0,100.00000000000006,9.45046999276935,9.891540130151855
2019-02-08 08:00:00,-0.03735928110170095,,0.25965920341857185,-0.29444181211423226,0.5541973976889101,50.41013745558398,0.0,66.66666666666673,9.688405797101463,10.130434782608688
2019-02-08 08:15:00,-0.07763368850851604,,0.21946105715899833,-0.3208662433099585,0.5406013993966461,52.228206536781805,16.804636344380015,38.934878781460064,9.640735911922338,10.082572794437205
2019-02-08 08:30:00,0.050742156473271294,,0.3464497721313631,-0.17818751509625086,0.5241962749858221,46.6970851772024,0.0,5.601545448126728,9.783870031911812,10.226283724978247
2019-02-08 08:45:00,-0.2431741031584833,,0.05652718591011574,-0.4498749805594393,0.5074000900015858,57.900419817130874,77.09473471709452,31.299790353824903,9.45046999276935,9.891540130151855
2019-02-08 09:00:00,-0.17816410111674008,,0.1035519322736489,-0.3379608456002714,0.44203085773901724,55.5072609647035,78.63887021728152,51.91120164479207,9.513818550137444,9.955143973375758
2019-02-08 09:15:00,-0.2959121416697075,,0.0073532333855430565,-0.46255554552427913,0.47098073651097844,59.557621690243714,100.0,85.2445349781254,9.371387283236988,9.812138728323694
2019-02-08 09:30:00,-0.24276048779324766,,0.07344544151799415,-0.42330809873936115,0.49762404060307774,57.67293130447641,85.34516515810888,87.99467845846353,9.418823189243897,9.859765794419562
2019-02-08 09:45:00,-0.8937672688631659,,-0.369868326414613,-1.256836626923552,0.8942416370109726,72.60853085032068,100.0,95.11505505270303,8.66475233309405,9.10265613783201
2019-02-08 10:00:00,-1.8865116707296292,,-0.8578641354446859,-2.7183324275435683,1.8943409704369136,82.89822837762202,100.0,95.11505505270303,7.49183354637124,7.925010651896036
2019-02-08 10:15:00,-1.61127996574838,,-0.3384066263341312,-2.651915036062702,2.3486241176071068,76.76861166284968,75.70051723474917,91.90017241158311,7.721320808425847,8.15542271562768
2019-02-08 10:30:00,-1.4807728046338897,,-0.03553352641632035,-2.6421477155720408,2.641986173244163,74.78362313831579,67.83147799696326,81.17733174390419,7.798034468024495,8.232445520581111
2019-02-08 10:45:00,-1.5573295495450057,,0.047355092660872344,-2.803719763404733,2.8909169629796665,76.11387737382248,34.06656526298436,59.199520164898985,7.64471625657801,8.078509458114059
2019-02-08 11:00:00,-1.455884080149139,,0.26927158122023176,-2.7436597428593834,3.0506740832628445,74.8383721708107,0.6746974237232491,34.190913561223674,7.690665907797389,8.124644280022775
2019-02-08 11:15:00,-1.2638808678220204,,0.5445412336841038,-2.573609344256922,3.150109511716206,70.59182247168687,0.0,11.580420895569256,7.844115132516372,8.278711883727553
2019-02-08 11:30:00,-1.5644683852433672,,0.35663633934976957,-2.917681200224276,3.316789776634306,74.62362692791974,73.01275571660126,24.56248438010822,7.446053378762074,7.879045996592837
2019-02-08 11:45:00,-1.7174516746571777,,0.330908065362423,-3.119859906722211,3.499568613730776,76.73723295558297,100.0,57.67091857220047,7.202549575070827,7.634560906515575
2019-02-08 12:00:00,-1.5831776443654189,,0.5557390891399949,-2.986639160011728,3.5859638480131246,74.64490684959779,65.9530293140211,79.65526167687416,7.278525868178609,7.71084337349397
2019-02-08 12:15:00,-1.6014412105403664,,0.6186314809695004,-3.002146563818986,3.6644493968268583,75.5079150553837,79.99616293458898,81.98306408287009,7.187367228437891,7.619317377142054
2019-02-08 12:30:00,-1.57878956263644,,0.7080648967957348,-2.9603299024582808,3.7101763004861303,75.94871615197624,62.69329320192657,69.54749515017893,7.141845979614936,7.573612684031694
2019-02-08 12:45:00,-1.7305746761180907,,0.628831110139294,-3.0949328050545732,3.7702530524078854,78.20200500886203,100.00000000000001,80.89648537883858,6.899717514124304,7.3305084745762805
2019-02-08 13:00:00,-1.7426545761011547,,0.6574640337335236,-3.028336175985835,3.7300171788162446,78.99666758745228,100.0,87.56443106730892,6.809201241885399,7.239627434377649
2019-02-08 13:15:00,-1.6209945844100404,,0.7857782560781512,-2.7922735963774925,3.6143123569688678,76.98179462407775,42.24660692170512,80.74886897390176,6.86952838181305,7.300197684269971
2019-02-08 13:30:00,-1.5440776302582893,,0.8106935084958078,-2.5251406204856552,3.3646769322276526,76.45677016301211,16.668704268790872,52.97177039683205,6.884620816268883,7.315350939132892
2019-02-08 13:45:00,-1.349746884660319,,0.9426312723877617,-2.156038145531558,3.1175839066187865,71.22544897340528,0.0,19.638437063498714,7.035779946259368,7.4671192193466185
2019-02-08 14:00:00,-1.5907949866347693,,0.6068877448077714,-2.1802699526182634,2.8092578792478347,75.23933555368222,51.65067127337758,22.773125180722868,6.703792471450742,7.133793881291428
2019-02-08 14:15:00,-1.6216291995852505,,0.4610509485939218,-1.9765439063403667,2.456206674524344,76.36887395349439,89.35226083041485,47.00097736793086,6.5985915492957625,7.0281690140844955
2019-02-08 14:30:00,-1.810302720793311,,0.09262350010497133,-1.8541068545086747,1.9640283710293711,79.14923357458987,100.0,80.33431070126419,6.314089057451877,6.74252001685629
2019-02-08 14:45:00,-1.5401146782730857,,0.24673721920072111,-1.393978210191693,1.650181207008628,71.9517563840362,9.166168026858548,66.17280961909118,6.538569819819817,6.967905405405395
2019-02-08 15:00:00,-1.5728400877076498,,0.23362918828953028,-1.4781798843941596,1.7225279394139839,73.17756656463325,17.031108930860746,42.06575898590648,6.433694276473068,6.862607228237949
2019-02-08 15:15:00,-1.2578072706080579,,0.5194496585971597,-1.13845699080245,1.6630538620719817,64.8881631151238,0.0,8.732425652573141,6.7188381274675635,7.1489001692047305
2019-02-08 15:30:00,-1.0342606521760445,,0.6827502524206164,-0.8536783496095102,1.5377428193004665,59.88932399628462,0.0,5.677036310286958,6.914818477186047,7.345670292414175
2019-02-08 15:45:00,-0.9533884954415206,,0.7075035771664906,-0.7301152221636742,1.4377813523377727,58.76425412774936,0.0,4.263256414560601e-14,6.960146975692494,7.3911814584511015
2019-02-08 16:00:00,-1.0502971135945116,,0.5400012491943107,-0.7629761292394899,1.3044316558937998,61.36936020607534,18.074305193436825,6.024768397812317,6.809201241885399,7.239627434377649
2019-02-08 16:15:00,-1.1698348112409662,,0.3076274235958687,-0.7556409485324989,1.0656555125410767,64.28521273028622,90.15415829855283,36.07615449732993,6.628627782473928,7.058326289095507
2019-02-08 16:30:00,-2.1560727671192437,,-0.4893974443074045,-1.9437129235855943,1.4722259200276862,76.63198646499893,100.0,69.40948783066325,5.469620958751387,5.894648829431448
2019-02-08 16:45:00,-7.070173080585251,,-3.237767408001968,-9.015828053140707,6.155175817433956,92.00693769470939,100.00000000000001,96.71805276618431,-0.13854070457844925,0.2638870563398843
2019-02-08 17:00:00,-4.891939533306444,,-0.45495738102767636,-7.308147321842561,7.129942387201258,72.00430578515865,34.71209687851028,78.23736562617013,1.9876027489556636,2.39859857162108
2019-02-08 17:15:00,-5.104644645477075,,-0.1855273506217614,-7.901405839611675,8.04101421258435,73.30947041049306,32.55301642227594,55.75503776692878,1.5360880064394955,1.945264287630799
2019-02-08 17:30:00,-5.3426818455507235,,0.04538779927374392,-8.485975249206989,8.907276269967621,74.6954169639867,13.453785436821018,26.90629957920245,1.0480640854472645,1.4552736982643477
2019-02-08 17:45:00,-4.48504078477664,,1.2200570065094674,-7.815458378030227,9.343640687568632,69.01366301016915,0.0,15.335600619699022,1.7681860965442997,2.1782977006857607
2019-02-08 18:00:00,-4.197966273619713,-6.603998384491138,1.7257253982167375,-7.626371601770843,9.636401994202652,68.0668258615524,0.0,4.4845951456070425,1.8914916532041026,2.302100161550902
2019-02-08 18:15:00,-4.317468060720653,-6.823716273016888,1.795435343283991,-7.799998489170434,9.892432510843316,69.22869221251479,17.52810413265193,5.8427013775506795,1.5769695342906953,1.9863105623406208
2019-02-08 18:30:00,-4.345140241903733,-6.953486538180631,1.9417639754689908,-7.8450718635097,10.084495240478827,70.0451945240588,29.845990376142787,15.791364836264941,1.3593143163251664,1.7677782241864115
2019-02-08 18:45:00,-4.088505880062199,-6.797857303388122,2.32426117274398,-7.523993076229263,10.111130077186427,69.18031278752846,56.28308550770229,34.55239333883237,1.4544235924933036,1.8632707774798973
2019-02-08 19:00:00,-3.518725897818331,-6.320217333402878,2.968383904388361,-6.852859466526495,10.015773508054593,65.09941206055737,0.0,28.709691961281724,1.9052107176518174,2.315874511915972
2019-02-08 19:15:00,-3.3932161427131624,-6.269815819195246,3.109609318009543,-6.5789146491888495,9.859552965530195,65.16646869559382,1.3558347042416696,19.212973403981355,1.8914916532041026,2.302100161550902
2019-02-08 19:30:00,-3.084878279819303,-6.032198187033188,3.4139209239611334,-6.114217659866183,9.65854324785623,63.33185783387763,0.0,0.45194490141392407,2.083895333153496,2.4952792015106473
2019-02-08 19:45:00,-2.8381401965086095,-5.846524236176065,3.5989589245384535,-5.6275920957972065,9.321096447565829,61.98942057488427,0.0,0.45194490141392407,2.221772015126966,2.633711507293346
2019-02-08 20:00:00,-2.802428913584021,-5.863828914459335,3.5339297134424186,-5.319354814656984,8.93303081533754,62.502996044015156,16.165177536441742,5.3883925121472815,2.1390013495276694,2.55060728744938
2019-02-08 20:15:00,-2.805816317492249,-5.918542802212534,3.361214790716005,-4.946334079029768,8.373917157773429,63.30392742524633,41.37510042084225,19.180092652428034,2.0150963741744077,2.426202992317017
2019-02-08 20:30:00,-3.159190681315416,-6.3218804988425354,2.751165801137301,-4.8152752431973695,7.6453451903103185,66.47436797106951,100.0,52.513425985761366,1.5088519313304793,1.9179184549356076
2019-02-08 20:45:00,-2.910343651478886,-6.134418064709102,2.658856679057675,-3.9602265420713434,6.66243467966106,64.8437540835902,63.642519221824905,68.33920654755575,1.645178619392973,2.0547945205479534
2019-02-08 21:00:00,-2.5953356097872304,-5.8732572032535675,2.4980088826922264,-2.908506863849636,5.417635388489967,62.21414772019366,0.0,54.547506407275,1.8640646029609798,2.2745625841184447
2019-02-08 21:15:00,-2.581643545534762,-5.902531114104503,1.7931304517615043,-1.9356610420532494,3.7314507231858496,62.922574393845444,16.628874375829312,26.757131199218108,1.7681860965442997,2.1782977006857607
2019-02-08 21:30:00,-2.430033711242552,-5.793665638726475,1.152092274012162,-0.8413160060180558,1.9903155658118388,62.204884541781226,0.0,5.542958125276473,1.8229517018700347,2.2332840037669888
2019-02-08 21:45:00,-1.8657663077223274,-5.269420220314136,1.1388635324925733,-0.0734227536931975,1.205862411252931,55.858242479903474,0.0,5.542958125276473,2.3323418063818213,2.744726879394266
2019-02-08 22:00:00,-1.6137854478668445,-5.03911879099439,1.3774499519242367,0.0164812320367691,1.3515488891711556,53.62864070422022,0.0,3.552713678800501e-14,2.526415605526955,2.9395827688972975
2019-02-08 22:15:00,-1.640051174723156,-5.078044752626754,1.2726737746569183,-0.1575025742238334,1.4222461093752472,54.60432474845229,10.4980740859086,3.4993580286362356,2.4292867776424476,2.842062525375555
2019-02-08 22:30:00,-1.652411057740233,-5.103766403112675,1.0509427867941845,-0.22741337502946157,1.2731139280024584,55.46920839492173,21.461233210749633,10.653102432219447,2.346179851250829,2.7586206896551557
2019-02-08 22:45:00,-1.7788875891811884,-5.243168877376025,0.8301303176341701,-0.4495635160147171,1.2772634133885985,57.64192989396641,99.99999999999999,43.98643576555278,2.1390013495276694,2.55060728744938
2019-02-08 23:00:00,-1.5304942119105158,-5.013416149976136,1.019662122944598,-0.30305855344754384,1.3179982650853928,54.94722701528367,32.85550202642746,51.438911745725726,2.3323418063818213,2.744726879394266
2019-02-08 23:15:00,-1.5854608687114413,-5.077828912963522,0.8487108113857111,-0.4381773880230644,1.2842520574407659,56.359634183364996,57.78596462759198,63.547155551339834,2.207967589466575,2.6198514517218108
2019-02-08 23:30:00,-1.6508046723192282,-5.154043200718239,0.608909988783024,-0.538781870104621,1.1472895725911163,57.93751951940306,100.0,63.547155551339834,2.0701281186783493,2.4814565070802486
2019-02-08 23:45:00,-1.5478215390440364,-5.06475235555347,0.5541198220336385,-0.46777335684201615,1.0214521849479845,57.26854565645333,77.62848075804743,78.47148179521315,2.1114409066378848,2.522935779816504
2019-02-09 00:00:00,-1.487122655159956,-5.014356809727061,0.5389800322515903,-0.4728710198392716,1.0115167002404168,57.26854565645333,77.62848075804743,85.0856538386983,2.1114409066378848,2.522935779816504
2019-02-09 00:15:00,-1.696211918978785,-5.230149616551783,0.2639781764887328,-0.7563769387650243,1.0228734232917307,60.93082062211861,100.0,85.0856538386983,1.8229517018700347,2.2332840037669888
2019-02-09 00:30:00,-1.400418379529289,-4.950342500488814,0.5080284717244199,-0.5147715600588465,1.0228345171007691,56.46386373522907,0.0,59.20949358601583,2.0701281186783493,2.4814565070802486
2019-02-09 00:45:00,-1.6511311923283922,-5.204687102586137,0.22166611424871974,-0.8265861303798694,1.0514324071721184,60.61035038279739,92.8257592934959,64.27525309783199,1.7408253797553286,2.150826724022048
2019-02-09 01:00:00,-1.3188785150239024,-4.887208473587523,0.5092853327982372,-0.5389429224450071,1.0483837179137407,55.618702130770146,0.0,30.941919764498653,2.0288487462927884,2.4400107845780505
2019-02-09 01:15:00,-1.0878820150155066,-4.660523139944095,0.6944167356958131,-0.3662157632484453,1.058894847351151,52.513691088555866,0.0,30.941919764498653,2.221772015126966,2.633711507293346
2019-02-09 01:30:00,-0.9038206345683752,-4.473706237042219,0.7566459749718257,-0.21559362815726235,0.9696165366158511,50.14494353842527,0.0,1.8947806286936004e-14,2.373867171648847,2.786419586094957
2019-02-09 01:45:00,-0.9069962343631333,-4.467554017285236,0.6458301493085017,-0.25372630939497487,0.8977963117968939,50.79680127359023,6.228689862310605,2.076229954103554,2.3323418063818213,2.744726879394266
2019-02-09 02:00:00,-1.0128179314165764,-4.56356255233652,0.4645324198372158,-0.40107892989524885,0.8653368065307211,53.21243015380912,56.039859333105696,20.756183065138785,2.180369920345626,2.592142567841238
2019-02-09 02:15:00,-0.8959975691735678,-4.4415533850852285,0.48836305008841396,-0.31135994240023557,0.7990158510450225,51.72085273134597,51.37460698336249,37.881052059592946,2.2632076746385454,2.675314146736918
2019-02-09 02:30:00,-0.2392850789546319,-3.779765245579636,1.1735426787210068,0.20140632168699213,0.9654987989911549,41.66015204065142,0.0,35.804822105489414,2.930776553787573,3.345573235414112
2019-02-09 02:45:00,-0.5028629899756831,-4.013449268640967,0.8996720869991259,-0.12804203546669113,1.023764286021921,46.55802785392657,42.3974887489647,31.25736524410908,2.637645782478981,3.051261187957688
2019-02-09 03:00:00,-0.6901150805697975,-4.179265921060948,0.6770246191724061,-0.32925736612769985,1.0045352629551698,50.002154685686875,72.21088830552098,38.20279235149525,2.415426251691488,2.8281461434370714
2019-02-09 03:15:00,-0.6372219174313631,-4.111999730753002,0.7046439205236732,-0.303994218303838,1.0066216255548848,49.572095101743386,78.64206782744232,64.41681496064268,2.443151055766113,2.8559826746074712
2019-02-09 03:30:00,-0.7283874511213262,-4.186591275170615,0.58247236767488,-0.4229482362702597,1.0046192988399456,51.589872864330644,100.0,83.61765204432112,2.318507503041767,2.730836825740157
2019-02-09 03:45:00,-0.9185225006777764,-4.362443861636622,0.35714328977694,-0.6511815956847022,1.0098094988332826,55.23359864744316,100.0,92.88068927581412,2.083895333153496,2.4952792015106473
2019-02-09 04:00:00,-0.7281719439399592,-4.165533181999093,0.522046904515272,-0.48421929035692424,1.006075907615949,52.24432552435282,47.20001323039246,82.40000441013085,2.2493920562010272,2.6614428532828915
2019-02-09 04:15:00,-0.5188766832360248,-3.9442891430895632,0.7089662758846815,-0.3150843051212715,1.0220377697512268,48.918016674543345,0.0,49.06667107679751,2.443151055766113,2.8559826746074712
2019-02-09 04:30:00,-0.6535230149751992,-4.059258591932224,0.5297803125357436,-0.48113166388712436,1.0106661387134508,51.753500331954186,44.89663295604287,30.698882062145135,2.2770270270270343,2.6891891891891895
2019-02-09 04:45:00,-0.4599161888267145,-3.851706812141664,0.6927979558196462,-0.32593725458774925,1.0168699622702841,48.60579385406829,0.0,14.965544318680983,2.4570190875862874,2.8699065926627743
2019-02-09 05:00:00,-0.6356857538669547,-4.006285168346868,0.47715693255241387,-0.5298453951301019,1.0072676846110427,52.21706355992445,99.25074269241587,48.04912521615294,2.2493920562010272,2.6614428532828915
2019-02-09 05:15:00,-0.8295128606097046,-4.18419430037077,0.21010790843123406,-0.7398288950871246,0.9524594924287557,55.991280347484775,100.0,66.41691423080532,2.0150963741744077,2.426202992317017
2019-02-09 05:30:00,-0.848326847742209,-4.193678626519615,0.17324865758487906,-0.7996800195679166,0.9759856171499205,56.854819533580844,100.0,99.75024756413865,1.9601239391081826,2.3710090260002703
2019-02-09 05:45:00,-0.8791836383496676,-4.215798774360813,0.0696568092023897,-0.8451010741458487,0.9183184070589628,57.96513818835605,100.00000000000001,100.00000000000001,1.8914916532041026,2.302100161550902
2019-02-09 06:00:00,-0.8959618903348732,-4.2248898844679195,0.05261778806937567,-0.9164498655721109,0.973271368783842,58.876888631247304,99.99999999999999,100.00000000000001,1.836652314316467,2.2470398277717907
2019-02-09 06:15:00,-0.7068353936881544,-4.029500035303113,0.23902504708270822,-0.7592406805059682,1.0008690662650837,55.021196680218665,0.0,66.66666666666669,2.001347708894863,2.41239892183287
2019-02-09 06:30:00,-0.6019116256926194,-3.9125113320153226,0.33777664813292585,-0.6682325423871038,1.0076741498315376,53.147101060080814,0.0,33.33333333333335,2.083895333153496,2.4952792015106473
2019-02-09 06:45:00,-0.552538191516061,-3.8479113096798523,0.37778154623069327,-0.6327734512496352,1.011845058976183,52.50511330807945,0.0,1.8947806286936004e-14,2.1114409066378848,2.522935779816504
2019-02-09 07:00:00,-0.5952812185581413,-3.8737973921963986,0.32343661340308305,-0.6995994824877005,1.0249638626271553,54.00107187690455,23.47789262728351,7.825964209094522,2.0426048267493613,2.4538223001213444
2019-02-09 07:15:00,-0.6491346163203571,-3.9121776918494056,0.2701237414449942,-0.7780046521280837,1.0507967917307202,55.800187465696595,100.00000000000001,41.15929754242786,1.9601239391081826,2.3710090260002703
2019-02-09 07:30:00,-0.7649216018356331,-4.014015814332305,0.09962366897544594,-0.7937318207107968,0.8964667139558359,58.9686818522834,100.0,74.4926308757612,1.8092547753564725,2.2195318805488418
2019-02-09 07:45:00,-0.7349246762734518,-3.9740753584682986,0.1113527908629397,-0.7247506923964919,0.838675692809612,58.9686818522834,100.0,100.00000000000001,1.8092547753564725,2.2195318805488418
2019-02-09 08:00:00,-0.7061041007333069,-3.93453232007559,0.13980229236896236,-0.6940126770878963,0.836131934462234,58.9686818522834,100.0,100.00000000000001,1.8092547753564725,2.2195318805488418
2019-02-09 08:15:00,-0.7168970103318073,-3.9337488570465817,0.12321538704529456,-0.6919931200022211,0.81753348124791,59.94671434266,100.0,100.00000000000001,1.7681860965442997,2.1782977006857607
2019-02-09 08:30:00,-1.00836812457904,-4.213256126044418,-0.10461552990340683,-1.0452102540687735,0.9460335932555065,67.00486815976492,100.0,100.00000000000001,1.4272313052800856,1.8359689091396403
2019-02-09 08:45:00,-1.6144505193216085,-4.815086106335176,-0.4681836003229023,-1.8997120472214135,1.4486800629775525,76.2135497527187,100.00000000000001,100.00000000000001,0.73871955277518,1.1446825502462454
2019-02-09 09:00:00,-2.014385069033897,-5.2290024325144735,-0.5660024011344467,-2.5743949498589713,2.0404313751515706,80.47175857643111,100.0,100.00000000000001,0.24503311258277094,0.6490066225165458
2019-02-09 09:15:00,-1.9353895761306084,-5.176972557564074,-0.2842555344600872,-2.641572280109472,2.392314243422367,80.47175857643111,100.0,100.00000000000001,0.24503311258277094,0.6490066225165458
2019-02-09 09:30:00,-0.8504537724480121,-4.120057289930646,0.817161824249224,-1.5387147024286452,2.3644067491530487,55.53968649162053,0.0,66.66666666666669,1.3186077643909,1.7269076305220787
2019-02-09 09:45:00,-1.0334032436069562,-4.2946006997206965,0.6287789756556972,-1.6692491239127194,2.310045767881344,58.48330340513288,11.806547420122758,37.268849140040935,1.0885534927207008,1.4959262722051392
2019-02-09 10:00:00,-0.7637251335831929,-4.023517046127612,0.8860840928636149,-1.3573653888872106,2.248748447163872,54.378043885532776,0.0,3.935515806707604,1.332172981657509,1.7405275137233778
2019-02-09 10:15:00,-0.721008034578674,-3.9707582299322253,0.9180152079365733,-1.296965395403138,2.21918540696969,54.15062612314661,0.0,3.935515806707604,1.34574183181575,1.7541510444563313
2019-02-09 10:30:00,-1.0363508014740175,-4.273741943893361,0.6102547652649282,-1.6122560994877522,2.233701725297706,59.121616908412314,100.0,33.33333333333335,0.9806537691794626,1.387591727818549
2019-02-09 10:45:00,-0.9068235021664539,-4.142619885366616,0.742542848861194,-1.478386865955239,2.2291311790234505,57.38452305164444,65.05537966562493,55.018459888541656,1.0750534188034289,1.482371794871784
2019-02-09 11:00:00,-1.3771447376250134,-4.605669581571037,0.32241696406700715,-1.9895264220904152,2.3313766867811525,63.90997758307297,100.0,88.35179322187498,0.5379914984059431,0.9431455897980889
2019-02-09 11:15:00,-1.7865819982561981,-5.02176798848012,0.02732896570372123,-2.472801536754643,2.5310789228635002,68.68640097617681,100.00000000000001,88.35179322187498,0.046265697290159835,0.44943820224718767
2019-02-09 11:30:00,-2.299153936569709,-5.552404354827001,-0.2780229362831843,-3.1271268272480834,2.8984522102567016,73.48662491028256,100.0,100.00000000000001,-0.5714661061481885,-0.17078297425118238
2019-02-09 11:45:00,-2.023649243621095,-5.312528765832347,0.11707359232553394,-2.8905368014870425,3.0499043817842786,69.80859309273882,77.15806389852995,92.38602129951,-0.3751480847703048,0.02632618138738163
2019-02-09 12:00:00,-2.913101957426978,-6.224477486053082,-0.4820218864054149,-3.9838457529901117,3.58180316071531,76.48416047221535,100.00000000000001,92.38602129951,-1.400468994267845,-1.0031266284523221
2019-02-09 12:15:00,-1.9032413949995552,-5.271118265967123,0.6055585202175084,-2.9572617952404956,3.605212262886923,62.69030510293664,0.0,59.05268796617668,-0.4537682493752415,-0.052610811521769385
2019-02-09 12:30:00,-2.014184341479419,-5.403336509271339,0.5558360867541356,-3.0551797465073305,3.6567127423015116,64.12214264484004,10.380256306676573,36.79341876889222,-0.6497768443160967,-0.24940929377789134
2019-02-09 12:45:00,-2.255411804096308,-5.66812775994322,0.3943953059679206,-3.290784630928656,3.7393327542560932,66.52052004533941,27.767544604921092,12.715933637199244,-0.9877027734170651,-0.588697017268458
2019-02-09 13:00:00,-1.920606813609993,-5.366730455020385,0.7500576099529921,-2.8801730349267474,3.6693109238695447,63.030079762423284,2.463231999977178,13.53701097052497,-0.7279643231899224,-0.32791185729276195
2019-02-09 13:15:00,-1.6843335909614066,-5.153299750639794,0.9582826128252231,-2.5218090876642507,3.5075121409554924,60.79699736938632,0.0,10.076925534966113,-0.5584023124425186,-0.15766653527788943
2019-02-09 13:30:00,-0.8046171327740326,-4.293158588202495,1.7981165150193767,-1.541026666092804,3.3348563924815027,51.05684872722741,0.0,0.8210773333257487,0.2981712165385675,0.7023588656241753
2019-02-09 13:45:00,-0.8739958658747993,-4.35078958306735,1.6973134145671809,-1.5980282676251734,3.2937066014727923,52.07452854353147,6.58110092596246,2.193700308654176,0.19195128408788786,0.5957108816520895
2019-02-09 14:00:00,-0.5868977596206859,-4.056111160145415,1.9618938222241145,-1.3526557017038088,3.304483437534062,49.31386809119335,0.0,2.193700308654176,0.4579240775152593,0.8627555083621008
2019-02-09 14:15:00,-0.8797789372702924,-4.329911202439051,1.63011656481713,-1.6724502068332647,3.303265968045262,52.690115263178505,29.401804074406936,11.994301666789822,0.1256779997354185,0.5291705252017387
2019-02-09 14:30:00,-1.10911635458244,-4.549239263490012,1.33724706673497,-1.7884344018273324,3.1327487513655217,55.378860827593634,100.0,43.133934691469,-0.15171503957783772,0.25065963060686425
2019-02-09 14:45:00,-1.0906843256707432,-4.528900925229829,1.3066481133400032,-1.6851762061914854,2.9974975046002084,55.63744962521883,100.00000000000001,76.46726802480235,-0.1780532840939042,0.22421524663676085
2019-02-09 15:00:00,-0.8721159767248632,-4.308983120998744,1.435228268388089,-1.3136637863584655,2.747222231508589,53.30856091607487,63.17136583733694,87.72378861244569,0.006606765327710207,0.40961945031712244
2019-02-09 15:15:00,-0.8504983223127316,-4.27862436245513,1.3346468667785993,-1.1060829877985623,2.437943725204315,53.45841869923138,26.067739240857936,63.079701692731675,-0.006605892456079676,0.39635354736424766
2019-02-09 15:30:00,-0.5141274400074503,-3.9345991395475455,1.6024666355672013,-0.6707237594903104,2.2626493579558318,49.36351192515626,0.0,29.746368359398335,0.31146454605699425,0.7157057654075594
2019-02-09 15:45:00,-0.32898973584069013,-3.7312927866438916,1.7054328326822077,-0.3684705384708109,2.060131778607505,47.25213327871703,0.0,8.689246413619356,0.4845990440786041,0.8895379713223628
2019-02-09 16:00:00,-0.5823412170394615,-3.959163112368347,1.4025550805173648,-0.592281017231211,1.9867868883241349,50.90518897575146,58.86058164453024,19.620193881510122,0.20521647027671452,0.6090295246921729
2019-02-09 16:15:00,0.19251286675705526,-3.1711659467248188,2.2774886083005264,0.019015261461996502,2.232834778294051,42.0863727709616,0.0,19.620193881510122,0.9941286362423307,1.4011208967173783
2019-02-09 16:30:00,-0.19886199520908754,-3.5218503464511497,1.8381093943802718,-0.4651694688087127,2.2875753455655965,47.10428072864849,56.90001743047394,38.58686635833477,0.591440723019665,0.9968102073365293
2019-02-09 16:45:00,-0.11453725423873351,-3.4105754807586153,1.9054297602913772,-0.4768583317198982,2.3653924317842523,46.24132820428975,47.11466184170415,34.671559757392735,0.6717212024474728,1.0774142059058356
2019-02-09 17:00:00,-0.3646711896091781,-3.6303627698627494,1.3728140482213824,-0.6617501055309782,2.027356254095981,49.55857155591706,84.7301793283435,62.914952866840565,0.40461660918016396,0.8092332183603057
2019-02-09 17:15:00,-0.4898601812898917,-3.7332671898725134,1.1656421453338783,-0.8185763087991904,1.9807811468045236,51.337152729798106,100.00000000000001,77.28161372334925,0.258312359252888,0.6623393826997059
2019-02-09 17:30:00,-0.4453133459582981,-3.6708628378270047,1.0880454872096657,-0.7819636003671526,1.8671515811818657,50.985145187928005,93.0922358078061,92.6074717120499,0.2848814098317165,0.689015502848811
2019-02-09 17:45:00,0.05619867590154204,-3.151704763954244,1.393921163427958,-0.25395578854444656,1.6385375714877077,44.71203506031791,0.0,64.36407860260206,0.7923824743641061,1.1985617259288928
2019-02-09 18:00:00,0.1693537176729043,-3.005282960818545,1.35848547247297,-0.14248547247290855,1.4919001917798596,43.35156913328582,0.0,31.030745269268724,0.9133333333333216,1.3199999999999878
2019-02-09 18:15:00,0.5492230129532372,-2.5897186217651247,1.681660571357324,0.15368079410453817,1.5140854588850874,39.08271436835092,0.0,2.3684757858670007e-14,1.3186077643909,1.7269076305220787
2019-02-09 18:30:00,0.6571836709017287,-2.434672764070067,1.8850848587931512,0.1055317631907915,1.762015607816789,37.7483692202988,0.0,2.3684757858670007e-14,1.4544235924933036,1.8632707774798973
2019-02-09 18:45:00,0.4890200777947218,-2.5526690634450455,1.7431103246125845,-0.16099280353100154,1.8891587721757703,40.168242320940735,34.74998881674218,11.58332960558075,1.30504617855709,1.7132913933877614
2019-02-09 19:00:00,0.08370120862060126,-2.9131287463671995,1.3286510877843716,-0.5967486747726847,1.9183794298880132,46.29929565331803,100.0,44.91666293891408,0.8998800159978781,1.3064924676709833
2019-02-09 19:15:00,0.260226996145696,-2.7044052919412476,1.4797160692578748,-0.46863018706201354,1.9385460734854496,44.03172664330086,73.48159842352283,69.41052908008835,1.0885534927207008,1.4959262722051392
2019-02-09 19:30:00,-0.0194102591562495,-2.9469253371740445,1.0911785709657673,-0.73822172493484,1.826177486670671,48.13505256125361,100.0,91.16053280784097,0.805807139051673,1.2120404901438508
2019-02-09 19:45:00,0.058178266027075765,-2.8407532922358647,1.0450997694676278,-0.6385415183345566,1.6802257396111555,47.07315158737014,86.67093928621344,86.7175125699121,0.8864302852572559,1.2929885363902827
2019-02-09 20:00:00,-0.020928749895487986,-2.8893590839570993,0.8660591184658895,-0.6995700401494109,1.5643269418616268,48.301399511311075,99.99999999999999,95.55697976207115,0.805807139051673,1.2120404901438508
2019-02-09 20:15:00,-0.09681149346462137,-2.937381426953356,0.6740346825282462,-0.740577136613918,1.4150826344983276,49.56192941507497,100.0,95.55697976207115,0.7253127495342016,1.1312217194570096
2019-02-09 20:30:00,-0.6770532122957751,-3.492869859948511,0.10109377045688372,-1.3643212836843888,1.474729649480252,58.014113681178,100.0,100.0,0.11243386243384723,0.515873015873014
2019-02-09 20:45:00,-0.8394683024987915,-3.6473166393123035,0.009420726322084683,-1.6094207263220972,1.6318966256493865,60.347563574867245,100.0,100.0,-0.08580858085809329,0.3168316831683171
2019-02-09 21:00:00,-0.7310252790147409,-3.5354054703463533,0.1305218123089702,-1.5521098688554225,1.6946773465421123,58.936571111138626,88.28679024887798,96.095596749626,-0.006605892456079676,0.39635354736424766
2019-02-09 21:15:00,-0.46233836256659444,-3.2598842324834565,0.432079174629485,-1.2797612938348024,1.7191268338528076,54.584264806493806,46.56504492004356,78.28394505630719,0.24503311258277094,0.6490066225165458
2019-02-09 21:30:00,-0.6590590132891649,-3.4426210858583772,0.2801354672935963,-1.5184069090803054,1.8097471675460275,57.6012141034086,52.34761233393877,62.39981583428678,0.019822915290079735,0.4228888595215974
2019-02-09 21:45:00,-0.6205985448948348,-3.3957311233821508,0.3628240732364896,-1.5113834176721186,1.8850328513887527,57.35983187396773,48.15934725968169,49.02400150455468,0.033042558815754575,0.4361617763679604
2019-02-09 22:00:00,-0.6088795801766911,-3.3745822455203633,0.39980158961634427,-1.5363153995806678,1.9471819852809416,57.55139932398706,68.1738441599734,56.226934584531286,0.019822915290079735,0.4228888595215974
2019-02-09 22:15:00,-0.4586377449725898,-3.214414434719781,0.5462400571963455,-1.4090162911516324,1.963727636019575,54.89542632562511,10.313780196753878,42.21565720546966,0.15217678973138415,0.5557761016276253
2019-02-09 22:30:00,-0.49124725824506443,-3.233123265271509,0.5168592857220711,-1.4664691256903506,1.9927902776958872,55.77461893007531,32.49303628573613,36.99355354748781,0.09919322840894473,0.5025790239386208
2019-02-09 22:45:00,-0.5099016638669074,-3.2389502492395583,0.532605940754638,-1.4884494098186263,2.030760797802328,56.46010210102863,58.91158443133727,33.906133637942425,0.05949233209943117,0.4627181385510326
2019-02-09 23:00:00,-0.5530502723673725,-3.270005184386149,0.5234558392984923,-1.519624421674004,2.053307462894951,57.63860036533125,100.0,63.80154023902446,-0.006605892456079676,0.39635354736424766
2019-02-09 23:15:00,-0.49347659048966097,-3.1994949774542203,0.5738595104617605,-1.3642375173346433,1.9457865623210415,56.647857477411236,63.8833382942722,74.26497424186981,0.033042558815754575,0.4361617763679604
2019-02-09 23:30:00,-0.48675894116764207,-3.180324373168064,0.5283073520279347,-1.203607999576528,1.737782981467892,56.91371564621055,61.11094749067764,74.99809526164994,0.019822915290079735,0.4228888595215974
2019-02-09 23:45:00,-0.34115088849699937,-3.021834977435689,0.6084745385844803,-0.906211735885043,1.5169445285314518,53.38784391631236,0.0,41.6647619283166,0.15217678973138415,0.5557761016276253
2019-02-10 00:00:00,-0.4543095690374366,-3.11865108051117,0.4771188651176317,-0.951547304393463,1.4320632271200413,56.30315141188365,68.58326348582412,43.231403658833905,0.019822915290079735,0.4228888595215974
2019-02-10 00:15:00,-0.39856042797254965,-3.049577412066695,0.4644292418757745,-0.7579247468995853,1.224150401977635,55.187995136550214,51.05549373714264,39.87958574098891,0.05949233209943117,0.4627181385510326
2019-02-10 00:30:00,-0.370277493322857,-3.0065418678323574,0.45183662025432003,-0.6462039348120507,1.0991087091073497,54.798381464345724,40.005356294515344,53.21470450582736,0.07272246463043697,0.47600158667195913
2019-02-10 00:45:00,-0.35575680731019244,-2.9766260283514367,0.386048730957933,-0.4997602211073593,0.8863128718522801,54.798381464345724,48.383834301395076,46.48156144435101,0.07272246463043697,0.47600158667195913
2019-02-10 01:00:00,-0.24042991383621537,-2.845291943875561,0.4012028305532489,-0.24104399534479182,0.641732929905205,51.42967838559478,0.0,29.463063531970132,0.1786896095301138,0.58239576439445
2019-02-10 01:15:00,0.1383284301933907,-2.446338561352146,0.736130779851818,0.211251627801623,0.5224045675652487,41.475982289425474,0.0,16.127944767131684,0.5647090087695927,0.9699707680042469
2019-02-10 01:30:00,0.18406642089383585,-2.370636619173816,0.8509609687559649,0.15276144549558612,0.6947130280716382,40.31692566597835,0.0,-9.473903143468002e-15,0.6181866524860524,1.0236639191704366
2019-02-10 01:45:00,0.49782745328250666,-2.0247261765307445,1.278639367059875,0.29132195080061596,0.9796275296221646,33.93414915839047,0.0,-9.473903143468002e-15,0.9537148192610534,1.3605442176870763
2019-02-10 02:00:00,0.38823322579772945,-2.0950650909529855,1.2178177520485445,0.07749141639494805,1.1329884837995636,36.94430685953507,17.20529663351948,5.7350988778398175,0.8595415778251514,1.2659914712153553
2019-02-10 02:15:00,0.3601567691941865,-2.0871341626708007,1.2379965917160396,-0.029468943481514298,1.2598527010877127,37.38323104685116,45.73267305885557,20.979323230791675,0.8461025982678283,1.2524983344436968
2019-02-10 02:30:00,0.02589863054269781,-2.388207988132407,0.8792210572487136,-0.3878531953629305,1.263968884171125,47.266037836987465,100.00000000000001,54.31265656412501,0.5112881806108804,0.9163346613545897
2019-02-10 02:45:00,0.05041522814523969,-2.3387697696273912,0.8819458886610398,-0.3877907345696485,1.2666071210453345,46.631952196437446,95.24384237045139,80.3255051431023,0.5379914984059431,0.9431455897980889
2019-02-10 03:00:00,0.291667687758701,-2.070845338048899,1.1212928318145021,-0.19706856759823532,1.3122971152339422,41.004195605478536,39.33340982062223,78.19241739702453,0.7923824743641061,1.1985617259288928
2019-02-10 03:15:00,0.1648761943926047,-2.1663070329639544,0.9851624212388055,-0.35334544863969697,1.3342927259252217,44.42556789433663,71.25846935016669,68.61190718041343,0.6717212024474728,1.0774142059058356
2019-02-10 03:30:00,0.22245734124310967,-2.0802899905442707,1.029380425543014,-0.32792960696187423,1.3525662390271462,42.935825416705725,30.847628218855977,47.14650246321495,0.73871955277518,1.1446825502462454
2019-02-10 03:45:00,0.342071741847616,-1.9303817584693128,1.1370374744561706,-0.24939253243296822,1.3803039079772812,40.04363808417119,0.0,34.03536585634088,0.8729841396774685,1.2794882047181044
2019-02-10 04:00:00,0.277287994407982,-1.962909054318962,1.0314538493007674,-0.3334386634741948,1.3601455016993735,41.73432828503023,38.58323328084542,23.143620499900454,0.8192353803117003,1.22552284534434
2019-02-10 04:15:00,0.44642567763117924,-1.7620267114206944,1.178604357346602,-0.20302715195491539,1.3749247829148303,37.724673522961254,0.0,12.861077760281797,1.0076070999599507,1.4146536767649653
2019-02-10 04:30:00,0.5708034250096583,-1.601502221308826,1.283275913255455,-0.1258313797082855,1.4009993974930999,34.888425198672415,0.0,12.861077760281797,1.156107992515376,1.5637530072173167
2019-02-10 04:45:00,0.3550879438577903,-1.7804836590335604,1.030827670110357,-0.3558910287871475,1.3820547021036844,41.3624966788404,94.56855287754809,31.522850959182687,0.9537148192610534,1.3605442176870763
2019-02-10 05:00:00,0.5215550579745099,-1.580836238667127,1.1426694110354463,-0.20454299115039154,1.3409226274666026,37.60430979443764,39.67167752019903,44.7467434659157,1.1425898703728343,1.5501804089268933
2019-02-10 05:15:00,0.2693419398781982,-1.7989310328873187,0.8024338968688705,-0.43048349025643917,1.2306287228560415,44.57686366684314,100.0,78.08007679924903,0.8998800159978781,1.3064924676709833
2019-02-10 05:30:00,0.16896058755702104,-1.8716768805545292,0.597922402197204,-0.48604174156857693,1.083358109660757,47.054712537154295,100.0,79.89055917339967,0.805807139051673,1.2120404901438508
2019-02-10 05:45:00,0.03432089384831638,-1.982278984051189,0.33930240016160074,-0.5534551003478216,0.8937144573305821,50.46200038726296,100.0,100.0,0.6717212024474728,1.0774142059058356
2019-02-10 06:00:00,0.23795798118575462,-1.755586176699342,0.42453776253659203,-0.28324210804445693,0.7072801924925158,45.42490465969563,60.824257737403734,86.94141924580124,0.8864302852572559,1.2929885363902827
2019-02-10 06:15:00,0.10042201227817849,-1.8675996296619202,0.2641904922349836,-0.40796046028610533,0.6726344757064909,48.860758826331576,72.79176955438413,77.87200909726262,0.7521299254525937,1.1581469648562326
2019-02-10 06:30:00,0.3274884944699519,-1.6156555593968003,0.4800613108441265,-0.181155519544407,0.6602300973900483,43.5464131925132,0.0,44.53867576392929,0.9941286362423307,1.4011208967173783
2019-02-10 06:45:00,0.045283916090266274,-1.8717701112943574,0.21193078689523137,-0.44879040100033185,0.661504606524722,50.33351669917487,98.14211455267845,56.97796136902085,0.7119095143047316,1.1177644710578916
2019-02-10 07:00:00,2.1612497042463596,0.28728645302722455,2.9483445050094925,1.0105838235638709,1.9001479340231948,25.18201808748815,0.0,32.71403818422615,2.930776553787573,3.345573235414112
2019-02-10 07:15:00,2.2771385714194015,0.4873906839017783,3.433044412437014,0.7152248707464448,2.662593762105879,23.986819196046476,0.0,32.71403818422615,3.141182883619531,3.5568274734260052
2019-02-10 07:30:00,1.8275960731512386,0.11782100688397801,3.105308071131385,0.07052356498540302,2.9873479357340162,30.391116793230033,24.307781255784008,8.102593751927998,2.7630685675492206,3.1771894093686415
2019-02-10 07:45:00,1.7957929400556516,0.1570405182889978,3.1616227955573617,-0.12847962793984813,3.2409510803672084,30.087787035046908,23.156480383456053,15.82142054641335,2.8049443086117787,3.2192339038304763
2019-02-10 08:00:00,1.6059511269915783,0.03440289181759759,3.0329115117507133,-0.4348922470647998,3.4233343162994903,32.271744554411676,100.0,49.154753879746686,2.6794193460860205,3.0932030932030896
2019-02-10 08:15:00,1.715448630264227,0.2090412029293054,3.1884947160300214,-0.4499788149699757,3.58932639397995,30.77622527606213,81.94891065808415,68.3684636805134,2.860831747757553,3.2753465615656507
2019-02-10 08:30:00,1.5155395883968747,0.07230872581958092,2.992552125344794,-0.7259940363111728,3.6768768864096026,33.33543543117239,100.00000000000001,93.98297021936139,2.7212269272529843,3.1351791530944473
2019-02-10 08:45:00,1.4428708731546447,0.05814418724394699,2.919635091911088,-0.8623681628841084,3.7434963981014633,33.59980090642764,100.0,93.98297021936139,2.707287284570503,3.121183335595057
2019-02-10 09:00:00,1.0830289707727037,-0.250664669991274,2.50462611081943,-1.2316282753216168,3.7126235772517573,39.538622115577795,100.0,100.0,2.3877164502164483,2.8003246753246724
2019-02-10 09:15:00,1.0799884232938872,-0.20807434937542002,2.46657074807477,-1.252604040807237,3.6967362154266254,39.04804390548536,94.4013239861486,98.13377466204953,2.4292867776424476,2.842062525375555
2019-02-10 09:30:00,1.1033970867753595,-0.13910324605268531,2.466501789739195,-1.249004498298223,3.6930250480711613,38.19738818842923,78.37830787004394,90.9265439520642,2.498645720476711,2.911700975081266
2019-02-10 09:45:00,0.9025194337922704,-0.29813112331915637,2.191560017259553,-1.4370981459777665,3.6150211849975364,41.49172329135109,100.0,90.9265439520642,2.3323418063818213,2.744726879394266
2019-02-10 10:00:00,1.050984251263154,-0.10796099415254501,2.294127479570096,-1.295753055294846,3.572049321441053,38.88736385992617,20.9443074229144,66.44087176431945,2.526415605526955,2.9395827688972975
2019-02-10 10:15:00,1.088745484556175,-0.02643820195927793,2.2333699568726884,-1.2409621477621036,3.4571774551151013,37.79251752240151,0.0,40.31476914097147,2.609815618221245,3.0233188720173443
2019-02-10 10:30:00,0.8620519196854248,-0.21368571711984918,1.85884040185611,-1.4068782908953636,3.2583554267667543,41.902708670664765,100.0,40.31476914097147,2.415426251691488,2.8281461434370714
2019-02-10 10:45:00,0.8938564409502137,-0.14467159965482201,1.6871659368495884,-1.2795829984609708,2.960715250203498,40.86424915720784,74.73452022065385,58.24484007355128,2.484766418415707,2.8977657413676416
2019-02-10 11:00:00,0.2717002111325417,-0.741990955670313,0.8976668348378292,-1.8007623933842698,2.710669194774549,52.317604399579196,100.0,91.57817340688462,1.8640646029609798,2.2745625841184447
2019-02-10 11:15:00,0.22216215411143825,-0.7742704259714905,0.6267323547895609,-1.716467320483106,2.3560369545217097,52.97154269772152,100.0,91.57817340688462,1.8229517018700347,2.2332840037669888
2019-02-10 11:30:00,0.12285271263967612,-0.8589948531355085,0.36164891594065995,-1.7111112815320517,2.0868407628348367,54.53824461765704,100.0,100.0,1.7271505376344143,2.1370967741935587
2019-02-10 11:45:00,0.09218264360710826,-0.8768261753302142,0.02168756680496209,-1.5226281741685832,1.5559930064140486,54.999519107170514,100.00000000000001,100.0,1.6998118785272798,2.109647944101045
2019-02-10 12:00:00,-0.18203493193222897,-1.1442471009315502,-0.0936307958757654,-1.8184688959371864,1.741487589477097,59.63114669198614,99.99999999999999,100.0,1.4136406270936597,1.8223234624145768
2019-02-10 12:15:00,0.10865130357897712,-0.8434936637442991,0.25039428922348783,-1.4384066531530904,1.6988924686653872,53.42721403564414,6.842318827291483,68.94743960909716,1.7134793710522622,2.123370514715761
2019-02-10 12:30:00,0.16906423215790056,-0.7690908248110695,0.37137430583404907,-1.3302231492982708,1.7097946281410845,52.10052833462581,0.0,35.614106275763824,1.7818719741796718,2.1920387305002675
2019-02-10 12:45:00,0.2142323600275997,-0.708562218031028,0.4571658283808455,-1.2147008122344372,1.6782232045561036,51.00926575666048,0.0,2.280772942430493,1.836652314316467,2.2470398277717907
2019-02-10 13:00:00,0.32257073295383076,-0.5823240301770949,0.5954052819195255,-1.0413166385138783,1.6403792390925722,48.54547894201079,0.0,-1.4802973661668755e-15,1.9601239391081826,2.3710090260002703
2019-02-10 13:15:00,0.23207326081704505,-0.656025073130051,0.5142199297640815,-1.0257288811707288,1.5438973976295038,50.2699901606229,35.32578449128022,11.775261497093403,1.8777762821375665,2.2883295194507935
2019-02-10 13:30:00,0.0676683781061449,-0.8081140082334959,0.3756239864232347,-1.1107402342393935,1.4918476278150006,53.61814314848892,100.0,45.10859483042674,1.7134793710522622,2.123370514715761
2019-02-10 13:45:00,0.1555452680922942,-0.7076014136459308,0.46894187952726263,-0.9289903056774018,1.401155181384617,51.442391234314854,57.108299985725765,64.14469482566865,1.8092547753564725,2.2195318805488418
2019-02-10 14:00:00,0.3440024225739968,-0.5018052163362596,0.6731463665397897,-0.6933647248090979,1.3666492483695434,47.037643293612,0.0,52.36943332857525,2.0150963741744077,2.426202992317017
2019-02-10 14:15:00,0.3565088804488692,-0.4702493244306494,0.6949835839006546,-0.6235261213147214,1.3180387866789485,46.4663464048825,0.0,19.036099995241916,2.0426048267493613,2.4538223001213444
2019-02-10 14:30:00,0.17382390401439185,-0.6379810293225097,0.5138302713730614,-0.7305193696233836,1.2456992882737794,50.661076431315486,58.65281378673129,19.550937928910425,1.8640646029609798,2.2745625841184447
2019-02-10 14:45:00,0.1281620878132772,-0.6713369855454343,0.4798454770851279,-0.7273902100328189,1.2087317630253698,51.60351603341922,100.0,52.884271262243765,1.8229517018700347,2.2332840037669888
2019-02-10 15:00:00,0.17493397928385335,-0.6117075913327885,0.5079033372798136,-0.5846296799908224,1.0929523084375565,50.22594070379394,73.1841572454038,77.27899034404503,1.8777762821375665,2.2883295194507935
2019-02-10 15:15:00,0.1939918265176921,-0.5791232095254562,0.4730995709655961,-0.4273206561951626,0.900214173021242,49.51420207785271,59.32947310206624,77.50454344915667,1.9052107176518174,2.315874511915972
2019-02-10 15:30:00,0.3291719215522182,-0.4273592040820451,0.5805242460890314,-0.2029622180415913,0.7820101773879932,45.68007390749374,0.0,44.171210115823335,2.056364617044215,2.4676375404530715
2019-02-10 15:45:00,0.30326676538354747,-0.43639821362179143,0.4868168813737528,-0.09312671014548579,0.5788042438099595,46.08877709377262,6.89975824175073,22.076410447938983,2.0426048267493613,2.4538223001213444
2019-02-10 16:00:00,0.4736213203010875,-0.24564220941500903,0.7039935745288828,0.03219445735005433,0.6693353338682878,41.39318447584689,0.0,2.2999194139169035,2.235580170201268,2.6475753073078367
2019-02-10 16:15:00,0.32482605564485567,-0.37642582043481143,0.5689965288565801,-0.13057753519679638,0.6980438855641774,45.65242389699535,52.44711475685595,19.782290999535554,2.0976662619722086,2.5091056252529276
2019-02-10 16:30:00,0.3641274707609776,-0.31943029942053114,0.6149731129806657,-0.11018164314668955,0.7233291043186348,44.266610135390124,61.19410036922168,37.88040504202587,2.1527871507625918,2.564448643541639
2019-02-10 16:45:00,0.28481675133036344,-0.3828075421335231,0.5254124677785743,-0.19360777395612816,0.7178293460028669,46.45466092140426,100.0,71.2137383753592,2.083895333153496,2.4952792015106473
2019-02-10 17:00:00,0.1957347347492311,-0.4587499754316049,0.33556246493846587,-0.2237026266635911,0.5589524699376032,49.04011205002259,100.0,87.06470012307388,2.001347708894863,2.41239892183287
2019-02-10 17:15:00,-0.596897146339026,-1.2577674644574155,-0.3096150946282905,-1.156766405171239,0.8534084221530399,66.66372637132537,100.0,100.0,1.1696297286458934,1.5773292340596212
2019-02-10 17:30:00,-1.0055809688762185,-1.687545189501316,-0.4642501842549329,-1.7952308536692385,1.3461891132889845,72.39431036111796,100.0,100.0,0.7119095143047316,1.1177644710578916
2019-02-10 17:45:00,-1.4446671185689985,-2.160453207101909,-0.5764096690761944,-2.517725111805602,1.9718208399420611,77.12687628036761,100.0,100.0,0.20521647027671452,0.6090295246921729
2019-02-10 18:00:00,-0.9724837468216285,-1.7138792153427729,0.03407242243476105,-2.135136252222003,2.1922388433569133,66.46981279103633,62.05663492622138,87.35221164207378,0.644946808510638,1.0505319148936154
2019-02-10 18:15:00,-1.060700494828093,-1.8260529808964088,0.08077238936607944,-2.3105200653288915,2.418252923879512,67.916530765568,13.575202737414168,58.543945887878515,0.5112881806108804,0.9163346613545897
2019-02-10 18:30:00,-1.1451777749433623,-1.936791909341784,0.130413697661802,-2.4911564032320976,2.6528839834572446,69.34111752361834,26.942738358051916,34.191525340562485,0.37798408488063373,0.7824933687002655
2019-02-10 18:45:00,-1.1128637454609458,-1.930394960808579,0.28184921370573157,-2.526909550531098,2.840645871117908,69.48702475613896,28.311851272380473,22.943264122615517,0.364673120275838,0.7691287627635601
2019-02-10 19:00:00,-1.3706392175564241,-2.2192175747120735,0.1723402911746108,-2.8517851028071584,3.065190437047841,72.82912895331427,100.0,51.75152987681079,0.046265697290159835,0.44943820224718767
2019-02-10 19:15:00,-1.1788985925127449,-2.0561659597081228,0.4662297584307584,-2.676979030339699,3.1783413680974473,69.09370387385607,23.962332421657305,50.75806123134592,0.19195128408788786,0.5957108816520895
2019-02-10 19:30:00,-1.2707245659816735,-2.176706194255029,0.4788579304389362,-2.7987521802737114,3.3160748253089243,70.7114750660984,43.3088914335013,55.757074618386206,0.046265697290159835,0.44943820224718767
2019-02-10 19:45:00,-1.1204740332711127,-2.0525200447071956,0.705601924172794,-2.652141556301979,3.3907445739528947,67.92668450267037,0.0,22.42374128505287,0.15217678973138415,0.5557761016276253
2019-02-10 20:00:00,-0.571002958528144,-1.5160779192984086,1.276509188970576,-2.0520845514822583,3.341551866955656,56.042377084340636,0.0,14.436297144500434,0.6851137421843845,1.0908607157110506
2019-02-10 20:15:00,-0.10173234776154061,-1.0448793097821985,1.7457066254236597,-1.5158215679524356,3.2577836145088503,48.110655353558215,0.0,0.0,1.156107992515376,1.5637530072173167
2019-02-10 20:30:00,-0.16184107321094432,-1.0999095693977723,1.6603471281393167,-1.4693493987417483,3.1267105537997684,49.2164154587582,4.8925663726543815,1.6308554575514604,1.0885534927207008,1.4959262722051392
2019-02-10 20:45:00,-0.10421924110698422,-1.0366246851205352,1.6882419121863945,-1.3020331723762157,2.98451186173725,48.32912395181399,1.1024842394600716,1.9983502040381511,1.1425898703728343,1.5501804089268933
2019-02-10 21:00:00,-0.2282228288336463,-1.1570702746992567,1.4971149538703488,-1.2582253235487784,2.752053092689451,50.72102233954708,32.91047107538113,12.968507229165196,1.0076070999599507,1.4146536767649653
2019-02-10 21:15:00,-0.48717846729523506,-1.4190529824235076,1.169450972599262,-1.3557698440393229,2.5275754917040505,55.39108336348958,100.0,44.67098510494707,0.7253127495342016,1.1312217194570096
2019-02-10 21:30:00,-0.9617585822528918,-1.9088919614005273,0.6171811124696447,-1.6445874410808248,2.273447324394702,62.49888146823708,100.0,77.63682369179371,0.20521647027671452,0.6090295246921729
2019-02-10 21:45:00,-1.0372916336482296,-2.005480621164979,0.4487629710817398,-1.517263367802213,1.9765862548713764,63.92729736436564,100.0,100.0,0.08595609627082279,0.4892885480031861
2019-02-10 22:00:00,-1.1848446597902185,-2.177592601196665,0.1890669263041822,-1.4441810875817862,1.6435623055089041,66.23565062212616,100.00000000000001,100.0,-0.11218160221724283,0.2903523822093135
2019-02-10 22:15:00,-0.8114775899680571,-1.822449274429161,0.5335075135860512,-1.0115898867816608,1.5487996694756578,59.1679683235873,34.82743820035627,78.27581273345209,0.2317573831280617,0.6356773937226778
2019-02-10 22:30:00,-0.6912281850024793,-1.7141239585290124,0.6404899723795765,-0.8949968652745999,1.5374432872243398,57.39235405447503,0.0,44.94247940011875,0.3247613997878984,0.7290562036055048
2019-02-10 22:45:00,-0.6008407157429008,-1.6325316496740405,0.6902499741236134,-0.8308521760071463,1.5221722539835427,56.09737962637199,0.0,11.609146066785414,0.3912985807136282,0.7958615200954977
2019-02-10 23:00:00,-0.7290481448848474,-1.7710570213899657,0.5522271585515437,-0.9693904481820725,1.5247980555980825,58.51661048459825,23.862361335965666,7.9541204453218795,0.2317573831280617,0.6356773937226778
2019-02-10 23:15:00,-1.0653605581231518,-2.125505101231706,0.24186561437933296,-1.3566413399730082,1.6074667790774118,63.719677768253355,100.0,41.28745377865521,-0.15171503957783772,0.25065963060686425
2019-02-10 23:30:00,-0.633238575939421,-1.7064329991319904,0.6620343001818574,-0.9481649135081538,1.61250615055928,55.68009429072017,0.0,41.28745377865521,0.258312359252888,0.6623393826997059
2019-02-10 23:45:00,-0.5957573035281882,-1.6765606779160835,0.681874610001798,-0.9322720662816475,1.616170100694107,55.43710701820277,0.0,33.33333333333332,0.27159512453629464,0.6756756756756799
2019-02-11 00:00:00,-0.6735123631771978,-1.7629436982538382,0.5606022656678533,-1.034397924746755,1.598787683736327,57.05184745623786,19.495643161577938,6.49854772052597,0.16543144520910769,0.5690841715193073
2019-02-11 00:15:00,-0.9743507879657498,-2.0789220044706513,0.26924594201531704,-1.3903221751991768,1.6689230671424211,61.88562037304363,77.85642343956405,32.45068886704732,-0.1780532840939042,0.22421524663676085
2019-02-11 00:30:00,-0.948687740749965,-2.0710209606992103,0.2931995880609328,-1.416765459088254,1.719625610383054,62.06247729443699,100.0,65.78402220038065,-0.19121719636027157,0.2109982856389303
2019-02-11 00:45:00,-2.442650958429049,-3.61034185311373,-0.8013971175085954,-3.3273170384535367,2.579163056045083,76.57657355852861,100.0,92.61880781318801,-1.7970676008823183,-1.40132347216817
2019-02-11 01:00:00,-1.3637054013322714,-2.5734419731208713,0.3729884872269329,-2.302974064780383,2.7020370143458203,60.49602512537939,17.640081868997083,72.54669395633235,-0.7670119312967127,-0.36711682181723715
2019-02-11 01:15:00,-0.9109400500899589,-2.1414328907598756,0.8175617739760277,-1.7642372183472976,2.594077740813422,55.47760193531376,0.0,39.21336062299901,-0.3489137590520053,0.05266622778143937
2019-02-11 01:30:00,-0.44711093392364454,-1.6844572128505209,1.2439590261186906,-1.1976688528611779,2.4410628928586493,50.66821552050956,0.0,5.880027289665681,0.09919322840894473,0.5025790239386208
2019-02-11 01:45:00,-0.3662838590768991,-1.6032858578245657,1.2609492222860341,-0.9856712974580906,2.243532544828007,49.98199866492615,0.0,-1.3026616822268503e-14,0.16543144520910769,0.5690841715193073
2019-02-11 02:00:00,-0.2758457372291079,-1.5099147707836713,1.293494891293956,-0.783561116459508,2.07177367091042,49.12225302996541,0.0,-1.3026616822268503e-14,0.24503311258277094,0.6490066225165458
2019-02-11 02:15:00,-0.3791069222454091,-1.6109895339836977,1.1498754275925949,-0.819143849341486,1.965768568228836,50.497742618024624,21.643022413791833,7.214340804597264,0.1256779997354185,0.5291705252017387
2019-02-11 02:30:00,-0.14849598337518533,-1.3753933248034311,1.379835257637696,-0.6121343825382319,1.9843526936787002,47.86540109774175,0.0,7.214340804597264,0.3513656854945646,0.7557677008750874
2019-02-11 02:45:00,-0.0025460218656236933,-1.219087192293633,1.532950198863925,-0.5131653097389721,2.0357354473654965,46.18766099222966,0.0,7.214340804597264,0.4979418403930458,0.9029345372460362
2019-02-11 03:00:00,-0.24422680286412257,-1.4530711893430137,1.264394977495109,-0.7862492821308686,2.0457534186714184,49.48147622894072,76.42117998411551,25.473726661371824,0.24503311258277094,0.6490066225165458
2019-02-11 03:15:00,-0.0056014748044508345,-1.205448334818482,1.5106397079472256,-0.5786163409795986,2.079565032907826,46.57306525505406,8.941924916638127,28.4543683002512,0.4845990440786041,0.8895379713223628
2019-02-11 03:30:00,0.30172436955318016,-0.8807904634477559,1.859054635595192,-0.33268276558986454,2.175137061067951,42.94827969208354,0.0,28.4543683002512,0.805807139051673,1.2120404901438508
2019-02-11 03:45:00,-0.017176434757681935,-1.1847176657297398,1.5365158267108603,-0.6615822101415314,2.1885239708883906,47.36037576719373,67.53349681460288,25.49180724374699,0.4845990440786041,0.8895379713223628
2019-02-11 04:00:00,0.07285708442927863,-1.0819228761157706,1.6354324238650575,-0.6081898989480972,2.2321574873465764,46.23722146206464,50.341999531568625,39.29183211539049,0.5780730897009922,0.9833887043189327
2019-02-11 04:15:00,0.05722444142968186,-1.0841702059140035,1.6017517772604961,-0.6729715487194143,2.264208565236485,46.43266036140341,78.9733634536244,65.61628659993197,0.5647090087695927,0.9699707680042469
2019-02-11 04:30:00,-0.1871051178840899,-1.3199961286819994,1.3449593578820362,-0.927464328060934,2.267689939548273,50.14125152962308,100.0,76.43845432839767,0.31146454605699425,0.7157057654075594
2019-02-11 04:45:00,-0.2559684280418306,-1.3844924413755844,1.2653672864761711,-1.0031503615655302,2.2655473237792902,51.288152230645856,100.0,92.99112115120813,0.2317573831280617,0.6356773937226778
2019-02-11 05:00:00,-0.22054099467024857,-1.3448495913205072,1.2893393067216152,-0.9833385119143334,2.269205924553474,50.86810950156877,91.68385495026143,97.22795165008715,0.258312359252888,0.6623393826997059
2019-02-11 05:15:00,-0.07199687457930537,-1.1889356899575043,1.4072138995933736,-0.8672828834086932,2.2683729584194356,48.514701865290036,42.88013572992487,78.18799689339544,0.40461660918016396,0.8092332183603057
2019-02-11 05:30:00,-0.0946401143921638,-1.2030545211271337,1.3461655072120937,-0.9164572844004071,2.25777187591094,48.97691287552202,16.665559117467126,50.40984993255114,0.37798408488063373,0.7824933687002655
2019-02-11 05:45:00,-0.2053660831932813,-1.307698615658237,0.6515866362946543,-0.6701321390102599,1.3218413463663135,51.104198574662085,93.36733556577744,50.97101013772314,0.258312359252888,0.6623393826997059
2019-02-11 06:00:00,0.044618598705103985,-1.048140144609755,0.6430448064252525,-0.28580709062181464,0.927195750586858,46.67952448748072,0.0,36.67763156108152,0.5112881806108804,0.9163346613545897
2019-02-11 06:15:00,0.4788512680337309,-0.5933556354389857,0.9979708347149785,0.1359672656051636,0.8571438288846872,40.004622658476244,0.0,31.122445188592476,0.9671824973318977,1.3740661686232558
2019-02-11 06:30:00,0.062478309859304026,-0.9927848302045517,0.5412850719727524,-0.28088916390849317,0.8211051737445643,47.39121589467533,66.54842754332316,22.182809181107714,0.5513484788096212,0.9565563969708979
2019-02-11 06:45:00,0.27765185681114524,-0.7610188683565999,0.7486105955798239,-0.09614721342272592,0.8420109025959327,44.178934769838115,37.607852253839035,34.71875993238739,0.7789613848202315,1.1850865512649689
2019-02-11 07:00:00,-0.07837646229467143,-1.1054156632059775,0.36880575808295735,-0.45239339242029164,0.821542504475539,49.97821871955602,100.0,68.05209326572073,0.4179381716863384,0.8226084649064491
2019-02-11 07:15:00,-0.12622616342926607,-1.1463515553535086,0.2771716109844169,-0.4906711468550151,0.7686633041327949,50.79381799804019,100.0,79.20261741794634,0.364673120275838,0.7691287627635601
2019-02-11 07:30:00,-0.24835485605746443,-1.2645570839388331,0.16115004187355897,-0.6273134639369071,0.7903055635403484,52.86302564377002,100.0,100.0,0.2317573831280617,0.6356773937226778
2019-02-11 07:45:00,-0.28935790707727005,-1.303729820535715,0.14276498009198058,-0.6828046888941341,0.8278049065896131,53.70170144388911,100.0,100.0,0.1786896095301138,0.58239576439445
2019-02-11 08:00:00,-0.061957585905847434,-1.0703883606874909,0.35062679900406124,-0.45675574567431987,0.8078112054400868,49.65786083057686,0.0,66.66666666666667,0.40461660918016396,0.8092332183603057
2019-02-11 08:15:00,0.23434235360557665,-0.7599718672834044,0.6611557233657139,-0.1781217912300237,0.8372554007535982,44.74826457443691,0.0,33.333333333333336,0.7119095143047316,1.1177644710578916
2019-02-11 08:30:00,-0.14504954832317285,-1.1301040713349586,0.2729456372453143,-0.5128714060682604,0.7867608643398539,51.287845996691196,73.03990096324208,24.346633654414024,0.3247613997878984,0.7290562036055048
2019-02-11 08:45:00,-0.11392004990341542,-1.0929016530421554,0.30777279737874697,-0.4814667777553683,0.7899256017439602,50.840921537833694,68.04824842384302,47.02938312902836,0.3513656854945646,0.7557677008750874
2019-02-11 09:00:00,0.04348601462853541,-0.9259745027726862,0.4673261514278826,-0.31593172911715817,0.7826654246459144,48.13085960995046,51.72494716561728,64.27103218423412,0.5112881806108804,0.9163346613545897
2019-02-11 09:15:00,0.06731740018308674,-0.8907012580361862,0.4937663885675736,-0.2865400336260704,0.7794987587613349,47.67473082119803,44.750054442358,54.841083343939424,0.5379914984059431,0.9431455897980889
2019-02-11 09:30:00,0.026378560877349244,-0.9209262511164718,0.4411979833469193,-0.3323147009143823,0.7730918003970504,48.46368748559779,21.835912393577892,39.43697133385104,0.4979418403930458,0.9029345372460362
2019-02-11 09:45:00,0.2555940687289704,-0.6767464579368943,0.6639467319023984,-0.1262121385309678,0.7880400883510177,44.16121027415837,0.0,22.195322278645282,0.73871955277518,1.1446825502462454
2019-02-11 10:00:00,-0.18837862160608898,-1.1130216359289347,0.2064597804898316,-0.5748180685513415,0.7827194550336095,52.702632450332956,100.0,40.61197079785928,0.2848814098317165,0.689015502848811
2019-02-11 10:15:00,-0.18099122468036022,-1.101946793780395,0.21977577609872956,-0.5762087958417039,0.7974056805137557,52.702632450332956,100.0,66.66666666666664,0.2848814098317165,0.689015502848811
2019-02-11 10:30:00,-0.097587041455649,-1.0130768370582244,0.3007897239258428,-0.49705016683794234,0.7986235818532664,51.1027782591797,81.26946358399327,93.75648786133108,0.364673120275838,0.7691287627635601
2019-02-11 10:45:00,-0.13193003685889604,-1.0419686253402727,0.2518082755462503,-0.5341518598516837,0.7870712579983785,51.88918191626081,90.47640407775204,90.58195588724841,0.3247613997878984,0.7290562036055048
2019-02-11 11:00:00,-0.3044916169987699,-1.213080963667934,0.1087566395385986,-0.7239987670855874,0.8353250424055942,55.48700359863993,100.0,90.58195588724841,0.13892564170414623,0.5424715533209667
2019-02-11 11:15:00,-0.8093583893199363,-1.7287065912423794,-0.28366749056980556,-1.2718003341439466,0.9958781254817526,63.981901741873294,100.0,96.82546802591732,-0.4013686011317241,0.0
2019-02-11 11:30:00,-0.2986569512323789,-1.2225289607927348,0.2476948126153511,-0.7608544475842582,1.0111436507331575,53.74449901579429,20.51165019237853,73.50388339745949,0.09919322840894473,0.5025790239386208
2019-02-11 11:45:00,-0.1346733763078256,-1.054908760633333,0.3961103336101335,-0.5405003190386504,0.9372873271663404,50.97093873950123,0.0,40.17055006412616,0.258312359252888,0.6623393826997059
2019-02-11 12:00:00,-0.2563255762372374,-1.1740067624374406,0.2842238470575298,-0.6639036988897673,0.9499308940528158,53.14113395527107,16.679743193291607,12.397131128556696,0.1256779997354185,0.5291705252017387
2019-02-11 12:15:00,-0.38552771908743066,-1.3045006843823481,0.17882978122287785,-0.8102696755425187,0.9922321315267494,55.475769097786745,34.623343079710764,17.10102875766744,-0.019815059445171812,0.3830911492734401
2019-02-11 12:30:00,-0.610025854865015,-1.536158295342438,0.01103942503513089,-1.0915506913415807,1.1085792783761046,59.25216391901509,100.0,50.43436209100077,-0.2701278165766152,0.1317696666227386
2019-02-11 12:45:00,-0.5357447604688259,-1.4694642511682843,0.12236905320679448,-1.0584270624354963,1.1863485710506303,58.134260730409395,86.50075122493746,73.70803143488273,-0.2175346077785023,0.18457481872116155
2019-02-11 13:00:00,-0.903715543128103,-1.8519086439370724,-0.1268486026818727,-1.5170589603433093,1.401731946401554,63.829827473078915,100.0,95.50025040831247,-0.6236869747899165,-0.22321428571427937
2019-02-11 13:15:00,-0.7681598865144967,-1.731303465723899,0.0654675948389638,-1.3785590774887613,1.4535700244202299,61.50442814614918,72.16443526648919,86.22172883047553,-0.5191903259726516,-0.11829652996845352
2019-02-11 13:30:00,-0.9880107869189692,-1.969165444851173,-0.04473795937290914,-1.6791739441404552,1.6486465921923827,64.94296545208107,100.0,90.72147842216305,-0.7800209753539566,-0.38017829050865926
2019-02-11 13:45:00,-0.9742008270970604,-1.9750122315366991,0.06291798115409808,-1.723468439869691,1.8013425217779915,65.27697981418757,100.0,90.72147842216305,-0.8060288335517751,-0.4062909567496775
2019-02-11 14:00:00,-1.1226726765585004,-2.1457781868931214,0.01790244609705116,-1.917183021636626,1.9536380012709256,67.7581463425781,100.0,99.99999999999999,-1.0006540222367577,-0.6017004578155682
2019-02-11 14:15:00,-0.7544575043356372,-1.7938202239366152,0.41513277057556586,-1.51895216944683,1.9448185824151765,59.78390343125868,0.0,66.66666666666664,-0.662816642604025,-0.2625016406352598
2019-02-11 14:30:00,-0.9246950307565172,-1.9797255640256028,0.28548221656252704,-1.6698960999940837,1.9690079261040494,62.69356832236641,36.488290154510686,45.49609671817021,-0.8709888670595856,-0.4715127701375166
2019-02-11 14:45:00,-0.8260537132358747,-1.8964324717081427,0.3704110807182692,-1.4713285119109298,1.8519337232156985,61.20333975260554,17.80026439039085,18.096184848300492,-0.8060288335517751,-0.4062909567496775
2019-02-11 15:00:00,-0.668613817527397,-1.7500987007661784,0.5326187612686661,-1.2767132494576283,1.8160887187547357,58.222520925373075,0.0,18.096184848300492,-0.6758530183727074,-0.2755905511811041
2019-02-11 15:15:00,-0.9171375607154975,-2.012714930885895,0.30707072643918476,-1.5004755942748416,1.8183967383098059,62.54450680257635,96.66607158111766,38.15544532383615,-0.9617901073017632,-0.562679926720755
2019-02-11 15:30:00,-0.9931535201355146,-2.1068051019664247,0.24775278437547676,-1.5312451383161618,1.790488312989345,64.17720205005475,100.0,65.55535719370586,-1.0782904195529963,-0.6796497189909823
2019-02-11 15:45:00,-1.0411571688335286,-2.1744333966065788,0.21399091101501622,-1.5302614777426449,1.7558079805860105,65.4390737366654,100.0,98.8886905270392,-1.1687124575607166,-0.7704361452076203
2019-02-11 16:00:00,-0.9754899357352187,-2.1274962564992617,0.2924015888136733,-1.4287652251773197,1.7310020529280743,64.73741220608665,90.27705403221307,96.75901801073768,-1.142894461859978,-0.7445141065830718
