timestamp,ema50_dist_trx_usd_6h,ema200_dist_trx_usd_6h,upper_bb_dist_trx_usd_6h,lower_bb_dist_trx_usd_6h,width_bb_trx_usd_6h,rsi_trx_usd_6h,stoch_rsi_fastk_trx_usd_6h,stoch_rsi_fastd_trx_usd_6h,kijun_dist_trx_usd_6h,tenkan_dist_trx_usd_6h
2018-06-06 20:00:00,,,,,,,,,-54.03,-54.77
2018-06-07 02:00:00,,,,,,,,,-54.58,-55.31
2018-06-07 08:00:00,,,,,,,,,-53.99,-54.73
2018-06-07 14:00:00,,,,,,,,,-53.77,-54.52
2018-06-07 20:00:00,,,,,,,,,-53.62,-54.36
2018-06-08 02:00:00,,,,,,,,,-52.39,-53.16
2018-06-08 08:00:00,,,,,,,,,-52.1,-52.87
2018-06-08 14:00:00,,,,,,,,,-53.04,-53.8
2018-06-08 20:00:00,,,,,,,,,-52.81,-53.57
2018-06-09 02:00:00,,,,,,,,,-53.61,-54.36
2018-06-09 08:00:00,,,,,,,,,-53.5,-54.25
2018-06-09 14:00:00,,,,,,,,,-52.67,-53.43
2018-06-09 20:00:00,,,,,,,,,-52.28,-53.05
2018-06-10 02:00:00,,,,,,,,,-50.1,-50.9
2018-06-10 08:00:00,,,,,,24.86,,,-49.04,-49.86
2018-06-10 14:00:00,,,,,,17.3,,,-44.15,-45.05
2018-06-10 20:00:00,,,,,,15.88,,,-42.65,-43.57
2018-06-11 02:00:00,,,,,,15.19,,,-41.84,-42.78
2018-06-11 08:00:00,,,,,,22.19,,,-43.37,-44.28
2018-06-11 14:00:00,,,41.17,-0.23,34.36,19.06,,,-40.49,-41.45
2018-06-11 20:00:00,,,32.92,-7.23,35.58,30.83,100.0,75.91,-43.7,-44.61
2018-06-12 02:00:00,,,35.91,-6.31,36.78,28.46,84.86,80.08,-42.04,-42.97
2018-06-12 08:00:00,,,35.25,-7.71,37.76,28.26,78.17,87.68,-41.89,-42.83
2018-06-12 14:00:00,,,37.38,-7.32,38.87,26.43,62.66,75.23,-40.52,-41.47
2018-06-12 20:00:00,,,42.17,-5.71,40.5,23.61,0.0,46.94,-37.99,-38.99
2018-06-13 02:00:00,,,43.2,-6.86,42.36,22.81,0.0,20.89,-37.19,-38.19
2018-06-13 08:00:00,,,52.46,-4.03,45.48,19.37,0.0,-0.0,-32.91,-33.99
2018-06-13 14:00:00,,,52.63,-5.88,47.42,18.88,0.0,-0.0,-32.16,-33.25
2018-06-13 20:00:00,,,46.89,-9.87,47.9,23.35,94.51,31.5,-33.72,-34.79
2018-06-14 02:00:00,,,39.4,-12.78,46.06,28.55,100.0,64.84,-35.54,-36.58
2018-06-14 08:00:00,,,28.05,-16.53,42.15,37.79,100.0,98.17,-38.95,-39.93
2018-06-14 14:00:00,,,24.29,-15.18,37.75,37.54,98.71,99.57,-38.8,-39.78
2018-06-14 20:00:00,,,18.06,-14.47,31.95,39.89,100.0,99.57,-39.64,-40.61
2018-06-15 02:00:00,,,14.3,-13.04,27.16,40.11,100.0,99.57,-39.71,-40.68
2018-06-15 08:00:00,,,13.05,-9.48,22.14,37.56,0.88,66.96,-38.4,-39.39
2018-06-15 14:00:00,,,11.97,-9.22,20.91,37.43,0.0,33.63,-38.33,-39.32
2018-06-15 20:00:00,,,15.22,-6.33,20.63,33.53,0.0,0.29,-36.11,-37.14
2018-06-16 02:00:00,,,12.93,-7.87,20.29,36.43,44.14,14.71,-37.03,-38.04
2018-06-16 08:00:00,,,12.58,-6.98,19.02,35.45,47.61,30.58,-36.49,-37.51
2018-06-16 14:00:00,,,11.36,-7.79,18.82,36.95,87.53,59.76,-36.93,-37.95
2018-06-16 20:00:00,,,9.44,-7.27,16.53,37.18,100.0,78.38,-37.0,-38.01
2018-06-17 02:00:00,,,8.63,-6.63,15.11,36.66,70.33,85.95,-36.77,-37.78
2018-06-17 08:00:00,,,7.14,-6.31,13.39,37.05,92.87,87.74,-36.86,-37.88
2018-06-17 14:00:00,,,6.69,-5.74,12.38,36.44,0.0,54.4,-36.62,-37.64
2018-06-17 20:00:00,,,7.58,-4.94,12.35,34.84,0.0,30.96,-35.98,-37.01
2018-06-18 02:00:00,,,8.59,-4.2,12.51,33.28,0.0,-0.0,-35.34,-36.38
2018-06-18 08:00:00,,,10.52,-1.96,11.97,30.47,0.0,-0.0,-34.08,-35.13
2018-06-18 14:00:00,,,1.09,-9.35,10.89,51.61,100.0,33.33,-39.75,-40.71
2018-06-18 20:00:00,,,1.11,-8.93,10.45,52.08,100.0,66.67,-39.9,-40.87
2018-06-19 02:00:00,7.62,,2.34,-7.75,10.38,50.16,91.13,97.04,-39.33,-40.3
2018-06-19 08:00:00,0.11,,-2.89,-15.34,13.7,62.06,100.0,97.04,-43.56,-44.47
2018-06-19 14:00:00,0.07,,-1.38,-16.14,16.18,62.12,100.0,97.04,-43.59,-44.49
2018-06-19 20:00:00,-3.27,,-2.64,-20.23,19.86,66.84,100.0,100.0,-45.54,-46.42
2018-06-20 02:00:00,4.59,,5.7,-13.62,20.12,51.52,8.13,69.38,-41.01,-41.96
2018-06-20 08:00:00,2.07,,3.94,-15.69,20.85,54.73,20.94,43.02,-42.39,-43.31
2018-06-20 14:00:00,-2.14,,1.01,-19.63,22.76,60.08,55.9,28.32,-44.81,-45.7
2018-06-20 20:00:00,-3.1,,1.35,-20.53,24.2,61.39,64.43,47.09,-45.42,-46.3
2018-06-21 02:00:00,-3.21,,2.43,-20.7,25.45,61.7,100.0,73.44,-45.56,-46.43
2018-06-21 08:00:00,-0.62,,5.82,-18.09,25.47,56.71,28.42,64.28,-44.12,-45.02
2018-06-21 14:00:00,0.03,,7.03,-16.98,25.27,55.51,0.0,42.81,-43.75,-44.65
2018-06-21 20:00:00,-1.14,,6.3,-17.39,25.08,57.33,29.42,19.28,-44.44,-45.33
2018-06-22 02:00:00,1.54,,9.39,-14.26,24.24,52.24,0.0,9.81,-42.9,-43.81
2018-06-22 08:00:00,6.73,,15.11,-9.0,23.4,44.42,0.0,9.81,-39.82,-40.79
2018-06-22 14:00:00,12.49,,21.92,-3.76,23.54,38.1,0.0,-0.0,-36.29,-37.31
2018-06-22 20:00:00,12.23,,22.15,-3.51,23.47,37.89,0.0,-0.0,-36.15,-37.18
2018-06-23 02:00:00,10.72,,20.76,-3.99,22.84,39.51,11.32,3.77,-36.76,-37.78
2018-06-23 08:00:00,8.02,,17.5,-4.76,20.93,43.19,81.24,30.85,-38.12,-39.11
2018-06-23 14:00:00,7.92,,17.86,-4.97,21.45,42.92,94.93,62.49,-37.99,-38.99
2018-06-23 20:00:00,7.27,,17.57,-5.65,21.91,43.51,100.0,92.05,-38.19,-39.18
2018-06-24 02:00:00,16.36,,29.31,0.76,24.82,33.72,0.0,64.98,-32.57,-33.65
2018-06-24 08:00:00,15.44,,29.24,-1.66,27.15,34.15,4.45,34.82,-32.73,-33.81
2018-06-24 14:00:00,9.95,,23.12,-6.96,27.83,41.82,82.72,29.06,-35.7,-36.73
2018-06-24 20:00:00,9.72,,22.07,-7.4,27.45,41.64,80.88,56.02,-35.6,-36.63
2018-06-25 02:00:00,11.19,,24.14,-6.83,28.5,39.56,72.14,78.58,-34.47,-35.52
2018-06-25 08:00:00,6.64,,18.85,-10.82,28.52,46.16,100.0,84.34,-36.99,-38.0
2018-06-25 14:00:00,8.89,,20.37,-8.95,27.74,43.02,52.39,74.84,-35.45,-36.48
2018-06-25 20:00:00,8.39,,18.29,-8.98,26.05,43.26,56.0,69.46,-35.54,-36.57
2018-06-26 02:00:00,10.04,,18.19,-6.97,23.82,40.81,18.97,42.45,-34.32,-35.37
2018-06-26 08:00:00,11.7,,18.62,-5.27,22.4,38.46,0.0,24.99,-33.04,-34.11
2018-06-26 14:00:00,14.23,,20.01,-2.97,21.17,35.4,0.0,6.32,-31.18,-32.28
2018-06-26 20:00:00,16.55,,20.4,-0.37,18.88,32.81,0.0,-0.0,-29.37,-30.5
2018-06-27 02:00:00,14.87,,16.84,-1.09,16.62,34.63,22.68,7.56,-30.02,-31.14
2018-06-27 08:00:00,14.94,,16.52,-1.21,16.47,34.0,21.07,14.58,-29.61,-30.74
2018-06-27 14:00:00,12.72,,14.64,-3.39,17.07,37.14,100.0,47.92,-30.65,-31.76
2018-06-27 20:00:00,12.68,,14.93,-3.7,17.64,36.61,87.71,69.59,-30.36,-31.48
2018-06-28 02:00:00,13.35,,15.8,-3.42,18.1,35.23,39.13,75.61,-29.6,-30.74
2018-06-28 08:00:00,11.92,,13.81,-4.47,17.46,37.21,100.0,75.61,-30.19,-31.31
2018-06-28 14:00:00,12.11,,13.35,-4.06,16.64,36.33,55.49,64.87,-29.76,-30.89
2018-06-28 20:00:00,17.45,,18.45,0.17,16.72,29.98,0.0,51.83,-25.97,-27.16
2018-06-29 02:00:00,18.25,,20.55,-0.19,18.82,28.68,0.0,18.5,-25.0,-26.2
2018-06-29 08:00:00,20.12,,23.93,0.06,21.31,26.58,0.0,-0.0,-23.29,-24.52
2018-06-29 14:00:00,18.51,,22.58,-2.04,22.32,28.36,18.26,6.09,-23.83,-25.06
2018-06-29 20:00:00,12.73,,16.16,-6.71,21.84,38.78,100.0,39.42,-27.21,-28.38
2018-06-30 02:00:00,7.82,,10.74,-10.47,21.19,46.75,100.0,72.75,-30.18,-31.3
2018-06-30 08:00:00,9.25,,10.76,-8.41,18.94,44.25,87.58,95.86,-29.01,-30.15
2018-06-30 14:00:00,10.33,,10.85,-6.86,17.37,42.26,75.56,87.71,-28.03,-29.19
2018-06-30 20:00:00,8.71,,7.89,-7.28,15.12,44.52,72.02,78.39,-28.86,-30.0
2018-07-01 02:00:00,10.17,,8.32,-5.26,13.37,41.91,0.0,49.19,-27.63,-28.79
2018-07-01 08:00:00,9.14,,6.61,-5.5,12.05,43.15,47.54,39.85,-28.06,-29.22
2018-07-01 14:00:00,10.46,,7.78,-4.08,11.64,40.67,0.0,15.85,-26.91,-28.08
2018-07-01 20:00:00,7.69,,5.28,-6.23,11.56,45.48,100.0,49.18,-28.54,-29.69
2018-07-02 02:00:00,9.32,,6.94,-4.58,11.39,42.43,36.64,45.55,-27.2,-28.37
2018-07-02 08:00:00,6.97,,4.77,-6.38,11.24,46.42,100.0,78.88,-28.58,-29.73
2018-07-02 14:00:00,2.02,,0.36,-10.83,11.81,54.91,100.0,78.88,-31.83,-32.92
2018-07-02 20:00:00,0.67,,-0.22,-12.36,12.96,57.02,100.0,100.0,-32.71,-33.79
2018-07-03 02:00:00,-0.58,,-0.41,-13.99,14.63,59.07,100.0,100.0,-33.57,-34.63
2018-07-03 08:00:00,2.4,,2.96,-11.4,14.99,52.65,49.24,83.08,-31.5,-32.6
2018-07-03 14:00:00,1.6,,2.66,-12.16,15.56,53.91,19.67,56.3,-32.0,-33.09
2018-07-03 20:00:00,4.5,,5.9,-9.1,15.24,48.26,0.0,22.97,-29.93,-31.06
2018-07-04 02:00:00,4.93,,6.49,-7.9,14.49,47.21,0.0,6.56,-29.51,-30.65
2018-07-04 08:00:00,3.9,,5.22,-7.39,12.75,48.88,24.87,8.29,-30.1,-31.22
2018-07-04 14:00:00,0.5,,1.75,-9.22,11.4,55.06,100.0,41.62,-32.37,-33.45
2018-07-04 20:00:00,2.25,,3.72,-7.12,11.03,51.35,52.72,59.2,-31.13,-32.23
2018-07-05 02:00:00,2.32,,3.98,-6.96,11.11,51.03,48.68,67.13,-31.02,-32.13
2018-07-05 08:00:00,1.07,,3.03,-7.94,11.25,53.39,72.99,58.13,-31.83,-32.93
2018-07-05 14:00:00,4.33,,6.5,-4.56,10.96,46.66,0.0,40.56,-29.52,-30.65
2018-07-05 20:00:00,4.46,,6.82,-4.2,10.88,46.1,0.0,24.33,-29.3,-30.44
2018-07-06 02:00:00,7.19,,9.95,-1.53,11.02,41.2,0.0,-0.0,-27.26,-28.43
2018-07-06 08:00:00,8.32,,11.69,-0.67,11.72,39.11,0.0,-0.0,-26.26,-27.45
2018-07-06 14:00:00,4.59,,7.88,-3.52,11.16,46.35,95.93,31.98,-28.67,-29.82
2018-07-06 20:00:00,6.11,,9.8,-2.12,11.48,43.51,60.81,52.25,-27.47,-28.63
2018-07-07 02:00:00,7.49,,11.68,-0.82,11.85,41.01,26.24,61.0,-26.31,-27.49
2018-07-07 08:00:00,6.6,,11.18,-1.8,12.41,42.32,44.32,43.79,-26.74,-27.91
2018-07-07 14:00:00,7.82,,12.72,-1.23,13.19,39.98,0.0,23.52,-25.68,-26.88
2018-07-07 20:00:00,2.79,,6.99,-5.69,12.6,49.88,100.0,48.11,-29.07,-30.21
2018-07-08 02:00:00,3.35,,6.71,-4.77,11.37,48.59,87.01,62.34,-28.59,-29.73
2018-07-08 08:00:00,4.27,,7.42,-3.89,11.12,46.62,67.05,84.68,-27.83,-28.99
2018-07-08 14:00:00,3.78,,6.45,-4.15,10.48,47.31,74.09,76.05,-28.06,-29.22
2018-07-08 20:00:00,3.96,,6.63,-3.98,10.47,46.65,1.09,47.41,-27.83,-28.99
2018-07-09 02:00:00,5.13,,7.96,-2.99,10.68,43.96,0.0,25.06,-26.87,-28.05
2018-07-09 08:00:00,5.74,,8.65,-2.57,10.88,42.36,0.0,0.36,-26.28,-27.47
2018-07-09 14:00:00,6.6,,8.85,-1.59,10.07,40.31,0.0,-0.0,-25.5,-26.69
2018-07-09 20:00:00,8.86,,11.17,0.09,10.49,36.08,0.0,-0.0,-23.67,-24.89
2018-07-10 02:00:00,10.15,,12.63,0.71,11.18,33.68,0.0,-0.0,-22.47,-23.71
2018-07-10 08:00:00,17.27,,21.23,5.08,14.27,25.87,0.0,-0.0,-16.96,-18.3
2018-07-10 14:00:00,14.79,,19.62,1.49,16.39,29.87,27.71,9.24,-18.29,-19.6
2018-07-10 20:00:00,13.52,,18.77,-0.55,17.71,31.46,54.73,27.48,-18.8,-20.11
2018-07-11 02:00:00,12.78,,18.65,-1.97,19.03,31.94,77.73,53.39,-18.95,-20.26
2018-07-11 08:00:00,12.34,,18.81,-3.01,20.22,31.87,98.83,77.1,-18.91,-20.21
2018-07-11 14:00:00,12.45,,19.0,-3.44,20.83,31.11,59.96,78.84,-18.46,-19.77
2018-07-11 20:00:00,10.78,,17.29,-5.21,21.21,34.48,100.0,86.27,-19.36,-20.65
2018-07-12 02:00:00,11.62,,18.45,-4.93,21.9,32.65,45.5,68.49,-18.4,-19.71
2018-07-12 08:00:00,15.39,,23.0,-2.65,23.29,27.58,0.0,48.5,-15.19,-16.55
2018-07-12 14:00:00,16.1,,24.47,-3.05,24.85,26.28,0.0,15.17,-14.18,-15.56
2018-07-12 20:00:00,14.09,,21.7,-4.96,24.6,30.04,45.88,15.29,-15.24,-16.6
2018-07-13 02:00:00,10.33,,16.7,-7.83,23.49,38.3,100.0,48.63,-17.72,-19.04
2018-07-13 08:00:00,9.33,,14.66,-8.3,22.25,39.78,100.0,81.96,-18.18,-19.49
2018-07-13 14:00:00,6.12,,9.98,-10.27,20.28,46.62,100.0,100.0,-20.39,-21.67
2018-07-13 20:00:00,8.98,,11.45,-7.04,18.1,41.15,67.0,89.0,-17.98,-19.3
2018-07-14 02:00:00,8.19,,9.22,-6.83,15.86,42.14,46.19,71.06,-18.32,-19.63
2018-07-14 08:00:00,8.76,,8.27,-5.32,13.4,40.62,12.3,41.83,-17.62,-18.94
2018-07-14 14:00:00,7.61,,5.54,-5.12,10.63,42.65,33.75,30.75,-18.25,-19.57
2018-07-14 20:00:00,6.5,,3.38,-5.17,8.63,44.75,100.0,48.68,-18.9,-20.2
2018-07-15 02:00:00,6.09,,2.23,-4.76,7.08,45.15,100.0,77.92,-19.02,-20.32
2018-07-15 08:00:00,2.15,,-0.62,-8.48,8.23,54.35,100.0,100.0,-21.96,-23.21
2018-07-15 14:00:00,3.31,,1.06,-7.41,8.75,51.16,72.75,90.92,-20.97,-22.24
2018-07-15 20:00:00,3.1,,1.34,-7.58,9.21,51.37,68.9,80.55,-21.04,-22.3
2018-07-16 02:00:00,2.9,,1.61,-7.72,9.62,51.56,69.59,70.41,-21.09,-22.36
2018-07-16 08:00:00,-3.05,,-2.54,-14.19,12.72,64.39,100.0,79.5,-25.76,-26.95
2018-07-16 14:00:00,-4.07,,-1.9,-16.05,15.54,66.38,100.0,89.86,-26.66,-27.84
2018-07-16 20:00:00,-5.23,,-1.48,-18.06,18.37,68.66,100.0,100.0,-27.72,-28.88
2018-07-17 02:00:00,-2.17,,2.52,-15.52,19.29,59.5,46.42,82.14,-25.45,-26.64
2018-07-17 08:00:00,-2.11,,3.14,-14.98,19.26,59.55,0.56,48.99,-25.47,-26.66
2018-07-17 14:00:00,-8.59,,-2.07,-20.99,21.39,70.46,100.0,48.99,-30.67,-31.79
2018-07-17 20:00:00,-9.87,,-1.76,-22.58,23.71,72.6,100.0,66.85,-31.94,-33.04
2018-07-18 02:00:00,-10.87,,-1.1,-24.19,26.43,74.37,100.0,100.0,-33.03,-34.11
2018-07-18 08:00:00,-8.81,,2.24,-22.53,27.57,68.77,62.24,87.41,-31.75,-32.85
2018-07-18 14:00:00,-15.26,,-2.59,-29.56,32.14,76.98,100.0,87.41,-37.05,-38.06
2018-07-18 20:00:00,-7.43,,6.89,-22.48,31.85,59.32,0.0,54.08,-31.46,-32.56
2018-07-19 02:00:00,-3.89,,11.03,-18.58,30.77,54.03,0.0,33.33,-28.95,-30.1
2018-07-19 08:00:00,-5.3,,9.36,-18.64,29.36,56.02,8.67,2.89,-30.16,-31.28
2018-07-19 14:00:00,-2.8,,11.97,-15.22,27.64,52.47,0.0,2.89,-28.4,-29.55
2018-07-19 20:00:00,-2.6,,11.85,-13.75,25.85,52.33,0.0,2.89,-28.33,-29.48
2018-07-20 02:00:00,1.82,,16.53,-8.53,24.1,46.37,0.0,0.0,-25.02,-26.22
2018-07-20 08:00:00,0.22,,14.51,-9.23,23.13,48.55,22.58,7.53,-26.2,-27.38
2018-07-20 14:00:00,5.6,,20.78,-3.88,22.74,42.3,0.0,7.53,-22.07,-23.32
2018-07-20 20:00:00,5.66,,21.01,-3.4,22.44,42.01,0.0,7.53,-21.85,-23.1
2018-07-21 02:00:00,3.02,,17.85,-5.08,21.56,45.52,53.68,17.89,-23.71,-24.93
2018-07-21 08:00:00,4.74,,20.27,-4.01,22.46,43.35,20.51,24.73,-22.29,-23.54
2018-07-21 14:00:00,0.77,,15.74,-7.83,22.68,48.87,100.0,58.06,-25.22,-26.42
2018-07-21 20:00:00,2.39,,17.71,-6.78,23.22,46.69,68.24,62.92,-23.94,-25.16
2018-07-22 02:00:00,1.96,,17.34,-7.29,23.46,47.2,69.74,79.33,-24.2,-25.42
2018-07-22 08:00:00,1.7,,17.15,-7.64,23.66,47.49,74.95,70.98,-24.34,-25.55
2018-07-22 14:00:00,1.57,,16.61,-8.14,23.75,47.6,41.75,62.14,-24.39,-25.6
2018-07-22 20:00:00,3.59,,18.29,-6.73,23.65,44.38,0.0,38.9,-22.78,-24.02
2018-07-23 02:00:00,1.19,,14.26,-8.78,22.43,48.48,100.0,47.25,-24.53,-25.75
2018-07-23 08:00:00,4.34,,16.99,-6.16,21.96,43.62,0.0,33.33,-22.05,-23.3
2018-07-23 14:00:00,4.96,,13.3,-3.29,15.8,42.53,0.0,33.33,-21.43,-22.69
2018-07-23 20:00:00,6.37,,13.47,-1.78,14.4,40.39,0.0,0.0,-20.19,-21.47
2018-07-24 02:00:00,4.05,,10.24,-3.82,13.63,44.32,48.63,16.21,-21.8,-23.05
2018-07-24 08:00:00,2.11,,6.55,-4.81,11.27,47.67,100.0,49.54,-23.19,-24.43
2018-07-24 14:00:00,-3.67,,0.09,-10.18,10.81,57.26,100.0,82.88,-27.66,-28.82
2018-07-24 20:00:00,-4.73,,-1.11,-11.42,11.0,59.08,100.0,100.0,-28.6,-29.75
2018-07-25 02:00:00,-6.06,,-1.4,-13.58,13.16,61.38,100.0,100.0,-29.78,-30.9
2018-07-25 08:00:00,-1.33,,3.52,-9.29,13.18,52.31,33.81,77.94,-26.28,-27.47
2018-07-25 14:00:00,-2.27,,2.86,-10.02,13.36,53.86,17.16,50.33,-27.05,-28.23
2018-07-25 20:00:00,-1.72,,3.65,-9.24,13.26,52.98,7.48,19.49,-26.69,-27.87
2018-07-26 02:00:00,-2.85,,2.8,-10.35,13.66,55.04,30.17,18.27,-27.63,-28.79
2018-07-26 08:00:00,-3.62,,2.37,-10.95,13.91,56.57,100.0,45.88,-28.31,-29.46
2018-07-26 14:00:00,-3.35,7.84,2.95,-10.87,14.39,56.28,91.93,74.03,-28.21,-29.37
2018-07-26 20:00:00,1.89,13.63,8.61,-5.93,14.35,46.24,0.0,63.98,-24.26,-25.48
2018-07-27 02:00:00,0.71,12.23,7.42,-6.9,14.28,48.3,19.99,37.31,-25.12,-26.32
2018-07-27 08:00:00,1.7,13.27,8.54,-5.93,14.28,46.54,2.9,7.63,-24.33,-25.55
2018-07-27 14:00:00,-0.5,10.7,6.27,-7.86,14.24,50.66,44.03,22.31,-25.98,-27.17
2018-07-27 20:00:00,-0.48,10.59,6.32,-7.49,13.88,50.66,100.0,48.98,-25.98,-27.17
2018-07-28 02:00:00,-0.3,10.67,6.56,-7.22,13.82,50.31,91.52,78.52,-25.85,-27.05
2018-07-28 08:00:00,0.2,11.12,7.0,-6.2,13.15,49.21,64.91,85.48,-25.48,-26.67
2018-07-28 14:00:00,0.12,10.93,6.68,-5.5,12.11,49.38,11.93,56.12,-25.53,-26.73
2018-07-28 20:00:00,-1.24,9.27,4.59,-5.46,10.09,52.74,100.0,58.95,-26.58,-27.76
2018-07-29 02:00:00,-2.21,8.02,3.14,-5.42,8.66,55.17,100.0,70.64,-27.37,-28.54
2018-07-29 08:00:00,-1.57,8.57,3.5,-4.15,7.67,53.56,72.86,90.95,-26.94,-28.12
2018-07-29 14:00:00,-6.24,3.1,-0.82,-9.39,9.03,63.85,100.0,90.95,-30.6,-31.71
2018-07-29 20:00:00,-6.06,3.01,-0.28,-9.77,10.0,63.96,100.0,90.95,-30.64,-31.76
2018-07-30 02:00:00,-1.58,7.77,3.91,-5.37,9.34,52.0,0.0,66.67,-27.39,-28.55
2018-07-30 08:00:00,0.28,9.72,5.88,-3.6,9.38,48.15,0.0,33.33,-26.01,-27.19
2018-07-30 14:00:00,4.16,14.0,10.37,-0.49,10.34,41.42,0.0,0.0,-23.02,-24.26
2018-07-30 20:00:00,0.57,10.0,6.55,-4.0,10.41,48.26,30.36,10.12,-25.65,-26.85
2018-07-31 02:00:00,4.55,14.41,11.05,-0.81,11.29,42.11,6.55,12.3,-22.58,-23.82
2018-07-31 08:00:00,6.4,16.56,13.4,0.08,12.48,39.51,0.0,12.3,-21.01,-22.28
2018-07-31 14:00:00,6.2,16.44,13.39,-0.82,13.37,39.45,0.0,2.18,-20.98,-22.25
2018-07-31 20:00:00,7.58,18.12,15.65,-0.3,14.82,37.38,0.0,0.0,-19.72,-21.01
2018-08-01 02:00:00,10.81,21.93,20.43,1.18,17.37,33.46,0.0,0.0,-16.98,-18.31
2018-08-01 08:00:00,8.92,20.05,19.19,-1.44,18.95,36.39,48.44,16.15,-18.12,-19.43
2018-08-01 14:00:00,10.36,21.88,21.55,-1.34,20.78,34.4,15.69,21.38,-16.72,-18.06
2018-08-01 20:00:00,9.94,21.65,21.66,-2.72,22.27,34.42,24.5,29.54,-16.73,-18.07
2018-08-02 02:00:00,9.67,21.57,21.79,-3.84,23.51,34.27,27.71,22.63,-16.63,-17.97
2018-08-02 08:00:00,13.14,25.76,26.5,-2.18,25.57,30.05,0.0,17.4,-13.59,-14.98
2018-08-02 14:00:00,13.99,27.06,28.22,-2.85,27.58,28.76,0.0,9.24,-12.51,-13.91
2018-08-02 20:00:00,12.3,25.48,26.47,-5.24,28.67,31.44,47.21,15.74,-13.42,-14.81
2018-08-03 02:00:00,16.82,30.99,31.91,-2.88,30.39,26.83,0.0,15.74,-9.4,-10.85
2018-08-03 08:00:00,16.01,30.51,31.04,-4.71,31.59,27.17,7.35,18.19,-9.52,-10.98
2018-08-03 14:00:00,10.65,24.72,22.82,-8.58,29.31,37.31,100.0,35.78,-13.36,-14.76
2018-08-03 20:00:00,13.61,28.39,23.53,-5.37,26.49,33.65,65.07,57.47,-10.61,-12.05
2018-08-04 02:00:00,12.56,27.5,20.75,-5.88,24.79,34.69,75.03,80.03,-11.04,-12.47
2018-08-04 08:00:00,13.71,29.15,20.64,-4.71,23.48,32.94,56.93,65.68,-9.68,-11.13
2018-08-04 14:00:00,18.38,34.95,25.61,-1.68,24.37,28.34,0.0,43.99,-5.38,-6.9
2018-08-04 20:00:00,17.59,34.53,23.19,-2.11,22.89,28.48,2.11,19.68,-5.44,-6.96
2018-08-05 02:00:00,15.75,32.83,20.36,-3.62,22.13,30.88,39.96,14.02,-6.4,-7.9
2018-08-05 08:00:00,12.68,29.6,16.25,-5.89,21.05,36.04,100.0,47.36,-8.46,-9.93
2018-08-05 14:00:00,12.74,29.97,15.14,-5.33,19.51,35.38,91.43,77.13,-7.99,-9.47
2018-08-05 20:00:00,9.87,26.85,11.06,-7.06,17.76,40.48,100.0,97.14,-10.01,-11.45
2018-08-06 02:00:00,10.01,27.22,10.73,-6.6,16.98,39.7,91.91,94.45,-9.55,-11.01
2018-08-06 08:00:00,12.75,30.68,12.65,-3.84,15.79,35.54,3.11,65.01,-6.87,-8.37
2018-08-06 14:00:00,12.68,30.88,11.98,-3.58,14.93,35.01,0.0,31.68,-6.51,-8.01
2018-08-06 20:00:00,12.11,30.48,10.55,-3.51,13.57,35.19,3.3,2.14,-6.57,-8.07
2018-08-07 02:00:00,12.46,31.17,9.78,-2.44,11.79,34.07,0.0,1.1,-5.86,-7.37
2018-08-07 08:00:00,9.17,27.5,6.15,-4.79,10.87,41.08,100.0,34.43,-8.29,-9.76
2018-08-07 14:00:00,8.76,27.16,5.52,-4.75,10.23,41.22,100.0,66.67,-8.34,-9.81
2018-08-07 20:00:00,16.05,36.09,12.83,1.25,10.81,31.13,0.0,66.67,-1.65,-3.23
2018-08-08 02:00:00,23.11,45.02,22.38,4.86,15.42,25.25,0.0,33.33,5.14,3.45
2018-08-08 08:00:00,23.73,46.42,25.15,3.26,19.17,24.34,0.0,0.0,6.5,4.78
2018-08-08 14:00:00,30.87,55.81,34.75,6.05,23.84,20.41,0.0,0.0,13.73,11.9
2018-08-08 20:00:00,28.0,53.22,33.52,1.54,27.21,23.04,24.53,8.18,12.23,10.43
2018-08-09 02:00:00,23.7,48.74,29.6,-2.96,28.73,28.22,100.0,41.51,9.3,7.55
2018-08-09 08:00:00,24.99,51.01,31.75,-3.18,30.57,26.85,82.43,68.99,11.35,9.56
2018-08-09 14:00:00,18.41,43.52,25.36,-8.68,31.42,35.66,100.0,94.14,6.15,4.45
2018-08-09 20:00:00,17.52,42.89,24.83,-9.68,32.08,35.92,100.0,94.14,6.0,4.3
2018-08-10 02:00:00,19.26,45.49,27.01,-8.82,32.84,33.8,76.65,92.22,8.27,6.53
2018-08-10 08:00:00,21.92,49.34,29.93,-7.4,33.55,31.13,47.16,74.6,11.51,9.71
2018-08-10 14:00:00,19.01,46.25,26.55,-9.83,33.57,34.47,69.73,64.51,9.55,7.79
2018-08-10 20:00:00,23.74,52.73,30.96,-6.62,33.51,30.34,0.0,38.96,14.79,12.95
2018-08-11 02:00:00,28.44,59.37,35.59,-3.91,34.1,27.05,0.0,23.24,20.24,18.3
2018-08-11 08:00:00,27.22,58.64,34.17,-5.59,34.79,27.21,2.14,0.71,20.13,18.2
2018-08-11 14:00:00,21.18,51.67,26.92,-9.96,33.99,34.56,100.0,34.05,15.25,13.4
2018-08-11 20:00:00,27.69,60.62,33.03,-5.51,33.88,29.83,36.99,46.38,22.51,20.54
2018-08-12 02:00:00,22.59,54.82,26.37,-8.88,32.42,34.98,100.0,79.0,18.5,16.6
2018-08-12 08:00:00,22.39,55.16,23.31,-7.55,28.61,34.5,93.82,76.94,19.19,17.28
2018-08-12 14:00:00,23.59,57.32,20.56,-4.23,22.92,33.03,62.27,85.36,21.29,19.35
2018-08-12 20:00:00,21.26,54.91,16.28,-4.69,19.82,35.04,100.0,85.36,19.86,17.93
2018-08-13 02:00:00,23.99,59.06,18.91,-2.6,19.89,32.42,0.0,54.09,23.53,21.54
2018-08-13 08:00:00,19.97,54.4,14.82,-5.39,19.31,36.84,100.0,66.67,20.34,18.4
2018-08-13 14:00:00,31.77,70.55,28.48,2.06,22.92,29.04,0.0,33.33,33.47,31.33
2018-08-13 20:00:00,38.91,81.03,38.69,4.45,28.17,25.7,0.0,33.33,42.31,40.03
2018-08-14 02:00:00,48.27,94.84,51.96,6.93,34.79,22.53,0.0,0.0,53.92,51.45
2018-08-14 08:00:00,50.9,100.03,58.45,4.4,41.13,21.45,0.0,0.0,58.81,56.26
2018-08-14 14:00:00,48.58,98.59,57.5,-0.16,44.81,21.74,3.72,1.24,58.46,55.91
2018-08-14 20:00:00,35.92,82.79,43.4,-9.28,45.0,31.47,100.0,34.57,46.51,44.16
2018-08-15 02:00:00,28.46,73.59,34.46,-14.08,44.05,36.91,100.0,67.91,39.73,37.49
2018-08-15 08:00:00,27.56,73.16,32.78,-14.56,43.39,36.79,99.23,99.74,39.98,37.73
2018-08-15 14:00:00,20.79,64.47,24.03,-18.13,40.96,42.35,100.0,99.74,33.48,31.33
2018-08-15 20:00:00,27.08,73.8,29.81,-13.65,40.21,37.89,59.03,86.09,41.65,39.37
2018-08-16 02:00:00,27.07,74.54,29.84,-13.7,40.28,37.3,9.22,56.08,42.87,40.57
2018-08-16 08:00:00,22.46,68.78,24.82,-16.51,39.67,40.75,71.27,46.51,38.72,36.49
2018-08-16 14:00:00,20.86,67.08,21.74,-16.65,37.44,41.48,82.87,54.45,37.87,35.66
2018-08-16 20:00:00,21.91,69.07,22.47,-15.54,36.73,40.1,66.92,73.68,40.09,37.83
2018-08-17 02:00:00,15.69,60.72,15.06,-18.88,34.6,45.9,100.0,83.26,33.67,31.53
2018-08-17 08:00:00,10.22,53.17,8.76,-21.86,32.76,51.0,100.0,88.97,27.84,25.78
2018-08-17 14:00:00,3.37,43.39,2.34,-26.74,33.12,57.42,100.0,100.0,20.04,18.12
2018-08-17 20:00:00,-0.06,38.26,-0.3,-29.6,34.46,60.56,100.0,100.0,16.07,14.2
2018-08-18 02:00:00,3.26,42.6,3.67,-27.42,35.27,56.08,69.49,89.83,20.07,18.14
2018-08-18 08:00:00,4.28,43.82,4.69,-26.48,34.99,54.64,38.05,69.18,21.47,19.52
2018-08-18 14:00:00,11.78,54.27,12.87,-20.83,35.1,46.71,0.0,35.85,30.76,28.66
2018-08-18 20:00:00,8.43,49.63,10.5,-22.56,35.18,49.55,20.55,19.53,27.24,25.2
2018-08-19 02:00:00,8.86,50.22,11.44,-20.45,33.39,48.79,22.26,14.27,28.18,26.12
2018-08-19 08:00:00,3.46,42.53,6.24,-22.18,30.88,54.06,92.7,45.17,21.98,20.02
2018-08-19 14:00:00,7.46,47.98,9.87,-16.15,26.87,49.52,38.32,51.09,27.06,25.02
2018-08-19 20:00:00,4.1,43.15,6.81,-17.26,25.4,52.66,73.55,68.19,23.28,21.3
2018-08-20 02:00:00,4.44,43.43,7.68,-16.05,24.77,52.08,62.49,58.12,23.9,21.91
2018-08-20 08:00:00,4.27,43.01,7.9,-15.11,23.87,52.07,56.21,64.08,23.91,21.92
2018-08-20 14:00:00,4.62,43.3,8.74,-14.3,23.69,51.4,59.78,59.49,24.54,22.54
2018-08-20 20:00:00,11.44,52.76,15.9,-7.32,22.27,43.66,0.0,38.66,33.22,31.08
2018-08-21 02:00:00,11.47,52.9,15.82,-5.68,20.46,43.22,0.0,19.93,33.81,31.66
2018-08-21 08:00:00,7.79,47.82,11.98,-7.51,19.07,47.26,45.64,15.21,29.78,27.7
2018-08-21 14:00:00,10.11,51.05,14.51,-4.52,18.13,44.46,15.22,20.29,33.07,30.93
2018-08-21 20:00:00,7.11,46.86,11.01,-5.46,16.02,47.78,100.0,53.62,29.79,27.7
2018-08-22 02:00:00,5.55,44.59,9.46,-6.04,15.24,49.44,100.0,71.74,28.18,26.12
2018-08-22 08:00:00,5.74,44.71,9.89,-5.74,15.31,48.91,89.37,96.46,28.69,26.62
2018-08-22 14:00:00,10.02,50.63,14.27,-2.24,15.58,43.49,0.0,63.12,34.4,32.24
2018-08-22 20:00:00,13.15,55.09,16.72,0.39,15.04,40.03,0.0,29.79,38.87,36.64
2018-08-23 02:00:00,11.32,52.69,14.51,-1.45,14.98,41.86,19.47,6.49,37.2,34.99
2018-08-23 08:00:00,11.3,52.76,14.27,-1.7,15.03,41.42,15.62,11.7,37.74,35.53
2018-08-23 14:00:00,6.81,46.52,9.94,-5.54,15.14,47.39,100.0,45.03,32.53,30.4
2018-08-23 20:00:00,5.81,45.02,8.95,-6.36,15.11,48.46,100.0,71.87,31.59,29.47
2018-08-24 02:00:00,4.45,42.98,7.64,-7.45,15.07,50.19,100.0,100.0,30.12,28.03
2018-08-24 08:00:00,2.91,40.62,5.33,-8.38,13.92,52.33,100.0,100.0,28.35,26.29
2018-08-24 14:00:00,3.94,41.83,6.34,-7.33,13.74,50.37,60.4,86.8,29.84,27.75
2018-08-24 20:00:00,0.9,37.35,2.83,-9.81,13.1,55.04,100.0,86.8,26.08,24.05
2018-08-25 02:00:00,1.74,38.2,3.27,-8.78,12.4,53.37,65.64,75.35,27.21,25.17
2018-08-25 08:00:00,1.44,37.51,2.56,-8.76,11.68,53.76,72.55,79.4,26.92,24.88
2018-08-25 14:00:00,-0.88,33.97,0.29,-10.94,11.86,57.65,100.0,79.4,23.98,21.98
2018-08-25 20:00:00,-3.01,30.62,-0.71,-13.35,13.6,61.18,100.0,90.85,21.16,19.21
2018-08-26 02:00:00,0.71,35.31,3.48,-9.76,13.67,53.35,0.0,66.67,25.84,23.82
2018-08-26 08:00:00,-2.63,30.37,0.85,-13.12,14.89,58.59,66.94,55.65,21.53,19.58
2018-08-26 14:00:00,-1.98,30.82,2.14,-12.51,15.45,57.42,51.98,39.64,22.23,20.27
2018-08-26 20:00:00,-4.38,27.1,0.6,-15.13,16.97,61.3,100.0,72.97,19.02,17.11
2018-08-27 02:00:00,-5.02,25.73,0.88,-16.24,18.54,62.53,100.0,83.99,17.97,16.08
2018-08-27 08:00:00,-7.02,22.47,0.01,-18.77,20.73,65.84,100.0,100.0,15.13,13.28
2018-08-27 14:00:00,-7.42,21.33,0.69,-19.31,22.06,66.83,100.0,100.0,14.26,12.43
2018-08-27 20:00:00,-10.08,17.13,-0.98,-21.62,23.27,70.98,100.0,100.0,10.47,8.69
2018-08-28 02:00:00,-12.04,13.81,-1.63,-23.63,25.18,73.93,100.0,100.0,7.46,5.73
2018-08-28 08:00:00,-13.61,10.94,-1.87,-25.23,27.02,76.3,100.0,100.0,4.86,3.18
2018-08-28 14:00:00,-16.82,5.88,-3.21,-29.25,31.08,80.1,100.0,100.0,0.13,-1.48
2018-08-28 20:00:00,-15.48,6.71,-0.1,-28.61,33.28,77.6,72.6,90.87,0.98,-0.64
2018-08-29 02:00:00,-12.2,10.13,4.48,-25.56,33.58,68.89,0.0,57.53,4.31,2.64
2018-08-29 08:00:00,-14.93,5.87,2.32,-28.04,34.84,72.83,35.2,35.93,0.34,-1.28
2018-08-29 14:00:00,-10.59,10.64,7.7,-23.47,33.84,62.92,0.0,11.73,4.95,3.27
2018-08-29 20:00:00,-8.85,12.22,9.8,-21.19,32.86,60.01,0.0,11.73,6.57,4.86
2018-08-30 02:00:00,-5.24,16.23,13.76,-16.82,31.05,53.79,0.0,-0.0,10.54,8.76
2018-08-30 08:00:00,-1.76,20.21,17.43,-12.43,29.13,48.72,0.0,-0.0,14.51,12.67
2018-08-30 14:00:00,-2.58,18.89,16.04,-12.12,27.62,50.06,9.43,3.14,13.44,11.61
2018-08-30 20:00:00,-6.61,13.51,10.98,-15.0,26.51,56.12,65.51,24.98,8.43,6.69
2018-08-31 02:00:00,-6.97,12.6,9.79,-13.72,23.98,57.0,100.0,58.32,7.68,5.95
2018-08-31 08:00:00,-6.27,13.0,10.04,-11.94,22.19,56.17,89.92,85.15,8.19,6.46
2018-08-31 14:00:00,-6.75,11.98,8.67,-10.94,19.83,57.31,100.0,96.64,7.33,5.6
2018-08-31 20:00:00,-6.62,11.69,8.17,-9.74,18.05,57.53,100.0,96.64,7.17,5.45
2018-09-01 02:00:00,-7.58,10.07,6.39,-9.63,16.28,59.64,100.0,100.0,5.71,4.01
2018-09-01 08:00:00,-7.85,9.28,5.62,-9.23,15.11,60.62,100.0,100.0,5.04,3.35
2018-09-01 14:00:00,-10.97,4.99,1.94,-11.99,14.67,66.24,100.0,100.0,0.97,-0.65
2018-09-01 20:00:00,-9.81,5.83,3.22,-10.88,14.67,64.1,75.43,91.81,1.82,0.19
2018-09-02 02:00:00,-7.86,7.66,5.29,-9.12,14.69,59.75,1.76,59.06,3.66,2.0
2018-09-02 08:00:00,-3.66,12.27,9.82,-5.34,14.83,51.05,0.0,25.73,8.22,6.48
2018-09-02 14:00:00,-6.13,9.01,6.0,-7.81,13.93,55.65,30.27,10.68,5.16,3.47
2018-09-02 20:00:00,-5.4,9.51,5.95,-7.14,13.17,54.59,27.05,19.11,5.74,4.04
2018-09-03 02:00:00,-1.93,13.3,9.55,-4.11,13.3,48.3,0.0,19.11,9.53,7.77
2018-09-03 08:00:00,-2.64,12.23,7.58,-4.7,12.11,49.77,20.03,15.7,8.61,6.86
2018-09-03 14:00:00,-2.4,12.27,7.52,-4.7,12.05,49.5,16.39,12.14,8.77,7.02
2018-09-03 20:00:00,-2.38,12.06,7.36,-4.9,12.1,49.66,21.68,19.37,8.68,6.94
2018-09-04 02:00:00,-3.27,10.77,6.22,-5.61,11.8,51.81,100.0,46.03,7.54,5.81
2018-09-04 08:00:00,-4.37,9.22,4.43,-5.73,10.23,54.47,100.0,73.89,6.12,4.42
2018-09-04 14:00:00,-4.79,8.44,3.39,-5.26,8.73,55.75,100.0,100.0,5.45,3.75
2018-09-04 20:00:00,-2.66,10.63,5.57,-3.17,8.63,50.75,17.82,72.61,7.68,5.95
2018-09-05 02:00:00,-1.75,11.47,6.5,-2.44,8.76,48.84,0.0,39.27,8.61,6.87
2018-09-05 08:00:00,6.46,20.87,17.13,3.63,12.23,35.6,0.0,5.94,17.98,16.08
2018-09-05 14:00:00,12.48,28.0,26.67,5.95,17.81,29.78,0.0,-0.0,25.21,23.2
2018-09-05 20:00:00,12.05,27.8,28.11,2.96,21.77,29.73,0.0,-0.0,25.28,23.27
2018-09-06 02:00:00,17.58,34.57,36.98,4.45,26.95,25.56,0.0,-0.0,32.27,30.14
2018-09-06 08:00:00,16.84,34.17,37.74,1.0,30.78,25.65,0.88,0.29,32.21,30.09
2018-09-06 14:00:00,15.47,32.99,36.27,-2.05,32.72,27.01,34.3,11.73,31.37,29.26
2018-09-06 20:00:00,9.81,26.67,28.81,-7.57,32.89,36.41,100.0,45.06,25.39,23.38
2018-09-07 02:00:00,8.8,25.65,26.88,-8.99,32.92,37.55,100.0,78.1,24.64,22.64
2018-09-07 08:00:00,15.92,34.28,35.83,-4.71,35.08,30.88,43.94,81.31,33.54,31.4
2018-09-07 14:00:00,14.59,33.1,33.93,-6.9,35.97,32.04,47.77,63.9,32.69,30.56
2018-09-07 20:00:00,14.71,33.6,33.57,-7.74,36.59,31.48,9.03,33.58,33.53,31.38
2018-09-08 02:00:00,12.4,31.19,30.6,-10.32,37.15,34.61,55.93,37.58,31.43,29.32
2018-09-08 08:00:00,12.45,31.52,30.02,-10.82,37.26,34.09,85.99,50.32,32.08,29.96
2018-09-08 14:00:00,18.21,38.74,36.39,-7.34,38.18,28.86,0.0,47.31,39.73,37.48
2018-09-08 20:00:00,19.09,40.28,36.84,-7.61,38.78,27.77,0.0,28.66,41.69,39.41
2018-09-09 02:00:00,19.84,41.69,36.51,-7.64,38.58,26.76,0.0,-0.0,43.54,41.23
2018-09-09 08:00:00,14.51,35.74,27.93,-11.08,35.98,34.77,100.0,33.33,37.87,35.66
2018-09-09 14:00:00,14.95,36.61,24.95,-9.31,31.77,33.85,88.6,62.87,39.13,36.89
2018-09-09 20:00:00,15.53,37.68,22.02,-7.16,27.16,32.79,75.32,87.97,40.6,38.34
2018-09-10 02:00:00,12.01,33.73,13.67,-7.05,20.06,38.12,100.0,87.97,36.91,34.71
2018-09-10 08:00:00,12.73,34.86,12.39,-5.22,17.0,36.81,75.39,83.57,38.43,36.2
2018-09-10 14:00:00,15.63,38.7,15.05,-2.78,16.8,33.4,11.49,62.29,42.78,40.48
2018-09-10 20:00:00,13.72,36.72,12.57,-4.03,15.92,35.8,56.52,47.8,41.11,38.85
2018-09-11 02:00:00,13.36,36.57,12.54,-4.36,16.23,35.62,46.95,38.32,41.33,39.06
2018-09-11 08:00:00,14.69,38.5,14.27,-3.43,16.79,33.61,6.22,36.56,43.74,41.43
2018-09-11 14:00:00,19.49,44.81,19.97,-0.31,18.46,28.83,0.0,17.72,50.76,48.33
2018-09-11 20:00:00,15.66,40.54,15.19,-3.09,17.24,34.47,80.94,29.05,46.73,44.37
2018-09-12 02:00:00,19.38,45.56,17.81,0.32,16.04,30.78,28.74,36.56,52.45,50.0
2018-09-12 08:00:00,22.56,50.06,22.21,1.62,18.39,28.03,0.0,36.56,57.69,55.16
2018-09-12 14:00:00,18.41,45.44,18.23,-2.18,18.89,33.37,82.83,37.19,53.31,50.85
2018-09-12 20:00:00,14.7,41.21,14.3,-5.09,18.54,38.15,100.0,60.94,49.3,46.9
2018-09-13 02:00:00,12.75,39.06,11.45,-6.06,17.05,40.38,100.0,94.28,47.43,45.06
2018-09-13 08:00:00,5.78,30.44,3.78,-11.16,15.51,50.2,100.0,100.0,38.62,36.39
2018-09-13 14:00:00,3.21,27.17,1.9,-13.41,16.24,53.45,100.0,100.0,35.43,33.25
2018-09-13 20:00:00,4.21,28.32,3.46,-12.51,16.73,51.69,88.45,96.15,36.96,34.76
2018-09-14 02:00:00,1.16,24.38,1.48,-15.28,18.0,55.81,100.0,96.15,33.02,30.88
2018-09-14 08:00:00,5.6,29.82,6.05,-11.35,17.87,48.92,0.0,62.82,39.16,36.92
2018-09-14 14:00:00,4.56,28.48,5.28,-12.09,17.98,50.1,17.12,39.04,38.03,35.81
2018-09-14 20:00:00,3.67,27.3,4.82,-12.75,18.29,51.16,32.54,16.55,37.05,34.85
2018-09-15 02:00:00,3.02,26.39,4.35,-13.2,18.37,51.95,43.97,31.21,36.36,34.17
2018-09-15 08:00:00,2.05,25.04,3.78,-14.05,18.8,53.36,100.0,58.84,35.18,33.01
2018-09-15 14:00:00,1.73,24.5,4.11,-14.28,19.38,53.76,100.0,81.32,34.86,32.69
2018-09-15 20:00:00,3.01,25.95,5.84,-13.09,19.64,51.06,0.0,66.67,36.71,34.52
2018-09-16 02:00:00,4.66,27.92,7.85,-11.49,19.7,47.76,0.0,33.33,39.16,36.92
2018-09-16 08:00:00,3.5,26.41,7.05,-12.2,19.76,49.68,32.12,10.71,37.8,35.59
2018-09-16 14:00:00,1.83,24.22,5.65,-12.8,19.14,52.7,82.36,38.16,35.68,33.5
2018-09-16 20:00:00,2.25,24.6,6.44,-11.91,18.87,51.62,78.12,64.2,36.36,34.17
2018-09-17 02:00:00,2.16,24.35,6.3,-10.72,17.4,51.62,78.12,79.53,36.36,34.17
2018-09-17 08:00:00,2.12,24.16,5.28,-8.27,13.76,51.52,60.88,72.37,36.42,34.22
2018-09-17 14:00:00,8.04,31.45,10.74,-1.11,11.3,39.82,0.0,46.33,44.77,42.45
2018-09-17 20:00:00,9.72,33.63,12.63,1.15,10.74,37.04,0.0,20.29,47.55,45.18
2018-09-18 02:00:00,8.72,32.52,11.88,0.69,10.52,38.47,9.81,3.27,46.68,44.32
2018-09-18 08:00:00,5.89,29.07,9.29,-2.11,11.0,44.13,48.95,19.59,43.19,40.89
2018-09-18 14:00:00,3.82,26.47,7.08,-4.03,10.94,48.1,100.0,52.92,40.6,38.34
2018-09-18 20:00:00,3.66,26.2,6.95,-4.18,10.98,48.13,100.0,82.98,40.59,38.33
2018-09-19 02:00:00,1.5,23.41,4.27,-5.96,10.31,52.59,100.0,100.0,37.75,35.53
2018-09-19 08:00:00,3.47,25.71,6.41,-4.09,10.37,48.11,47.07,82.36,40.6,38.34
2018-09-19 14:00:00,2.31,24.18,5.26,-5.1,10.36,50.38,50.87,65.98,39.16,36.92
2018-09-19 20:00:00,1.67,23.26,4.59,-5.64,10.29,51.63,78.6,58.85,38.39,36.16
2018-09-20 02:00:00,0.2,21.26,3.08,-7.0,10.28,54.84,100.0,76.49,36.39,34.2
2018-09-20 08:00:00,-3.28,16.72,-0.06,-10.66,11.2,61.91,100.0,92.87,31.47,29.35
2018-09-20 14:00:00,-2.44,17.44,1.03,-10.13,11.69,59.79,81.57,93.86,32.47,30.35
2018-09-20 20:00:00,-5.98,12.76,-1.46,-14.35,13.99,66.33,100.0,93.86,27.34,25.29
2018-09-21 02:00:00,-8.18,9.62,-2.12,-17.56,17.12,70.08,100.0,93.86,23.91,21.92
2018-09-21 08:00:00,-12.96,3.25,-4.5,-24.08,22.85,76.5,100.0,100.0,16.74,14.86
2018-09-21 14:00:00,-8.98,7.46,1.01,-21.43,25.0,65.99,37.11,79.04,21.59,19.63
2018-09-21 20:00:00,-18.12,-4.16,-5.68,-32.18,32.68,76.28,97.88,78.33,8.39,6.65
2018-09-22 02:00:00,-12.51,1.79,2.18,-28.39,35.17,64.87,0.0,45.0,15.14,13.29
2018-09-22 08:00:00,-8.62,5.86,7.41,-25.36,36.0,58.93,0.0,32.63,19.81,17.88
2018-09-22 14:00:00,-8.64,5.37,7.87,-24.81,35.71,59.33,2.34,0.78,19.32,17.4
2018-09-22 20:00:00,-9.9,3.41,6.76,-24.97,34.91,61.21,13.17,5.17,17.14,15.26
2018-09-23 02:00:00,-12.94,-0.68,3.84,-26.92,34.78,65.13,100.0,38.5,12.5,10.69
2018-09-23 08:00:00,-13.07,-1.41,4.34,-26.56,34.76,65.85,100.0,71.06,11.65,9.85
2018-09-23 14:00:00,-10.17,1.39,7.99,-23.3,33.89,60.91,24.15,74.72,14.84,12.99
2018-09-23 20:00:00,-10.39,0.65,7.76,-22.52,32.69,61.7,15.96,46.71,14.01,12.18
2018-09-24 02:00:00,-8.08,2.85,10.36,-19.47,31.26,57.92,0.0,13.37,16.53,14.66
2018-09-24 08:00:00,-3.03,8.27,15.69,-13.32,28.67,50.32,0.0,5.32,22.77,20.8
2018-09-24 14:00:00,-5.59,5.11,11.86,-13.86,25.97,53.92,31.6,10.53,19.25,17.33
2018-09-24 20:00:00,-2.7,8.12,14.3,-9.35,23.07,50.03,0.0,10.53,22.75,20.78
2018-09-25 02:00:00,1.24,12.43,18.23,-4.24,21.0,45.33,0.0,10.53,27.79,25.74
2018-09-25 08:00:00,5.95,17.75,24.28,-0.02,21.67,40.64,0.0,-0.0,34.04,31.88
2018-09-25 14:00:00,4.4,16.07,22.66,-1.29,21.63,42.36,12.93,4.31,32.31,30.18
2018-09-25 20:00:00,0.77,11.94,18.45,-4.74,21.7,46.93,66.95,26.63,27.74,25.69
2018-09-26 02:00:00,2.48,13.83,20.85,-3.78,22.69,44.96,68.59,49.49,30.05,27.96
2018-09-26 08:00:00,0.38,11.39,18.16,-6.42,23.22,47.69,100.0,78.52,27.4,25.35
2018-09-26 14:00:00,-1.98,8.6,15.25,-8.89,23.4,50.89,100.0,89.53,24.3,22.3
2018-09-26 20:00:00,1.68,12.6,17.77,-5.47,21.89,46.29,22.43,74.14,29.03,26.96
2018-09-27 02:00:00,1.23,12.04,16.65,-6.34,21.87,46.83,31.49,51.31,28.52,26.46
2018-09-27 08:00:00,0.79,11.47,15.97,-7.2,22.2,47.41,24.43,26.11,28.0,25.94
2018-09-27 14:00:00,-2.56,7.57,11.75,-10.49,22.1,52.37,100.0,51.97,23.62,21.63
2018-09-27 20:00:00,-4.75,4.89,8.68,-12.64,21.75,55.66,100.0,74.81,20.59,18.65
2018-09-28 02:00:00,-5.96,3.26,6.05,-13.55,20.36,57.66,100.0,100.0,18.75,16.84
2018-09-28 08:00:00,0.38,10.13,11.33,-7.19,18.15,48.0,5.74,68.58,26.77,24.74
2018-09-28 14:00:00,-2.5,6.8,6.89,-9.52,16.64,51.93,40.67,48.81,23.01,21.03
2018-09-28 20:00:00,-2.04,7.14,5.74,-8.44,14.38,51.39,35.06,27.16,23.49,21.5
2018-09-29 02:00:00,0.55,9.89,7.26,-5.59,12.75,47.78,0.0,25.24,26.77,24.74
2018-09-29 08:00:00,-2.22,6.7,4.17,-8.27,12.7,51.79,96.61,43.89,23.17,21.19
2018-09-29 14:00:00,-2.45,6.28,3.3,-8.33,11.93,52.25,100.0,65.54,22.76,20.79
2018-09-29 20:00:00,-2.23,6.35,3.41,-8.21,11.91,52.04,95.41,97.34,22.92,20.94
2018-09-30 02:00:00,-2.19,6.24,3.61,-8.12,12.0,52.12,97.19,97.53,22.85,20.88
2018-09-30 08:00:00,-3.37,4.76,2.19,-8.38,10.9,54.36,100.0,97.53,21.2,19.25
2018-09-30 14:00:00,-3.14,4.82,2.26,-7.42,9.94,54.14,90.65,95.95,21.33,19.38
2018-09-30 20:00:00,-2.12,5.77,3.36,-6.23,9.74,52.16,4.95,65.2,22.49,20.53
2018-10-01 02:00:00,-1.9,5.87,3.39,-5.39,8.87,51.84,0.0,31.87,22.68,20.71
2018-10-01 08:00:00,-1.65,6.0,3.58,-4.88,8.51,51.43,0.0,1.65,22.9,20.92
2018-10-01 14:00:00,-1.55,5.99,3.68,-4.78,8.51,51.32,0.0,0.0,22.95,20.98
2018-10-01 20:00:00,-1.51,5.9,3.45,-4.12,7.59,51.38,6.64,2.21,22.93,20.95
2018-10-02 02:00:00,-3.05,4.08,1.62,-5.06,6.8,55.51,100.0,35.55,20.85,18.91
2018-10-02 08:00:00,-1.31,5.83,3.07,-2.69,5.75,50.8,0.0,35.55,22.95,20.98
2018-10-02 14:00:00,-0.52,6.58,3.87,-1.96,5.78,48.83,0.0,33.33,23.91,21.92
2018-10-02 20:00:00,-1.65,5.25,2.43,-3.1,5.55,51.97,47.07,15.69,22.42,20.45
2018-10-03 02:00:00,0.85,7.88,4.44,-0.56,4.91,45.67,0.0,15.69,25.57,23.55
2018-10-03 08:00:00,0.97,7.98,4.49,-0.19,4.58,45.28,0.0,15.69,25.78,23.75
2018-10-03 14:00:00,0.46,7.37,3.99,-0.88,4.8,46.72,21.43,7.14,25.15,23.14
2018-10-03 20:00:00,0.77,7.65,4.4,-0.76,5.07,45.83,8.24,9.89,25.58,23.56
2018-10-04 02:00:00,-1.38,5.25,1.95,-2.46,4.42,52.26,100.0,43.22,22.83,20.86
2018-10-04 08:00:00,-1.15,5.39,2.15,-2.27,4.42,51.68,91.77,66.67,23.07,21.09
2018-10-04 14:00:00,-5.47,0.54,-1.51,-7.37,6.12,62.81,100.0,97.26,17.41,15.52
2018-10-04 20:00:00,-4.17,1.72,0.16,-6.43,6.8,59.07,77.93,89.9,18.8,16.89
2018-10-05 02:00:00,-3.84,1.89,0.74,-6.34,7.28,58.5,61.22,79.72,19.02,17.11
2018-10-05 08:00:00,-4.89,0.56,-0.01,-7.81,8.12,61.41,87.35,75.5,17.48,15.59
2018-10-05 14:00:00,-3.87,1.46,1.22,-7.07,8.54,58.36,0.0,49.52,18.54,16.63
2018-10-05 20:00:00,-5.74,-0.75,-0.17,-9.38,9.67,63.21,100.0,62.45,15.95,14.09
2018-10-06 02:00:00,-4.9,-0.08,1.07,-8.85,10.32,60.85,51.34,50.45,16.74,14.86
2018-10-06 08:00:00,-6.39,-1.9,0.1,-10.74,11.45,64.77,100.0,83.78,14.58,12.74
2018-10-06 14:00:00,-5.64,-1.35,1.3,-10.27,12.12,62.76,68.6,73.32,15.22,13.37
2018-10-06 20:00:00,-6.36,-2.34,1.02,-11.25,12.93,64.98,100.0,89.53,14.03,12.19
2018-10-07 02:00:00,-8.39,-4.77,-0.31,-13.93,14.66,69.86,100.0,89.53,11.13,9.35
2018-10-07 08:00:00,-7.31,-3.92,1.41,-13.16,15.48,66.51,52.85,84.28,12.09,10.29
2018-10-07 14:00:00,-11.35,-8.51,-1.66,-17.86,17.94,74.38,100.0,84.28,6.63,4.92
2018-10-07 20:00:00,-15.51,-13.31,-3.92,-23.58,22.79,80.24,100.0,84.28,0.88,-0.74
2018-10-08 02:00:00,-15.2,-13.5,-1.91,-24.24,25.68,80.57,100.0,100.0,0.5,-1.11
2018-10-08 08:00:00,-14.3,-13.04,0.25,-23.77,27.22,79.14,89.79,96.6,0.88,-0.74
2018-10-08 14:00:00,-13.03,-12.17,2.41,-22.53,27.73,75.82,23.33,71.04,1.75,0.11
2018-10-08 20:00:00,-12.55,-12.09,3.35,-21.65,27.52,75.87,1.1,38.07,1.71,0.07
2018-10-09 02:00:00,-9.93,-9.76,6.47,-18.66,26.75,66.62,0.0,8.14,4.28,2.61
2018-10-09 08:00:00,-7.91,-7.98,8.53,-15.82,25.27,60.79,0.0,0.37,6.24,4.54
2018-10-09 14:00:00,-9.35,-9.71,6.87,-16.85,24.96,64.39,23.86,7.95,4.14,2.47
2018-10-09 20:00:00,-9.24,-9.87,6.9,-16.17,24.19,64.91,27.29,17.05,3.83,2.17
2018-10-10 02:00:00,-4.16,-4.94,12.44,-10.59,22.82,51.0,0.0,17.05,9.45,7.7
2018-10-10 08:00:00,-6.2,-7.15,9.66,-11.73,21.62,55.64,33.35,20.21,6.83,5.12
2018-10-10 14:00:00,-5.6,-6.71,9.77,-10.11,19.91,54.72,26.75,20.03,7.26,5.53
2018-10-10 20:00:00,-6.29,-7.57,8.53,-10.0,18.67,56.67,40.8,33.63,6.19,4.48
2018-10-11 02:00:00,5.7,4.44,23.1,1.02,19.7,36.82,0.0,22.52,20.03,18.11
2018-10-11 08:00:00,7.8,6.77,26.87,1.68,22.04,34.57,0.0,13.6,22.79,20.81
2018-10-11 14:00:00,5.65,4.82,25.09,-1.08,23.37,37.8,14.61,4.87,20.6,18.66
2018-10-11 20:00:00,12.67,12.17,35.63,3.02,27.33,31.54,0.0,4.87,29.2,27.12
2018-10-12 02:00:00,6.91,6.65,29.55,-3.57,29.32,39.3,100.0,38.2,22.92,20.94
2018-10-12 08:00:00,6.54,6.48,29.84,-5.02,31.02,39.44,100.0,66.67,22.8,20.83
2018-10-12 14:00:00,1.82,1.82,23.93,-9.94,31.66,46.08,100.0,100.0,17.45,15.56
2018-10-12 20:00:00,2.63,2.71,23.93,-9.75,31.45,45.0,92.53,97.51,18.5,16.6
2018-10-13 02:00:00,-0.67,-0.61,18.54,-12.71,30.36,49.75,100.0,97.51,14.66,12.82
2018-10-13 08:00:00,-1.76,-1.76,15.75,-13.57,29.0,51.39,100.0,97.51,13.32,11.5
2018-10-13 14:00:00,-0.76,-0.78,15.5,-12.57,27.66,49.92,76.95,92.32,14.44,12.6
2018-10-13 20:00:00,-1.2,-1.26,13.38,-12.66,25.95,50.69,89.06,88.67,13.87,12.04
2018-10-14 02:00:00,-3.82,-3.99,9.34,-14.85,24.87,55.02,100.0,88.67,10.68,8.9
2018-10-14 08:00:00,-2.86,-3.12,9.64,-13.98,24.15,53.47,69.58,86.21,11.64,9.84
2018-10-14 14:00:00,-3.6,-3.96,7.65,-14.37,22.79,54.91,97.83,89.13,10.63,8.85
2018-10-14 20:00:00,-0.35,-0.74,9.74,-11.0,20.87,49.05,0.0,55.8,14.33,12.5
2018-10-15 02:00:00,-6.27,-6.81,3.28,-16.64,21.35,58.46,100.0,65.94,7.26,5.53
2018-10-15 08:00:00,-8.42,-9.2,1.01,-19.12,22.13,61.81,100.0,66.67,4.4,2.72
2018-10-15 14:00:00,-7.28,-8.29,2.27,-18.54,22.66,60.03,86.05,95.35,5.35,3.66
2018-10-15 20:00:00,-6.93,-8.13,2.5,-18.54,22.87,59.87,84.76,90.27,5.44,3.75
2018-10-16 02:00:00,-6.27,-7.66,3.85,-17.92,23.41,58.95,14.59,61.8,5.9,4.2
2018-10-16 08:00:00,-4.79,-6.33,5.71,-15.97,22.85,56.04,0.0,33.12,7.35,5.63
2018-10-16 14:00:00,-3.44,-5.09,7.31,-14.19,22.27,53.46,0.0,4.86,8.7,6.96
2018-10-16 20:00:00,-3.55,-5.28,6.3,-12.07,18.92,53.92,7.24,2.41,8.43,6.68
2018-10-17 02:00:00,-3.38,-5.2,6.03,-10.57,16.98,53.86,7.3,4.85,8.46,6.71
2018-10-17 08:00:00,-1.95,-3.84,6.81,-7.56,14.42,50.69,0.0,4.85,9.98,8.21
2018-10-17 14:00:00,-2.87,-4.81,5.52,-7.65,13.32,52.96,70.36,25.89,8.81,7.07
2018-10-17 20:00:00,-2.84,-4.84,4.99,-6.47,11.54,53.16,76.36,48.9,8.72,6.97
2018-10-18 02:00:00,-2.65,-4.71,4.96,-5.76,10.76,52.93,70.8,72.51,8.81,7.06
2018-10-18 08:00:00,-4.85,-6.99,2.57,-7.65,10.49,58.57,100.0,82.39,6.13,4.42
2018-10-18 14:00:00,-0.67,-2.9,6.78,-3.03,9.63,48.05,0.0,56.93,10.76,8.98
2018-10-18 20:00:00,-1.56,-3.8,5.49,-3.33,8.73,50.2,20.47,40.16,9.69,7.93
2018-10-19 02:00:00,-0.58,-2.84,6.52,-2.4,8.74,48.06,0.08,6.85,10.76,8.98
2018-10-19 08:00:00,-0.56,-2.81,6.47,-2.27,8.57,48.06,0.08,6.87,10.76,8.98
2018-10-19 14:00:00,-0.34,-2.58,6.71,-2.12,8.63,47.56,0.0,0.05,10.99,9.21
2018-10-19 20:00:00,-0.13,-2.36,6.54,-1.27,7.61,47.05,0.0,0.03,11.21,9.43
2018-10-20 02:00:00,0.24,-1.97,6.92,-1.28,7.98,46.05,0.0,-0.0,11.63,9.84
2018-10-20 08:00:00,-1.28,-3.47,4.56,-2.66,7.15,50.78,100.0,33.33,9.88,8.12
2018-10-20 14:00:00,-0.76,-2.97,4.53,-2.13,6.58,49.32,69.22,56.41,10.43,8.65
2018-10-20 20:00:00,-0.37,-2.57,4.32,-1.65,5.89,48.17,44.79,71.34,10.85,9.07
2018-10-21 02:00:00,-1.38,-3.57,2.61,-2.46,5.06,51.59,100.0,71.34,9.67,7.9
2018-10-21 08:00:00,-1.47,-3.69,2.16,-2.53,4.7,52.1,100.0,81.6,9.49,7.74
2018-10-21 14:00:00,-1.48,-3.72,2.03,-2.59,4.63,52.33,100.0,100.0,9.42,7.66
2018-10-21 20:00:00,-0.28,-2.53,3.12,-1.49,4.56,47.96,0.0,66.67,10.74,8.96
2018-10-22 02:00:00,-0.13,-2.37,3.1,-1.42,4.48,47.47,0.0,33.33,10.89,9.11
2018-10-22 08:00:00,0.37,-1.84,3.65,-1.05,4.64,45.6,0.0,-0.0,11.47,9.68
2018-10-22 14:00:00,1.13,-1.05,4.42,-0.53,4.85,42.82,0.0,-0.0,12.36,10.56
2018-10-22 20:00:00,1.08,-1.04,4.3,-0.75,4.96,42.86,0.75,0.25,12.36,10.55
2018-10-23 02:00:00,2.6,0.55,6.03,0.3,5.55,37.6,0.0,0.25,14.17,12.33
2018-10-23 08:00:00,3.84,1.89,6.91,1.33,5.36,33.87,0.0,0.25,15.72,13.86
2018-10-23 14:00:00,2.75,0.93,6.04,-0.12,5.98,38.46,51.11,17.04,14.63,12.79
2018-10-23 20:00:00,2.48,0.76,5.8,-0.64,6.27,39.24,59.73,36.95,14.44,12.61
2018-10-24 02:00:00,1.31,-0.34,4.58,-1.87,6.36,44.41,100.0,70.28,13.2,11.38
2018-10-24 08:00:00,0.6,-1.01,3.77,-2.6,6.34,47.46,100.0,86.58,12.42,10.62
2018-10-24 14:00:00,1.4,-0.16,4.6,-1.92,6.43,44.22,63.96,87.99,13.39,11.57
2018-10-24 20:00:00,2.41,0.92,5.74,-1.15,6.74,40.46,14.82,59.59,14.63,12.79
2018-10-25 02:00:00,2.68,1.28,6.16,-1.13,7.1,39.26,0.0,26.26,15.05,13.2
2018-10-25 08:00:00,2.85,1.55,6.25,-1.15,7.22,38.33,0.0,4.94,15.37,13.52
2018-10-25 14:00:00,2.4,1.19,5.69,-1.7,7.25,40.21,31.95,10.65,14.97,13.13
2018-10-25 20:00:00,3.05,1.94,6.37,-1.27,7.45,37.49,0.0,10.65,15.85,13.99
2018-10-26 02:00:00,3.34,2.34,6.43,-1.1,7.34,36.08,0.0,10.65,16.33,14.46
2018-10-26 08:00:00,2.48,1.57,5.09,-1.81,6.79,40.43,100.0,33.33,15.47,13.62
2018-10-26 14:00:00,2.05,1.21,4.01,-1.94,5.9,42.38,100.0,66.67,15.08,13.23
2018-10-26 20:00:00,0.71,-0.09,2.25,-3.03,5.3,49.25,100.0,100.0,13.6,11.78
2018-10-27 02:00:00,1.03,0.27,2.13,-2.49,4.62,47.56,87.16,95.72,14.01,12.18
2018-10-27 08:00:00,0.93,0.2,1.67,-2.37,4.05,47.88,84.43,90.53,13.94,12.11
2018-10-27 14:00:00,2.29,1.63,2.87,-0.98,3.82,41.37,0.0,57.2,15.58,13.72
2018-10-27 20:00:00,2.62,2.04,3.01,-0.6,3.57,39.66,0.0,28.14,16.07,14.21
2018-10-28 02:00:00,1.75,1.24,2.17,-1.41,3.57,44.21,55.32,18.44,15.17,13.32
2018-10-28 07:00:00,1.97,1.52,2.46,-1.1,3.54,42.89,39.26,31.53,15.51,13.66
2018-10-28 13:00:00,1.65,1.26,2.19,-1.37,3.55,44.39,100.0,64.86,15.23,13.38
2018-10-28 19:00:00,1.54,1.2,2.12,-1.45,3.56,44.69,100.0,79.75,15.17,13.32
2018-10-29 01:00:00,1.83,1.54,2.27,-1.11,3.36,42.83,0.0,66.67,15.58,13.72
2018-10-29 07:00:00,4.06,3.89,4.54,0.84,3.6,33.16,0.0,33.33,18.3,16.4
2018-10-29 13:00:00,6.99,7.04,8.55,2.43,5.8,25.31,0.0,-0.0,21.97,20.01
2018-10-29 19:00:00,6.81,7.07,9.14,1.38,7.37,25.13,0.0,-0.0,22.07,20.11
2018-10-30 01:00:00,5.83,6.26,8.56,-0.04,8.25,29.45,24.43,8.14,21.23,19.28
2018-10-30 07:00:00,6.38,7.0,9.6,-0.07,9.24,27.57,30.41,18.28,22.16,20.19
2018-10-30 13:00:00,6.5,7.32,10.1,-0.48,10.1,26.71,36.52,30.46,22.6,20.63
2018-10-30 19:00:00,5.94,6.93,9.83,-1.38,10.75,28.69,82.45,49.79,22.23,20.27
2018-10-31 01:00:00,5.97,7.13,10.15,-1.71,11.38,28.0,47.1,55.35,22.54,20.57
2018-10-31 07:00:00,6.07,7.4,10.43,-1.96,11.89,27.09,19.46,49.67,22.94,20.97
2018-10-31 13:00:00,4.58,6.03,8.82,-3.44,11.94,35.61,100.0,55.52,21.44,19.49
2018-10-31 19:00:00,4.27,5.83,8.11,-3.69,11.54,36.48,100.0,73.15,21.28,19.33
2018-11-01 01:00:00,4.33,6.01,7.79,-3.57,11.12,35.61,90.72,96.91,21.55,19.6
2018-11-01 07:00:00,3.78,5.55,6.7,-3.88,10.44,38.31,100.0,96.91,21.09,19.14
2018-11-01 13:00:00,4.44,6.35,7.14,-3.23,10.17,34.94,0.0,63.57,22.08,20.12
2018-11-01 19:00:00,2.94,4.89,5.33,-4.49,9.78,43.68,100.0,66.67,20.47,18.53
2018-11-02 01:00:00,2.63,4.64,4.51,-4.51,9.02,44.89,100.0,66.67,20.23,18.29
2018-11-02 07:00:00,2.62,4.69,3.99,-4.22,8.23,44.41,95.2,98.4,20.34,18.4
2018-11-02 13:00:00,0.39,2.41,1.26,-6.0,7.44,56.25,100.0,98.4,17.75,15.86
2018-11-02 19:00:00,0.51,2.52,0.79,-5.51,6.44,55.45,93.67,96.29,17.91,16.01
2018-11-03 01:00:00,0.9,2.93,0.55,-4.68,5.33,52.91,71.78,88.49,18.41,16.51
2018-11-03 07:00:00,2.26,4.37,1.74,-3.21,4.99,45.46,8.84,58.1,20.11,18.18
2018-11-03 13:00:00,2.22,4.37,1.85,-3.08,4.96,45.22,0.0,26.87,20.17,18.24
2018-11-03 19:00:00,1.51,3.67,1.33,-3.6,4.99,48.93,36.2,15.01,19.41,17.49
2018-11-04 01:00:00,3.07,5.34,3.01,-2.02,5.0,41.24,0.0,12.07,21.39,19.44
2018-11-04 07:00:00,-0.25,1.92,0.1,-5.2,5.44,56.14,100.0,45.4,17.47,15.58
2018-11-04 13:00:00,-2.31,-0.28,-1.16,-7.54,6.67,63.06,100.0,66.67,14.93,13.08
2018-11-04 19:00:00,-2.45,-0.52,-0.61,-7.93,7.65,63.76,100.0,100.0,14.65,12.81
2018-11-05 01:00:00,-1.6,0.28,0.63,-7.06,7.95,59.79,82.37,94.12,15.57,13.71
2018-11-05 07:00:00,-1.26,0.57,1.19,-6.48,7.88,58.36,29.15,70.51,15.91,14.05
2018-11-05 13:00:00,-2.37,-0.65,0.49,-7.58,8.36,62.41,75.05,62.19,14.5,12.66
2018-11-05 19:00:00,-3.25,-1.67,0.11,-8.56,9.06,65.53,100.0,68.07,13.3,11.48
2018-11-06 01:00:00,-2.93,-1.45,0.82,-8.21,9.38,64.36,83.62,86.23,13.54,11.72
2018-11-06 07:00:00,-3.8,-2.47,0.4,-9.11,9.94,67.51,100.0,94.54,12.34,10.54
2018-11-06 13:00:00,-4.82,-3.66,-0.12,-10.08,10.5,70.85,100.0,94.54,10.92,9.14
2018-11-06 19:00:00,-5.52,-4.55,-0.17,-10.99,11.46,73.17,100.0,100.0,9.84,8.08
2018-11-07 01:00:00,-4.42,-3.59,1.35,-9.91,11.76,67.47,35.38,78.46,10.91,9.13
2018-11-07 07:00:00,-3.27,-2.54,2.69,-8.52,11.55,61.81,0.0,45.13,12.1,10.29
2018-11-07 13:00:00,-3.61,-2.99,2.56,-8.84,11.77,63.37,13.73,16.37,11.53,9.74
2018-11-07 19:00:00,-2.65,-2.12,3.68,-7.78,11.7,58.86,0.0,4.58,12.52,10.71
2018-11-08 01:00:00,-0.91,-0.4,5.49,-5.85,11.36,51.22,0.0,4.58,14.48,12.64
2018-11-08 07:00:00,-1.42,-0.97,4.76,-5.74,10.55,53.37,17.74,5.91,13.83,12.0
2018-11-08 13:00:00,-0.16,0.29,5.83,-3.87,9.61,48.35,0.0,5.91,15.27,13.42
2018-11-08 19:00:00,1.1,1.58,7.0,-2.19,8.97,43.84,0.0,5.91,16.77,14.9
2018-11-09 01:00:00,1.04,1.55,6.37,-1.21,7.4,43.92,0.78,0.26,16.75,14.88
2018-11-09 07:00:00,1.44,1.99,6.84,-0.73,7.35,42.32,0.0,0.26,17.29,15.4
2018-11-09 13:00:00,1.19,1.77,6.72,-1.2,7.7,43.29,16.0,5.59,17.06,15.18
2018-11-09 19:00:00,1.34,1.96,7.02,-1.31,8.1,42.5,11.42,9.14,17.29,15.41
2018-11-10 01:00:00,1.23,1.88,7.02,-1.58,8.37,42.86,33.62,20.34,17.22,15.33
2018-11-10 07:00:00,2.14,2.86,8.22,-0.96,8.86,38.93,0.0,15.01,18.38,16.48
2018-11-10 13:00:00,0.74,1.46,6.77,-2.5,9.08,46.2,100.0,44.54,16.79,14.92
2018-11-10 19:00:00,1.4,2.16,7.48,-2.13,9.36,43.28,59.88,53.29,17.62,15.73
2018-11-11 01:00:00,1.78,2.59,7.92,-2.07,9.7,41.54,35.96,65.28,18.14,16.24
2018-11-11 07:00:00,1.67,2.53,7.66,-2.4,9.8,41.74,38.71,44.85,18.1,16.2
2018-11-11 13:00:00,2.33,3.25,7.97,-1.92,9.6,38.73,0.0,24.89,18.98,17.06
2018-11-11 19:00:00,1.6,2.55,6.35,-2.4,8.59,42.68,86.84,41.85,18.2,16.3
2018-11-12 01:00:00,2.13,3.15,6.23,-1.76,7.81,40.1,34.68,40.51,18.92,17.01
2018-11-12 07:00:00,2.5,3.59,6.14,-1.38,7.34,38.2,0.0,40.51,19.47,17.55
2018-11-12 13:00:00,1.84,2.96,4.59,-1.66,6.16,41.89,82.33,39.0,18.78,16.87
2018-11-12 19:00:00,2.25,3.44,4.28,-0.96,5.15,39.73,33.97,38.77,19.37,17.45
2018-11-13 01:00:00,2.37,3.62,4.11,-0.8,4.83,38.8,16.04,44.11,19.62,17.7
2018-11-13 07:00:00,2.09,3.4,3.18,-0.73,3.87,40.09,51.05,33.69,19.41,17.49
2018-11-13 13:00:00,2.33,3.7,3.11,-0.39,3.46,38.52,0.0,22.37,19.8,17.87
2018-11-13 19:00:00,3.97,5.47,5.08,0.77,4.19,31.48,0.0,17.02,21.9,19.95
2018-11-14 01:00:00,3.98,5.58,5.29,0.43,4.73,30.92,0.0,-0.0,22.1,20.14
2018-11-14 07:00:00,6.56,8.39,8.78,1.88,6.54,23.52,0.0,-0.0,25.44,23.43
2018-11-14 13:00:00,15.59,18.04,21.44,6.64,12.98,13.2,0.0,-0.0,36.82,34.62
2018-11-14 19:00:00,14.66,17.52,22.28,3.51,16.62,14.48,7.01,2.34,36.43,34.24
2018-11-15 01:00:00,18.94,22.48,29.15,4.45,21.15,11.73,0.0,2.34,42.45,40.16
2018-11-15 07:00:00,20.44,24.63,32.91,2.99,25.36,10.77,0.0,2.34,45.24,42.9
2018-11-15 13:00:00,18.14,22.79,31.37,-0.8,27.91,15.74,100.0,33.33,43.36,41.05
2018-11-15 19:00:00,14.72,19.66,27.9,-4.73,29.24,24.31,100.0,66.67,39.93,37.69
2018-11-16 01:00:00,14.02,19.34,27.26,-6.16,30.22,24.69,100.0,100.0,39.78,37.54
2018-11-16 07:00:00,14.29,20.03,27.53,-6.71,31.01,23.82,93.75,97.92,40.83,38.56
2018-11-16 13:00:00,12.85,18.88,25.73,-8.4,31.41,26.81,100.0,97.92,39.7,37.46
2018-11-16 19:00:00,14.13,20.63,26.76,-7.87,31.64,24.69,29.29,74.35,42.0,39.72
2018-11-17 01:00:00,15.84,22.89,28.34,-7.12,32.05,22.35,0.0,43.1,44.93,42.61
2018-11-17 07:00:00,14.06,21.39,25.74,-8.84,31.89,26.21,86.5,38.6,43.42,41.11
2018-11-17 13:00:00,13.1,20.73,23.64,-9.57,31.03,27.57,100.0,62.17,42.89,40.59
2018-11-17 19:00:00,12.33,20.24,21.56,-9.93,29.76,28.49,100.0,95.5,42.55,40.26
2018-11-18 01:00:00,10.01,18.02,17.49,-11.17,27.79,34.98,100.0,100.0,40.13,37.88
2018-11-18 07:00:00,12.23,20.73,17.95,-8.56,25.32,30.72,51.44,83.81,43.59,41.28
2018-11-18 13:00:00,11.0,19.69,14.3,-8.28,21.91,33.21,76.16,75.87,42.59,40.3
2018-11-18 19:00:00,11.1,20.09,12.07,-6.77,18.35,32.32,58.99,62.2,43.3,41.0
2018-11-19 01:00:00,18.11,28.18,16.58,0.49,14.82,23.46,0.0,45.05,53.3,50.84
2018-11-19 07:00:00,23.58,34.8,20.97,5.01,14.13,19.26,0.0,19.66,61.64,59.04
2018-11-19 13:00:00,24.33,36.34,23.53,3.66,17.49,18.36,0.0,-0.0,63.92,61.29
2018-11-19 19:00:00,27.98,41.18,29.21,4.26,21.38,16.2,0.0,-0.0,70.24,67.5
2018-11-20 01:00:00,35.07,50.09,40.11,6.17,27.56,13.44,0.0,-0.0,81.58,78.67
2018-11-20 07:00:00,42.87,60.08,52.97,7.33,35.06,11.38,0.0,-0.0,94.41,91.29
2018-11-20 13:00:00,34.51,51.77,46.26,-1.53,39.05,20.86,100.0,33.33,84.95,81.98
2018-11-20 19:00:00,37.55,56.37,51.48,-2.08,42.95,19.35,84.09,61.36,91.25,88.17
2018-11-21 01:00:00,37.86,57.9,53.27,-4.37,46.32,18.78,78.06,87.38,93.83,90.71
2018-11-21 07:00:00,31.46,51.52,46.59,-10.19,48.03,25.55,100.0,87.38,86.63,83.63
2018-11-21 13:00:00,31.72,52.78,46.84,-11.16,49.22,24.85,89.63,89.23,88.84,85.8
2018-11-21 19:00:00,26.2,47.15,40.23,-15.36,49.44,30.89,100.0,96.54,82.46,79.53
2018-11-22 01:00:00,25.41,46.97,39.0,-16.3,49.66,30.74,98.73,96.12,82.82,79.88
2018-11-22 07:00:00,27.27,49.94,40.32,-15.41,49.55,28.9,67.13,88.62,87.14,84.14
2018-11-22 13:00:00,25.4,48.48,37.0,-16.56,48.59,30.15,87.69,84.52,85.93,82.94
2018-11-22 19:00:00,31.35,56.46,42.08,-12.74,47.8,26.05,0.0,51.6,96.64,93.48
2018-11-23 01:00:00,31.71,57.86,39.89,-11.86,45.39,25.25,0.0,29.23,99.12,95.92
2018-11-23 07:00:00,29.8,56.46,35.26,-12.23,42.59,26.27,20.83,6.94,98.07,94.89
2018-11-23 13:00:00,30.03,57.64,31.71,-10.21,37.85,25.48,4.69,8.51,100.3,97.08
2018-11-23 19:00:00,25.69,53.11,22.16,-9.9,30.2,30.68,100.0,41.84,95.22,92.09
2018-11-24 01:00:00,23.2,50.72,16.21,-9.14,24.49,33.16,100.0,68.23,92.82,89.73
2018-11-24 07:00:00,24.54,53.06,15.24,-6.38,20.7,31.33,76.18,92.06,96.5,93.34
2018-11-24 13:00:00,24.78,54.05,12.91,-4.07,16.26,30.39,63.94,80.04,98.46,95.28
2018-11-24 19:00:00,33.46,65.79,20.24,2.83,15.61,24.5,0.0,46.71,114.45,111.0
2018-11-25 01:00:00,40.4,75.7,29.24,5.61,20.12,21.18,0.0,21.31,128.24,124.58
2018-11-25 07:00:00,37.18,72.83,28.8,1.61,23.6,23.31,21.04,7.01,125.48,121.85
2018-11-25 13:00:00,41.79,79.99,35.53,2.73,27.53,21.08,0.0,7.01,135.86,132.07
2018-11-25 19:00:00,28.74,64.27,23.92,-6.92,28.43,34.49,100.0,40.35,116.1,112.63
2018-11-26 01:00:00,24.87,60.02,20.89,-9.6,28.86,37.58,100.0,66.67,111.31,107.91
2018-11-26 07:00:00,26.2,62.46,22.36,-8.55,28.91,36.03,90.57,96.86,115.37,111.9
2018-11-26 13:00:00,30.74,69.23,27.41,-5.71,29.88,32.7,70.39,86.99,125.25,121.63
2018-11-26 19:00:00,30.97,70.45,27.34,-5.6,29.71,31.92,0.0,53.65,127.82,124.16
2018-11-27 01:00:00,31.43,72.0,27.26,-5.19,29.23,30.99,0.0,23.46,130.87,127.16
2018-11-27 07:00:00,31.95,73.65,27.59,-4.95,29.23,30.04,0.0,-0.0,134.07,130.31
2018-11-27 13:00:00,28.73,70.25,23.5,-6.71,27.86,32.59,95.82,31.94,130.43,126.73
2018-11-27 19:00:00,25.16,66.22,20.0,-8.98,27.46,35.85,100.0,65.27,125.89,122.26
2018-11-28 01:00:00,18.09,57.24,13.11,-13.52,26.69,43.76,100.0,98.61,114.46,111.02
2018-11-28 07:00:00,16.96,56.08,11.72,-13.67,25.64,44.31,100.0,100.0,113.65,110.22
2018-11-28 13:00:00,-6.32,24.43,-6.73,-33.6,33.66,67.39,100.0,100.0,70.67,67.92
2018-11-28 19:00:00,-0.03,32.46,0.89,-29.83,35.91,59.14,73.84,91.28,82.12,79.19
2018-11-29 01:00:00,-2.54,28.7,-0.07,-32.55,38.81,61.19,73.77,82.54,77.35,74.5
2018-11-29 07:00:00,-9.86,18.32,-4.24,-39.94,45.83,67.04,98.49,82.03,63.3,60.68
2018-11-29 13:00:00,-8.65,19.25,-0.28,-40.73,50.89,65.77,80.43,84.23,64.85,62.2
2018-11-29 19:00:00,-3.92,24.97,6.81,-37.94,52.99,59.67,6.73,61.88,73.11,70.32
2018-11-30 01:00:00,-1.5,27.76,10.9,-35.64,53.11,56.94,0.0,29.05,77.36,74.51
2018-11-30 07:00:00,7.86,39.92,22.11,-28.27,51.98,48.29,0.0,2.24,94.79,91.66
2018-11-30 13:00:00,3.37,33.93,17.54,-29.45,49.97,51.68,19.36,6.45,86.93,83.92
2018-11-30 19:00:00,3.35,33.75,18.21,-28.56,49.33,51.57,28.82,16.06,87.14,84.14
2018-12-01 01:00:00,6.41,37.66,22.27,-25.67,48.77,48.73,5.06,17.75,93.15,90.05
2018-12-01 07:00:00,-2.81,25.33,12.58,-31.41,48.56,56.47,100.0,44.63,76.21,73.38
2018-12-01 13:00:00,-2.33,25.56,13.66,-29.63,47.05,56.06,94.77,66.61,76.9,74.05
2018-12-01 19:00:00,-1.66,26.07,14.62,-27.27,44.73,55.39,86.11,93.63,77.99,75.13
2018-12-02 01:00:00,-0.18,27.68,16.05,-23.73,41.36,53.74,64.73,81.87,80.65,77.75
2018-12-02 07:00:00,0.01,27.65,15.43,-20.47,36.83,53.52,0.0,50.28,81.0,78.09
2018-12-02 13:00:00,0.47,27.99,14.8,-16.78,31.9,52.93,0.0,21.58,81.88,78.95
2018-12-02 19:00:00,-0.06,27.04,12.73,-13.77,26.64,53.53,24.4,8.13,80.92,78.01
2018-12-03 01:00:00,1.97,29.42,13.84,-9.31,22.63,50.81,0.0,8.13,84.72,81.76
2018-12-03 07:00:00,2.5,29.93,12.77,-5.67,17.81,50.0,0.0,8.13,85.88,82.89
2018-12-03 13:00:00,8.03,36.98,18.92,-1.5,18.78,43.54,0.0,-0.0,96.5,93.34
2018-12-03 19:00:00,6.8,35.41,18.08,-3.26,19.87,44.74,12.0,4.0,94.76,91.63
2018-12-04 01:00:00,10.07,39.69,22.41,-1.54,21.69,41.18,0.0,4.0,101.49,98.25
2018-12-04 07:00:00,1.48,28.57,10.79,-8.43,18.99,51.33,100.0,37.33,85.86,82.88
2018-12-04 13:00:00,1.99,29.02,9.17,-6.97,15.97,50.63,93.12,64.37,86.94,83.93
2018-12-04 19:00:00,2.02,28.87,8.25,-6.64,14.77,50.49,91.73,94.95,87.14,84.14
2018-12-05 01:00:00,1.27,27.72,6.96,-7.19,14.17,51.39,100.0,94.95,85.88,82.89
2018-12-05 07:00:00,0.13,26.03,5.76,-7.67,13.55,52.93,100.0,97.24,83.8,80.85
2018-12-05 13:00:00,4.66,31.65,10.77,-3.64,13.92,46.55,0.0,66.67,92.45,89.36
2018-12-05 19:00:00,5.46,32.6,11.92,-3.16,14.45,45.34,0.0,33.33,94.33,91.21
2018-12-06 01:00:00,0.94,26.71,7.16,-6.9,14.04,51.5,81.16,27.05,86.08,83.09
2018-12-06 07:00:00,4.23,30.74,10.04,-3.84,13.46,47.04,22.46,34.54,92.45,89.36
2018-12-06 13:00:00,7.47,34.84,13.18,-1.21,13.57,43.18,0.0,34.54,99.0,95.81
2018-12-06 19:00:00,12.88,41.87,19.59,2.29,15.6,38.01,0.0,7.49,110.0,106.62
2018-12-07 01:00:00,10.54,39.08,17.37,-0.66,16.64,40.4,17.72,5.91,106.45,103.13
2018-12-07 07:00:00,9.99,38.5,16.79,-1.77,17.26,40.6,28.67,15.46,106.17,102.86
2018-12-07 13:00:00,14.1,43.96,21.77,0.59,19.05,36.64,0.0,15.46,114.96,111.5
2018-12-07 19:00:00,7.65,35.85,14.26,-5.11,18.52,44.43,100.0,42.89,103.39,100.12
2018-12-08 01:00:00,6.14,33.92,12.25,-6.42,18.14,46.0,100.0,66.67,101.01,97.78
2018-12-08 07:00:00,7.36,35.49,13.23,-5.42,17.95,44.37,82.54,94.18,103.89,100.62
2018-12-08 13:00:00,6.34,34.18,12.38,-6.34,18.17,45.4,93.64,92.06,102.45,99.19
2018-12-08 19:00:00,3.79,30.85,9.76,-8.53,18.18,48.76,100.0,92.06,97.89,94.71
2018-12-09 01:00:00,4.47,31.62,10.68,-7.68,18.09,47.61,73.78,89.14,99.53,96.32
2018-12-09 07:00:00,3.76,30.61,9.36,-8.12,17.36,48.45,93.07,88.95,98.46,95.28
2018-12-09 13:00:00,1.67,27.79,6.68,-9.77,16.71,51.58,100.0,88.95,94.61,91.48
2018-12-09 19:00:00,3.32,29.74,7.86,-8.06,15.94,48.75,28.72,73.93,98.03,94.85
2018-12-10 01:00:00,3.0,29.19,6.73,-7.96,14.79,49.09,37.21,55.31,97.64,94.46
2018-12-10 07:00:00,4.24,30.66,6.72,-6.11,12.79,46.8,0.0,21.98,100.35,97.14
2018-12-10 13:00:00,5.94,32.77,8.22,-4.48,12.46,43.87,0.0,12.4,104.09,100.81
2018-12-10 19:00:00,4.54,30.94,6.63,-5.6,12.16,46.12,43.27,14.42,101.75,98.51
2018-12-11 01:00:00,3.93,30.07,4.58,-5.22,9.83,46.99,59.84,34.37,100.89,97.66
2018-12-11 07:00:00,5.71,32.26,5.81,-3.23,8.93,43.66,0.0,34.37,104.77,101.48
2018-12-11 13:00:00,3.95,29.95,4.08,-4.71,8.82,46.89,97.0,52.28,101.66,98.42
2018-12-11 19:00:00,4.47,30.53,4.63,-3.57,8.16,45.63,59.26,52.08,103.04,99.78
2018-12-12 01:00:00,4.59,30.61,4.9,-3.11,7.95,45.07,42.51,66.26,103.63,100.36
2018-12-12 07:00:00,1.67,26.77,2.19,-5.52,7.85,51.23,100.0,67.26,98.07,94.89
2018-12-12 13:00:00,1.7,26.63,1.49,-3.85,5.4,51.0,96.26,79.59,98.28,95.09
2018-12-12 19:00:00,2.4,27.35,2.31,-2.94,5.26,49.2,66.95,87.73,99.82,96.61
2018-12-13 01:00:00,3.65,28.8,3.7,-1.69,5.34,46.16,17.63,60.28,102.55,99.3
2018-12-13 07:00:00,2.71,27.49,2.84,-2.3,5.12,48.19,40.07,41.55,100.93,97.7
2018-12-13 13:00:00,1.65,26.0,1.9,-3.13,5.06,50.64,92.64,50.11,98.99,95.79
2018-12-13 19:00:00,4.51,29.48,4.91,-0.54,5.33,43.91,0.0,44.24,104.95,101.66
2018-12-14 01:00:00,4.0,28.76,4.55,-1.09,5.54,44.79,13.01,35.22,104.28,100.99
2018-12-14 07:00:00,4.94,29.87,5.69,-0.4,5.93,42.45,0.0,4.34,106.51,103.2
2018-12-14 13:00:00,6.67,32.03,7.46,0.92,6.27,38.73,0.0,4.34,110.45,107.07
2018-12-14 19:00:00,6.28,31.55,7.32,0.19,6.87,39.11,6.17,2.06,110.19,106.82
2018-12-15 01:00:00,5.95,31.12,7.05,-0.34,7.15,39.38,10.69,5.62,110.01,106.64
2018-12-15 07:00:00,5.88,31.02,7.21,-0.66,7.62,39.02,7.71,8.19,110.36,106.98
2018-12-15 13:00:00,6.43,31.71,8.22,-0.47,8.37,37.3,0.0,6.13,111.97,108.56
2018-12-15 19:00:00,4.98,29.86,6.87,-1.95,8.6,41.59,100.0,35.9,109.48,106.11
2018-12-16 01:00:00,1.34,25.18,3.14,-5.28,8.51,52.19,100.0,66.67,102.34,99.09
2018-12-16 07:00:00,1.27,24.9,3.21,-5.26,8.56,52.25,100.0,100.0,102.3,99.05
2018-12-16 13:00:00,1.29,24.75,3.24,-5.19,8.52,52.01,98.4,99.47,102.45,99.19
2018-12-16 19:00:00,2.74,26.41,4.77,-3.78,8.51,47.26,53.16,83.85,105.58,102.27
2018-12-17 01:00:00,2.18,25.56,4.25,-4.25,8.5,48.79,30.68,60.75,104.61,101.33
2018-12-17 07:00:00,0.52,23.33,2.31,-5.66,8.1,53.8,100.0,61.28,101.35,98.12
2018-12-17 13:00:00,-5.13,15.97,-2.4,-11.99,10.34,67.21,100.0,76.89,89.6,86.56
2018-12-17 19:00:00,-6.12,14.31,-2.15,-14.03,12.93,69.38,100.0,100.0,87.13,84.13
2018-12-18 01:00:00,-6.09,13.91,-0.96,-14.86,15.09,69.77,100.0,100.0,86.69,83.69
2018-12-18 07:00:00,-5.82,13.81,0.23,-15.28,16.76,69.63,99.13,99.71,86.76,83.76
2018-12-18 13:00:00,-6.03,13.12,0.8,-16.1,18.3,70.53,100.0,99.71,85.85,82.86
2018-12-18 19:00:00,-9.35,8.58,-1.2,-20.08,21.14,76.78,100.0,99.71,78.53,75.66
2018-12-19 01:00:00,-15.81,0.07,-5.12,-28.23,27.74,84.45,100.0,100.0,64.53,61.89
2018-12-19 07:00:00,-19.25,-4.9,-5.52,-33.74,35.12,87.46,100.0,100.0,56.29,53.78
2018-12-19 13:00:00,-16.35,-2.25,-0.19,-32.28,38.31,78.69,48.2,82.73,60.6,58.02
2018-12-19 19:00:00,-10.63,3.89,7.3,-27.29,38.44,63.83,0.0,49.4,70.75,68.01
2018-12-20 01:00:00,-11.84,1.89,6.53,-27.92,38.57,65.95,8.98,19.06,67.51,64.81
2018-12-20 07:00:00,-17.22,-5.08,1.5,-32.62,40.41,72.68,37.45,15.48,55.95,53.45
2018-12-20 13:00:00,-17.45,-6.1,2.41,-32.72,41.41,73.61,65.84,37.42,54.18,51.7
2018-12-20 19:00:00,-17.21,-6.56,3.64,-32.23,41.86,74.09,100.0,67.76,53.31,50.85
2018-12-21 01:00:00,-19.04,-9.41,2.61,-33.94,43.34,76.71,100.0,88.61,48.48,46.09
2018-12-21 07:00:00,-26.58,-18.87,-4.03,-41.83,49.05,83.5,100.0,100.0,32.66,30.53
2018-12-21 13:00:00,-25.86,-19.05,-0.95,-42.13,52.48,83.71,100.0,100.0,32.06,29.94
2018-12-21 19:00:00,-24.55,-18.53,2.1,-40.98,53.48,82.65,88.96,96.32,32.6,30.47
2018-12-22 01:00:00,-21.17,-15.65,6.99,-37.18,52.03,74.61,0.0,62.99,37.04,34.83
2018-12-22 07:00:00,-24.21,-19.77,3.57,-38.91,51.6,78.28,40.32,43.09,30.02,27.93
2018-12-22 13:00:00,-21.94,-18.13,7.05,-36.39,50.9,74.26,0.0,13.44,32.38,30.26
2018-12-22 19:00:00,-24.43,-21.57,4.34,-38.06,51.0,77.47,38.32,26.21,26.47,24.43
2018-12-23 01:00:00,-24.03,-21.95,5.27,-36.98,50.21,77.98,92.48,43.6,25.51,23.49
2018-12-23 07:00:00,-24.55,-23.28,4.74,-36.41,48.89,79.33,100.0,76.93,22.99,21.01
2018-12-23 13:00:00,-21.68,-21.05,8.09,-32.13,45.72,73.16,0.0,64.16,26.22,24.19
2018-12-23 19:00:00,-20.47,-20.46,9.01,-29.29,42.62,72.05,0.0,33.33,26.83,24.8
2018-12-24 01:00:00,-25.61,-26.39,2.6,-33.98,43.39,78.23,84.86,28.29,16.97,15.09
2018-12-24 07:00:00,-24.82,-26.34,4.28,-33.62,44.41,78.43,87.55,57.47,16.62,14.74
2018-12-24 13:00:00,-20.83,-23.03,9.43,-29.21,42.89,69.33,0.0,57.47,21.48,19.53
2018-12-24 19:00:00,-16.46,-19.25,13.76,-22.58,38.02,61.16,0.0,29.18,27.15,25.11
2018-12-25 01:00:00,-8.5,-11.77,22.53,-12.2,33.03,49.85,0.0,-0.0,38.75,36.52
2018-12-25 07:00:00,-9.91,-13.38,19.2,-11.76,29.85,51.97,7.42,2.47,36.0,33.81
2018-12-25 13:00:00,-7.22,-10.98,21.41,-7.53,27.06,49.05,0.0,2.47,39.6,37.36
2018-12-25 19:00:00,-11.89,-15.76,13.54,-10.12,23.26,55.07,49.66,19.03,31.86,29.74
2018-12-26 01:00:00,-14.1,-18.24,9.11,-10.74,20.01,58.2,100.0,49.89,27.68,25.63
2018-12-26 07:00:00,-9.55,-14.14,14.41,-6.52,20.14,52.45,37.19,62.28,33.87,31.72
2018-12-26 13:00:00,-9.33,-14.14,14.23,-6.81,20.29,52.63,39.15,58.78,33.64,31.49
2018-12-26 19:00:00,-10.68,-15.69,11.97,-8.54,20.17,54.79,40.6,38.98,30.99,28.89
2018-12-27 01:00:00,-7.12,-12.47,16.02,-5.04,19.97,50.38,0.0,26.58,35.8,33.61
2018-12-27 07:00:00,-7.46,-12.95,15.22,-6.09,20.38,51.19,18.45,19.68,34.84,32.68
2018-12-27 13:00:00,-7.3,-12.95,15.08,-6.42,20.61,51.37,22.46,13.64,34.65,32.49
2018-12-27 19:00:00,-0.54,-6.55,23.79,-1.38,22.63,43.4,0.0,13.64,44.44,42.12
2018-12-28 01:00:00,-0.66,-6.62,23.6,-3.01,24.13,43.6,2.42,8.29,44.23,41.91
2018-12-28 07:00:00,-2.55,-8.41,20.44,-5.76,24.4,46.31,36.47,12.97,41.33,39.06
2018-12-28 13:00:00,-10.57,-16.2,9.75,-13.93,24.19,56.89,100.0,46.3,29.07,26.99
2018-12-28 19:00:00,-10.66,-16.52,8.99,-14.42,24.07,57.49,100.0,78.82,28.32,26.26
2018-12-29 01:00:00,-9.34,-15.49,8.14,-12.62,21.24,55.98,89.11,96.37,29.66,27.58
2018-12-29 07:00:00,-8.86,-15.23,5.77,-11.14,17.39,55.79,84.78,91.3,29.82,27.74
2018-12-29 13:00:00,-7.2,-13.81,5.74,-9.03,15.01,53.49,0.0,57.96,31.78,29.66
2018-12-29 19:00:00,-6.07,-12.87,6.11,-8.0,14.24,52.05,0.0,28.26,33.03,30.89
2018-12-30 01:00:00,-5.35,-12.27,6.71,-7.17,13.91,51.2,0.0,-0.0,33.75,31.6
2018-12-30 07:00:00,-6.64,-13.59,5.13,-8.55,13.92,53.71,54.75,18.25,31.54,29.42
2018-12-30 13:00:00,-5.34,-12.46,6.32,-6.99,13.36,51.72,20.68,25.14,33.07,30.93
2018-12-30 19:00:00,-5.84,-13.02,5.47,-7.73,13.35,53.0,71.77,49.06,32.02,29.9
2018-12-31 01:00:00,-3.39,-10.77,7.44,-5.43,12.75,48.75,0.0,30.81,35.26,33.09
2018-12-31 07:00:00,-1.09,-8.6,9.94,-3.56,13.08,45.14,0.0,23.92,38.41,36.19
2018-12-31 13:00:00,-1.44,-8.89,9.44,-4.21,13.3,45.89,9.61,3.2,37.85,35.64
2018-12-31 19:00:00,1.0,-6.53,12.03,-2.43,13.8,42.12,0.0,3.2,41.32,39.05
2019-01-01 01:00:00,-0.83,-8.17,9.96,-4.44,14.02,45.71,54.18,21.27,38.71,36.48
2019-01-01 07:00:00,-1.76,-9.01,8.8,-5.53,14.11,47.64,100.0,51.39,37.31,35.11
2019-01-01 13:00:00,-0.48,-7.76,10.14,-4.6,14.34,45.46,60.42,71.53,39.07,36.84
2019-01-01 19:00:00,-3.18,-10.28,6.72,-6.38,13.08,50.99,100.0,86.81,35.12,32.95
2019-01-02 01:00:00,-2.36,-9.51,7.1,-4.7,11.67,49.58,74.46,78.29,36.13,33.94
2019-01-02 07:00:00,-3.96,-11.04,5.01,-5.72,10.77,53.02,100.0,91.49,33.67,31.53
2019-01-02 13:00:00,-5.15,-12.21,3.15,-6.96,10.31,55.69,100.0,91.49,31.73,29.61
2019-01-02 19:00:00,-5.76,-12.86,1.88,-7.62,9.78,57.31,100.0,100.0,30.55,28.45
2019-01-03 01:00:00,-3.06,-10.38,4.19,-4.98,9.21,51.31,22.46,74.15,34.11,31.96
2019-01-03 07:00:00,-3.27,-10.59,3.37,-5.16,8.61,52.02,11.76,44.74,33.64,31.49
2019-01-03 13:00:00,-4.72,-11.98,1.68,-6.78,8.68,55.39,68.0,34.07,31.38,29.27
2019-01-03 19:00:00,-3.91,-11.27,2.44,-6.16,8.76,53.77,40.97,40.24,32.27,30.14
2019-01-04 01:00:00,-4.96,-12.31,1.42,-7.48,9.18,56.46,100.0,69.66,30.54,28.44
2019-01-04 07:00:00,-4.44,-11.88,1.85,-7.17,9.27,55.51,78.71,73.23,31.0,28.9
2019-01-04 13:00:00,-7.48,-14.81,-0.73,-10.9,10.79,62.39,100.0,92.9,26.43,24.39
2019-01-04 19:00:00,-9.74,-17.09,-2.01,-14.33,13.42,67.04,100.0,92.9,22.79,20.81
2019-01-05 01:00:00,-12.06,-19.47,-2.79,-18.07,17.05,71.3,100.0,100.0,18.97,17.05
2019-01-05 07:00:00,-12.19,-19.85,-1.54,-19.12,19.6,72.19,100.0,100.0,18.12,16.22
2019-01-05 13:00:00,-13.26,-21.1,-1.31,-21.06,22.24,74.44,100.0,100.0,15.96,14.09
2019-01-05 19:00:00,-10.27,-18.58,2.52,-18.07,22.32,65.5,0.0,66.67,19.39,17.47
2019-01-06 01:00:00,-10.51,-19.0,2.71,-18.18,22.64,66.6,12.28,37.43,18.5,16.59
2019-01-06 07:00:00,-13.25,-21.75,0.52,-21.07,24.06,71.56,67.86,26.71,14.15,12.32
2019-01-06 13:00:00,-13.41,-22.17,1.05,-21.21,24.76,72.55,78.91,53.01,13.22,11.4
2019-01-06 19:00:00,-11.48,-20.64,3.71,-19.35,25.01,67.42,27.19,57.98,15.13,13.28
2019-01-07 01:00:00,-10.6,-20.04,4.84,-18.05,24.52,65.93,0.0,35.37,15.71,13.85
2019-01-07 07:00:00,-9.87,-19.55,5.74,-16.96,24.04,64.82,0.0,9.06,16.13,14.27
2019-01-07 13:00:00,-13.15,-22.73,2.44,-20.1,24.72,71.17,82.15,27.38,11.21,9.43
2019-01-07 19:00:00,-11.78,-21.72,4.33,-18.72,24.84,68.0,50.0,44.05,12.36,10.55
2019-01-08 01:00:00,-12.65,-22.72,3.4,-18.95,24.23,70.21,84.88,72.34,10.6,8.82
2019-01-08 07:00:00,-18.84,-28.59,-2.5,-25.36,26.56,78.9,100.0,78.29,1.78,0.15
2019-01-08 13:00:00,-16.34,-26.71,1.11,-23.02,27.1,72.59,42.13,75.67,4.08,2.4
2019-01-08 19:00:00,-17.75,-28.3,0.08,-24.2,27.61,75.08,64.95,69.03,1.42,-0.21
2019-01-09 01:00:00,-16.57,-27.58,1.81,-22.67,27.32,73.38,36.41,47.83,2.04,0.4
2019-01-09 07:00:00,-20.21,-31.14,-1.69,-26.12,28.37,78.3,90.39,63.92,-3.41,-4.97
2019-01-09 13:00:00,-22.82,-33.86,-3.17,-29.6,31.6,81.5,100.0,75.6,-7.71,-9.19
2019-01-09 19:00:00,-20.11,-31.92,1.1,-27.47,32.91,75.09,21.08,70.49,-5.45,-6.97
2019-01-10 01:00:00,-29.85,-40.85,-7.4,-39.64,42.16,83.93,100.0,73.69,-18.41,-19.72
2019-01-10 07:00:00,-16.02,-29.44,10.85,-27.35,41.64,58.25,0.0,40.36,-3.09,-4.64
2019-01-10 13:00:00,-6.9,-21.8,22.49,-18.94,40.71,49.91,0.0,33.33,7.11,5.39
2019-01-10 19:00:00,-9.91,-24.42,17.96,-20.51,38.97,52.56,7.78,2.59,3.18,1.52
2019-01-11 01:00:00,-11.45,-25.85,15.38,-20.85,37.24,54.18,12.55,6.78,0.88,-0.74
2019-01-11 07:00:00,-7.15,-22.27,20.52,-16.42,36.2,50.57,7.86,9.39,5.44,3.75
2019-01-11 13:00:00,-9.38,-24.2,17.17,-17.85,35.13,52.73,66.07,28.82,2.49,0.84
2019-01-11 19:00:00,-5.1,-20.59,22.17,-13.2,33.85,49.18,0.0,24.64,7.09,5.37
2019-01-12 01:00:00,0.19,-16.0,28.82,-7.95,33.3,45.31,0.0,22.02,13.07,11.25
2019-01-12 07:00:00,0.6,-15.48,29.19,-7.15,32.74,45.01,0.0,-0.0,13.55,11.73
2019-01-12 13:00:00,0.46,-15.43,29.16,-7.58,33.16,45.12,1.35,0.45,13.42,11.6
2019-01-12 19:00:00,1.09,-14.71,30.13,-7.23,33.52,44.6,0.0,0.45,14.18,12.35
2019-01-13 01:00:00,4.83,-11.28,35.7,-4.85,35.14,41.72,0.0,0.45,18.62,16.72
2019-01-13 07:00:00,3.62,-12.06,34.49,-7.51,37.01,42.77,30.81,10.27,17.42,15.53
2019-01-13 13:00:00,10.67,-5.65,45.06,-3.79,40.49,37.9,0.0,10.27,25.9,23.88
2019-01-13 19:00:00,10.51,-5.36,45.77,-6.34,43.53,37.74,0.0,10.27,26.21,24.19
2019-01-14 01:00:00,-1.84,-15.84,28.98,-17.46,43.9,49.39,100.0,33.33,12.02,10.22
2019-01-14 07:00:00,0.94,-13.29,31.5,-15.83,43.9,47.03,79.78,59.93,15.24,13.39
2019-01-14 13:00:00,-6.49,-19.7,19.49,-21.79,41.77,53.84,100.0,93.26,6.46,4.75
2019-01-14 19:00:00,-8.4,-21.42,15.24,-23.3,40.16,55.82,100.0,93.26,3.89,2.22
2019-01-15 01:00:00,-5.58,-19.01,10.39,-16.1,27.27,53.02,68.12,89.37,6.83,5.12
2019-01-15 07:00:00,-5.77,-19.18,8.1,-15.66,24.7,53.42,72.69,80.27,6.35,4.64
2019-01-15 13:00:00,-4.04,-17.66,9.8,-14.27,24.62,51.7,0.0,46.94,8.11,6.37
2019-01-15 19:00:00,-2.58,-16.33,10.61,-12.94,23.83,50.23,0.0,24.23,9.64,7.88
2019-01-16 01:00:00,-1.78,-15.55,10.06,-11.86,22.12,49.44,0.0,-0.0,10.46,8.69
2019-01-16 07:00:00,-2.81,-16.37,8.34,-12.81,21.63,50.75,33.1,11.03,9.18,7.42
2019-01-16 13:00:00,-4.61,-17.9,5.34,-14.25,20.5,53.12,100.0,44.37,6.94,5.22
2019-01-16 19:00:00,-4.63,-17.9,5.16,-14.45,20.57,53.38,100.0,77.7,6.7,4.99
2019-01-17 01:00:00,-1.35,-14.98,8.84,-11.45,20.56,49.04,0.0,66.67,10.31,8.54
2019-01-17 07:00:00,-1.15,-14.7,9.14,-11.16,20.5,48.84,0.0,33.33,10.48,8.71
2019-01-17 13:00:00,-4.07,-17.19,6.14,-13.78,20.71,53.04,92.55,30.85,7.03,5.31
2019-01-17 19:00:00,-4.85,-17.85,5.57,-14.44,20.94,54.37,100.0,64.18,5.95,4.24
2019-01-18 01:00:00,-3.6,-16.73,6.94,-12.63,20.14,52.56,67.32,86.62,7.18,5.45
2019-01-18 07:00:00,-3.39,-16.5,7.14,-11.81,19.4,52.44,65.13,77.49,7.26,5.53
2019-01-18 13:00:00,-2.31,-15.5,6.98,-8.28,15.36,50.76,0.0,44.15,8.34,6.6
2019-01-18 19:00:00,-2.05,-15.19,4.69,-4.23,8.9,50.44,0.0,21.71,8.54,6.8
2019-01-19 01:00:00,-0.39,-13.63,6.35,-2.37,8.55,47.57,0.0,-0.0,10.37,8.59
2019-01-19 07:00:00,-3.87,-16.62,1.88,-4.59,6.56,53.95,100.0,33.33,6.33,4.62
2019-01-19 13:00:00,-2.49,-15.36,3.12,-3.33,6.46,51.53,62.04,54.01,7.74,6.01
2019-01-19 19:00:00,-1.28,-14.21,3.61,-1.93,5.49,49.41,28.85,63.63,9.03,7.28
2019-01-20 01:00:00,-1.02,-13.88,3.7,-1.81,5.46,49.01,22.67,37.85,9.27,7.51
2019-01-20 07:00:00,2.02,-11.05,7.06,0.6,6.22,43.73,0.0,17.17,12.71,10.9
2019-01-20 13:00:00,3.04,-9.96,8.64,0.81,7.48,42.01,0.0,7.56,13.97,12.14
2019-01-20 19:00:00,2.87,-9.9,8.89,0.07,8.44,42.11,1.36,0.45,13.92,12.09
2019-01-21 01:00:00,3.13,-9.47,9.58,-0.18,9.32,41.49,0.0,0.45,14.35,12.51
2019-01-21 07:00:00,-3.44,-15.2,2.65,-6.67,9.5,54.92,100.0,33.79,6.91,5.19
2019-01-21 13:00:00,-3.04,-14.81,2.9,-6.39,9.46,54.33,95.64,65.21,7.21,5.49
2019-01-21 19:00:00,-4.69,-16.27,1.2,-8.27,9.82,57.65,100.0,98.55,5.18,3.49
2019-01-22 01:00:00,-6.17,-17.61,0.18,-10.13,10.85,60.64,100.0,98.55,3.27,1.61
2019-01-22 07:00:00,-4.01,-15.7,2.64,-8.09,11.02,55.78,22.88,74.29,5.46,3.77
2019-01-22 13:00:00,-7.57,-18.91,-0.48,-12.26,12.59,62.22,100.0,74.29,1.22,-0.41
2019-01-22 19:00:00,-7.03,-18.5,0.53,-12.35,13.69,61.58,90.13,71.0,1.48,-0.15
2019-01-23 01:00:00,-5.7,-17.37,2.25,-11.43,14.35,58.74,46.04,78.72,2.68,1.03
2019-01-23 07:00:00,-8.05,-19.52,0.42,-14.32,15.85,63.26,100.0,78.72,-0.23,-1.83
2019-01-23 13:00:00,-8.04,-19.6,1.12,-14.84,17.14,63.78,100.0,82.01,-0.58,-2.17
2019-01-23 19:00:00,-6.08,-17.92,3.6,-13.18,17.63,59.01,5.39,68.46,1.27,-0.35
2019-01-24 01:00:00,-5.86,-17.76,4.08,-12.88,17.74,59.05,6.05,37.15,1.25,-0.37
2019-01-24 07:00:00,-7.93,-19.65,2.31,-15.25,18.78,63.48,93.83,35.09,-1.32,-2.91
2019-01-24 13:00:00,-6.41,-18.37,4.3,-13.96,19.18,59.77,15.92,38.6,0.03,-1.57
2019-01-24 19:00:00,-6.73,-18.7,4.24,-14.21,19.42,60.92,42.57,50.77,-0.6,-2.2
2019-01-25 01:00:00,-6.85,-18.86,4.34,-14.21,19.52,61.73,60.47,39.65,-1.04,-2.63
2019-01-25 07:00:00,-4.87,-17.14,6.31,-11.49,18.28,56.32,0.0,34.35,0.86,-0.76
2019-01-25 13:00:00,-5.06,-17.3,5.56,-10.34,16.29,57.19,16.1,25.52,0.44,-1.17
2019-01-25 19:00:00,-4.59,-16.89,5.19,-8.26,13.66,56.34,0.39,5.5,0.74,-0.88
2019-01-26 01:00:00,-4.96,-17.22,3.27,-6.28,9.69,57.75,26.51,14.33,0.13,-1.48
2019-01-26 07:00:00,-6.42,-18.53,1.47,-7.24,8.96,61.83,100.0,42.3,-1.68,-3.26
2019-01-26 13:00:00,-10.87,-22.56,-2.54,-12.07,10.28,71.01,100.0,75.5,-6.82,-8.32
2019-01-26 19:00:00,-9.88,-21.84,-0.92,-11.39,11.15,68.8,84.91,94.97,-6.21,-7.72
2019-01-27 01:00:00,-13.12,-24.86,-2.95,-15.93,14.34,74.53,100.0,94.97,-10.14,-11.59
2019-01-27 07:00:00,-12.0,-24.07,-0.97,-15.17,15.44,72.06,80.59,88.5,-9.49,-10.94
2019-01-27 13:00:00,-8.93,-21.52,2.71,-12.4,15.88,62.9,0.0,60.2,-6.7,-8.2
2019-01-27 19:00:00,-9.52,-22.14,2.31,-13.16,16.37,64.62,14.79,31.79,-7.71,-9.19
2019-01-28 01:00:00,-2.05,-15.63,10.56,-5.68,15.85,47.92,0.0,4.93,-0.17,-1.77
2019-01-28 07:00:00,-3.92,-17.21,8.29,-7.47,15.7,51.42,14.53,9.77,-2.24,-3.81
2019-01-28 13:00:00,0.03,-13.66,12.82,-3.97,16.07,45.18,0.0,4.84,1.78,0.15
2019-01-28 19:00:00,-2.01,-15.34,10.39,-5.8,15.82,48.71,18.14,10.89,-0.37,-1.98
2019-01-29 01:00:00,0.31,-13.2,13.05,-3.68,15.97,45.28,1.54,6.56,1.99,0.35
2019-01-29 07:00:00,-1.64,-14.79,10.77,-5.74,16.1,48.65,55.53,25.07,-0.06,-1.67
2019-01-29 13:00:00,-4.11,-16.9,7.86,-8.04,15.91,52.92,100.0,52.36,-2.74,-4.3
2019-01-29 19:00:00,-3.17,-16.04,8.79,-7.14,15.8,51.48,81.1,78.88,-1.92,-3.49
2019-01-30 01:00:00,-4.71,-17.37,6.94,-8.65,15.72,54.37,100.0,93.7,-3.67,-5.22
2019-01-30 07:00:00,-4.99,-17.61,6.48,-8.7,15.35,55.19,100.0,93.7,-4.16,-5.7
2019-01-30 13:00:00,-3.05,-15.88,8.5,-6.65,15.01,51.5,0.79,66.93,-2.33,-3.9
2019-01-30 19:00:00,-2.85,-15.64,8.54,-6.22,14.59,51.33,0.0,33.6,-2.24,-3.81
2019-01-31 01:00:00,-3.23,-15.93,7.94,-6.4,14.23,52.35,26.51,9.1,-2.76,-4.32
2019-01-31 07:00:00,2.2,-11.02,14.35,-1.77,15.16,42.55,0.0,8.84,2.79,1.14
2019-01-31 13:00:00,2.56,-10.52,14.61,-2.15,15.78,41.89,0.0,8.84,3.25,1.59
2019-01-31 19:00:00,5.08,-8.05,17.66,-0.85,17.07,38.19,0.0,-0.0,6.0,4.3
2019-02-01 01:00:00,3.29,-9.41,14.36,-2.57,15.99,41.53,23.59,7.86,4.33,2.65
2019-02-01 07:00:00,1.79,-10.56,11.14,-3.65,14.25,44.41,100.0,41.2,2.89,1.23
2019-02-01 13:00:00,1.13,-10.98,9.47,-4.18,13.3,45.66,100.0,74.53,2.27,0.63
2019-02-01 19:00:00,1.08,-10.88,7.88,-3.69,11.34,45.69,100.0,100.0,2.26,0.62
2019-02-02 01:00:00,1.93,-9.96,8.85,-3.12,11.64,43.93,57.67,85.89,3.21,1.55
2019-02-02 07:00:00,1.29,-10.38,7.92,-3.87,11.56,45.36,81.62,79.76,2.61,0.96
2019-02-02 13:00:00,1.57,-9.97,8.3,-3.67,11.7,44.64,40.72,60.0,2.96,1.3
2019-02-02 19:00:00,0.95,-10.38,7.57,-4.38,11.76,46.19,100.0,74.11,2.37,0.72
2019-02-03 01:00:00,1.94,-9.34,8.72,-3.54,11.95,43.79,0.0,46.91,3.45,1.78
2019-02-03 07:00:00,1.58,-9.5,8.31,-4.04,12.09,44.63,35.09,45.03,3.15,1.49
2019-02-03 13:00:00,2.66,-8.36,9.1,-3.16,11.9,41.88,0.0,11.7,4.36,2.68
2019-02-03 19:00:00,4.04,-6.91,10.42,-2.19,12.11,38.64,0.0,11.7,5.93,4.23
2019-02-04 01:00:00,4.21,-6.54,9.94,-2.06,11.54,37.96,0.0,-0.0,6.28,4.57
2019-02-04 07:00:00,-2.86,-12.86,1.59,-8.37,10.31,56.69,100.0,33.33,-1.06,-2.65
2019-02-04 13:00:00,-3.09,-13.05,1.01,-8.59,9.98,57.42,100.0,66.67,-1.42,-3.0
2019-02-04 19:00:00,-1.76,-11.8,1.88,-7.17,9.3,53.96,82.2,94.07,-0.14,-1.74
2019-02-05 01:00:00,-1.63,-11.63,1.28,-6.73,8.23,53.79,81.34,87.85,-0.07,-1.68
2019-02-05 07:00:00,-1.37,-11.33,1.77,-6.56,8.53,53.2,0.0,54.51,0.13,-1.48
2019-02-05 13:00:00,-0.33,-10.3,2.96,-5.51,8.58,50.24,0.0,27.11,1.18,-0.45
2019-02-05 19:00:00,0.49,-9.45,3.74,-4.25,8.01,47.93,0.0,-0.0,2.03,0.39
2019-02-06 01:00:00,2.31,-7.65,5.7,-2.38,7.95,43.22,0.0,-0.0,3.97,2.3
2019-02-06 07:00:00,2.58,-7.24,6.11,-2.18,8.13,42.35,0.0,-0.0,4.36,2.68
2019-02-06 13:00:00,2.87,-6.8,6.53,-2.04,8.39,41.39,0.0,-0.0,4.77,3.09
2019-02-06 19:00:00,2.85,-6.64,6.63,-2.19,8.63,41.15,0.0,-0.0,4.87,3.19
2019-02-07 01:00:00,1.51,-7.73,5.29,-3.45,8.65,45.67,100.0,33.33,3.56,1.9
2019-02-07 07:00:00,1.35,-7.75,5.15,-3.6,8.68,46.04,100.0,66.67,3.45,1.79
2019-02-07 13:00:00,2.16,-6.86,6.07,-2.88,8.81,43.35,44.98,81.66,4.37,2.69
2019-02-07 19:00:00,2.11,-6.76,6.07,-2.99,8.92,43.22,42.32,62.43,4.41,2.74
2019-02-08 01:00:00,1.72,-6.98,5.72,-3.35,8.97,44.57,47.92,45.08,4.08,2.41
2019-02-08 07:00:00,0.06,-8.41,4.04,-4.89,8.97,51.08,100.0,63.42,2.39,0.74
2019-02-08 13:00:00,-3.93,-12.09,0.4,-8.92,9.74,63.42,100.0,82.64,-1.86,-3.44
2019-02-08 19:00:00,-2.37,-10.64,2.15,-7.15,9.54,57.74,71.88,90.63,-0.36,-1.96
2019-02-09 01:00:00,-3.0,-11.22,1.59,-7.39,9.25,59.72,80.37,84.08,-1.13,-2.72
2019-02-09 07:00:00,-3.99,-12.15,0.63,-8.61,9.63,62.64,93.72,81.99,-2.3,-3.87
2019-02-09 13:00:00,-0.02,-8.43,4.4,-4.76,9.19,49.63,0.0,58.03,1.74,0.1
2019-02-09 19:00:00,-0.01,-8.34,4.22,-4.75,9.0,49.61,0.0,31.24,1.74,0.11
2019-02-10 01:00:00,2.23,-6.15,6.41,-2.72,8.97,43.81,0.0,-0.0,4.11,2.44
2019-02-10 07:00:00,2.36,-5.88,6.42,-2.69,8.94,43.28,0.0,-0.0,4.35,2.67
2019-02-10 13:00:00,2.29,-5.8,6.31,-2.86,9.01,43.22,0.0,-0.0,4.37,2.69
2019-02-10 19:00:00,1.44,-6.47,5.42,-3.7,9.04,45.85,41.11,13.7,3.56,1.89
2019-02-11 01:00:00,2.55,-5.29,6.71,-2.64,9.16,42.61,0.0,13.7,4.8,3.12
2019-02-11 07:00:00,3.18,-4.54,7.54,-2.08,9.37,40.72,0.0,13.7,5.58,3.88
2019-02-11 13:00:00,3.38,-4.19,7.95,-1.93,9.59,39.89,0.0,-0.0,5.92,4.22
