timestamp,ema50_dist_REP_USD_1h,ema200_dist_REP_USD_1h,upper_bb_dist_REP_USD_1h,lower_bb_dist_REP_USD_1h,width_bb_REP_USD_1h,rsi_REP_USD_1h,stoch_rsi_fastk_REP_USD_1h,stoch_rsi_fastd_REP_USD_1h,kijun_dist_REP_USD_1h,tenkan_dist_REP_USD_1h
2018-11-19 09:00:00,,,,,,,,,0.3430008878366382,0.4451021012133767
2018-11-19 10:00:00,,,,,,,,,0.40886465006053974,0.5159731349152965
2018-11-19 16:00:00,,,,,,,,,0.41955934642294834,0.5274808921514449
2018-11-19 17:00:00,,,,,,,,,0.49587957367322266,0.6096033402922756
2018-11-19 19:00:00,,,,,,,,,0.5112226095064718,0.626112825522279
2018-11-19 20:00:00,,,,,,,,,0.5126162461251293,0.6276124129195695
2018-11-19 22:00:00,,,,,,,,,0.5126666666666668,0.6276666666666668
2018-11-20 01:00:00,,,,,,,,,0.5324523289583285,0.6489565276120579
2018-11-20 05:00:00,,,,,,,,,0.5344213516072314,0.6510752445786934
2018-11-20 08:00:00,,,,,,,,,0.6300482524934445,0.7539721500496892
2018-11-20 09:00:00,,,,,,,,,0.7232911392405064,0.8543037974683545
2018-11-20 13:00:00,,,,,,,,,0.6722555919961677,0.7993882890518482
2018-11-20 15:00:00,,,,,,,,,0.5536661911554923,0.6717831669044225
2018-11-20 16:00:00,,,,,,,,,0.5536661911554923,0.6717831669044225
2018-11-20 18:00:00,,,,,,0.2771529562982003,,,0.5558857142857143,0.6741714285714286
2018-11-20 19:00:00,,,,,,0.2771529562982003,,,0.5558857142857143,0.6741714285714286
2018-11-20 21:00:00,,,,,,0.2771529562982003,,,0.5558857142857143,0.6741714285714286
2018-11-21 04:00:00,,,,,,0.34876747943053776,,,0.5086436170212769,0.623337765957447
2018-11-21 18:00:00,,,,,,0.4590582044959253,,,0.425908081612133,0.5343122879048141
2018-11-21 23:00:00,,,0.127286682241031,-0.10054861129010739,0.22482953944240117,0.3665433224645518,,,0.5430125807548454,0.6603196191771508
2018-11-22 03:00:00,,,0.04957151496993584,-0.13578549346455948,0.19370714003720677,0.44573284463181706,0.9267455997222025,0.8060524312444302,0.4638709677419355,0.5751612903225807
2018-11-22 04:00:00,,,0.0420957773537467,-0.13221405692363875,0.1825346904080852,0.44573284463181717,0.8791796875375691,0.7657789937569532,0.4638709677419355,0.5751612903225807
2018-11-22 08:00:00,,,0.048192235828375285,-0.11665706109924345,0.1706925134829464,0.42931709882574454,0.6785262541858398,0.8281505138152038,0.4839441041180701,0.5967604804778619
2018-11-22 17:00:00,,,-0.025456975420810157,-0.20851824757225212,0.20731450037942786,0.5571739087632157,1.0,0.8525686472411365,0.3492566897918732,0.4518334985133796
2018-11-23 00:00:00,,,0.003335839554427844,-0.2035307537017782,0.22987666262561302,0.5377775949936153,0.8482965922653142,0.8422742821503847,0.36781505259667857,0.47180275492057766
2018-11-23 02:00:00,,,0.02886204783664814,-0.19431924399923817,0.2433099858657385,0.5173208359838685,0.6882991778158898,0.8455319233604014,0.3879515124328403,0.4934700826817011
2018-11-23 03:00:00,,,0.038537508928859765,-0.19601645940897217,0.2546011275137947,0.5175261490808667,0.6899049827557963,0.7421669176123334,0.3877392917575586,0.49324172799739063
2018-11-23 10:00:00,,,-0.021505817571154884,-0.2753676084152268,0.29811265318445096,0.6225208757419955,1.0,0.7927347201905621,0.26984423094860555,0.36638373286074066
2018-11-23 13:00:00,,,0.053301266596430974,-0.22766502938574218,0.307800963034618,0.5328523548567767,0.1476379563032288,0.6125143130196752,0.3523393265123671,0.45515049170557265
2018-11-23 16:00:00,,,0.06405252798133465,-0.2159965295755948,0.3030742118188182,0.5289629782988114,0.110666710219029,0.4194348888407528,0.35651654045436443,0.4596452770027901
2018-11-23 20:00:00,,,0.1280006004815335,-0.1392498692152463,0.26876215857038543,0.4556531654889384,0.0,0.08610155550741945,0.4480667978514068,0.5581556134659362
2018-11-24 03:00:00,,,0.1223226758702769,-0.11783598790435523,0.23962111119663873,0.45442389094951124,0.0,0.03688890340634319,0.44984025559105434,0.5600638977635783
2018-11-24 20:00:00,,,0.1241639800326273,-0.10817918331243548,0.2305009082638542,0.4517305409428181,0.0,1.8947806286936004e-16,0.4534933378886232,0.5639947044755722
2018-11-24 21:00:00,,,0.16457455214176342,-0.07037012876453508,0.22437607168015988,0.41398643182039047,0.0,1.8947806286936004e-16,0.5077580764843346,0.6223849024841352
2018-11-24 23:00:00,,,0.2629094323245742,-0.005966482916608062,0.23826558426008326,0.35131571104134013,0.0,1.8947806286936004e-16,0.6282741298887693,0.7520631503408683
2018-11-25 01:00:00,,,0.26610108500707486,-0.016124979869678202,0.25087027745080753,0.352736780294248,0.01378231343210124,0.004594104477367269,0.6265232974910397,0.7501792114695343
2018-11-25 04:00:00,,,0.35706447826221277,0.0199602354818762,0.28363545471881807,0.3130444875845663,0.0,0.004594104477367269,0.7262848230475636,0.8575250751302892
2018-11-25 05:00:00,,,0.36821893222953994,-0.005534428044908224,0.3163802527273369,0.3130209610094079,0.0,0.004594104477367269,0.7263504945472992,0.8575957392848086
2018-11-25 10:00:00,,,0.3856238548285611,-0.025090606746718813,0.3479844750409888,0.30754489671542673,0.0,1.8947806286936004e-16,0.740920716112532,0.8732736572890025
2018-11-25 11:00:00,,,0.3673079814285338,-0.058023164937834215,0.3683661221249631,0.33342257879867193,0.572617913526678,0.1908726378422262,0.7111613876319758,0.8412518853695325
2018-11-25 12:00:00,,,0.3226012208655116,-0.10113807321287138,0.3814956773207214,0.38206383450655307,1.0,0.5242059711755594,0.6558015081488691,0.7816832887375336
2018-11-25 18:00:00,,,0.4355455435366866,-0.054641596168264916,0.4117655735307997,0.3227548615788477,0.20410871805572323,0.5922422105274672,0.7913157894736844,0.9275000000000002
2018-11-26 06:00:00,,,0.2815098569120029,-0.16018155999857508,0.4164291001569604,0.45444225314791514,1.0,0.7347029060185746,0.6020051540932678,0.7237970840540826
2018-11-26 13:00:00,,,0.26650429517158813,-0.16256430176571934,0.4078715156155468,0.4538390896636879,0.9954197324661042,0.7331761501739426,0.603080401299986,0.7249540765861242
2018-11-26 15:00:00,,,0.3547132857160249,-0.1075778823054876,0.411449321051042,0.3915494328525181,0.522408185430486,0.8392759726321968,0.7325019088826674,0.8642148129294989
2018-11-26 17:00:00,,,0.35737368928336344,-0.10986538363552212,0.4157840678450391,0.38331521177050576,0.4598796397291789,0.6592358525419231,0.7530711581549874,0.8863478328053775
2018-11-27 00:00:00,,,0.36021543643221277,-0.10965079290831514,0.41755408420956897,0.37357905431861743,0.0,0.3274292750532217,0.7773542044727602,0.9124769899604424
2018-11-27 09:00:00,,,0.3454879559489812,-0.07952244194155877,0.37512521286248296,0.3556272324133283,0.0,0.15329321324305972,0.8239794209461544,0.9626468736183498
2018-11-27 11:00:00,,,0.30289643619053264,-0.08421137039054338,0.3489524606697589,0.36298471593621495,0.2048171724708688,0.06827239082362303,0.8133624593745006,0.9512227609355854
2018-11-28 02:00:00,0.06650303491052179,,0.1421714639881917,-0.15323832855757236,0.2970535180729498,0.4775482129369271,1.0,0.40160572415695633,0.6428338703254537,0.7677297903920648
2018-11-28 11:00:00,0.04564146826890836,,0.1023392422238052,-0.1602660425841146,0.2704380914752754,0.49636106723201856,1.0000000000000002,0.7349390574902896,0.613568482434931,0.7362395107381596
2018-11-28 17:00:00,-0.029822503229045116,,0.013776601473236338,-0.21725494829747427,0.2571987366390041,0.5703737811222201,1.0,1.0,0.4952388274445627,0.6089138815363155
2018-11-28 18:00:00,0.0008675614706206147,,0.03142236317787539,-0.18413498810139206,0.23337717150840456,0.5349354292411926,0.8291214059466288,0.9430404686488764,0.5425929702902985,0.6598681079611124
2018-11-28 22:00:00,-0.00945010587035644,,0.017649758835641016,-0.19133373336707338,0.22885797341574177,0.5453195911292164,0.7300938687173765,0.8530717582213352,0.5260963142319075,0.6421172988969601
2018-11-28 23:00:00,-0.009079513483283619,,0.02707192695894478,-0.19448067953718928,0.24179162353616265,0.5453195911292164,0.6614880244741208,0.7402344330460422,0.5260963142319075,0.6421172988969601
2018-11-29 01:00:00,0.011616652163835228,,0.05417103336087825,-0.17825795603267458,0.2478035813094211,0.5190300313996304,0.0,0.46386063106383263,0.5587002816514393,0.677199972521811
2018-11-29 02:00:00,0.020894488243228038,,0.07009048425426911,-0.1665877783011731,0.24867657063501356,0.5068183496107199,0.0,0.22049600815804044,0.5743096350432491,0.6939960220176695
2018-11-29 03:00:00,0.042216837583646694,,0.09665034251065063,-0.14342981913864983,0.2458300624804319,0.4800079000285779,0.0,1.8947806286936004e-16,0.6098478129766931,0.7322359785732024
2018-11-29 08:00:00,0.014239203019150937,,0.07225165931389577,-0.1604151596017488,0.24339614705616905,0.5131751290931842,0.5078298924077629,0.1692766308025878,0.5675302245250431,0.6867012089810018
2018-11-30 13:00:00,0.07400477719347265,,0.13868808839122337,-0.1057769900504113,0.2405073971421161,0.4453350939524636,0.0,0.1692766308025878,0.6645677185860837,0.7911159475222227
2018-12-01 02:00:00,0.05208053019840442,,0.11825602494076715,-0.12149642675059169,0.24014152921429877,0.4682995145517155,0.338508383016264,0.2821127584746758,0.6338826014425789,0.7580980041525149
2018-12-01 11:00:00,0.03265479036261176,,0.0977712745803545,-0.12499317571386304,0.2258383245659636,0.48988891379232996,0.6567481833912434,0.3317521888025026,0.6057843148818722,0.7278635543341081
2018-12-01 12:00:00,-0.015658562832144507,,0.051065993332650494,-0.16729071243377436,0.23182882584830622,0.5471857065687854,1.0,0.6650855221358359,0.5296629213483146,0.6459550561797753
2018-12-02 02:00:00,-0.015044501544609457,,0.0561776073547422,-0.16782255117496692,0.23724368761759376,0.5471857065687854,1.0,0.8855827277970814,0.5296629213483146,0.6459550561797753
2018-12-03 03:00:00,0.07126342110922379,,0.15067532274888595,-0.08756386308806852,0.23095134751093077,0.4455047374469298,0.0,0.6666666666666669,0.6682188020782278,0.7950446034702481
2018-12-03 16:00:00,0.10201665600436738,,0.1869313964340673,-0.05483553652921902,0.2267880516160994,0.41646129058315695,0.0,0.3333333333333335,0.7225933798967508,0.8535529911934407
2018-12-03 18:00:00,0.09293619321712288,,0.17822514631158448,-0.052812430509385666,0.21740490691829623,0.4224584127074033,0.04587606744332791,0.015292022481109493,0.7143288882172945,0.8446601941747574
2018-12-04 01:00:00,0.12544313768542614,,0.21476374946662036,-0.01340254066109714,0.20729563982052943,0.39233609671140085,0.0,0.015292022481109493,0.7733489644392342,0.9081672528331381
2018-12-04 04:00:00,0.09935417152158732,,0.1853518710972335,-0.022967288131063746,0.19267540184044712,0.41824643742215106,0.48732373730660616,0.1777332682499782,0.738630703804452,0.8708095475269146
2018-12-04 05:00:00,0.1033263389863397,,0.19753590015311584,-0.025662347582481093,0.20553521402884517,0.4111163391677443,0.6234660860352103,0.37026327444727236,0.7515825227728887,0.8847460243940097
2018-12-04 07:00:00,0.09407629659296934,,0.1930822627966069,-0.03987960490422848,0.21638638318314696,0.4181820405781174,0.8580330898243881,0.656274304388735,0.7429935857221506,0.8755041161483608
2018-12-04 22:00:00,0.06285223311580235,,0.14956208574472063,-0.0662773759900821,0.20721071942223743,0.45669289236261096,1.0,0.8271663919531997,0.6973369239976064,0.8263764213046083
2018-12-05 03:00:00,0.03920523534315956,,0.11876964334783713,-0.08644761958918357,0.20195349018310008,0.4863039705083618,1.0,0.9526776966081297,0.6621289999633733,0.7884918260954499
2018-12-05 04:00:00,0.040516164299137625,,0.11194152362216525,-0.08304615912428337,0.19221068386117074,0.4824208388212726,0.9483541159915293,0.9827847053305102,0.6668707299752674,0.7935940446164018
2018-12-05 05:00:00,0.054225642891074344,,0.11732072632715007,-0.06827357492802244,0.1811518111024875,0.46145600517173213,0.6352427865435768,0.8611989675117024,0.6923784543092626,0.8210409855425582
2018-12-05 19:00:00,0.11734184225856614,,0.18423389166448723,-0.018771767946326068,0.18749407564076598,0.38939043310964094,0.0,0.5278656341783691,0.8013893483294741,0.9383393979490573
2018-12-06 06:00:00,0.1382324459061477,,0.20970298671192422,-0.009960362561940994,0.19971731861926048,0.36715415902919796,0.0,0.211747595514526,0.8441656958630219,0.9843678036357726
2018-12-06 11:00:00,0.06832331182351781,,0.13356788606937853,-0.07134195296719581,0.1987268569824752,0.45551696343090803,0.7665945142265268,0.255531504742176,0.7354170915765859,0.8673516214562513
2018-12-06 16:00:00,0.08349500862454051,,0.1426842389908034,-0.05722896255675669,0.1917213989737482,0.43649066294565597,0.7352613628757402,0.5006186257007561,0.7655984540962559,0.899827512417809
2018-12-06 18:00:00,0.15098694590322403,,0.22413492254872058,-0.010192901191083514,0.21168379431735,0.3747889727844974,0.0864030267825195,0.5294196346282626,0.885621684510866,1.0289754705743848
2018-12-06 22:00:00,0.17980538343307484,,0.26559893023501435,-0.0011403588064421433,0.2355876962440337,0.35085807780160144,0.0,0.27388812988608696,0.9448571428571431,1.092714285714286
2018-12-06 23:00:00,0.17275419192589525,,0.2616449409345205,-0.018302083791662982,0.24958024034072682,0.35085807780160144,0.0,0.0288010089275069,0.9448571428571431,1.092714285714286
2018-12-07 00:00:00,0.1659795177327228,,0.2397480019148006,-0.023548001914800443,0.23761032743398694,0.3508580778016014,0.0,3.967196941327226e-16,0.9448571428571431,1.092714285714286
2018-12-07 04:00:00,0.20963118110132828,,0.27164792084861644,0.010949094076756705,0.22842299807386976,0.3164309231634802,0.0,3.967196941327226e-16,1.0319402985074628,1.1864179104477612
2018-12-07 06:00:00,0.3073259478387629,,0.401426287401369,0.0562898222983248,0.2808595050835355,0.2643288152128944,0.0,3.967196941327226e-16,1.217119405901896,1.3856752003126833
2018-12-07 10:00:00,0.2342420516091186,,0.33557308528098573,-0.019731746576306275,0.30684730073609007,0.33082533242710643,0.7684858881819538,0.2561619627273183,1.1093895258754265,1.269755190579486
2018-12-07 11:00:00,0.2855173615835749,,0.40785550116504643,-0.0032568267036484633,0.34193841345336284,0.3015214561133617,0.4298273183865235,0.39943773552282613,1.216938885179697,1.38548095556026
2018-12-07 16:00:00,0.2750853606901904,,0.41290092686565094,-0.031905016745235604,0.3736301618329038,0.3011727759511858,0.5540735407179621,0.5841289157621469,1.2183115803881313,1.3869580094833065
2018-12-07 18:00:00,0.29229082348855107,,0.4448768189853922,-0.03998015231872565,0.4032247855174245,0.28822260223931184,0.35932388683524463,0.4477415819799105,1.2690000000000001,1.4415
2018-12-07 20:00:00,0.20790238806215688,,0.35223081705694925,-0.11051708713727026,0.4128519159409349,0.36812733752417176,1.0,0.637799142517736,1.1357304216867474,1.2980986445783134
2018-12-08 01:00:00,0.18971425652031604,,0.32950810280114173,-0.1286511821168489,0.41634627004788594,0.37927165653291567,1.0,0.7864412956117487,1.1172628304821153,1.2782270606531885
2018-12-08 23:00:00,0.2046404880596795,,0.33705353274386063,-0.12031392661694595,0.412648791131511,0.36393018228119717,0.8315032004369072,0.9438344001456361,1.1586908952525925,1.3228046808105796
2018-12-09 12:00:00,0.19155404267355336,,0.30320237158713415,-0.1254637106459089,0.3936800038694931,0.37008967191810316,0.8991534323332607,0.9102188775900565,1.1492509038094187,1.3126470170342421
2018-12-09 14:00:00,0.17945186910196154,,0.2657757613743794,-0.12519115179546159,0.3652898478483871,0.3760794990864975,0.7919262911737062,0.8408609746479585,1.1406333532501023,1.3033743199471681
2018-12-09 15:00:00,0.1607229886288426,,0.22009740329143446,-0.1267795277526157,0.3314135278711688,0.39226070597055773,1.0,0.8970265745023228,1.1185477972642817,1.2796097166243912
2018-12-09 16:00:00,0.1511497828204338,,0.19822953962197287,-0.12831177391212023,0.315511387885605,0.39706122096837887,1.0,0.9306420970579025,1.11233514352211,1.272924747866563
2018-12-09 17:00:00,0.11274172325657661,,0.14962420656163422,-0.15167239933271837,0.30160547897523077,0.445709289745908,1.0000000000000002,1.0000000000000007,1.0503012048192772,1.2061746987951811
2018-12-09 18:00:00,0.09468207318368349,,0.1019716297453297,-0.1461448136044985,0.2537202591785737,0.4661206917468317,1.0,1.0000000000000007,1.0241458265187786,1.1780308662166585
2018-12-09 22:00:00,0.12071684492369505,,0.09639848456649047,-0.1031392502220676,0.2002125276536701,0.4294034624146867,0.5028806335901068,0.8342935445300361,1.0813967710371823,1.2396342954990218
2018-12-10 07:00:00,0.16989986342777375,,0.131431008556131,-0.0542729228588168,0.17880577573141807,0.37567416308550355,0.0,0.5009602111967028,1.1856186485575302,1.3517796079564612
2018-12-10 14:00:00,0.16747563817030686,,0.12223664722690808,-0.05004907168907835,0.16628390301130935,0.371914285876854,0.0,0.16762687786336944,1.1938602852308438,1.3606478124244625
2018-12-10 18:00:00,0.18810510666291913,,0.13418881940535754,-0.02729613792778829,0.15329205778046187,0.3483441809390498,0.0,5.210646728907401e-16,1.2470537747994586,1.4178853200409338
2018-12-11 02:00:00,0.2131648213159747,,0.1496885197572293,-0.0017492204633671182,0.14100746726910007,0.3232069364401836,0.0,5.210646728907401e-16,1.3109043997827268,1.4865901683867464
2018-12-11 11:00:00,0.1920659824397395,,0.12976471572692305,-0.017787481537912986,0.13972896570686338,0.3430607765639544,0.3784046040394572,0.1261348680131529,1.2856471299296546,1.4594127226633988
2018-12-11 12:00:00,0.1840918940331595,,0.1310070687923326,-0.02289610312925705,0.14601050364839946,0.3437931977195434,0.4226520538984819,0.26701888597931356,1.2847648776558254,1.4584633974423524
2018-12-11 13:00:00,0.16317816644141048,,0.1147246042461636,-0.039000038653909885,0.1481166099281696,0.367754738385524,1.0,0.6003522193126468,1.2572622363708716,1.4288698766414645
2018-12-11 17:00:00,0.1599752463683768,,0.1184697355775608,-0.03891868802185716,0.15136769427652344,0.36436019436258865,0.9237999659983135,0.7821506732989323,1.2637179913535084,1.4358164283338875
2018-12-11 22:00:00,0.06938981716779202,,0.03809897148632779,-0.11019481852453716,0.15383938022338392,0.5051306636357942,1.0,0.9745999886661049,1.0924656481509945,1.2515446804586396
2018-12-12 00:00:00,0.043876851129731165,,0.021551304251318903,-0.1265875241557345,0.15635003683245188,0.5381615331591113,1.0,0.9745999886661049,1.046048874327452,1.2015990862364365
2018-12-12 02:00:00,0.04919926918037598,,0.03303105303710252,-0.12123367434048948,0.16138187979184646,0.526269557352897,0.9315771910126841,0.9771923970042284,1.0604171080909284,1.217059660380785
2018-12-12 08:00:00,0.030659296783954293,,0.02226320554764749,-0.13767976677775706,0.1697382764116859,0.5517205385585057,1.0,0.9771923970042284,1.0264658162278026,1.1805272324020186
2018-12-12 09:00:00,0.006801568948259007,,0.01026272937161532,-0.1605230778604304,0.18465929201714257,0.5857750950233903,1.0,0.9771923970042284,0.9801029758268611,1.1306396718736367
2018-12-12 10:00:00,0.01864342465659763,,0.03055628751351147,-0.1509453662128516,0.19312683456932347,0.560975468352811,0.5832383398011611,0.8610794466003874,1.0048892554194158,1.1573103204524036
2018-12-12 12:00:00,0.005840883141851716,,0.026863186342607648,-0.162939227766857,0.2036589671335038,0.580076045889814,0.9042265752620486,0.8291549716877369,0.9801605771468467,1.1307016523155689
2018-12-12 20:00:00,-0.04275204249747888,,-0.00596892074134503,-0.2121784802590142,0.2314552389276626,0.6500989654503069,1.0,0.8291549716877369,0.8810622599275983,1.0240694171940201
2018-12-12 22:00:00,-0.0601523535969859,,-0.005897758391217756,-0.23641352470781174,0.2622941867920991,0.6748149824548277,1.0,0.9680755250873498,0.8420447318927844,0.9820855940573967
2018-12-13 00:00:00,-0.05029089413330412,,0.017073923439381522,-0.2353704663191324,0.2833741931067894,0.6550203309558172,0.8261179199933024,0.9420393066644344,0.857349450189637,0.9985538486725425
2018-12-13 13:00:00,0.030058714320707836,,0.10477681172855768,-0.1696731080248538,0.2836539656537541,0.5035704375332496,0.0,0.6087059733311011,1.016888888888889,1.1702222222222223
2018-12-13 17:00:00,0.028425637380694813,,0.1065906981279936,-0.1692315593620931,0.2847404510304534,0.5042304652809564,0.003854299405619418,0.27665740646630754,1.0159630391968135,1.1692259851031381
2018-12-13 20:00:00,0.07166282099911991,,0.15649658900302832,-0.12855445686624933,0.2811234515542397,0.4446512481959545,0.0,0.0012847664685400654,1.1064521120222808,1.2665944607767292
2018-12-13 21:00:00,0.07623342345469708,,0.16465384790538073,-0.11887856350456993,0.2771882264605565,0.43585688481096185,0.0,0.0012847664685400654,1.1215521271622255,1.2828424497428705
2018-12-14 05:00:00,0.11152760189836242,,0.20676527200921058,-0.08315790925286293,0.273047820747585,0.39405519056036536,0.0,2.594221134207449e-16,1.2001001955429147,1.367362109924207
2018-12-14 12:00:00,0.059329194866355905,,0.14891473444667724,-0.11134912777795158,0.25546550390604766,0.46413782222491506,0.6361012653908246,0.21203375513027514,1.1015745600493982,1.2613460944736032
2018-12-14 16:00:00,0.0773387462998334,,0.1680768122385341,-0.08358278758138737,0.24145869150314686,0.44015598137313006,0.6578062170014674,0.43130249413076427,1.1435656815354824,1.306529577553495
2018-12-14 17:00:00,0.08963770565181939,,0.18139959594126953,-0.06123949112214566,0.22888751327024462,0.42296339803021643,0.41248747062210966,0.5687983176714675,1.1753163747922795,1.3406941071200307
2018-12-14 22:00:00,0.12327756891007602,,0.22310194642153314,-0.027486532533149144,0.22826263412944053,0.3854461882786387,0.0,0.35676456254119265,1.2525190688131835,1.4237661112857594
2018-12-15 01:00:00,0.12615834497533007,,0.23209569796204232,-0.021000880431630398,0.22893326544571996,0.378220365041513,0.0,0.13749582354070355,1.2686218963506084,1.4410931511414766
2018-12-16 02:00:00,0.12499245104646373,,0.24048005236423453,-0.030455136392929516,0.24518745177864953,0.3745366033854788,0.0,3.315866100213801e-16,1.276550559355195,1.4496245882175884
2018-12-16 16:00:00,0.15778094181386293,,0.2893752438081387,-0.01743221262411465,0.27008375845794036,0.3401398410432289,0.0,3.315866100213801e-16,1.3559339632436922,1.5350430900218046
2018-12-17 00:00:00,0.1474891635155977,,0.2879999580895092,-0.038360302917095024,0.29014447736661325,0.34699883875465576,0.1513915406993141,0.050463846899771694,1.3472413793103448,1.525689655172414
2018-12-17 13:00:00,0.10762664920842258,,0.24600171938333704,-0.0781487536356339,0.29905208345822465,0.40461559979040906,1.0000000000000002,0.3837971802331051,1.27468671679198,1.4476190476190478
2018-12-17 17:00:00,0.04822650728940392,,0.17469983541222978,-0.12817321278656169,0.29598740114136335,0.49030113498273165,1.0,0.7171305135664384,1.156741599733853,1.320707190722875
2018-12-17 18:00:00,0.054052293579528454,,0.1780654147496301,-0.12425573130535039,0.29440035120292346,0.47940450782811694,0.9274338488385377,0.9758112829461796,1.1732675638139938,1.3384895359417652
2018-12-18 07:00:00,0.036631341939407536,,0.15279773123828955,-0.1381131202075363,0.288790463631913,0.50320956619447,1.0,0.9758112829461796,1.1404314194075846,1.303157034148796
2018-12-18 09:00:00,0.05767640557436171,,0.1578164905546262,-0.11401263203372536,0.26600314061944685,0.46943623782789706,0.6574503532177414,0.8616280673520934,1.1887459807073957,1.3551446945337622
2018-12-18 10:00:00,0.04652371584065218,,0.11557212116864735,-0.10743175239782965,0.22209988607816056,0.4840192877208432,0.43179190794176014,0.6964140870531675,1.1695963282283386,1.334539195843759
2018-12-18 15:00:00,0.023369058524091324,,0.05689627419793264,-0.10568973533443404,0.1666517678103587,0.5192696485993332,1.0,0.6964140870531675,1.1235707934923336,1.2850145845357126
2018-12-18 16:00:00,0.04289921883746883,,0.06690936543665482,-0.08260606782348323,0.15069816538629283,0.4850036009262514,0.31238807172470934,0.5813933265554901,1.1677308408833973,1.3325318854194865
2018-12-18 19:00:00,0.050979629996600995,,0.0624614299439894,-0.067400574918827,0.13018350245880447,0.46952112740473223,0.0017034671221789728,0.4380305129489631,1.188851552325675,1.3552582922005887
2018-12-18 21:00:00,0.041135437600498204,,0.05004641069056692,-0.0735898986619784,0.12510906119117976,0.48378274925452397,0.2866742871412118,0.2002552753293671,1.1718460851253911,1.3369599897900581
2018-12-18 22:00:00,0.02506884918701635,,0.033522493241439744,-0.08651527660071456,0.12330490489836173,0.5105252695672283,0.8242283625296198,0.37086870559767054,1.1404650724022454,1.3031932456016229
2018-12-18 23:00:00,0.02253972301216689,,0.03456071072075817,-0.0877465889368545,0.1256486670083737,0.5134787953488525,1.0,0.7036342165569442,1.1371050029041019,1.2995777278935057
2018-12-19 00:00:00,-0.009697230331545348,,0.004866459847675975,-0.11862723063320235,0.13094170513281872,0.5718987202717692,1.0,0.9414094541765404,1.0689026336185279,1.2261902952752917
2018-12-19 01:00:00,-0.019416872529363527,,0.00253027779072168,-0.131806014909006,0.14361955459196568,0.5897345869202035,1.0,1.0000000000000004,1.0469410155016616,1.2025590521583545
2018-12-19 02:00:00,-0.04115225200628625,,-0.0071419686135469895,-0.15865584751889383,0.16520957202860587,0.628180276049176,1.0,1.0000000000000004,0.9980626981331455,1.1499647763296936
2018-12-19 03:00:00,-0.06422359592482063,,-0.01468539544713976,-0.18658724352903555,0.19113719155753586,0.6669363635697547,1.0,1.0000000000000004,0.9445237959206993,1.0923555961835114
2018-12-19 05:00:00,-0.14605043766059567,,-0.06375041645125523,-0.28393920301548037,0.26652230617005707,0.7676875263451476,1.0,1.0000000000000004,0.7621019932694797,0.8960652342738806
2018-12-19 12:00:00,-0.14790882542007422,,-0.037887811653773196,-0.30176543721454074,0.3178584538210582,0.7749795261108406,1.0,1.0000000000000004,0.7458098767648531,0.8785345148177122
2018-12-19 13:00:00,-0.1350029110302189,,-0.005960976190389267,-0.2940273823660715,0.33889933357288654,0.7513429655893643,0.8389871848013697,0.9463290616004569,0.7609623593325574,0.894838960031044
2018-12-19 14:00:00,-0.1334435379850839,,0.009432393904666103,-0.29174609869097534,0.3506792752959271,0.7555195926865439,0.8198874138204103,0.8862915328739269,0.7530485841950063,0.886323542667302
2018-12-19 15:00:00,-0.0913666467610984,,0.06402763475077333,-0.25080689464750294,0.34726552860888316,0.6454267573664788,0.0,0.5529581995405937,0.8306260757314976,0.9697988382099829
2018-12-19 16:00:00,-0.06738519402243803,,0.09598496712305704,-0.2272592205976679,0.3459514466708111,0.5970827819910162,0.0,0.2732958046068038,0.8734003027384065,1.0158249621576991
2018-12-19 20:00:00,-0.08236659546785996,,0.08269723870959145,-0.23523339238971175,0.34418062549111983,0.6231822282200122,0.16473094929405085,0.054910316431350664,0.8365529894236996,0.9761763436218434
2018-12-19 21:00:00,-0.06144776911292105,,0.10945874661822219,-0.21245310467519174,0.3393894505908711,0.5825445145013236,0.0,0.054910316431350664,0.8734003027384065,1.0158249621576991
2018-12-19 22:00:00,-0.006664531101692517,,0.17262087302603057,-0.15600055590775874,0.3259130398957655,0.4886566944677806,0.0,0.054910316431350664,0.9822075974432523,1.1329042966759366
2018-12-20 08:00:00,-0.02810384224031759,,0.1456593867149092,-0.16417843223348505,0.31273358267476487,0.5218994348133214,0.24711100873063307,0.08237033624354474,0.9371362711478537,1.0844064372003017
2018-12-20 09:00:00,-0.07397981997083203,,0.09267829416782591,-0.1975160012568229,0.3062474348610061,0.5889469997902043,0.7455112983022074,0.33087410234428055,0.8396800086484151,0.9795410934839601
2018-12-20 10:00:00,-0.09859796301629509,,0.06482380359767714,-0.21052203836798733,0.29698061785704843,0.6248884600627215,1.0,0.6642074356776139,0.782777224870358,0.9183122937509822
2018-12-20 12:00:00,-0.09046892329512957,,0.07186217545351936,-0.19028302030152566,0.27864381366817276,0.6157083199391457,0.9326138064533994,0.8927083682518692,0.7915515199368339,0.927753651796289
2018-12-20 17:00:00,-0.09927855464112856,,0.05843690101064691,-0.1847887432524733,0.25962787437545426,0.6326466424748131,1.0,0.9775379354844667,0.7662169174883238,0.9004929942916451
2018-12-20 18:00:00,-0.102047506977061,,0.05167490945112774,-0.17433126002658006,0.24077229498923575,0.641970331962786,1.0,0.9775379354844667,0.7526197893869564,0.8858621488709804
2018-12-20 21:00:00,-0.07011401801070705,,0.07953457816879728,-0.12607507416837171,0.21050823108040648,0.57765252240479,0.0,0.6666666666666669,0.8093617926158263,0.9469179447648919
2018-12-20 23:00:00,-0.07363704043937658,,0.0679419304219544,-0.11503855987268896,0.18739328637973426,0.5873753041367646,0.1511677993823397,0.38372259979411344,0.7966584844405733,0.9332488716446277
2018-12-21 02:00:00,-0.0854548120259706,,0.04677259376145071,-0.112458473808694,0.1646382724787572,0.6104825911556502,0.5104351186160497,0.22053430599946336,0.7669734058431867,0.9013069944319703
2018-12-21 04:00:00,-0.09248309216000206,,0.033334617060236216,-0.10925935541443277,0.14822078462013788,0.6267676355775388,0.7636316210125478,0.4750781796703126,0.7461009644982557,0.8788477324030373
2018-12-21 06:00:00,-0.04042307302724246,,0.0871448613932817,-0.05097617527671716,0.13566757765382112,0.5220538323787804,0.0,0.42468891320953267,0.8430921275299534,0.9832126176132134
2018-12-21 07:00:00,-0.03862562002520986,,0.08428602326334422,-0.05226890702458298,0.13440332681910547,0.5216649474482162,0.0,0.25454387367084946,0.8435164120896979,0.9836691582710433
2018-12-22 10:00:00,-0.061561641715743964,,0.05198952549904501,-0.07656371870722856,0.13015243980744598,0.5630668494392533,0.3939185831298107,0.13130619437660376,0.7947163045770935,0.9311590381775996
2018-12-22 16:00:00,-0.03037259831408401,,0.0817343260611374,-0.04843409480008387,0.1280365967208795,0.5077695730006635,0.0,0.13130619437660376,0.851992926132499,0.9927900965854988
2018-12-22 21:00:00,-0.07254812831715662,,0.03020314702056459,-0.09228047616880197,0.1264071317515804,0.5763202330681675,1.0,0.46463952770993705,0.7657816573496414,0.9000246436399955
2018-12-23 01:00:00,-0.08012043025382753,,0.023188728079842624,-0.1032517961087096,0.13171320586946575,0.5918742733805388,1.0,0.6666666666666669,0.745138506108113,0.8778121034213124
2018-12-23 03:00:00,-0.09799221961442783,,0.007727360171891462,-0.12437838443638538,0.14028812111858932,0.6229319310406448,1.0,1.0000000000000002,0.70364530540226,0.8331643953898713
2018-12-23 04:00:00,-0.09436623323371762,,0.015457462868309957,-0.12531971906427863,0.14895970666060018,0.6232569293321983,1.0,1.0000000000000002,0.7032190264102789,0.8327057086737313
2018-12-23 07:00:00,-0.10494897039620077,,0.008493635137551747,-0.13880680809023693,0.15756696907407905,0.645221805427691,1.0,1.0000000000000002,0.67525995200886,0.8026210545745402
2018-12-23 08:00:00,-0.10854142177979798,,0.002149527088738834,-0.13297879538142143,0.14458638815378078,0.6570845909419064,0.9999999999999999,1.0000000000000002,0.6602439024390245,0.7864634146341467
2018-12-23 09:00:00,-0.10428489543549213,,0.005091680169920565,-0.12162704602357888,0.13455917769428496,0.6570845909419064,1.0,1.0000000000000002,0.6602439024390245,0.7864634146341467
2018-12-23 10:00:00,-0.0996281888790006,,0.012633508797398552,-0.11823353808497794,0.13816200264526166,0.6552178190795348,0.9448152259559118,0.9816050753186374,0.6613379542625633,0.787640641397994
2018-12-23 11:00:00,-0.11763690151675354,,-0.0006688076624465911,-0.143751716625103,0.15421911142633188,0.6923459530602869,1.0,0.9816050753186374,0.6192492506779581,0.7423521575717209
2018-12-23 12:00:00,-0.1316910100207589,,-0.007041897801707275,-0.16663000718730003,0.1747638990185191,0.7210918106872622,1.0,0.9816050753186374,0.5835940862403892,0.7039863206504673
2018-12-23 13:00:00,-0.22554595152085688,,-0.07479931481290025,-0.29466053531062963,0.26967900240222376,0.8273476409892172,1.0,1.0000000000000002,0.3956349247029638,0.5017376239146258
2018-12-23 14:00:00,-0.16226407863009917,,0.011618419059983953,-0.24724555746939247,0.29343454795151314,0.6695656441245635,0.08335467315220468,0.6944515577174017,0.49773919931350874,0.6116043433776692
2018-12-23 15:00:00,-0.15315528520999744,,0.03012066651280132,-0.24278901110590423,0.3053822459789377,0.6632362926125375,0.0,0.3611182243840684,0.5028480593456088,0.6171016028613063
2018-12-23 19:00:00,-0.11099555636041136,,0.08226223250138354,-0.20287467975390294,0.30343599098381197,0.588512384947386,0.0,0.02778489105073504,0.5696266746604561,0.6889570410680932
2018-12-23 21:00:00,-0.1139266209156673,,0.07995595208298667,-0.20466902935779252,0.3035535287871129,0.5979546913989284,0.03953480992726064,0.013178269975753694,0.5562414266117972,0.6745541838134432
2018-12-24 01:00:00,-0.2008460862519862,,-0.00894248334433756,-0.2966360880842337,0.33957739189175784,0.7018538666482763,1.0,0.34651160330908704,0.38918367346938765,0.49479591836734693
2018-12-24 02:00:00,-0.22002997853175454,,-0.015513595274654679,-0.32249782429612717,0.36941797631628975,0.7276479294506071,1.0,0.6798449366424204,0.3402244536326049,0.44211458948611937
2018-12-24 04:00:00,-0.16260541826642705,,0.05888307009323257,-0.26610756416893844,0.36255586177770416,0.6264101492296923,0.2723801773128426,0.7574600591042809,0.42749292230261093,0.5360176156023906
2018-12-24 05:00:00,-0.18106655171175856,,0.04081373796722576,-0.2804670181883462,0.3650198594921443,0.651924012994713,0.4161305740109558,0.5628369171079328,0.38342411186082437,0.4885984879278109
2018-12-24 07:00:00,-0.14462297505599742,,0.08222972961401909,-0.23371913617035955,0.34184155276685285,0.6004909518337957,0.0,0.22950358377459953,0.4350163381469381,0.5441129967323708
2018-12-24 14:00:00,-0.13851812113241624,,0.0866430614620266,-0.21846862568898318,0.3266415397925685,0.599770794200847,0.0,0.13871019133698534,0.4357730436616749,0.54492723054208
2018-12-24 15:00:00,-0.18426951696126148,,0.032091410060567815,-0.25662688052658156,0.32523126853221945,0.6554031112817704,1.0,0.3333333333333334,0.346987236568715,0.4493915108340756
2018-12-24 16:00:00,-0.1879020017035542,,0.03153770847905335,-0.25864181619688,0.32735089064073297,0.6667374931085611,1.0,0.6666666666666667,0.3283247146063031,0.4293101766025953
2018-12-24 22:00:00,-0.09081121938413328,,0.1472333077765262,-0.1574269544257867,0.3062210166223257,0.5276206794500286,0.0,0.6666666666666667,0.481070496083551,0.593668407310705
2018-12-25 00:00:00,-0.06772153351689081,,0.16910101322245774,-0.12519599709521967,0.2879752317211954,0.5059994425126609,0.0,0.3333333333333334,0.5141808475141809,0.6292959626292962
2018-12-25 01:00:00,-0.015737518737442113,,0.23052834404377065,-0.07028801640961257,0.2785026801002553,0.45873250921919584,0.0,9.473903143468002e-17,0.5975685602637975,0.719023199596325
2018-12-25 02:00:00,0.02092610737730949,,0.2773193557822009,-0.03462858490216958,0.27819077398883857,0.4298980036897448,0.0,9.473903143468002e-17,0.658464087320924,0.7845482896403859
2018-12-25 04:00:00,0.03833817089578129,,0.30302076105982767,-0.020325637595377977,0.28330230816322277,0.4164034585227769,0.0,9.473903143468002e-17,0.6892914753691528,0.8177193200148904
2018-12-25 05:00:00,0.04797500096736784,,0.32303451184512233,-0.020339405195185067,0.29823654555801177,0.40820496639960874,0.0,9.473903143468002e-17,0.7081555834378923,0.8380175658720201
2018-12-25 08:00:00,0.02655739408656488,,0.3011154906819249,-0.048871928542574605,0.3107900274267453,0.4296338606140157,0.4241032319921172,0.14136774399737248,0.6750126111938186,0.8023549097530667
2018-12-25 09:00:00,0.043783722445662976,-0.02395142796275551,0.3214812278337067,-0.04976353713582815,0.3268405810191031,0.4144855142735626,0.28951906503243413,0.23787409900818385,0.7060364164964474,0.835737289940977
2018-12-25 10:00:00,0.052209472848009586,-0.01393964985200502,0.33798236568037243,-0.05834818846518253,0.34771417107784724,0.4061485364701148,0.0,0.23787409900818385,0.7232911392405064,0.8543037974683545
2018-12-25 12:00:00,0.047647345870113655,-0.01622933448992836,0.33621435829018176,-0.07663381862327479,0.3654201916381489,0.40930330831908096,0.1343294999735158,0.14128285500198337,0.7190045077465057,0.8496912761847042
2018-12-25 15:00:00,0.04577882250265808,-0.016067848574605748,0.33868977331071415,-0.08862600826910849,0.379825486031878,0.409303308319081,0.1343294999735188,0.08955299998234495,0.7190045077465057,0.8496912761847042
2018-12-25 17:00:00,0.050778674244446265,-0.009319989723349686,0.34969775602189523,-0.09562288155421561,0.39512497354931686,0.40260471282554283,0.0,0.08955299998234495,0.7306298862264031,0.8622004703489481
2018-12-25 18:00:00,0.07845926728070385,0.019599704839763588,0.37815984756617027,-0.08607672687628898,0.40507830649940063,0.37472227090106996,0.0,0.044776499991173016,0.78149413104071,0.9169316531229146
2018-12-25 19:00:00,0.048325471647211016,-0.006954751971280704,0.31717477721311016,-0.11439784903856687,0.3918441497472231,0.4145562778763258,1.0,0.3333333333333334,0.7349747667839119,0.8668756690625479
2018-12-25 21:00:00,0.024899762929397884,-0.027902030967782654,0.27563618146523594,-0.1388885323669341,0.38799594702453305,0.44633120923706215,1.0,0.6666666666666667,0.69788730637799,0.8269686463296002
2018-12-25 23:00:00,0.006278286740910799,-0.04487013696077713,0.23033399204934346,-0.15240637860087702,0.3683866253791547,0.4726413824275307,1.0,1.0,0.667462796252067,0.7942311225427154
2018-12-26 00:00:00,0.029278454915123486,-0.0216867975557421,0.2433614324121316,-0.1344636800541137,0.3583152497969979,0.4429397198647366,0.6966714454433365,0.8988904818144455,0.7075556893437689,0.8373720650210716
2018-12-26 01:00:00,0.02788227033296442,-0.02171391837704917,0.22435999075211188,-0.1348906623677002,0.34386784073790316,0.4433327603121924,0.49541931030697645,0.7306969185834378,0.7071274514721373,0.8369112705020816
2018-12-26 02:00:00,-0.008635555959063512,-0.05623996748313387,0.13862692045632996,-0.14629783866947044,0.2860217839818511,0.49972461998884066,1.0,0.7306969185834378,0.6458925225170769,0.7710209756392434
2018-12-26 03:00:00,-0.018819490238404013,-0.06600279090701966,0.06245624230256541,-0.11467590059594446,0.18188102539664094,0.516162997159391,1.0,0.8318064367689921,0.6277095613290453,0.7514556606367846
2018-12-26 04:00:00,-0.015708583924112562,-0.06301846544678791,0.04013771804717936,-0.09763211448007336,0.14184755222765913,0.5120449632748084,0.943760590392433,0.981253530130811,0.6318066859245586,0.7558642678205421
2018-12-26 05:00:00,-0.024374832667303892,-0.07149668383291552,0.010126052977134092,-0.09339727401777054,0.1080208406440371,0.52801486584686,1.0,0.981253530130811,0.6157899734143564,0.7386298898594761
2018-12-26 08:00:00,-0.028739805344564773,-0.07600337491485643,0.0029952089796749792,-0.09771298279748664,0.10571472340762977,0.5374960409260308,1.0,0.981253530130811,0.6066181243140543,0.7287607538619496
2018-12-26 09:00:00,-0.004789458642190492,-0.052873090002022116,0.02849069357610068,-0.075852687918049,0.10687427079858074,0.49267046637759904,0.0,0.6666666666666665,0.6459124211137173,0.7710423870203353
2018-12-26 10:00:00,0.007941651080066281,-0.040046122931819306,0.042827231430730084,-0.0632845884607256,0.10720842035739224,0.47030841622663305,0.0,0.3333333333333332,0.6675036439131339,0.7942750756341632
2018-12-26 15:00:00,0.030617156736705065,-0.017088266335406277,0.06758043976987893,-0.040987336321601564,0.10714314176511402,0.43290640738269565,0.0,-9.473903143468002e-17,0.7070846394984327,0.8368652037617557
2018-12-26 16:00:00,0.012177671569620019,-0.03385988007852536,0.048897493967107186,-0.05772664025297569,0.10709692141304389,0.4669810315003025,0.32579351282924734,0.108597837609749,0.6773653019232901,0.8048864630435051
2018-12-27 06:00:00,0.035187291661909814,-0.010421194631007435,0.07428808778138007,-0.03572103961673312,0.10792789719342907,0.429347918054929,0.0,0.108597837609749,0.7178765662658204,0.8484775833133542
2018-12-28 11:00:00,0.12474658494314772,0.07926303057024287,0.18513316051872608,0.03102714797872741,0.13907478800076684,0.33000501133538174,0.0,0.108597837609749,0.8749483542211818,1.0174907037598127
2018-12-28 17:00:00,0.007575023878736209,-0.03254645571023307,0.06281067952227426,-0.07465088488084859,0.13828019737006586,0.49088046575876215,1.0,0.3333333333333332,0.6801392094188501,0.8078712559700849
2018-12-29 01:00:00,-0.1952063485542641,-0.23256609521148652,-0.09502247189833601,-0.30996581621409736,0.2695194558306952,0.6929761265838256,1.0,0.6666666666666665,0.3287136443490142,0.42972867460472375
2018-12-29 04:00:00,-0.05239166251771876,-0.09744094416174665,0.06985979988405555,-0.18624000971034604,0.27192303980920035,0.5313853748485519,0.554810989230729,0.8516036630769095,0.5609700166255804,0.6796422633721264
2018-12-29 05:00:00,-0.10500160045224449,-0.1501230658869277,0.020764294338544653,-0.232600131641585,0.2833793801101553,0.570774319019009,0.6633291123422513,0.73938003385766,0.4672472140193564,0.5787942146444507
2018-12-29 10:00:00,-0.03391550657319786,-0.08310012629896157,0.10336193750148137,-0.16709186942685372,0.2793554591248387,0.5147076616659281,0.1179005813874999,0.44534689432016,0.5815152993657211,0.7017494946678748
2018-12-29 22:00:00,-0.031214056877656438,-0.08093200389428423,0.10787079232037855,-0.16202354666858276,0.2774054742396343,0.5136782577343009,0.0,0.26040989790991703,0.5838520155895528,0.7042638589959864
2018-12-29 23:00:00,-0.04396282423203368,-0.09378624373986988,0.09522031767735384,-0.1721434827492605,0.27805836518914906,0.5242478493599576,0.1851194528629871,0.10100667808349559,0.5600756316965565,0.678679883114651
2018-12-30 00:00:00,-0.04083670594307065,-0.09148354857443886,0.10017032774458978,-0.16566061833817114,0.2748303043300083,0.5230050374049883,0.1633524180272199,0.11615729029673559,0.5624569618509847,0.6812422531331772
2018-12-30 02:00:00,-0.04366654981853002,-0.09489841157326073,0.09806357065325533,-0.16394138180764106,0.2709290591586406,0.5268288985678844,1.0,0.449490623630069,0.5549438625746692,0.6731579728849955
2018-12-30 10:00:00,-0.009240856057429303,-0.06205029199520451,0.13782923617710297,-0.1326839255067921,0.2698190103673473,0.4962011434052192,0.0,0.3877841393424065,0.6103048153010895,0.7327277243532877
2018-12-30 13:00:00,-0.009519824546771471,-0.06205854000646682,0.13749839092604765,-0.13256813087876562,0.26940240983588565,0.4967977405944858,0.019478972131583963,0.33982632404386126,0.6092198581560282,0.7315602836879431
2018-12-30 18:00:00,-0.0032268461371161017,-0.05566464242797986,0.14481485648285264,-0.126642229010416,0.2690127512364907,0.49105177753670276,0.0,0.006492990710527901,0.6192299915553601,0.742331434280481
2018-12-30 20:00:00,-0.0028382486120839268,-0.054854934653003506,0.14503663103319386,-0.1265520853839679,0.2691016059573623,0.4907829439604869,0.0,0.006492990710527901,0.6196730673138697,0.742808194731958
2018-12-31 00:00:00,0.0076307436046869626,-0.04419269528058034,0.15674603893584083,-0.11834185398003505,0.26990514927915543,0.4797277192574696,0.0,-8.733754460384566e-17,0.6371835728458903,0.7616499308520235
2018-12-31 04:00:00,0.007576048906145605,-0.043513928399434465,0.15712835014601545,-0.11770404721340022,0.2695195864482119,0.4794560308019328,0.0,-8.733754460384566e-17,0.6375971323405587,0.7620949310751319
2018-12-31 11:00:00,-0.0021649519494423286,-0.05231906870588865,0.14623317109654077,-0.12395284758219316,0.2672092642519517,0.491550137515106,1.0,0.3333333333333332,0.6216216216216215,0.7449048872583468
2018-12-31 20:00:00,0.08016368026445608,0.028690663840778896,0.24643980609940264,-0.053818233414456684,0.27388040257779844,0.40872560373112216,0.0,0.3333333333333332,0.7607346094154166,0.8945938954992241
2019-01-01 12:00:00,0.016537774357402224,-0.03094938416100268,0.17374684643280625,-0.10776182725005212,0.272517633060297,0.477165876374682,0.8263284985347475,0.6087761661782491,0.658120699104805,0.7841787954448574
2019-01-01 20:00:00,0.036613435640993064,-0.010283582406459657,0.1981202418744814,-0.08686637055767366,0.26996906085425576,0.4568615299068727,0.5811795608930888,0.46916935314261204,0.693304643092576,0.8220375875321835
2019-01-01 21:00:00,0.028862995428805105,-0.01639384146584011,0.17987560429950689,-0.07174702015871193,0.2387165814752918,0.4642441342430564,0.6703150380143776,0.6926076991474046,0.6825687166304133,0.8104854656911211
2019-01-01 22:00:00,0.02343718664804917,-0.020460806876595017,0.17465890548200402,-0.07539723071426918,0.2382324597279564,0.46958676797900945,0.8892595236266088,0.7135847075113584,0.67525995200886,0.8026210545745402
2019-01-02 00:00:00,4.185479141693982e-05,-0.042424636233405755,0.09151332115369137,-0.06343574137349295,0.15280388094816139,0.4985854016908817,1.0,0.8531915205469954,0.6369670297958303,0.7614169251857732
2019-01-02 05:00:00,-0.023117890055366352,-0.06485264198255958,0.06261628899223148,-0.08576109068197613,0.15011456559998454,0.5285755293528901,1.0000000000000002,0.9630865078755363,0.5975123210513964,0.7189626848157711
2019-01-02 08:00:00,-0.03149115218270504,-0.07336131831697856,0.033502186857097715,-0.08399422250208888,0.12053955306415993,0.5408292880433582,1.0,1.0,0.5817174193398473,0.7019669807484519
2019-01-02 23:00:00,-0.0815083954616529,-0.12316148069939636,-0.011513398461308832,-0.14085903259437393,0.14001266955219724,0.6058713668233949,1.0,1.0,0.49459862989636405,0.6082250131740734
2019-01-03 07:00:00,-0.1416900035414519,-0.18428279537724346,-0.05004462333267379,-0.22260965236635633,0.1998036948897615,0.6754278959739224,1.0,1.0,0.3872584984103695,0.49272438248960637
2019-01-03 13:00:00,-0.05920091501003155,-0.10710714741509886,0.04236522751794358,-0.15109163735729658,0.20457840249205575,0.5510033886483691,0.1527238532924457,0.7175746177641485,0.5166774358860098,0.6319823533343731
2019-01-04 12:00:00,-0.05118430364094606,-0.1004717556549396,0.051802775970736015,-0.1462949284371038,0.20792116355148565,0.5437636127858572,0.02180055787807836,0.39150813705684134,0.5262331838565024,0.6422645739910315
2019-01-04 15:00:00,-0.04917707604718358,-0.09947203669319904,0.05411628620701414,-0.14676202611732825,0.21063555578280133,0.5437636127858572,0.0,0.05817480372350801,0.5262331838565024,0.6422645739910315
2019-01-04 17:00:00,-0.04724856326101945,-0.09848226518381398,0.05867407994851459,-0.14609896784089182,0.21413333938425053,0.543763612785857,0.0,0.007266852626026102,0.5262331838565024,0.6422645739910315
2019-01-04 22:00:00,-0.07671473524343442,-0.12803991049650232,0.03200145627429585,-0.1764611790980296,0.2246921157535431,0.5823056177257242,1.0,0.33333333333333337,0.47401472498917285,0.5860762234733652
2019-01-04 23:00:00,-0.07956457453783128,-0.13246700546346135,0.035043762082582974,-0.18218812502276005,0.23448333778453917,0.589560978269336,1.0,0.6666666666666667,0.46428033643814404,0.5756017811431153
2019-01-05 02:00:00,-0.1209671519410942,-0.17439093237051695,0.0019213240797606446,-0.22820346048007567,0.2594829643230947,0.6431484301545645,1.0,1.0,0.39056004412530765,0.49627692716259975
2019-01-05 12:00:00,-0.04963417478178278,-0.10820849991032366,0.08500527089589327,-0.16307200514898945,0.25815389167373054,0.5341306226293508,0.0,0.6666666666666667,0.5001983514788206,0.6142504518005907
2019-01-05 22:00:00,-0.1321674318748558,-0.18881936741405725,0.004297757311535921,-0.2433157573115361,0.28122208474938654,0.6230970972007864,0.8160728654431932,0.6053576218143977,0.36140000000000017,0.4649000000000001
2019-01-06 10:00:00,-0.09498443169073945,-0.15611846749078462,0.05287112193313259,-0.2114803178128466,0.28712149442092133,0.5757919067669545,0.3821511832181013,0.39940801622043154,0.4136484465858117,0.5211206180428645
2019-01-06 17:00:00,-0.08876039724682094,-0.15216373177191445,0.057879985422320424,-0.19171490856973572,0.2674949789683289,0.5722977938015011,0.3501003371703561,0.5161081286105502,0.41771150081226316,0.5254925646686384
2019-01-06 18:00:00,-0.12081062101247464,-0.18471543710581306,0.02702813182996766,-0.21862969042723002,0.2716855053985183,0.6098250087797998,0.850819216059531,0.5276902454826629,0.3601758417424319,0.4635827755020483
2019-01-07 00:00:00,-0.12002098401886507,-0.18665005580115746,0.030525132707224012,-0.21053010486315016,0.2648965891471945,0.6140447365589392,0.8218014808058459,0.6742403446785776,0.3538186157517902,0.4567422434367543
2019-01-08 01:00:00,-0.10109729879272611,-0.17125206413112326,0.05061810612909423,-0.18183341094117056,0.24877292463794454,0.5897414109884734,0.41784178756094237,0.6968208281421063,0.37658371841410765,0.4812380557549776
2019-01-08 06:00:00,-0.09553162659576808,-0.16802698432633545,0.05226319694574166,-0.16233775577224963,0.22709991414766215,0.5869882057275837,0.35189192203697783,0.5305117301345885,0.37913568490791594,0.4839840346860629
2019-01-08 18:00:00,-0.05863817601939303,-0.13493605151580668,0.08757662306622738,-0.11302489675242955,0.20318689770984208,0.5337976226952129,0.0,0.2565779031993067,0.431741457822836,0.540589144678032
2019-01-09 00:00:00,-0.13765045264590392,-0.21059086276914718,0.0008982169857127964,-0.18542922770546688,0.2052664581894625,0.6278491480205071,1.0,0.45063064067899256,0.3030245022970903,0.40208652373660025
2019-01-09 02:00:00,-0.15267177827500722,-0.22775703888520338,-0.009110029380324902,-0.20051375702744112,0.21381397517908415,0.6492659014973795,1.0,0.6666666666666665,0.27091112770724424,0.3675317401045557
2019-01-09 16:00:00,-0.09752598855441574,-0.1793236089928113,0.055473087619624994,-0.14715493279879666,0.2123629332001469,0.5679369232922103,0.29565956080014666,0.7652198536000487,0.34765392991486843,0.45010888932884585
2019-01-09 17:00:00,-0.10203223622156599,-0.18534576749147913,0.04984407201854224,-0.15607250339109047,0.21746717378260658,0.5771020655234053,0.375033240968166,0.5568976005894374,0.3347058823529414,0.4361764705882354
2019-01-10 07:00:00,-0.041302553245206264,-0.13046875439961148,0.11714582572950771,-0.09264187095086007,0.20724849283221608,0.5032752749029692,0.0,0.2235642672561041,0.4224664862549239,0.5306090463602453
2019-01-10 17:00:00,0.03095669472326268,-0.06314948166062462,0.2031881799630988,-0.023773172650689123,0.208277314648457,0.4379205577523356,0.0,0.12501108032272185,0.5315558555518058,0.6479919001012489
2019-01-10 21:00:00,0.027629997513490823,-0.0644994676113021,0.2007605623309765,-0.026128770683018665,0.20866919529586764,0.440102908473686,0.015679889924313642,0.005226629974771072,0.5282891782667267,0.6444768747193537
2019-01-13 01:00:00,-0.004790552270548476,-0.09325421276163426,0.1602910569733873,-0.05163670914729945,0.2010075917270871,0.4739094891854145,0.25857552493449515,0.09141847161960279,0.4797826086956525,0.5922826086956523
2019-01-13 17:00:00,0.02885129899796146,-0.060917603860548675,0.2038583797227267,-0.02533211130108093,0.21040874681750557,0.4432143855037054,0.08100146373777731,0.11841895953219522,0.5315558555518058,0.6479919001012489
2019-01-13 19:00:00,0.08157944039329434,-0.009653807880633969,0.2794658058887476,0.007466113396636942,0.23787301248312137,0.4018213351266666,0.0,0.113192329557424,0.615004092672337,0.7377842627851525
2019-01-14 13:00:00,0.13146574794749477,0.040530475953161504,0.3582545984883978,0.023431187047763036,0.2811650583582417,0.36873964989958635,0.0,0.02700048791259229,0.6975062344139653,0.826558603491272
2019-01-14 16:00:00,0.01560781421376256,-0.06477911974863748,0.22044110873143286,-0.08291969047916103,0.283843517655729,0.4725342595784569,0.9869237262669958,0.32897457542233177,0.5246435890831309,0.6405541307829283
2019-01-14 18:00:00,-0.08948102761276755,-0.16327229184096037,0.0897684792195581,-0.18111147921955728,0.283843517655729,0.56353778821814,1.0,0.6623079087556651,0.36140000000000017,0.4649000000000001
2019-01-14 19:00:00,-0.13126378838971753,-0.20453670428603765,0.04421539561650811,-0.22569368122242428,0.2968444915477558,0.6013128939957554,1.0,0.9956412420889984,0.29091598710411537,0.3890574625450409
2019-01-14 20:00:00,-0.13036827174535714,-0.20651355139242933,0.049895461517136974,-0.23123036717751355,0.3091562372529401,0.6049544917173566,1.0,0.9999999999999999,0.2843396226415096,0.3819811320754718
2019-01-14 21:00:00,-0.12525579050044122,-0.20445869018454454,0.05747221654851864,-0.2332316505107822,0.31871220547486423,0.6049544917173566,1.0,0.9999999999999999,0.2843396226415096,0.3819811320754718
2019-01-14 22:00:00,-0.12034379871611023,-0.2024242753568376,0.06427944816748221,-0.23490680665804786,0.32709164665179236,0.6049544917173565,0.9999999999999983,0.9999999999999993,0.2843396226415096,0.3819811320754718
2019-01-15 00:00:00,-0.11370652207949128,-0.1986181829307101,0.07413667063320828,-0.23412343311429762,0.33506291961591156,0.6019026810400384,0.1619583186754979,0.7206527728918318,0.28725416036308626,0.3851172465960666
2019-01-15 02:00:00,-0.10948892218605921,-0.19686687774491884,0.08104664927319027,-0.23486648101532082,0.3422343449682049,0.6021728428798369,0.08852509816758097,0.4168278056143589,0.28688911995462707,0.38472445410719347
2019-01-15 10:00:00,-0.08448681910727207,-0.17566263234752555,0.11244186859126115,-0.21363559499265494,0.34345522038531723,0.5676040904552563,0.0,0.08349447228102613,0.3180365959918676,0.41823990705779845
2019-01-15 12:00:00,-0.08893910180121145,-0.18111985250505946,0.10229772331023557,-0.22051382541176123,0.34309098837810664,0.577222578909609,0.2575203513037685,0.11534848315711635,0.30640053737645156,0.4057192208041456
2019-01-15 18:00:00,-0.06806113896209842,-0.16321093037849022,0.11786831790505037,-0.20353381017359584,0.33578470928732057,0.5482430526207791,0.0,0.08584011710125602,0.3323546682325309,0.4336465061655903
2019-01-15 21:00:00,-0.012109175716335407,-0.11228687084526101,0.18141286502479215,-0.15790833894148726,0.33537973312376973,0.47555346691976447,0.0,0.08584011710125602,0.4116402774753478,0.5189597785174356
2019-01-16 00:00:00,-0.024440452357854303,-0.12302763820659268,0.1620209894177267,-0.17015519563703885,0.3335326969235955,0.49221712556351976,0.16390089691567059,0.05463363230522339,0.39259410801964,0.49846563011456646
2019-01-16 12:00:00,-0.24814880375118387,-0.3299178860830482,-0.06554033088385902,-0.39446822410136384,0.4271814551727573,0.717826715821196,1.0,0.3879669656385567,0.058796080261315886,0.1392907139524031
2019-01-16 13:00:00,-0.2597357234700708,-0.3462135888869904,-0.04653515508836026,-0.4260129617506462,0.49687693713398495,0.7339751536032395,1.0,0.7213002989718901,0.027549248999924503,0.1056683523284776
2019-01-16 14:00:00,-0.20305326631174103,-0.3004528595337814,0.04022220499073126,-0.38454433429275703,0.5131028768348784,0.6506016157320249,0.6773740666226139,0.8924580222075379,0.09472499195882933,0.1779511096815698
2019-01-16 15:00:00,-0.2192400728866143,-0.3193071789527012,0.034790410992212584,-0.4029774680749936,0.5365417414628434,0.6706706498118703,0.7381493210187479,0.8051744625471206,0.06019780390935292,0.14079900319289784
2019-01-16 20:00:00,-0.20823962472566449,-0.313971343867147,0.05916917144834177,-0.3915746401983412,0.5405916164870282,0.6664969877091919,0.19065248258650372,0.5353919567426217,0.0635937499999999,0.14445312500000007
2019-01-16 21:00:00,-0.23951763635139678,-0.3460651583189226,0.027294672233322048,-0.408610227788877,0.5385915723330593,0.7007388369661293,0.6013565276736879,0.5100527770929798,0.008444444444444477,0.08511111111111114
2019-01-16 22:00:00,-0.2403180512837959,-0.3516538437837058,0.027608180061697407,-0.390084259237798,0.5101512521286881,0.7095031697342261,1.0,0.5973363367533971,-0.005624132641881552,0.06997297494704546
2019-01-17 00:00:00,-0.2620268259948859,-0.37553441876461346,0.009559418024569055,-0.4043213227864736,0.5156627444100798,0.7360866039785737,0.9999999999999999,0.8671188425578958,-0.048038598699391644,0.02433396265995391
2019-01-17 01:00:00,-0.34994807026823804,-0.45742193455247704,-0.07035605672278789,-0.5069626179760072,0.613779844422689,0.8075617325773691,1.0000000000000002,1.0,-0.1798795180722892,-0.11753012048192768
2019-01-17 02:00:00,-0.2612100240218369,-0.3883509640061006,0.06765241713204673,-0.4452563307622759,0.6322854846648368,0.6587939675949166,0.0,0.6666666666666667,-0.08137651821862346,-0.011538461538461497
2019-01-17 03:00:00,-0.3254720723164177,-0.44804931016721916,-0.001150652579461231,-0.5107644337836258,0.6849256739773767,0.7141629008275037,0.37218367325151386,0.45739455775050464,-0.17779925111728467,-0.11529170189636428
2019-01-17 04:00:00,-0.3118854832921861,-0.44289717135794504,0.03615166028670447,-0.5102757456709938,0.7162147337456533,0.7126580797181566,0.3620684368659667,0.24475070337249352,-0.17675515510673023,-0.11416822882022126
2019-01-17 06:00:00,-0.30188593775421624,-0.44035170199341434,0.06367452449142119,-0.5068306746752331,0.7328997050462217,0.7143863828384073,0.37368589391692497,0.36931266801146856,-0.1795335382390164,-0.1171578376423793
2019-01-17 09:00:00,-0.29012810956835533,-0.4360368697171473,0.08952254866444886,-0.4965963660793322,0.7359021669071755,0.7144524409308326,1.0,0.5785847769276306,-0.17963241940343466,-0.11726423621572757
2019-01-17 10:00:00,-0.21922953873593598,-0.38297092756040796,0.1946885592165657,-0.43205932512104017,0.7111511283417637,0.6127985993876536,0.0,0.4578952979723083,-0.10803904867981384,-0.04022800235864499
2019-01-17 11:00:00,-0.16946700388064662,-0.34563713611208136,0.2604217062812477,-0.3724536366150646,0.6704301339251069,0.5615112890263719,0.0,0.33333333333333337,-0.05909185154468166,0.012440389798880513
2019-01-17 14:00:00,-0.20319063079396937,-0.3749731397992764,0.19906684489343607,-0.3749913855758503,0.6294237746984988,0.5967996598819445,0.23073169265533308,0.07691056421844436,-0.10669291338582676,-0.038779527559055116
2019-01-17 15:00:00,-0.18704838887961905,-0.364634991848125,0.20699940732708488,-0.33121122508688305,0.5738501153911716,0.5861908082026952,0.16136611284149394,0.13069926849894237,-0.09715498375223819,-0.028516479872670586
2019-01-17 16:00:00,-0.15414285368565006,-0.34041349903230156,0.2249424075627433,-0.25379659563205337,0.4857469196820944,0.5546656148899045,0.0,0.13069926849894237,-0.06759810971851243,0.00328744606533804
2019-01-17 20:00:00,-0.1914117958874061,-0.3718305065397116,0.13302860800560423,-0.23032485387216695,0.38193382557681027,0.5950022755489447,0.9573412822495593,0.37290246503035107,-0.11729235557284567,-0.05018478895156575
2019-01-17 21:00:00,-0.15744521211124696,-0.34694834195433566,0.1700799667581232,-0.18877926276885015,0.36224610308210564,0.5611734143129794,0.15445465595112756,0.3705986460668956,-0.0872276231981226,-0.017834394904458484
2019-01-18 01:00:00,-0.1477275653176513,-0.34066608691543443,0.1743102929085365,-0.173556084154327,0.34773524458005883,0.5568111597002112,0.053190937852855884,0.3883289586845142,-0.08323232323232321,-0.0135353535353534
2019-01-18 03:00:00,-0.05676808474534145,-0.26938328458375227,0.2885443671441763,-0.07215153389757645,0.32548011853422293,0.47180249458638956,0.0,0.06921519793466113,0.012118058136941556,0.08906401011077247
2019-01-18 07:00:00,-0.0961321003501675,-0.29989943798748997,0.22271249588541453,-0.09912049702032633,0.3031024726762374,0.5091271276628864,0.3029602226958593,0.11871705351623837,-0.0343311107958576,0.03908355795148255
2019-01-18 08:00:00,-0.11638023337119463,-0.3160854370374415,0.17998567433494372,-0.1034079793214937,0.27294298146123724,0.5312365656924042,0.6650269605352587,0.32266239441037264,-0.06103869232360848,0.010345541071798081
2019-01-18 10:00:00,-0.14576827766824474,-0.34001930609468944,0.12964908211384873,-0.12550421023408898,0.254625597109275,0.5631530625214668,1.0,0.655995727743706,-0.09858968416870817,-0.03006025292988146
2019-01-19 00:00:00,-0.15273203029827387,-0.3467311436330962,0.10997685001917912,-0.1260459504103124,0.23793449708961503,0.5753701614026369,1.0,0.8883423201784194,-0.11251629726205992,-0.045045632333767904
2019-01-19 05:00:00,-0.17039246451934853,-0.36207131093157774,0.08031069929680545,-0.1445362831945196,0.23230700914423513,0.5987734801291208,1.0,0.9999999999999999,-0.13829989239825302,-0.07278941705171205
2019-01-19 08:00:00,-0.17977645891414828,-0.3711989431533079,0.053401303932361976,-0.15959703700107852,0.224942296997337,0.6149555175780269,1.0,0.9999999999999999,-0.15566856859340106,-0.09147854130488697
2019-01-19 09:00:00,-0.2877628214866387,-0.45838106609995144,-0.058020360651330094,-0.3031184105351097,0.29910775308439774,0.7186003510294627,1.0,0.9999999999999999,-0.2789194915254236,-0.22409957627118637
2019-01-19 10:00:00,-0.3137315211409798,-0.4830123113748256,-0.06602933121547627,-0.36725558890271803,0.38453227591320127,0.7474725797755221,1.0,0.9999999999999999,-0.3181749887314067,-0.2663394601091801
2019-01-19 12:00:00,-0.25277887988914927,-0.4404407265696276,0.021661354220115392,-0.3282814133758015,0.41330685353629093,0.6559854105959059,0.38474967637888907,0.7949165587929629,-0.26786770637268076,-0.21220758268351703
2019-01-19 14:00:00,-0.23288402111039597,-0.4283555143589258,0.050200314295013815,-0.32374993261562424,0.4332012676169485,0.6402991790452297,0.191248289442398,0.5253326552737622,-0.2576881134133042,-0.20125408942202827
2019-01-19 16:00:00,-0.19541512695089602,-0.4023343411291872,0.09801443790341335,-0.29915253880370196,0.44157583959712327,0.5992108582565971,0.0,0.19199932194042885,-0.2291489723118736,-0.1705452692373025
2019-01-19 19:00:00,-0.2029841679910982,-0.4099906586455577,0.08990609800211291,-0.31120938397014064,0.4510217833179665,0.613186766275182,0.09426511358024996,0.09517113434088245,-0.24433836589698033,-0.18688943161634086
2019-01-19 21:00:00,-0.16791432922679017,-0.38523130025891095,0.1354044929956142,-0.27689299874273976,0.44368570548346103,0.5756741092140341,0.0,0.031421704526749784,-0.21758620689655161,-0.15810344827586198
2019-01-20 01:00:00,-0.24241442286146653,-0.4431308393676384,0.04274449874627795,-0.3514358848235346,0.46612472771077373,0.649333032427278,1.0,0.3647550378600831,-0.2969427804172692,-0.24349307994216074
2019-01-20 02:00:00,-0.2559839624454431,-0.45620042828399143,0.03495364380143995,-0.3726674151785775,0.490434260912713,0.6692904796481893,1.0,0.6666666666666664,-0.3192319231923192,-0.2674767476747675
2019-01-20 06:00:00,-0.25344393356833106,-0.4573087400207839,0.04656251199797867,-0.3739598400533968,0.5028359204550028,0.6759321507433156,1.0,0.9999999999999999,-0.3263730826323602,-0.2751608114794656
2019-01-20 07:00:00,-0.2835809210294553,-0.4827780460326111,0.019253366836647245,-0.4121525539804385,0.5368747465821667,0.7111731513790146,1.0,0.9999999999999999,-0.36401009062879564,-0.3156591609829019
2019-01-20 10:00:00,-0.1753336976889206,-0.40571756702956785,0.16920503113729257,-0.3148417921586689,0.5220625744960007,0.5647858146047375,0.0,0.6666666666666664,-0.2742683511914281,-0.21909483447944988
2019-01-20 12:00:00,-0.17270097198384027,-0.40483143986895453,0.16752047572407758,-0.30182588399555166,0.5031331084953082,0.5684360880094367,0.02493571838339893,0.3416452394611328,-0.2781548250265111,-0.22327677624602327
2019-01-20 13:00:00,-0.09154026764847556,-0.34565750345736457,0.2633578757848569,-0.20105357333791285,0.45038110871585846,0.496736701309089,0.0,0.00831190612779944,-0.2105995593181026,-0.1505856430476631
2019-01-20 19:00:00,-0.14799312808348675,-0.38678278467826,0.16858408038832828,-0.22426982552871744,0.40410535995932584,0.5454721408438945,0.22727218026092774,0.08406929954810868,-0.2649028077753779,-0.20901727861771047
2019-01-20 20:00:00,-0.10941258380786856,-0.35862502986723965,0.20385008848417474,-0.16310768381185503,0.35963164332340314,0.5153912002677425,0.26017654846360255,0.16248290957484327,-0.23546919750659845,-0.17734598753299258
2019-01-20 21:00:00,-0.14767898773917998,-0.3866385414998601,0.13696436045338878,-0.17831662044591823,0.3219374004414949,0.5503013332398391,0.7470723864711992,0.41150703839857633,-0.27349378301937133,-0.2182613800096056
2019-01-20 22:00:00,-0.14017979554469973,-0.3815249171798786,0.13004191407142462,-0.1493413793120667,0.28210553638027325,0.5485206504248993,0.9667563698142841,0.6580017682496951,-0.27197860962566833,-0.21663101604278068
2019-01-20 23:00:00,-0.10554969009079163,-0.3561348641560734,0.15940195758808073,-0.0963171986886735,0.24789980651417592,0.5189815394084407,0.1028451866272711,0.6055579809709181,-0.24630460056469017,-0.18900514864640416
2019-01-21 04:00:00,-0.07487691501931293,-0.33290940179793305,0.185758670219623,-0.050996656750841196,0.22180957453497094,0.4946192568751327,0.0,0.3565338521471849,-0.2230339002396986,-0.1639653007647528
2019-01-21 08:00:00,-0.03280241788019833,-0.30051537851538745,0.24122213481551413,-0.024955674707071607,0.24020379707371609,0.4626694149798238,0.0,0.03428172887575689,-0.18882202228445455,-0.12715247571947808
2019-01-21 11:00:00,-0.03284302173917375,-0.2985140845209088,0.23224949876544,-0.03794950471534175,0.24627353070540342,0.4638806005883707,0.01410795782108193,0.004702652607027163,-0.189980365323972,-0.12839888141845646
2019-01-21 12:00:00,-0.03688724405888899,-0.299529069480461,0.2257702071496661,-0.05406528523769327,0.2577104187257557,0.4690893771895139,0.11400674854361448,0.04270490212156532,-0.1946284902981542,-0.1334003786086133
2019-01-21 13:00:00,-0.032970760604973504,-0.29469758943258817,0.22989074318614122,-0.06117373743253873,0.26842089571528815,0.4668234168464655,0.1300163512624968,0.08604368587573091,-0.1924787947090575,-0.13108725309923486
2019-01-21 21:00:00,-0.0218760304300879,-0.2843986103733436,0.24502990089828325,-0.05929592019936858,0.2784655624014593,0.45751476771248767,0.0,0.08134103326870362,-0.18395971947491452,-0.12192051789246527
2019-01-21 22:00:00,-0.024497723016636774,-0.28419199355709956,0.24145186716711353,-0.07140110574579439,0.28833700895365094,0.4615877513401566,0.3518895074389504,0.16063528623381557,-0.1869811884144521,-0.12517169304269926
2019-01-22 03:00:00,-0.007598416395759866,-0.2693124693842094,0.26489915942773634,-0.06362372669163019,0.29848412537001273,0.4453264874899112,0.0,0.11729650247964997,-0.17315517764955957,-0.11029456422714845
2019-01-22 07:00:00,0.03706174187158351,-0.23297474740129853,0.3202609324144372,-0.03964693635519945,0.3156236604629592,0.4051431290145,0.0,0.11729650247964997,-0.13468505688679844,-0.06889976482552596
2019-01-22 11:00:00,0.07054763526627394,-0.20402787001573086,0.35564932271705163,-0.026629585874946904,0.3282745118427608,0.3783708014098795,0.0,-1.6579330501069005e-16,-0.10434210526315779,-0.03624999999999989
2019-01-22 12:00:00,0.05133413651780949,-0.21459881959516292,0.3132364354763122,-0.05229256287969186,0.3233419482777394,0.39821676388212945,0.2384846174833103,0.0794948724944366,-0.11866381821712946,-0.05166051660516591
2019-01-22 14:00:00,0.04912489616440063,-0.21261449557745582,0.2601969345389681,-0.03824224198233417,0.2686275985023898,0.3984679574482179,0.3001560765775201,0.17954689802027662,-0.11883495145631062,-0.05184466019417466
2019-01-22 19:00:00,0.04713319226912094,-0.21054938155564384,0.24898090751955038,-0.04857963899324225,0.27046025719852473,0.3985580783545408,0.754035182999079,0.4308919590199696,-0.11889198110154675,-0.05190602549996759
2019-01-22 22:00:00,0.030591602558222464,-0.21986924446290046,0.21428278901247788,-0.06629809513492746,0.2612503570878801,0.4199881592103801,1.0,0.6847304198588661,-0.13176020408163258,-0.06575255102040811
2019-01-23 01:00:00,0.027878672197333865,-0.21886188038490606,0.21040388548353572,-0.07552105308414725,0.2678600757179097,0.42231134741114096,1.0,0.9180117276663594,-0.13308711156393271,-0.06718033622007125
2019-01-23 04:00:00,-0.03261418732752974,-0.2631999458519684,0.1232260592907688,-0.12758897747857212,0.25136337569111616,0.5106940942126419,1.0,0.9999999999999999,-0.18522951702675194,-0.12328685139745044
2019-01-23 05:00:00,0.10731508435589587,-0.15176277181933084,0.2882374050534475,-0.017370830087835354,0.2691556065075385,0.3767314506126897,0.0,0.6666666666666664,-0.06368638239339741,0.007496561210454056
2019-01-23 09:00:00,0.08618520288006559,-0.1636098727170784,0.2457077346107328,-0.03778895288484452,0.2567999238395656,0.39524109765742194,0.13817021333206114,0.37939007111068684,-0.0785786802030457,-0.008527918781725874
2019-01-23 15:00:00,0.08891531779161865,-0.15713380744503092,0.22611920466397728,-0.032579821452050184,0.2358736096520165,0.3906686706439839,0.10403810836186896,0.08073610723130985,-0.07318401524950635,-0.0027231261488187553
2019-01-23 17:00:00,0.09086963669068937,-0.15123028565325425,0.21264406605297648,-0.031305531871083425,0.2236696359609791,0.38641427697621533,0.07228004840245683,0.10482945669879547,-0.06836378567029344,0.0024635598439746165
2019-01-23 18:00:00,0.06026538829685113,-0.17140587220097836,0.16542902471221965,-0.05718235804555272,0.2111815341890154,0.42099194876755286,1.0,0.3921060522547751,-0.09239999999999993,-0.023399999999999976
2019-01-23 21:00:00,0.07699721995592856,-0.15432296832866388,0.18039800433865483,-0.04661642324656057,0.21278131707278752,0.4035266690796806,0.49489717545853673,0.5223924079536644,-0.07538712306438466,-0.005093724531377242
2019-01-24 04:00:00,0.10712317917932568,-0.12596826122021065,0.21159394294872413,-0.027266473964354554,0.21870385306662812,0.37573139023244223,0.0,0.49829905848617867,-0.04576995864582589,0.026775075348706823
2019-01-24 05:00:00,0.10434074472126897,-0.12356090385485552,0.2025578426100061,-0.03395874098170748,0.21812845298527014,0.3745761799833207,0.0,0.16496572515284538,-0.044497473329589976,0.02814430095452014
2019-01-24 10:00:00,0.11131000250106471,-0.11328565874502139,0.20297375221561031,-0.03132635132205708,0.21578098124148648,0.3652202529938973,0.0,-2.1316282072803005e-16,-0.03453655769094388,0.03886249202184233
2019-01-24 19:00:00,0.09652254752989142,-0.12072774250892504,0.17817650453266154,-0.044882965206819,0.2091221537285218,0.3809652946678613,0.41102883753741387,0.13700961251247107,-0.043960674157303314,0.028721910112359694
2019-01-25 08:00:00,0.07235035231525,-0.1363722149571992,0.1376180439619008,-0.060922224114782764,0.19120784679125485,0.4126807666468283,1.0,0.4703429458458044,-0.062461262998416034,0.008814819915983652
2019-01-26 15:00:00,0.10020061688368309,-0.1095479717028306,0.1567764536769407,-0.03499076471871054,0.1807602147508182,0.38124072440098866,0.33755368777181277,0.582860841769742,-0.03453655769094388,0.03886249202184233
2019-01-27 02:00:00,0.13223757746034637,-0.0784617113330981,0.19338130436101664,-0.014771639478710963,0.1910878733304184,0.34955672960453765,0.0,0.4458512292572706,-0.0016865879592284916,0.07420987020605718
2019-01-27 03:00:00,0.1570531475050425,-0.05251884242881821,0.2301458218374295,-0.00598788347558743,0.21233537532585142,0.32650625156955265,0.0,0.1125178959239373,0.02584582925175183,0.10383543063823364
2019-01-27 12:00:00,0.19441775055069854,-0.015270345483722414,0.2825296938822024,0.0077529777958187385,0.2399500458911153,0.2976317116359776,0.0,-2.842170943040401e-16,0.06600892647404266,0.14705191449377497
2019-01-27 13:00:00,0.20218319769016668,-0.0020440168828729233,0.3014103520069118,-0.0030132721783129313,0.26490081009668426,0.28834965131599727,0.0,-2.842170943040401e-16,0.08030471353753366,0.16243453420092058
2019-01-28 03:00:00,0.17870202065973873,-0.015327301745085009,0.2798849088052757,-0.0333920326505861,0.27890312476049006,0.3118709607714168,0.3842906754107118,0.12809689180357034,0.06575857209957747,0.14678252700798522
2019-01-28 04:00:00,0.2440361439217118,0.047099639826249096,0.35853152585079995,0.0008754867251976606,0.30317451564672077,0.26915001675797734,0.0,0.12809689180357034,0.1338385941534106,0.2200383109852586
2019-01-28 05:00:00,0.2608169551151498,0.06948596721167766,0.38200936346627046,-0.004259959312371664,0.3249033073912956,0.25637866496684875,0.0,0.12809689180357034,0.15883554647599607,0.24693564862104211
2019-01-28 09:00:00,0.29861496069051907,0.11077352503753568,0.40543738057029466,0.018713061907581707,0.3190596688111631,0.23555761887496196,0.0,-2.842170943040401e-16,0.20477876106194692,0.2963716814159292
2019-01-28 12:00:00,0.23687830833939705,0.06557783024729691,0.3472090759271911,-0.043768708954714075,0.33947289496865596,0.30005379884554345,0.8451494636166325,0.28171648787221054,0.1564729867482162,0.2443934760448523
2019-01-28 16:00:00,0.27112218615156847,0.10357181217747313,0.3918924238481378,-0.034178440051026215,0.36142710000215933,0.2778069569314395,0.6550672935319366,0.500072252382856,0.19883761887988727,0.2899788657978162
2019-01-28 21:00:00,0.2956743260375445,0.13401832039223582,0.4269730391990172,-0.03441098085511407,0.3856819666976534,0.2618260797047585,0.4072870802856597,0.6358346124780759,0.2333756115238268,0.32714259829679304
2019-01-29 01:00:00,0.22530149251367715,0.07967351412012458,0.34714006930930497,-0.09368301277067781,0.39124160879914816,0.33291228482905877,1.0,0.6874514579391985,0.17514026758739742,0.26447993094518774
2019-01-29 08:00:00,0.23578056650423118,0.09641803028865459,0.3475235523079092,-0.08869744246407685,0.3862368978921931,0.3215133414731832,0.8396461966714424,0.7489777589857003,0.19442007369713998,0.2852254781540622
2019-01-29 09:00:00,0.15304755580367324,0.02827327114910516,0.2425243765370262,-0.14468898559052412,0.3691551432477716,0.4091301661306182,1.0,0.9465487322238136,0.12049382716049384,0.2056790123456791
2019-01-29 21:00:00,0.15052137945792987,0.03118593321695018,0.22982485072389292,-0.14320001584938813,0.357538988646913,0.40627509562180125,0.9806178458582412,0.9400880141765607,0.12400924702774119,0.20946169088507283
2019-01-29 22:00:00,0.14070806406099012,0.027263960166922008,0.20720402707126873,-0.1451801685768216,0.3417847899251542,0.41128157585232006,1.0,0.9935392819527467,0.12003290826820256,0.20518305224187583
2019-01-30 01:00:00,0.14667008881217658,0.037645877243576154,0.20156603695672115,-0.13516816514692775,0.32591419754873263,0.40062130943909124,0.8812467852692183,0.9539548770424863,0.13176490148807063,0.21780696649763076
2019-01-30 15:00:00,0.14091832062346388,0.037271291400356565,0.1779358467250285,-0.12991855517959638,0.3006365260444831,0.40062130943909124,0.0,0.6270822617564058,0.13176490148807063,0.21780696649763076
2019-01-30 16:00:00,0.1441181686534152,0.045075417485524794,0.1516774048148153,-0.10903453570135768,0.25526923424389547,0.3917425562570419,0.0,0.2937489284230725,0.1407742584213174,0.2275012569130217
2019-01-30 17:00:00,0.138466475765046,0.0446269058687534,0.12002538977041977,-0.09554072410928305,0.21295899893547002,0.3917425562570419,0.0,-2.842170943040401e-16,0.1407742584213174,0.2275012569130217
2019-01-30 18:00:00,0.1330364178919068,0.044182857054138935,0.09477110038489678,-0.08455658722920678,0.17841646892956708,0.39174255625704185,0.0,-2.842170943040401e-16,0.1407742584213174,0.2275012569130217
2019-01-30 23:00:00,0.10670915936806802,0.023695967574099308,0.055197923178170516,-0.09301222063092285,0.15106637829099612,0.43087762029350407,1.0,0.3333333333333331,0.11865242399342657,0.20369761709120793
2019-01-31 00:00:00,0.10252448645167322,0.02346018680221773,0.046490750818534377,-0.08924342131976648,0.13869904951977727,0.430877620293504,0.9999999999999981,0.6666666666666657,0.11865242399342657,0.20369761709120793
2019-01-31 07:00:00,0.06381732229628745,-0.009953181081077456,0.011880444498764575,-0.11888251094289104,0.13815435624488612,0.4964706894169897,1.0,0.999999999999999,0.0820219360991894,0.16428230805913202
2019-02-01 02:00:00,0.08704829173470618,0.014824454299811718,0.028771819136041987,-0.09219559490398765,0.12492915334432446,0.4541905572689885,0.5962867772747543,0.8654289257582504,0.10926423857247625,0.1935956978733806
2019-02-01 03:00:00,0.09386055512837288,0.024514241773154977,0.04007507563980495,-0.08332832559866632,0.1261311932531656,0.438695986537632,0.11919500564014009,0.5718272609716311,0.1201250617080798,0.20528221161757454
2019-02-01 07:00:00,0.07066087514009545,0.005432010171877222,0.025465537590624532,-0.09992451691879001,0.1302387777391158,0.4759105095457482,0.6865495067392737,0.46734376321805565,0.09932170542635665,0.18289728682170536
2019-02-01 10:00:00,0.08050234417264024,0.017582812104158352,0.03822600177417712,-0.08144163035027663,0.12231049457674759,0.4547356089832163,0.27762362498129095,0.3611227124535678,0.11280039234919093,0.197400686611084
2019-02-01 13:00:00,-0.012987389154527462,-0.07025599000030736,-0.02945114454533515,-0.17188467635018734,0.1583770149642578,0.602712266926585,1.0,0.6547243772401877,0.015970149253731414,0.09320895522388062
2019-02-01 19:00:00,0.037511195342328385,-0.021033813935593115,0.026128261341374692,-0.12186241170668222,0.1554306853493664,0.5159377787704786,0.47093978749958976,0.5828544708269598,0.06952627857647897,0.15083667216592045
2019-02-02 04:00:00,-0.03481344392867691,-0.08971639797787212,-0.029858138416069657,-0.1817816484919066,0.1699025833427209,0.6048673280638671,1.0,0.8236465958331961,-0.006494928117930288,0.06903597752317014
2019-02-02 06:00:00,-0.07790467654562261,-0.13202844821839033,-0.04490871439595423,-0.23295552516494344,0.21838790540072392,0.6534406042487465,1.0,0.8236465958331961,-0.05412353227263256,0.01778642395608987
2019-02-02 07:00:00,-0.07528025390323556,-0.13113246461658767,-0.02250637374808706,-0.23534779291857966,0.24434397522652004,0.653905422190904,1.0000000000000002,0.9999999999999996,-0.05458333333333332,0.017291666666666705
2019-02-02 08:00:00,-0.12190360664761668,-0.17782772929832946,-0.04145440390823252,-0.29327774480332747,0.3024418452566125,0.7056014400475047,1.0,0.9999999999999996,-0.107337223788604,-0.03947282145433073
2019-02-02 09:00:00,-0.058429479481355906,-0.11942883562628537,0.03939249002890888,-0.24321463744457605,0.3146761074543605,0.5941846766145257,0.0,0.6666666666666663,-0.04523458868083308,0.027351146644224666
2019-02-02 13:00:00,-0.06287606009874636,-0.12473384770143614,0.045320255332421455,-0.24713008409477677,0.32527186957752374,0.6014940918374863,0.06560426813472668,0.3552014227115752,-0.052345816511206955,0.01969928999025483
2019-02-02 17:00:00,-0.07356484614527603,-0.1361531613349971,0.04408918334670564,-0.25467975883199245,0.33393022087130675,0.6163095698431672,0.19857777722963912,0.08806068178812153,-0.06619109678304413,0.00480142670965078
2019-02-03 01:00:00,-0.15925055735887206,-0.21990093107086006,-0.0259049731437363,-0.3370412899816495,0.38011741438851,0.7054918924967736,0.9990167767636057,0.42106627404265673,-0.15911056207535512,-0.09518221124150716
2019-02-03 05:00:00,-0.15270596432492844,-0.21742652860678302,0.0015716987995784137,-0.3376505421016047,0.40773835891883786,0.7048348014583135,0.9940965998183338,0.7305637179371923,-0.15879881364310433,-0.09484676223430544
2019-02-03 07:00:00,-0.14348546806439144,-0.21218700444905225,0.026985718686902693,-0.33049068146605887,0.4214293497003924,0.6973735377844642,0.9219372461644038,0.9716835409154474,-0.15545905707196028,-0.09125310173697265
2019-02-03 08:00:00,-0.12908759175696283,-0.20176248782171435,0.05343115530971554,-0.31367566941629865,0.42202117217350676,0.6768766367899076,0.6791375818051897,0.8650571425959754,-0.14645768025078365,-0.08156739811912217
2019-02-03 09:00:00,-0.07150488019155044,-0.1501508397745125,0.12434536330440071,-0.2564815573342516,0.40776733230917195,0.5758731761397003,0.0,0.5336916093231975,-0.09288379530916835,-0.023920575692963686
2019-02-03 16:00:00,-0.02538363842252933,-0.10780106901523989,0.1775475169791545,-0.2040129679677667,0.38667727923796225,0.5148335134506579,0.0,0.22637919393506284,-0.04883672186124499,0.023475162439740016
2019-02-03 17:00:00,-0.05982723167774029,-0.14015877304195967,0.1355145856305271,-0.22124999837588932,0.3727432314025869,0.5558988552099462,0.2249662336200482,0.07498874454001568,-0.08483463296585092,-0.015259478354396228
2019-02-03 22:00:00,-0.019120745597462352,-0.10261285710434032,0.17968108889890133,-0.17012958224157926,0.34814800216029684,0.5062302823809133,0.0,0.07498874454001568,-0.04597056762438678,0.026559215136650494
2019-02-04 10:00:00,-0.00019579684049531032,-0.08445728809698239,0.1946310661637891,-0.13313820902093298,0.31799215219110377,0.485419934869416,0.0,0.07498874454001568,-0.02757142857142847,0.046357142857142986
2019-02-04 13:00:00,0.008675514179246946,-0.07525306162318202,0.19797726344524813,-0.10673591396428017,0.29141847016859723,0.47544157288883143,0.0,-3.7895612573872007e-16,-0.018598615916954997,0.05601211072664358
2019-02-04 19:00:00,0.020717274431113708,-0.06280678947981833,0.20177511761711608,-0.07313380930142732,0.2582952100427555,0.4614746024580822,0.0,-3.7895612573872007e-16,-0.006059721106811633,0.06950427100825007
2019-02-04 20:00:00,0.01990483229656026,-0.06218184630091472,0.20044968271798203,-0.0696400163676868,0.2535089861388561,0.4614746024580822,0.0,-3.7895612573872007e-16,-0.006059721106811633,0.06950427100825007
2019-02-05 00:00:00,0.033202771076773496,-0.04822338909317081,0.2109525399750427,-0.04379709303732593,0.23510047087055116,0.4446794046483572,0.0,-3.7895612573872007e-16,0.008220395467673836,0.08487002888247064
2019-02-05 01:00:00,0.03212129829285981,-0.047534152998744084,0.21224957864123595,-0.046116245307902926,0.23855024986070938,0.44441004942732026,0.0,-3.7895612573872007e-16,0.008444444444444477,0.08511111111111114
2019-02-05 04:00:00,0.030861639536277075,-0.047061176351990475,0.21380117785058994,-0.05428265933207144,0.24828111903997324,0.44441004942732043,8.327704036305202e-15,2.3969452196963474e-15,0.008444444444444477,0.08511111111111114
2019-02-05 11:00:00,-0.12791513134195698,-0.19668564188823612,0.03258370613023054,-0.20631610926963506,0.261626298150984,0.652335524985881,1.0,0.33333333333333576,-0.15198704372741978,-0.08751712968730518
2019-02-05 14:00:00,0.043952256908989185,-0.03635343884100373,0.23544433647809004,-0.05942103202634241,0.2710130612123422,0.45916338024910336,0.07095489757640558,0.3569849658588043,0.01688078876605914,0.0941888258141621
2019-02-06 05:00:00,0.047349125536388925,-0.03112114652020237,0.2435133454506586,-0.06343076286807647,0.28158943222703153,0.455458656043132,0.05313733964600191,0.3746974124074688,0.02207207207207218,0.09977477477477481
2019-02-07 04:00:00,0.06176714004183981,-0.015297407021260034,0.265724494166117,-0.05997991070563502,0.2953237716769281,0.44344594695189005,0.0,0.04136407907413546,0.03860238022581641,0.11756179432407698
2019-02-07 10:00:00,0.059344899255885375,-0.015145194016073393,0.2660627638839912,-0.07154033483303046,0.3076779660557134,0.44344594695189005,0.0,0.017712446548666938,0.03860238022581641,0.11756179432407698
