timestamp,ema50_dist_dash_btc_15m,ema200_dist_dash_btc_15m,upper_bb_dist_dash_btc_15m,lower_bb_dist_dash_btc_15m,width_bb_dash_btc_15m,rsi_dash_btc_15m,stoch_rsi_fastk_dash_btc_15m,stoch_rsi_fastd_dash_btc_15m,kijun_dist_dash_btc_15m,tenkan_dist_dash_btc_15m
2019-02-06 16:15:00,,,,,,,,,10.630883653196022,13.595464711083372
2019-02-06 16:30:00,,,,,,,,,10.705735401269912,13.67232226501509
2019-02-06 16:45:00,,,,,,,,,10.321041439759338,13.277319641097463
2019-02-06 17:00:00,,,,,,,,,9.887895851629903,12.832567030014985
2019-02-06 17:15:00,,,,,,,,,10.012929919834491,12.960951642099804
2019-02-06 17:30:00,,,,,,,,,10.132546339442872,13.08377342860101
2019-02-06 17:45:00,,,,,,,,,10.132546339442872,13.08377342860101
2019-02-06 18:00:00,,,,,,,,,10.104042652311197,13.054505926807813
2019-02-06 18:15:00,,,,,,,,,10.149655636683752,13.101341204494844
2019-02-06 18:30:00,,,,,,,,,10.109742209338446,13.060358215136159
2019-02-06 18:45:00,,,,,,,,,9.950377338984806,12.89672283676213
2019-02-06 19:00:00,,,,,,,,,10.240995076444669,13.195128271572942
2019-02-06 19:15:00,,,,,,,,,10.68269330835674,13.648662712040792
2019-02-06 19:30:00,,,,,,,,,10.51018287614296,13.471529509559431
2019-02-06 19:45:00,,,,,,67.73109243697468,,,9.429982508488521,12.362382961209995
2019-02-06 20:00:00,,,,,,64.91141122537474,,,9.565262181930546,12.501287730503762
2019-02-06 20:15:00,,,,,,64.6698001234389,,,9.576550587265608,12.512878631774171
2019-02-06 20:30:00,,,,,,60.77213102039056,,,9.757481940144451,12.6986584107327
2019-02-06 20:45:00,,,,,,56.106254047383594,,,9.990175293448477,12.93758725890688
2019-02-06 21:00:00,,,0.32208421144868105,-0.9787097852868354,1.3050787371087935,59.980136877471566,,,9.717852168979203,12.657966678702204
2019-02-06 21:15:00,,,0.539779262735407,-0.6829835226743963,1.223638936951792,55.17320293395459,0.0,14.665204159258336,9.967430078064421,12.914232538902958
2019-02-06 21:30:00,,,0.6800765251725016,-0.4221657063833262,1.1008226611863998,51.723665069807,0.0,14.665204159258336,10.16106478844061,13.113056087834686
2019-02-06 21:45:00,,,1.018030951279747,-0.13269817214532909,1.1456576819276965,46.067468161653224,0.0,0.0,10.51592455967163,13.477425053255043
2019-02-06 22:00:00,,,0.8012495962584909,-0.35895985240284034,1.1576493664525198,49.787165213298486,26.736042722098773,8.912014240699591,10.292440111998324,13.24795188219432
2019-02-06 22:15:00,,,1.2922162850728114,-0.012462131210599914,1.2963831576285592,42.71047069686055,0.0,8.912014240699591,10.792228761914679,13.761133392364178
2019-02-06 22:30:00,,,1.2959188791642706,-0.11589492457378947,1.4035327921590477,43.110846610156266,4.442108943056489,10.39271722171842,10.76915065354369,13.737436858824136
2019-02-06 22:45:00,,,1.203629745672652,-0.27032415832473067,1.4671076053707206,45.07441343026316,33.404617479411876,12.615575474156122,10.659660805327231,13.625013005930708
2019-02-06 23:00:00,,,1.5118814127028424,-0.10127053054925783,1.60185397997324,40.839861821954656,0.0,12.615575474156122,10.965621576503736,13.939172622463358
2019-02-06 23:15:00,,,1.4440104332144266,-0.2570838277097809,1.6910584495977605,42.48668075673579,38.89004284538535,24.098220108265746,10.878857381150953,13.85008340283569
2019-02-06 23:30:00,,,1.456926768545963,-0.31992332782024846,1.7668057751390822,42.31753525339672,34.89562929266844,24.595224046017933,10.890418100302357,13.861953915128765
2019-02-06 23:45:00,,,1.3976553854171403,-0.4158428886741561,1.8046391875590035,43.170312586536184,55.034180242579,42.93995079354426,10.84996612642659,13.82041794778257
2019-02-07 00:00:00,,,1.5345448727074773,-0.3589030442791241,1.882382876751476,40.847652819341526,0.33431289368041867,30.08804080964262,10.994573158004584,13.968900020872454
2019-02-07 00:15:00,,,1.4788458669888316,-0.45099855785230014,1.919977207807888,42.44826007974224,68.91268721350227,41.42706011658723,10.925114726741757,13.897580308719238
2019-02-07 00:30:00,,,1.4899762735290478,-0.48971551733602015,1.9698400225125694,42.3454293829584,64.48540525700457,44.577468454729086,10.930899608865685,13.903520208604947
2019-02-07 00:45:00,,,1.2171725478798967,-0.6125165403802146,1.8241740991213302,46.00771825832813,100.0,77.79936415683561,10.780688505806978,13.749283891463993
2019-02-07 01:00:00,,,1.1016905199773053,-0.5881221049555907,1.6854845667454548,45.7668877142331,95.33280058280947,86.60606861327135,10.792228761914679,13.761133392364178
2019-02-07 01:15:00,,,1.0574090388453028,-0.4661681629327896,1.5190864716975243,43.440490440646045,29.90100166735456,75.077934083388,10.901981230448389,13.87382690302399
2019-02-07 01:30:00,,,0.9275262289997199,-0.4504916635442391,1.3747389026687165,43.60297786537385,34.33777414100065,53.19052546372156,10.896199363953896,13.867890099577696
2019-02-07 01:45:00,,,0.7803121559040838,-0.4947765160540629,1.2732708509225303,45.459129922549465,78.63110036436191,47.62329205757237,10.832638599416411,13.802626094205905
2019-02-07 02:00:00,,,0.26287466126562187,-0.7504136020754948,1.0157643868074113,55.26165946452111,100.0,70.98962483512085,10.44132917964693,13.400830737279335
2019-02-07 02:15:00,,,0.09084088200326246,-0.7689212970485748,0.8626870349654531,57.093575049529,100.0,92.8770334547873,10.35538261997404,13.312581063553818
2019-02-07 02:30:00,,,0.3182447929022558,-0.40308318357518136,0.7216340878507636,48.291562939511145,34.75446646382776,78.25148882127591,10.71149742361941,13.678238692551915
2019-02-07 02:45:00,,,0.3006768338749799,-0.3933272606914673,0.6943257424483732,48.162590310187554,23.23669378412329,52.66372008265034,10.71726004580469,13.684155735998328
2019-02-07 03:00:00,,,0.20225049499698056,-0.3729415857546381,0.5756834008897654,48.75217527914542,6.60156730937758,21.530909185776206,10.694213155703558,13.660491257285589
2019-02-07 03:15:00,,,0.3313620766004721,-0.24590535209412234,0.5770208771239308,45.285397560094886,0.0,9.946087031166952,10.838413839820738,13.8085560940024
2019-02-07 03:30:00,,,0.22068157582466608,-0.3591295017081553,0.5802127237737131,48.73985006572219,99.64447638637164,35.415347898583065,10.71149742361941,13.678238692551915
2019-02-07 03:45:00,,,0.27296653585957564,-0.29744442763598444,0.5704807843300618,46.99688648021572,49.368291215093286,49.67092253382163,10.780688505806978,13.749283891463993
2019-02-07 04:00:00,,,0.40741515598452516,-0.1576107231292201,0.5643210296399589,43.37741947126997,0.0,49.67092253382163,10.930899608865685,13.903520208604947
2019-02-07 04:15:00,,,0.12073756657331458,-0.459200704766094,0.5809213736953225,52.346252548576764,99.99999999999999,49.789430405031084,10.59062077570967,13.554122907351562
2019-02-07 04:30:00,-0.06444917233145997,,-0.012790545861351976,-0.6628360433140412,0.6522488808861231,56.95136331969649,100.0,66.66666666666666,10.378288620206511,13.336100876965396
2019-02-07 04:45:00,-0.6413488027767089,,-0.36951076281876993,-1.4063299634035853,1.0461078048037615,67.6103902363036,100.0,100.0,9.712193109139665,12.652155972766653
2019-02-07 05:00:00,-0.4781326555901577,,-0.09745828238991727,-1.2904549407505295,1.2013333908534407,63.55471838658928,83.26382724991211,94.42127574997069,9.870867768595048,12.815082644628095
2019-02-07 05:15:00,-0.6466967105958399,,-0.13406135639670858,-1.5284811737609871,1.4061083923860433,66.49238887838212,92.67563369255758,91.97982031415656,9.655634601505314,12.594081864109707
2019-02-07 05:30:00,-0.38454326069288225,,0.18691314479377663,-1.267016503966878,1.4618242552034981,59.92200926818856,27.86976683456636,67.93640925901201,9.927648578811365,12.873385012919902
2019-02-07 05:45:00,-0.5373389541262541,,0.11325852079679954,-1.44786438130029,1.571610303705862,62.73123050456832,36.538528046802796,52.36130952464223,9.734832851836561,12.675402393726799
2019-02-07 06:00:00,-0.4076846866536532,,0.29297133678958254,-1.3176588690693047,1.6189246654608729,59.809894663338795,0.0,21.46943162712304,9.859518644768084,12.803429397789468
2019-02-07 06:15:00,-0.3570906380237271,,0.3748284415302061,-1.2371379222845258,1.6189465285165978,58.870484332569575,0.0,12.179509348934252,9.899250839576323,12.844226298114169
2019-02-07 06:30:00,-0.3678121208561258,,0.3885584565692435,-1.2098394483047836,1.6049886381764693,59.36147906752262,12.71761242720744,4.239204142402466,9.870867768595048,12.815082644628095
2019-02-07 06:45:00,-0.30886714100905044,,0.4624300115457114,-1.1089082297256248,1.576433892139683,58.01886964249575,0.0,4.239204142402466,9.921967856958291,12.867552064492793
2019-02-07 07:00:00,-0.4351461044223459,,0.3703391682873036,-1.2434492358862625,1.620864369168237,60.97604112062631,100.0,37.5725374757358,9.76314567315133,12.704473915062685
2019-02-07 07:15:00,-0.40327039062113545,,0.43077437480678604,-1.220927141115602,1.6582528814298843,60.48443877900063,83.3759271228849,61.12530904096162,9.780140379851353,12.721924029727493
2019-02-07 07:30:00,-0.6042634310141848,,0.2721948211573677,-1.4071072825373787,1.6888857913469866,64.94801942710039,100.0,94.45864237429494,9.531410916580828,12.466529351184352
2019-02-07 07:45:00,-0.4870428102902391,,0.40945917516008734,-1.2521992401051785,1.668689773907441,61.70661966754034,53.22081553552389,78.86558088613624,9.638678418638191,12.576671305602783
2019-02-07 08:00:00,-0.5762389652853472,,0.34247659790753726,-1.304222981061498,1.654656377903088,63.95011091596372,77.6433184519361,76.9547113291533,9.514493126705448,12.449158214487976
2019-02-07 08:15:00,-0.48473790884774326,,0.4202139296263452,-1.12607203669004,1.5517625873289083,61.481595509269106,22.339838996590967,51.06799099468362,9.59348755731877,12.530269462620435
2019-02-07 08:30:00,-0.41150960132181336,,0.47272081316542813,-0.9701947795536459,1.4465136070266964,59.5369933152472,0.0,33.327719149508994,9.655634601505314,12.594081864109707
2019-02-07 08:45:00,-0.4348167022081295,,0.40187105071092244,-0.8759512320980933,1.2808584307950364,60.51512734602527,22.1642412298112,14.834693408800694,9.610429763990513,12.547665670411213
2019-02-07 09:00:00,-0.44240590612104613,,0.2727671904376061,-0.6766618893196852,0.9513503064851502,61.147286275703074,36.48878425978097,19.551008496530695,9.582195662253357,12.518674978105192
2019-02-07 09:15:00,-0.5185931510218289,,0.1143364848920303,-0.6125351467550888,0.7286867855545099,63.536330487885415,100.0,52.884341829864034,9.475038600102925,12.408646423057125
2019-02-07 09:30:00,-0.6259846060828633,,-0.03937938611549008,-0.6303368967792045,0.5929430286693569,66.56600217972884,100.0,78.8295947532603,9.328741776315773,12.258429276315773
2019-02-07 09:45:00,-0.5916205229243077,,0.019774941868422324,-0.6350725670354107,0.6568683566031652,66.11096173049857,92.47975769229802,97.49325256409931,9.339981494808258,12.26997018607998
2019-02-07 10:00:00,-0.5635099349518335,,0.06353800478882121,-0.6207785332419946,0.6862285097177946,65.86850734821287,87.12804206993445,93.20259992074413,9.345602220737149,12.275741530869254
2019-02-07 10:15:00,-0.4824410705354554,,0.14916509111528864,-0.56118093392169,0.7118124149973996,62.88799948187389,0.0,59.8692665874108,9.413096034154611,12.345043979219184
2019-02-07 10:30:00,-0.5716001158172612,,0.06954425710006262,-0.6491054758227532,0.7207382927394111,65.9316170928986,82.75191349913322,56.62665185635586,9.289420952576677,12.218054770590348
2019-02-07 10:45:00,-0.5148143217611256,,0.13612478491817903,-0.606930705970754,0.7448087928375324,64.12945716316963,38.519150567944216,40.42368802235912,9.328741776315773,12.258429276315773
2019-02-07 11:00:00,-0.48971245333880864,,0.15981089683509975,-0.5725582625508041,0.7338837022100382,63.86090952060691,31.965580538399603,51.078881535158985,9.334361346697495,12.264199434592648
2019-02-07 11:15:00,-0.45576283622795755,,0.18037093956897454,-0.5124704666098379,0.6939937812113581,63.00846016880445,3.957812784832723,24.81418129705882,9.351223524573292,12.281513469052019
2019-02-07 11:30:00,-0.3295988978283093,,0.28227527866335755,-0.35227013198286805,0.6347675629585293,56.99960869862012,0.0,11.974464441077414,9.475038600102925,12.408646423057125
2019-02-07 11:45:00,-0.5379458054875719,,0.053610780417256976,-0.5219034633440089,0.5768649519414277,64.46458610075607,100.0,34.65260426161088,9.222079589216946,12.148908857509632
2019-02-07 12:00:00,-0.829861878587379,,-0.16618034491014955,-0.8737909944622868,0.7113093562718896,71.92859818748187,100.0,66.66666666666664,8.864322636777722,11.78156507497825
2019-02-07 12:15:00,-0.699689182727159,,-0.01368534612813388,-0.7491611111697827,0.7382917813910811,67.17979332224809,68.19071465770152,89.39690488590048,8.975869665454162,11.896101234694378
2019-02-07 12:30:00,-0.7015685518565129,,0.018645831845875982,-0.7889403260839312,0.8107085797066975,67.86522462522487,72.78199194065606,80.32423553278583,8.942381562099854,11.861715749039693
2019-02-07 12:45:00,-0.527242453092458,,0.19156048841055817,-0.6070516399877768,0.8002746636061339,61.00493743939893,0.0,46.9909021994525,9.110028212362153,12.033854834572978
2019-02-07 13:00:00,-0.7022598850016215,,0.04584992403173782,-0.8126786929080088,0.8618330086648073,65.94765158057128,45.24778144579209,39.343257795482685,8.886613770156115,11.804453544919369
2019-02-07 13:15:00,-0.8015285475218459,,-0.010808524667205166,-0.9431304355085213,0.9367901137765107,68.72277396970502,100.0,48.415927148597326,8.741884361740194,11.6558458156536
2019-02-07 13:30:00,-0.7506026085496442,,0.060566603214140535,-0.8924937904104868,0.9570413371629158,67.80722335126099,88.13721157673031,77.7949976741741,8.764125377102804,11.67868282456408
2019-02-07 13:45:00,-0.7406666782491911,,0.08643724284786991,-0.8798527124045386,0.9701385699976657,68.26256583834568,94.03708371442943,94.05809843038655,8.741884361740194,11.6558458156536
2019-02-07 14:00:00,-0.7457361997262213,,0.09442909119297127,-0.8788730813809265,0.9771347098275344,69.0866074441408,100.0,94.05809843038655,8.702984464431719,11.615903515944392
2019-02-07 14:15:00,-0.6726112063709655,,0.17349893937452787,-0.8003203515121071,0.9768809403392065,66.68909269015859,0.0,64.67902790480979,8.753003732297149,11.667263152512897
2019-02-07 14:30:00,-0.5485504874464975,,0.29524173036008516,-0.6755068411640752,0.9725977965685622,61.57526727913313,0.0,33.33333333333331,8.864322636777722,11.78156507497825
2019-02-07 14:45:00,-0.5954537548890748,,0.24786417740372269,-0.7204259326330509,0.9705834130430934,63.675070472351955,27.955107172498586,9.3183690574995,8.786375492251807,11.70152917710836
2019-02-07 15:00:00,-0.5574469246256042,,0.2798890447209601,-0.6722164104498218,0.9539768112173318,62.88207176232884,17.397753989142874,15.11762038721379,8.803069053708423,11.718670076726333
2019-02-07 15:15:00,-0.5111444995662073,,0.30719532411096484,-0.5952485346506942,0.9037454927151017,61.50719924371365,0.0,15.11762038721379,8.830903044256843,11.747249936045012
2019-02-07 15:30:00,-0.5985724694108518,,0.21559497744201295,-0.6750420056016337,0.8926876965900163,65.12079469246004,100.0,39.132584663047595,8.708539888587907,11.62160780906627
2019-02-07 15:45:00,-0.4675997651865438,,0.3255832913751089,-0.5148900194384964,0.8412696007913272,59.14166155654629,0.0,33.33333333333331,8.830903044256843,11.747249936045012
2019-02-07 16:00:00,-0.346403856006261,,0.4164026694294165,-0.35545204455741386,0.7716195605149466,54.04103543216575,0.0,33.33333333333331,8.947961483302592,11.867445195656634
2019-02-07 16:15:00,-0.46504441911966454,,0.25895864245455424,-0.4236561003850725,0.6831773306880323,58.94376806757931,44.24945091526603,14.749816971755315,8.797503963991616,11.712955859035358
2019-02-07 16:30:00,-0.48103487913497833,,0.1541523648427079,-0.3249264726246315,0.4794882583648987,60.131230199466856,54.96685103191805,33.07210064906133,8.758564270375292,11.672972696594751
2019-02-07 16:45:00,-0.4034684676870737,,0.17641967833603722,-0.18818679181192843,0.36462792323870746,57.083215886156594,49.952104493022624,49.72280214673554,8.825335106927245,11.74153279443364
2019-02-07 17:00:00,-0.5049981852987995,,0.06921369855825699,-0.3103991865500588,0.38007122342578353,61.30754615728324,100.0,68.30631850831352,8.691875319366371,11.60449667858967
2019-02-07 17:15:00,-0.5242558271975728,,0.04440258758560134,-0.33707803962361726,0.38203969541197685,62.62805062336665,100.0,83.31736816434083,8.647461436306036,11.558892634589824
2019-02-07 17:30:00,-0.4988147843145607,,0.06329103593871732,-0.31920358638054536,0.3829846752443755,62.34164170814105,94.83467174767937,98.27822391589308,8.653011186596494,11.564591101803124
2019-02-07 17:45:00,-0.5085438796893382,,0.014402766233168052,-0.28657761176240637,0.3013905326038499,63.4224971779215,100.00000000000001,98.27822391589308,8.61972118674359,11.530409028238786
2019-02-07 18:00:00,-0.8193784729828235,,-0.20105463362157794,-0.703225046801792,0.5044512382025624,72.911709846068,100.0,98.27822391589308,8.243855274540746,11.14447101928655
2019-02-07 18:15:00,-0.5831443067426112,,0.04557688176782815,-0.49894013333598997,0.5457541394599257,62.181622897438636,0.0,66.66666666666663,8.475699933703895,11.38252843082257
2019-02-07 18:30:00,-0.7158983746832659,,-0.04838494445014163,-0.6873209768369248,0.641295055233917,66.25622325155113,37.973600527374806,45.99120017579156,8.298966447736866,11.20105900921542
2019-02-07 18:45:00,-0.7023918283490804,,-0.0023867104450236987,-0.7214984453277062,0.7217239611930574,66.6193290233716,41.35759707427002,26.44373253388157,8.282427204235399,11.184076562818168
2019-02-07 19:00:00,-0.7233886119358934,,0.0106922637985285,-0.7922125650094536,0.8060545688551992,67.8608038069589,52.927631776979254,44.08627645954132,8.227332858451186,11.127505851226193
2019-02-07 19:15:00,-0.6756039606550135,,0.08257974516754363,-0.777236233717149,0.8628127713347432,66.79075431864659,81.15838348240437,58.481204111217835,8.249363867684467,11.150127226463091
2019-02-07 19:30:00,-0.7897393095622651,,0.008957624118433039,-0.9261790276449577,0.9394450472874232,70.4311007247006,99.99999999999999,78.02867175312782,8.08984196351441,10.986330606229998
2019-02-07 19:45:00,-0.8023427366634417,,0.03805871471997957,-0.977717390055155,1.0205710469655214,71.47611349005594,100.0,93.71946116080142,8.040430719219827,10.935595286468903
2019-02-07 20:00:00,-0.804752541126752,,0.07264174850363236,-1.0094277347945213,1.0871616723958286,72.2962116038705,100.0,99.99999999999996,8.00203097232799,10.896166539730888
2019-02-07 20:15:00,-0.7973827645835319,,0.10953934510578023,-1.018168786730056,1.1328548582221702,72.89566107343668,100.0,99.99999999999996,7.97461928934009,10.868020304568526
2019-02-07 20:30:00,-0.6886389091294354,,0.233410374448062,-0.9207706670714688,1.1581614123560486,67.83722620667524,0.0,66.66666666666663,8.062385693964625,10.958138589717525
2019-02-07 20:45:00,-0.7729942143359758,,0.165579155347495,-1.0033525353646766,1.173848787041919,70.9571646988849,61.67794138678175,53.892647128927216,7.936266301314254,10.82863956969604
2019-02-07 21:00:00,-0.8538171711378606,,0.09628424629493093,-1.061818964997352,1.163721277775204,73.70419637404605,100.0,53.892647128927216,7.810440952863651,10.699442473390764
2019-02-07 21:15:00,-0.7285121242552428,,0.22223692538942963,-0.9147436475242077,1.1409310851434107,67.9836248411037,2.4953021790133145,54.72441452193166,7.914362538683983,10.806148850895436
2019-02-07 21:30:00,-0.6757426538533728,,0.2655066713627585,-0.8323391081839993,1.100966096022087,66.52042611406198,0.0,34.165100726337734,7.941743631381293,10.834263676037747
2019-02-07 21:45:00,-0.6007918917595445,,0.3060271030920214,-0.6954462744973577,1.0034271464290239,63.57336672406253,0.0,0.8317673930044028,7.996547522339537,10.890536149471952
2019-02-07 22:00:00,-0.5966225320042762,,0.2827052829575516,-0.6466646738204185,0.9310643047640464,64.25552856117822,6.73352391348129,2.244507971160395,7.97461928934009,10.868020304568526
2019-02-07 22:15:00,-0.5150143514749073,,0.3283576195613813,-0.5147655838035226,0.8439097608675337,60.589692233803795,0.0,2.244507971160395,8.040430719219827,10.935595286468903
2019-02-07 22:30:00,-0.611193863238535,,0.19039729671501693,-0.5515985954162805,0.7433383660472385,64.90244102149036,72.71863608722265,26.484053333567942,7.908887987012969,10.8005275974026
2019-02-07 22:45:00,-0.6695079286843986,,0.08869383962784028,-0.5479163040203017,0.6380752360599843,67.60654834712739,100.0,57.57287869574085,7.815905519793187,10.705053474580573
2019-02-07 23:00:00,-0.5754823632107664,,0.17361320260618207,-0.4586753380360187,0.6331910345844625,63.28246368555044,38.3757541590972,70.36479674877324,7.892467664215053,10.783667258432672
2019-02-07 23:15:00,-0.7270280727849188,,0.0018681644494256133,-0.5790541297169605,0.5826036474093786,68.80727974795029,100.0,79.45858471969903,7.6958128702343975,10.581742696572306
2019-02-07 23:30:00,-0.7612544116785691,,-0.021251289129020634,-0.624872977213764,0.6055780815530311,70.53163170584169,100.0,79.45858471969903,7.624974701477427,10.509006274033595
2019-02-07 23:45:00,-0.8614791011445577,,-0.08818678697538607,-0.7556311100484492,0.6702722617246657,73.77431543711131,100.0,99.99999999999996,7.478146632307614,10.358243646101762
2019-02-08 00:00:00,-0.789177390021778,,-0.00016520919983165072,-0.6979088948288248,0.7001875997858494,71.27179792943578,76.14799020293786,92.04933006764593,7.521609462669976,10.402871151999204
2019-02-08 00:15:00,-0.825637593171924,,-0.021335809131495242,-0.7434265285963804,0.7248624570006176,72.99799614444666,84.37057147870463,86.83952056054746,7.445572561499225,10.324796686366632
2019-02-08 00:30:00,-0.5906791769462405,,0.2037219833600057,-0.5064301585054887,0.7112286154469482,61.130797411605045,0.0,53.50618722721413,7.67400658061248,10.559352062768902
2019-02-08 00:45:00,-0.5675152876542411,,0.2155415813567263,-0.48433429206280465,0.7008177469290612,61.130797411605045,0.0,28.12352382623484,7.67400658061248,10.559352062768902
2019-02-08 01:00:00,-0.3951113214048396,,0.37192922869278,-0.31210363550672193,0.6838283120274871,53.662977853738184,0.0,-3.789561257387201e-14,7.843236665990672,10.733117014804305
2019-02-08 01:15:00,-0.4765564018118895,,0.27539952447246385,-0.39594247422926054,0.6717468704479812,57.28819992179409,18.749514552039606,6.249838184013164,7.733995137763361,10.620948136142605
2019-02-08 01:30:00,-0.5739592511082692,,0.16421795793803984,-0.4849383140690833,0.6501989321725404,61.21005538121812,100.0,39.5831715173465,7.603197086199898,10.486645082962355
2019-02-08 01:45:00,-0.6576457681335302,,0.08681519730380227,-0.5875731558686148,0.6760811181752133,64.43391343950866,100.0,72.91650485067983,7.48357756442648,10.363820111167254
2019-02-08 02:00:00,-1.020923858709033,,-0.18160729856931956,-1.06141016406458,0.8853051140780546,73.24926280730853,100.0,99.99999999999996,7.045443108046889,9.91394494489457
2019-02-08 02:15:00,-1.043061641662768,,-0.12029131278112892,-1.1656672468647322,1.052140982596226,74.34817922418182,100.0,99.99999999999996,6.975457654395489,9.842084087708702
2019-02-08 02:30:00,-0.7864996026427429,,0.15632370030347342,-0.92450758053928,1.0849986732972718,64.474663232665,24.848356511689303,74.94945217056306,7.218105751297954,10.09123443721962
2019-02-08 02:45:00,-0.87562574055009,,0.09269326022942614,-1.02704686474,1.124995844581647,67.08951992636105,26.78571005185068,50.54468885451329,7.083165525573887,9.952678211840515
2019-02-08 03:00:00,0.05402588426195454,,1.043686559489987,-0.11731834972312782,1.1556521123210888,42.28566232472145,0.0,17.211355521179957,8.08984196351441,10.986330606229998
2019-02-08 03:15:00,0.04213837516540142,,1.0369383336437998,-0.13454516256498072,1.1662215444205193,42.533020272164116,0.771486369015618,9.18573214028873,8.078857781616765,10.975052080686943
2019-02-08 03:30:00,0.08934914911060687,,1.1051871141353864,-0.12150555244552219,1.2206888211512608,41.573587945328896,0.0,0.2571621230051709,8.133801026892362,11.031467642722781
2019-02-08 03:45:00,0.16902388626731657,,1.2189300635510714,-0.09956504879571337,1.311156797109068,39.92480118589506,0.0,0.2571621230051709,8.227332858451186,11.127505851226193
2019-02-08 04:00:00,0.2555238770045598,,1.3491212847331457,-0.07588471737882685,1.4159915410662238,38.10582219283547,0.0,-3.5083047578154947e-14,8.33206009676597,11.235039470333597
2019-02-08 04:15:00,0.07899696339541684,,1.1811092537110435,-0.2974852768946157,1.472090657600135,43.101513927916336,100.0,33.3333333333333,8.14479638009049,11.042757638924193
2019-02-08 04:30:00,0.04657624872630439,,1.1486010311581252,-0.3714726957069425,1.5141901266018463,43.96110600844934,100.0,66.66666666666663,8.1118170266836,11.008894536213454
2019-02-08 04:45:00,0.03497962385747844,,1.1205823721980757,-0.4217969882471695,1.5370091627555882,44.26337651855623,100.0,99.99999999999996,8.1008283783097,10.99761142450577
2019-02-08 05:00:00,0.12160913065166756,,1.1994248715783584,-0.3799528740198954,1.572932873379379,42.06426756034457,64.28599989730098,88.09533329910029,8.199806704308443,11.099242077420012
2019-02-08 05:15:00,-0.07361653011993541,,0.9671519131158046,-0.5955405820161075,1.559794308934987,48.08279564622053,100.0,88.09533329910029,7.9855822926185205,10.87927708396792
2019-02-08 05:30:00,-0.05610543345312413,,0.9704992792615608,-0.5988313432371162,1.5664196826466956,47.67254108102559,93.1834734449822,85.82315778076104,8.00203097232799,10.896166539730888
2019-02-08 05:45:00,-0.04415307228814447,,0.9674732858822255,-0.6069390859126167,1.571579331310322,47.382290440603285,88.36085508579474,93.84810951025895,8.012999542984822,10.90742903569797
2019-02-08 06:00:00,-0.28078468734513695,,0.7219052543817828,-0.849551896059364,1.5724607471088268,54.664946289765716,100.0,93.84810951025895,7.744909330361671,10.632154796879757
2019-02-08 06:15:00,-0.2309334875221114,,0.7595595603352878,-0.8112470033270647,1.5712126234768784,53.36626306433423,82.16745027734835,90.17610178771433,7.788588223370807,10.677004155265003
2019-02-08 06:30:00,-0.17327832986915315,,0.7942337692723456,-0.7668559554413923,1.5608760578431013,51.71245849711412,59.45863907613927,80.54202978449582,7.843236665990672,10.733117014804305
2019-02-08 06:45:00,-0.25878553842226815,,0.6725532900085485,-0.8614810112261173,1.5354847794363862,54.59177997455252,98.99533471403008,80.2071413558392,7.739451957655863,10.626551182697664
2019-02-08 07:00:00,-0.3068480467774193,,0.5074090651950192,-0.8764295663339028,1.3863966755087886,56.36162782487983,100.0,86.15132459672309,7.67400658061248,10.559352062768902
2019-02-08 07:15:00,-0.18802719743905572,,0.4668194563349548,-0.6897961958068244,1.1579065833145912,52.33432574890018,13.375878741867904,70.79040448529929,7.794050575178613,10.68261288197434
2019-02-08 07:30:00,-0.14662314260881493,,0.3936537376506788,-0.603022083995508,0.9977202768686088,51.08357153623899,0.0,37.791959580622596,7.832302544864644,10.721889891513726
2019-02-08 07:45:00,-0.13114521320095607,,0.21016896000887186,-0.4702581914019621,0.6813131624946845,50.71066390032107,0.0,4.458626247289264,7.843236665990672,10.733117014804305
2019-02-08 08:00:00,-0.19406052729343815,,0.16167921671992325,-0.5335507335908041,0.6965250394254835,53.28159677072654,45.49547483805975,15.165158279353212,7.766744350998067,10.65457493160402
2019-02-08 08:15:00,-0.5542604730841671,,-0.11331489327648381,-0.9571403403965673,0.8483661369770712,64.19868821749712,100.0,48.49849161268654,7.3533864943978955,10.230140304834979
2019-02-08 08:30:00,-0.7970083790699745,,-0.22075137641744957,-1.3007142232603353,1.088241456544264,69.71426415294482,100.0,81.83182494601988,7.056218229402567,9.92500880769036
2019-02-08 08:45:00,-0.669715385180969,,-0.02074035528468743,-1.202495072192633,1.1890270167636197,65.74761386211999,79.12684839664962,93.04228279888316,7.16408887097586,10.035770063983085
2019-02-08 09:00:00,-0.6290257071039029,,0.06119851981882807,-1.148067410275233,1.215873404987121,65.14880985914877,72.21720498805746,83.78135112823566,7.180288219288511,10.052403507003937
2019-02-08 09:15:00,-0.7388691550651694,,0.018517464464573585,-1.28248043115462,1.309272253829987,68.0716350267352,70.21835715010793,73.8541368449383,7.029284492301491,9.897353325953517
2019-02-08 09:30:00,-0.8297096354240696,,0.004273318206404753,-1.4053487491324845,1.4195666672390324,70.45421465311283,100.0,80.81185404605509,6.894818835117333,9.759284386150057
2019-02-08 09:45:00,-0.7780151774560262,,0.11117643986495729,-1.3627471862835416,1.483205308020748,69.55981051300071,83.14164187566469,84.45333300859083,6.916310630811751,9.781352098517203
2019-02-08 10:00:00,-0.9244686697702509,,0.027029049518256798,-1.51057309928736,1.5490928864769844,72.97712390592577,100.0,94.38054729188819,6.717840658238017,9.577563716636561
2019-02-08 10:15:00,-0.2100370110469818,,0.7369756692152896,-0.7592079970409227,1.4963500029752463,49.959604400151214,0.0,61.047213958554856,7.478146632307614,10.358243646101762
2019-02-08 10:30:00,-0.6118180580342525,,0.3420159326001482,-1.1283914608753443,1.476211677162869,58.46460937625589,36.95013693361257,45.65004564453748,7.0185147917085855,9.886295029180904
2019-02-08 10:45:00,-0.6502404919390359,,0.3096803812404625,-1.127720503921248,1.4433042892509247,59.595682600977995,41.86410355125068,26.271413494954373,6.9485645331590185,9.814470310221735
2019-02-08 11:00:00,-0.33591029188245747,,0.6200513947511865,-0.7915174293468774,1.4127800430567572,52.49092550945175,10.997367064967563,29.937202516610228,7.272177114327505,10.14675475313933
2019-02-08 11:15:00,-0.4095818241993676,,0.5371849942683804,-0.83294757803406,1.3721617428144448,54.25291689920674,44.554562650676246,32.472011088964784,7.17488789237668,10.046858467274644
2019-02-08 11:30:00,-0.04513477879017902,,0.8892699294364981,-0.4321270722935422,1.3183835536075024,46.779377555049216,0.0,18.51730990521456,7.565107458912745,10.447534766118839
2019-02-08 11:45:00,-0.617818035862816,,0.3173389608913224,-0.9833689196727335,1.3050539055586978,57.259027580983876,81.7681070197656,42.107556556813904,6.921684930129679,9.786870413189908
2019-02-08 12:00:00,-0.6799060259921053,,0.26829837578898896,-1.0356748321970866,1.308995670280641,58.58736948895009,100.0,60.58936900658849,6.825030132583354,9.687625552430701
2019-02-08 12:15:00,-0.4274698831704171,,0.49654688245344136,-0.7260963413005528,1.2240481216736523,53.87875570830357,60.123501040612716,80.63053602012606,7.077774981122564,9.947143216712796
2019-02-08 12:30:00,-0.39143890453341434,,0.48939736427187075,-0.6107407004582566,1.1008059420576435,53.48478301155629,56.78700912096477,72.30350338719246,7.0993404158904205,9.969286541463163
2019-02-08 12:45:00,-0.4290636900318612,,0.3906218809767381,-0.5481299325064359,0.939491701019449,54.47073681572541,19.322628014973052,45.41104605885014,7.040056360708524,9.908413848631238
2019-02-08 13:00:00,-0.33032754999958724,,0.4185818166702715,-0.3460560045321692,0.7643606418208562,52.61460526963185,0.0,25.36987904531257,7.1317048602367095,10.002518257365889
2019-02-08 13:15:00,-0.4377973939290958,,0.29386571758489577,-0.4397409690938159,0.7341421525344222,55.040875227402275,100.0,39.77420933832431,6.9969818913480974,9.864185110663982
2019-02-08 13:30:00,-0.30983018521074657,,0.407377128255626,-0.3278082104935187,0.7348929655594488,52.3834489918125,0.0,33.33333333333329,7.120914538953516,9.991438787329399
2019-02-08 13:45:00,-0.2590762229329191,,0.44784561619084506,-0.2876360338440076,0.7348929655594488,51.4529140247388,0.0,33.33333333333329,7.16408887097586,10.035770063983085
2019-02-08 14:00:00,-0.10870164173719665,,0.5993247675783575,-0.15936513084765513,0.757024597092344,48.11617386991618,0.0,-3.789561257387201e-14,7.320887991927338,10.196770938445997
2019-02-08 14:15:00,-0.055991587158732425,,0.6507685978971223,-0.14193467563554663,0.7906916199413062,46.984671947516624,0.0,-3.789561257387201e-14,7.375063099444712,10.252397778899525
2019-02-08 14:30:00,-0.07318104819834526,,0.6109348627625133,-0.18547811500828626,0.7947223777797077,47.516330830570546,9.847765127023544,3.282588375674477,7.3533864943978955,10.230140304834979
2019-02-08 14:45:00,-0.29750931242833456,,0.35430931657860487,-0.42026772753461783,0.7748325777411404,53.42641710644145,100.0,36.615921709007814,7.0993404158904205,9.969286541463163
2019-02-08 15:00:00,-0.4543555806397537,,0.13915348209072587,-0.5749194652027834,0.7156321881135118,57.28399846842318,100.0,69.94925504234114,6.910936871733009,9.775834338560507
2019-02-08 15:15:00,-0.3210281813291527,,0.25280837626022734,-0.4067938835064844,0.6601104970153097,53.98217604025992,67.94137537575004,89.31379179191664,7.040056360708524,9.908413848631238
2019-02-08 15:30:00,-0.21195486694606247,,0.3448363328205417,-0.30957540193186084,0.6542963792553458,51.32713726221814,39.014497349188844,68.98529090831293,7.147894418698342,10.019141648196639
2019-02-08 15:45:00,-0.3627511849132903,,0.17534098468503512,-0.474058611036432,0.650370982101575,55.23904375280693,65.67059992121192,57.54215754871691,6.970077948202147,9.836560221272306
2019-02-08 16:00:00,-0.39183363817254513,,0.15095616103606435,-0.5073450219990172,0.659476333131066,56.27128577543944,82.99922294766856,62.56144007268974,6.921684930129679,9.786870413189908
2019-02-08 16:15:00,-0.26087389748308265,,0.2774901772967464,-0.3811640575180131,0.6589958380926788,52.77608018880132,29.30621769771929,59.32534685553322,7.050830397584296,9.919476597886256
2019-02-08 16:30:00,0.02019303759626112,,0.5281933366527714,-0.04722028729355898,0.5740331515696023,45.650887964078635,0.0,37.435146881795916,7.3533864943978955,10.230140304834979
2019-02-08 16:45:00,-0.6022014333992187,,-0.06529422464991441,-0.7259608523193073,0.6632907886896793,59.28672635139874,100.0,43.102072565906404,6.658978087549516,9.51712380283809
2019-02-08 17:00:00,-0.8269473801075344,,-0.2083861236181983,-1.059430830620245,0.8564739680900965,63.285487592611226,100.0,66.66666666666664,6.381595398849704,9.232308077019248
2019-02-08 17:15:00,-0.90875024647884,,-0.17784297344759503,-1.2512993413532292,1.081182183951101,64.99439907748679,100.0,99.99999999999996,6.254058644287919,9.101353713971738
2019-02-08 17:30:00,-0.7588380311045695,,0.03313873487433838,-1.1569196801105575,1.1967830247790472,61.891977270746224,83.96143394778991,94.65381131592994,6.381595398849704,9.232308077019248
2019-02-08 17:45:00,1.0141682991575474,,2.0131186199696005,0.3789164177163684,1.6148878605316024,34.988159959699594,0.0,61.32047798259661,8.326543084131167,11.229374618048471
2019-02-08 18:00:00,0.9694546483285382,-0.35527320873858237,2.103649252068096,0.1670641970331621,1.9148447365537737,35.072823475604324,0.28215304014738196,28.081195662645737,8.321026633396112,11.223710342720361
2019-02-08 18:15:00,1.3481927606837862,0.07207772827166892,2.673006316160831,0.2994275814508729,2.338818813107678,31.376482200148224,0.0,0.0940510133824309,8.786375492251807,11.70152917710836
2019-02-08 18:30:00,1.017239422306937,-0.21158478392923064,2.4253512909345742,-0.15904500300550906,2.5554392536947423,36.203631328062414,15.81868200645776,5.366945015535017,8.475699933703895,11.38252843082257
2019-02-08 18:45:00,0.7699107701637287,-0.42063466181015974,2.215337245408855,-0.4820921179343407,2.6742536775618726,39.63336691325223,100.0,38.60622733548589,8.243855274540746,11.14447101928655
2019-02-08 19:00:00,0.902578774874474,-0.25061065761697865,2.409353982314544,-0.43973424533820804,2.8213037499036657,37.908898747411506,79.11478450093986,64.97782216913251,8.425935365480663,11.331430319094714
2019-02-08 19:15:00,0.7093077182745988,-0.4089424370121053,2.2461638631952052,-0.6868763313885196,2.9103498335405473,40.607546505546466,100.0,93.03826150031325,8.249363867684467,11.150127226463091
2019-02-08 19:30:00,0.8739162360266839,-0.20878932515290272,2.4580200732758017,-0.6014089876605122,3.0312894331102,38.416106918083095,50.23883296691159,76.45120582261713,8.46463719341186,11.371169241752078
2019-02-08 19:45:00,-0.17750822004706235,-1.243597573879207,1.3653325485200263,-1.6483942569815446,3.017998204140553,52.98797221241007,100.0,83.41294432230383,7.326303042534943,10.202331096422611
2019-02-08 20:00:00,-0.4840661476194441,-1.550841948731907,1.0269351350072897,-1.9688985226555822,3.0100102549459025,56.45547094550826,99.99999999999999,83.41294432230383,6.975457654395489,9.842084087708702
2019-02-08 20:15:00,-0.31096130254471,-1.378296739255691,1.1798571587742224,-1.8110278216796893,3.0003536564854865,54.33087978800219,88.22247195479807,96.07415731826599,7.147894418698342,10.019141648196639
2019-02-08 20:30:00,-0.6784061729906865,-1.7515970962190486,0.8251448832957475,-2.206911979778581,3.053150578121608,58.484627111584864,100.0,96.07415731826599,6.723195022828743,9.583061562390238
2019-02-08 20:45:00,-1.033298703614971,-2.123037618668855,0.5154415308130877,-2.628279469946526,3.1772864576153372,62.23091754011607,100.0,96.07415731826599,6.296536904702399,9.144970266353504
2019-02-08 21:00:00,-1.6065071418498778,-2.7273732750401347,0.08516797986828362,-3.352632356016416,3.494897602964557,67.38189116175295,100.0,99.99999999999996,5.610446353209864,8.440494513678566
2019-02-08 21:15:00,-1.2374314437059941,-2.3884296889194467,0.5505799739703443,-3.0784739767597213,3.6755104549108637,62.77216935467595,64.67919860717892,88.22639953572627,5.952380952380953,8.791591950587762
2019-02-08 21:30:00,-0.8378485774248379,-2.007130822369163,1.0109298254409316,-2.7142594924741914,3.7571879665553998,57.91456265820321,0.0,54.89306620239294,6.3443655634436436,9.1940805919408
2019-02-08 21:45:00,-1.227038265145497,-2.416933180668901,0.6707942118495458,-3.1788824105454583,3.898566363839905,61.74851316296147,40.496645947383556,35.058614851520794,5.873276591508625,8.71036782638992
2019-02-08 22:00:00,-1.070154478173091,-2.2821566628763,0.8398957351117398,-3.085261491539837,3.9697246455595248,60.22168530556933,24.369310164964432,21.621985370782628,5.994618297787513,8.8349611321507
2019-02-08 22:15:00,-1.5135465722299069,-2.7534642641755647,0.4555329669621022,-3.6353455692128223,4.156970471639427,64.45984188819132,99.99999999999999,54.95531870411596,5.453373655247606,8.279212731148666
2019-02-08 22:30:00,-1.6601510696425348,-2.9356274297236085,0.4187807151542211,-3.9181623624457873,4.414177536902631,66.12045449140776,100.0,74.7897700549881,5.223843680435314,8.043532030670297
2019-02-08 22:45:00,-1.581023251347835,-2.892153616904758,0.6380917890628002,-3.8233282822351278,4.5336233845517935,65.89438049321107,96.16743779805059,98.72247926601682,5.23946170591727,8.059568573124864
2019-02-08 23:00:00,-1.4815804828551604,-2.8253076264073917,0.8383667122484617,-3.6650346987857407,4.567961970360911,65.25365348208614,85.30539198918636,93.82427659574562,5.2811324490199985,8.102355969115017
2019-02-08 23:15:00,-0.8009975379854928,-2.1645014617781566,1.4913195173847926,-2.7627423950252417,4.28127848949552,55.64015216329457,0.0,60.49094326241228,5.973495416500585,8.813272220007962
2019-02-08 23:30:00,-0.821789091485825,-2.1960180660263395,1.4281321875804442,-2.572383544449386,4.023535411298774,56.219001917472525,5.5232161826591595,30.27620272394847,5.915450878852746,8.753672260120492
2019-02-08 23:45:00,-1.3321019222357289,-2.7254862269456392,0.9072613089931902,-2.9129054321736625,3.8588642835289004,61.82715852482047,60.33614780622186,21.953121329626967,5.312407169026634,8.134468759283099
2019-02-09 00:00:00,-1.1247248791981246,-2.5407613042049193,1.0347738069431012,-2.4451382998763482,3.504626107937646,59.472898842867195,39.86837420077877,35.242579396553225,5.4847508058517125,8.311430696751799
2019-02-09 00:15:00,-1.0947489930295928,-2.5298329574260703,0.9514770653669125,-2.134539342241093,3.1043797806659854,59.623419674681365,64.38117691549299,54.861899640831176,5.469059896866324,8.295319317731064
2019-02-09 00:30:00,-0.9858073100650677,-2.4376264321906427,0.8050753579407433,-1.5806037890213398,2.394965967960189,58.530903780954176,41.22391768540381,48.49115626722516,5.542324104396146,8.370546789719157
2019-02-09 00:45:00,-1.0461696098603035,-2.5139128890269147,0.6517244406007316,-1.458168058940179,2.1184344894152147,59.723086993083676,36.1678117975538,47.25763546615017,5.432465923172236,8.257744733581163
2019-02-09 01:00:00,-1.0569518401101652,-2.541493541577622,0.5740965394544162,-1.3394784873390297,1.9209262381228256,60.36584298059024,100.0,59.13057649431918,5.375012384821165,8.198751610026743
2019-02-09 01:15:00,-1.2316402887085687,-2.7355844191032985,0.27728085269349556,-1.307826522918798,1.5933173068717468,63.023309616200784,100.00000000000001,78.72260393251791,5.135429023329374,7.952748121787256
2019-02-09 01:30:00,-1.1645755734978391,-2.6893224330916787,0.2609978512069677,-1.1053719860694589,1.3721629317182342,62.63006039735309,91.24635588881286,97.08211862960427,5.156219102234516,7.974095313426943
2019-02-09 01:45:00,-0.5901991004477858,-2.1261566548692046,0.780528614753262,-0.4638652621979711,1.24242672189593,52.71215139740578,0.0,63.74878529627093,5.7416981507257825,8.575263471863192
2019-02-09 02:00:00,-0.00828454180137328,-1.5381076731947108,1.4139013642359144,0.0036695143080800463,1.4003066800743293,44.74139818378009,0.0,30.415451962937592,6.360318015900779,9.210460523026143
2019-02-09 02:15:00,-0.04157423853511366,-1.5569116468760913,1.4079836724933292,-0.0958773044036687,1.4940591542440744,45.27457909577344,2.916439640156107,0.9721465467186738,6.323103069079261,9.172248325502341
2019-02-09 02:30:00,0.056161885289762736,-1.4438881612833465,1.5205136491971416,-0.014959761475674682,1.5240010819040641,43.96919051157877,0.0,0.9721465467186738,6.429500650455311,9.281497047933552
2019-02-09 02:45:00,-1.8877282081378066,-3.4003558561468528,-0.2784912868996403,-2.1354708662525534,1.8796668019551952,65.8274224636276,100.0,34.30547988005201,4.2798313560152845,7.074222963035592
2019-02-09 03:00:00,-1.859889739020204,-3.4133846867151485,-0.11616742416006298,-2.2280113292698855,2.1368901677581777,66.17236538070443,100.0,66.66666666666664,4.2287338298706345,7.021756174049387
2019-02-09 03:15:00,-1.7869528865096074,-3.379420659981669,0.05910022299440154,-2.287148047376908,2.372680498484324,66.17236538070443,100.0,99.99999999999996,4.2287338298706345,7.021756174049387
2019-02-09 03:30:00,-1.919883755447016,-3.551593720462898,0.036279279069550974,-2.573928408738946,2.6437522659927786,67.82946936599653,100.0,99.99999999999996,4.004498337570883,6.791511832583597
2019-02-09 03:45:00,-2.170599285310415,-3.8466008793945017,-0.05629895903064286,-3.012940430921973,3.00272183251851,70.3532177289552,100.0,99.99999999999996,3.6446913219314814,6.4220630512108245
2019-02-09 04:00:00,-1.4955734512869356,-3.2108675011104815,0.6703571482237658,-2.4099992173582607,3.107385054410271,61.05415169790661,0.0,66.66666666666663,4.295170384898261,7.089973032606034
2019-02-09 04:15:00,-1.6083083882364901,-3.3524485282924954,0.6043870180320932,-2.5268615677578654,3.1616394426090806,62.5933024950556,16.551670802314245,38.85055693410471,4.1063038371182525,6.896045418950658
2019-02-09 04:30:00,-1.6515324336386028,-3.426681901585793,0.6093634560902395,-2.5726976042201977,3.2136079918560183,63.55744151236008,26.919798247428822,14.490489683247652,3.989244683451476,6.775849425568303
2019-02-09 04:45:00,-1.5590413842316297,-3.3645316575931283,0.7471069222086513,-2.5295901732232506,3.306162996261703,63.100530736516525,22.00628570414784,21.82591825129693,4.019756467308921,6.807178835150873
2019-02-09 05:00:00,-1.6318430932492745,-3.466542729597999,0.7231275631306433,-2.6334703700452655,3.3889683901104584,64.43148212528104,100.0,49.642027983858846,3.8724484812969973,6.655923430022459
2019-02-09 05:15:00,-1.5262939560582556,-3.3900273757804578,0.8652175850936805,-2.541410852962056,3.435420582317619,63.66400537579307,58.248000528988236,60.084762077711986,3.918120084029497,6.702818896868434
2019-02-09 05:30:00,-1.3229334806380222,-3.211217520532972,1.0808576372430156,-2.3172799877664407,3.4192759711763014,60.970067065362386,0.0,52.749333509662705,4.0757412662687065,6.864663861434583
2019-02-09 05:45:00,-1.3405843999937606,-3.2495426045944575,1.0710819114624792,-2.3173538520089854,3.4096827229906204,61.812108792137245,24.326517109296006,27.524839212761375,3.9994132890040612,6.786290519728166
2019-02-09 06:00:00,-0.9858063989203192,-2.911823090614807,1.4177324433855443,-1.9312698183118204,3.3576235877134866,56.15811755885834,0.0,8.108839036431961,4.330979007259161,7.126741220325683
2019-02-09 06:15:00,-0.43109834303011185,-2.3614258290163503,1.968319237870908,-1.3770380464317777,3.335496203456582,48.13399599021608,0.0,8.108839036431961,4.896932636354667,7.7078607357727424
2019-02-09 06:30:00,-0.5084522939555969,-2.433176907657475,1.869420852326975,-1.4412998551842637,3.3036489002044207,49.545578229457035,10.320007296932749,3.440002432310876,4.7935757217459685,7.6017341610010725
2019-02-09 06:45:00,-0.41782084337296244,-2.3375300074725325,1.9126925428092356,-1.2540128603163891,3.156310415414268,48.47988808016794,2.5287998056521204,4.282935700861583,4.871074298673772,7.681309470985553
2019-02-09 07:00:00,-0.3684045932219271,-2.2808899149869832,1.8171683579939035,-0.9525994094832013,2.757846027277325,47.961434735328865,0.0,4.282935700861583,4.907279542316045,7.7184849082659435
2019-02-09 07:15:00,-0.5236147520988665,-2.4296637772487917,1.4615432233674452,-0.8023269965063418,2.2564328341782147,50.87129752233452,100.0,34.176266601884,4.72134698700275,7.527569909413145
2019-02-09 07:30:00,-0.3239418780230152,-2.224429494544633,1.3424608643618274,-0.1650908337806789,1.4987289056550797,47.83095819879566,0.0,33.33333333333329,4.917628489691217,7.7291111768767795
2019-02-09 07:45:00,-0.23560025099443882,-2.1258400049577464,1.441954472434137,-0.17480075538395257,1.6065763319642272,46.568937040025595,0.0,33.33333333333329,5.0004936321452975,7.814196860499534
2019-02-09 08:00:00,-0.10318220829322877,-1.9801614941470813,1.5921596206996735,-0.15334981445199736,1.733041847130223,44.513576142906594,0.0,-3.789561257387201e-14,5.135429023329374,7.952748121787256
2019-02-09 08:15:00,-0.6697394318429084,-2.5373947934789642,0.9733508448506623,-0.7591318108014389,1.730628987302314,54.56407928333816,100.0,33.33333333333329,4.5103915884636026,7.310961529012916
2019-02-09 08:30:00,-0.7090758369783456,-2.5784749474271007,0.8654628454527691,-0.8306025322007637,1.6957698023209824,55.566926497329185,100.0,66.66666666666663,4.438552560514553,7.237197427210673
2019-02-09 08:45:00,-0.7187254959847511,-2.590689265719326,0.7173706576915517,-0.8336896760962942,1.5519629478212955,56.162354552576566,100.0,99.99999999999996,4.397546012269937,7.195092024539873
2019-02-09 09:00:00,-0.7045829576434626,-2.5791089366244746,0.6958576553231399,-0.8499453970051696,1.5469949170941462,56.39831659515948,100.0,99.99999999999996,4.382176857395215,7.179311021690049
2019-02-09 09:15:00,-0.44229690336525795,-2.3162080438510313,0.9046527134963567,-0.6183481090097587,1.5208237283259578,51.429628373068134,0.0,66.66666666666663,4.638921684376229,7.442935852026755
2019-02-09 09:30:00,-0.24580790414368003,-2.1120350798901955,1.0321730903207538,-0.45208437666854895,1.479964912278233,47.970637836557984,0.0,33.33333333333329,4.834894036471171,7.6441596845736814
2019-02-09 09:45:00,-0.5093574513067689,-2.367263633284211,0.6841357851817831,-0.7254174836286542,1.4098442726410245,53.149982639621115,61.45636243879093,20.485454146263606,4.536072341262032,7.33733045016709
2019-02-09 10:00:00,-0.6254224202607461,-2.481274493607266,0.45369516818238864,-0.8291184395175732,1.2852261266843872,55.53347727628846,89.73810768489076,50.39815670789386,4.387299406193246,7.184570839672189
2019-02-09 10:15:00,-0.45072248827818795,-2.304727319629618,0.5108187339661674,-0.6332075272813431,1.1447267698877084,52.36753344596432,58.13815888127638,69.77754300165266,4.55148685180633,7.3531580240845384
2019-02-09 10:30:00,-0.3436412960672097,-2.1913814246329877,0.525397463032129,-0.5160498294592197,1.0413986194278544,50.52570561652298,33.78450382725633,60.55359013114113,4.6492177506641585,7.453507822493344
2019-02-09 10:45:00,-0.36783538071967214,-2.207674558402273,0.3729894902674502,-0.5008541504424091,0.8744026667090365,51.302339050672174,15.508563227612646,35.81040864538175,4.608045637847913,7.411232418609215
2019-02-09 11:00:00,-0.3157345724939753,-2.1476010774719834,0.37065020409308147,-0.45035107981862277,0.8213285869498951,50.449478862420825,0.0,16.431022351622957,4.6492177506641585,7.453507822493344
2019-02-09 11:15:00,-0.6180162023157854,-2.444521315512971,0.08852619231309866,-0.7686615328710289,0.8601126903720551,56.91024730510974,100.0,38.50285440920418,4.305398911391145,7.100475653410476
2019-02-09 11:30:00,-0.434318701154901,-2.25889891235016,0.2729310594486778,-0.5902354457150372,0.8645381138417942,53.124760535228475,41.40810333227514,47.13603444409168,4.479591335527289,7.279335920231844
2019-02-09 11:45:00,-0.2808294777387199,-2.0983855117797323,0.4161276833569705,-0.42547347774936073,0.8416404901011978,50.065784665206806,0.0,47.13603444409168,4.628627643876038,7.432365961633036
2019-02-09 12:00:00,-0.47672629749082596,-2.286832089049673,0.21594363529555682,-0.6090917652649908,0.8266604005134524,54.35982146773092,62.73738390344997,34.71516241190833,4.402670069696657,7.200353391577496
2019-02-09 12:15:00,-0.46272417434748414,-2.2688255604132346,0.23231195810258232,-0.6043364979797516,0.838207625112594,54.45568065782336,64.13792029521264,42.29176806622083,4.397546012269937,7.195092024539873
2019-02-09 12:30:00,-0.5008692078517507,-2.30320337242772,0.18858456428605397,-0.6226847261537771,0.8130339813543894,55.65920755497624,100.0,75.62510139955417,4.336096532103784,7.131995879727282
2019-02-09 12:45:00,-0.6964414605009517,-2.4980383706639575,0.0024768625967563906,-0.8002060262045196,0.8058973278076075,60.02054529885258,100.0,88.04597343173752,4.101208828855274,6.890813879508628
2019-02-09 13:00:00,-0.6130646266275352,-2.416457253307336,0.03362367657593346,-0.6217437490502631,0.657300283076799,58.40660910719521,71.4888724515364,90.49629081717876,4.162381861808906,6.953626169139593
2019-02-09 13:15:00,-0.5141475746310409,-2.316656911567627,0.13732313270149454,-0.5435961050120897,0.6823052486204869,56.23531344900443,31.97980375048131,67.8228920673392,4.244057828963488,7.0374908110757195
2019-02-09 13:30:00,-0.6016039900607284,-2.4024934734558467,0.06632587313433191,-0.6674615692376373,0.7359996205932442,58.616931935426194,67.81690742944248,57.095194543820035,4.126688858429595,6.916976698648902
2019-02-09 13:45:00,-0.6714197554572254,-2.4730974427732866,0.025266648509525425,-0.7857322197143968,0.8140943217409029,60.623581017895376,100.0,66.59890372664124,4.0248435054772935,6.812402190923317
2019-02-09 14:00:00,-0.761625179044878,-2.5663966120299198,-0.01828215100534436,-0.9390763211285846,0.9252230206102113,63.03636329988552,100.0,89.27230247648079,3.89781663654567,6.681971376935469
2019-02-09 14:15:00,-0.7596924848301767,-2.5691226784626653,0.026473160734497014,-0.9684136851740521,0.9995946394028775,63.612636511684414,100.0,99.99999999999996,3.8673763367351732,6.650715366961268
2019-02-09 14:30:00,-0.5619924337157634,-2.3736912957871614,0.2099271706959449,-0.7264854057884906,0.9388373974297182,57.79094159170928,0.0,66.66666666666663,4.050286161522276,6.838526635033992
2019-02-09 14:45:00,-0.310406323659318,-2.1178428883325884,0.4522849826046116,-0.4669951914894166,0.919347793084395,50.95537786933695,0.0,33.33333333333329,4.300284397371779,7.09522408551535
2019-02-09 15:00:00,-0.3264041730783429,-2.1252722380905142,0.42727560545086085,-0.4895305074114731,0.9170915800943751,51.708601953353906,5.9509259097929,1.983641969930929,4.269607843137235,7.063725490196071
2019-02-09 15:15:00,-0.5103617997251786,-2.303217105391786,0.24204330363610804,-0.6676376681794771,0.9116208753513423,56.719419666213696,45.5394170234616,17.16344764441813,4.055376186283133,6.84375305743079
2019-02-09 15:30:00,-0.5043737426468353,-2.2944924313661463,0.23597561178210213,-0.6326496152057604,0.8703514559700032,57.06213686581728,89.33804503194565,46.942795988400015,4.040107605771559,6.828075324040106
2019-02-09 15:45:00,-0.42377214639501837,-2.2101144273972806,0.297097319687345,-0.5188083611906813,0.8168111611442572,55.02866312686182,66.70126101050552,67.19290768863755,4.1063038371182525,6.896045418950658
2019-02-09 16:00:00,-0.45863257499523247,-2.240218595457799,0.23162995845682488,-0.5036056958728885,0.7362368471267589,56.44309352286223,88.43673660343786,81.49201421529631,4.050286161522276,6.838526635033992
2019-02-09 16:15:00,-0.28132096739401646,-2.0566872532925107,0.3994700726872136,-0.3308728851717402,0.7300925463824235,51.09392852690276,0.0,51.71266587131442,4.223626831299909,7.016512322994761
2019-02-09 16:30:00,-0.29844693353471285,-2.0647219694661434,0.36056834643256597,-0.32334081765450495,0.6837818865377712,51.95918052169347,14.497684156717627,34.311473586718456,4.192995346558903,6.985060004898358
2019-02-09 16:45:00,0.009781846118661619,-1.7440334936763668,0.6514521290968744,0.015804160211452256,0.6335343200875581,43.297259459772505,0.0,4.832561385572504,4.515526729559749,7.316234276729561
2019-02-09 17:00:00,-0.0047635581389759984,-1.7410171845261613,0.6474259212296829,-0.019079077702166547,0.6644175755001004,43.777904368987265,3.6562526722004898,6.0513122763060005,4.50012281994594,7.300417587816255
2019-02-09 17:15:00,0.25572186895586047,-1.4601236559603326,0.9793009167430977,0.1556744527151821,0.8189788598576899,37.50169636290392,0.0,1.2187508907334585,4.783251231527097,7.591133004926109
2019-02-09 17:30:00,0.046813742889129095,-1.6470253033776472,0.7851978180668073,-0.08762629117641252,0.8697904041417511,44.09311559790686,45.591744473713504,16.41599904863796,4.566905908956831,7.36899026644382
2019-02-09 17:45:00,-0.05415245381166223,-1.7310574162386239,0.6741774709143167,-0.21795785690832403,0.8901049112275298,47.097408947504015,100.0,48.5305814912378,4.459067917300974,7.258262534989934
2019-02-09 18:00:00,-0.0048483621255202,-1.666031096227838,0.7219484997943448,-0.2006494284041871,0.9201994326498599,45.834322003228955,86.8369656433629,77.4762367056921,4.5103915884636026,7.310961529012916
2019-02-09 18:15:00,0.16083945945477574,-1.4817480295646335,0.9112012144333104,-0.08730122427659248,0.994405983310592,41.626486845848916,42.985765221488215,76.60757695495033,4.690422285658036,7.495816517373766
2019-02-09 18:30:00,0.449083951618201,-1.1684579512769244,1.2630741767716946,0.09059880901047812,1.1645929774958914,35.422687499108044,0.0,43.274243621616996,5.010860979462861,7.824842022116907
2019-02-09 18:45:00,0.5985192851102772,-0.9874687115217551,1.4749607742779114,0.11497048530388909,1.3492641030992918,32.47987016056898,0.0,14.328588407162698,5.192621532070607,8.011473220908961
2019-02-09 19:00:00,0.47954526848197343,-1.0745033191634223,1.3482749817812945,-0.07215226057167845,1.4114215070810283,35.76390362596329,24.591301118804935,8.197100372934939,5.08868138925942,7.9047477891408535
2019-02-09 19:15:00,0.3131115971685583,-1.2135836491757312,1.1271240256650827,-0.2609046097217238,1.3820428735332102,40.5874748744484,88.64047759787891,37.74392623889457,4.927979479084454,7.739739542225732
2019-02-09 19:30:00,0.4818355792058693,-1.0178306302533913,1.2886138958726034,-0.1484537693527077,1.4289216676782661,36.92697899477034,54.85108106699316,56.027619927892296,5.125037066324012,7.942077691015137
2019-02-09 19:45:00,0.09221207435856638,-1.3840217506248087,0.8762984396857298,-0.5489057654043505,1.4228750108152768,47.41121354108991,100.0,81.16385288829065,4.72134698700275,7.527569909413145
2019-02-09 20:00:00,0.15018374426265524,-1.3077226091669614,0.9113509633170036,-0.5054196366505059,1.413900866694535,46.03767788414425,88.20727131883206,81.01945079527503,4.7884132223262155,7.596433321838503
2019-02-09 20:15:00,0.30097779088573695,-1.1356046147071197,1.0099114833919787,-0.36449551576129835,1.369985945131193,42.65915845204786,54.674277191650326,80.96051617016076,4.959044705417925,7.771637224908723
2019-02-09 20:30:00,0.4511210929632137,-0.9598160003681855,1.1079712006628162,-0.2306481480727096,1.3327729864112994,39.44713889399149,24.037614649758513,55.6397210534136,5.135429023329374,7.952748121787256
2019-02-09 20:45:00,0.4429715290713121,-0.9405716023369037,1.0450837752344677,-0.2477530782496462,1.2877032269269355,39.259876492616286,0.0,26.23729728046958,5.145823035096386,7.963420662382581
2019-02-09 21:00:00,0.7030754993550881,-0.64922387357772,1.2609521828527814,-0.020619047813907887,1.2736723406303496,34.190818519479656,0.0,8.012538216586139,5.448145944874083,8.273844933571283
2019-02-09 21:15:00,0.8532985774225565,-0.4620139065250273,1.4163286613925186,0.05772150001812637,1.3486671462512994,31.405101813393514,0.0,-3.197442310920451e-14,5.641917059846024,8.472808542339205
2019-02-09 21:30:00,0.9499459545549538,-0.3250921025389264,1.5072157475787495,0.08468797233387448,1.4112945500244878,29.515279082561285,0.0,-3.197442310920451e-14,5.783767654664795,8.618460314302755
2019-02-09 21:45:00,-0.4334148288649309,-1.6914479750657518,0.1348857112696944,-1.3216838084692761,1.4652643846570077,58.02601472524815,100.0,33.3333333333333,4.315629444362701,7.110980334461292
2019-02-09 22:00:00,-0.5475967951742988,-1.8080840267669873,0.06042741231770954,-1.4885091009408602,1.5600760937704305,59.76031499006641,100.00000000000001,66.66666666666664,4.172584357706044,6.964102061805177
2019-02-09 22:15:00,-0.21626870931253928,-1.4748481052626161,0.4148528134179985,-1.172972009605111,1.5938665270747918,54.08734677772317,81.24330805990041,93.7477693533001,4.5103915884636026,7.310961529012916
2019-02-09 22:30:00,-0.056817621287408304,-1.3065666974892642,0.5605935059139977,-1.0152955382941253,1.5794800080569746,51.53303492676161,72.797916033344,84.68040803108143,4.674966783130752,7.479946853009212
2019-02-09 22:45:00,-0.07348716033753755,-1.3127958314396615,0.5148988033748747,-1.0275679300659646,1.5464307700025701,51.83920769425634,3.7214336346749226,52.58755257597307,4.6543665436654225,7.458794587945872
2019-02-09 23:00:00,0.16615874842564882,-1.05878314458,0.7221142351321541,-0.7813004250210365,1.5038596987816777,47.776377701269126,0.0,25.506449889339603,4.912453760789126,7.72379778051786
2019-02-09 23:15:00,0.26893936652314654,-0.9369994838702711,0.8126222785627801,-0.6773269990840491,1.488942043497316,45.990780131342376,0.0,1.2404778782249366,5.03160181710447,7.846138652972545
2019-02-09 23:30:00,0.573374909897284,-0.6070032764742606,1.144389476939045,-0.3894107788312784,1.5280320973526886,41.22895466447144,0.0,-3.759955310063864e-14,5.375012384821165,8.198751610026743
2019-02-09 23:45:00,0.6179533955319005,-0.5326679757180153,1.2224152629439766,-0.35239741642391076,1.5679917752296606,40.276330965851315,0.0,-3.759955310063864e-14,5.448145944874083,8.273844933571283
2019-02-10 00:00:00,0.49796700580193587,-0.6249090085504116,1.1227599177675351,-0.4759691095265417,1.593575477438856,42.326465078435554,27.334951166408032,9.111650388802639,5.3437004754357975,8.166600633914411
2019-02-10 00:15:00,0.5262819511819838,-0.5699414870522168,1.1659203672816032,-0.4643050665184112,1.624526470658465,41.55831095197373,22.434008055652217,16.589653074020045,5.395897334258248,8.220196214448517
2019-02-10 00:30:00,0.673432325932799,-0.39325614920531216,1.351055503291887,-0.3439576723491822,1.6865207188520839,38.89751854506519,0.0,16.589653074020045,5.57899439122449,8.40819973197
2019-02-10 00:45:00,0.4075682104387912,-0.6334775092133094,1.0657061622381336,-0.6131637054374584,1.6750796443875555,44.37647966862212,100.0,40.8113360185507,5.31762142892509,8.139822745952374
2019-02-10 01:00:00,0.2675570352970169,-0.7536551297467886,0.9079755007966428,-0.7507288014937274,1.6574011979513712,47.03602833947434,100.0,66.66666666666663,5.182218266330407,8.000791178361254
2019-02-10 01:15:00,0.562906744630931,-0.4342078412157946,1.2166784547981813,-0.477058433963673,1.6874963583034197,41.7449442248175,34.98706460620574,78.32902153540188,5.516146634257635,8.34366784066669
2019-02-10 01:30:00,0.3494972243682559,-0.6250952225216877,1.011361107652431,-0.685602406726471,1.6942040058985766,45.845241517360286,85.36849064269626,73.45185174963396,5.307193425417078,8.129115302737745
2019-02-10 01:45:00,0.5558606341056649,-0.39430530114854534,1.2398048228928094,-0.4950025602022623,1.7283709102713845,42.16936192289056,8.02137499378203,42.79231008089463,5.547561157147807,8.375924180022821
2019-02-10 02:00:00,0.2997283404258422,-0.6295718004560191,0.994541191148679,-0.7217959184032896,1.7139996829968542,47.04053471846664,100.0,64.46328854549272,5.291555291555272,8.113058113058113
2019-02-10 02:15:00,-0.17724284291423809,-1.0982533865278699,0.5323177649627642,-1.145125646736056,1.6825989612253358,55.1731218528047,100.00000000000001,69.34045833126065,4.783251231527097,7.591133004926109
2019-02-10 02:30:00,-0.2363901026885662,-1.154808365761184,0.4747720183006843,-1.1235856443712389,1.6035597196535738,56.207714501909145,99.99999999999999,99.99999999999996,4.711036723441953,7.516983361228702
2019-02-10 02:45:00,-0.31197744765786295,-1.2299550475226906,0.32913149266464714,-1.1834498086196743,1.5190701485399098,57.56382863190011,100.0,99.99999999999996,4.618335628565795,7.421798150698411
2019-02-10 03:00:00,-0.285608743833754,-1.2032859851512367,0.24211368801581035,-1.1113153211506521,1.3593366975539394,57.24564741823428,96.9764104634609,98.99213682115358,4.633774410940039,7.437650646859173
2019-02-10 03:15:00,-0.005030475258460676,-0.916284441455828,0.4596285121938548,-0.808878709510219,1.2707262286344894,51.42901820234358,0.0,65.65880348782025,4.927979479084454,7.739739542225732
2019-02-10 03:30:00,0.14706181515193872,-0.7520718348085098,0.569185418913043,-0.6428020197034701,1.2124337148603708,48.45252348750426,0.0,32.325470154486915,5.09387351778654,7.91007905138339
2019-02-10 03:45:00,0.24599514875609518,-0.6376675464718873,0.6151043586280824,-0.5240963459659742,1.1386825584105797,46.46162699304743,0.0,-4.7369515717340014e-14,5.208230289840721,8.027500247304387
2019-02-10 04:00:00,0.2840099882399416,-0.5826420472014315,0.6390426119766923,-0.48217404507238104,1.1203379280229826,45.545532923328395,0.0,-4.7369515717340014e-14,5.260292953285828,8.080958036421215
2019-02-10 04:15:00,0.5454158537116172,-0.29842649871071325,0.9159305941110363,-0.24301113601948865,1.1550554337478147,40.62816802424806,0.0,-4.7369515717340014e-14,5.558036821993939,8.38668056175873
2019-02-10 04:30:00,0.5336158059116469,-0.28565912378857305,0.9323991152618172,-0.25792395520413125,1.1863223456959746,40.46309141779337,0.0,-4.7369515717340014e-14,5.56851456647971,8.39743907886248
2019-02-10 04:45:00,0.4743541812384011,-0.32199803467111154,0.8950481251249087,-0.3076591287463959,1.1991853125851464,41.48721817506255,17.072946295326492,5.690982098442117,5.526616063898393,8.354417820112104
2019-02-10 05:00:00,0.274108136191642,-0.5044873090817803,0.7053828393022377,-0.49394436443211953,1.198060623179514,46.219499605685414,100.0,39.02431543177545,5.328051497895503,8.15053230997771
2019-02-10 05:15:00,0.1585203257490786,-0.606660549007032,0.5993626372951866,-0.5884807062469521,1.187778716911639,48.80118600506013,100.00000000000001,72.35764876510878,5.213434238512149,8.032843646436172
2019-02-10 05:30:00,0.3908884985447836,-0.35665042850797635,0.8434731011133012,-0.3267874264962667,1.167245033671247,43.670252800352245,38.46396018889713,79.48798672963233,5.474289681162281,8.30068924480587
2019-02-10 05:45:00,0.610485750890799,-0.11282222676070042,1.1078809423839209,-0.14207917282423876,1.2439530548997917,39.30848041556531,0.0,46.15465339629899,5.731186002584732,8.564469629187776
2019-02-10 06:00:00,0.30388499474225394,-0.4008755730778524,0.805886591780447,-0.4505314844799435,1.254189662749473,46.26759783305863,73.31015748760483,37.258039225500596,5.422015165782801,8.24701392674827
2019-02-10 06:15:00,0.23468700137310172,-0.45549774066916404,0.7440446148189617,-0.4929177635631943,1.2354111538168442,47.58404541162171,87.17814871678543,53.49610206813003,5.359354103719838,8.182673733221058
2019-02-10 06:30:00,0.08259237590089175,-0.5971952231,0.5985836307548453,-0.634688284793028,1.2334945900250185,50.8275453492402,100.0,86.82943540146336,5.203026855927573,8.022157376724849
2019-02-10 06:45:00,0.1269351232257021,-0.5425550147613922,0.6461164814636877,-0.5555627677716668,1.2011354128739398,49.72303086296812,90.41142234520156,92.52985702066228,5.255084368350715,8.07560987678757
2019-02-10 07:00:00,0.3653454993377325,-0.28803160612485,0.9030150448091412,-0.3280572116906688,1.2275433282394996,44.42129208343805,0.0,63.470474115067134,5.521381089393795,8.349042563746401
2019-02-10 07:15:00,0.5283399104114572,-0.10363224930383108,1.0454786815898842,-0.19065039273734596,1.2308681696708146,41.00529925822109,0.0,30.1371407817338,5.715421698722722,8.548282888524428
2019-02-10 07:30:00,0.5700644359010854,-0.03865982232270637,1.044318428418256,-0.16208250241855904,1.201102651287921,39.845893002979636,0.0,-5.210646728907401e-14,5.783767654664795,8.618460314302755
2019-02-10 07:45:00,0.7934053908887684,0.2133727409852737,1.222031216341657,0.03388940987376632,1.1807273075703106,35.59398574880689,0.0,-5.210646728907401e-14,6.052749663459145,8.894650246796632
2019-02-10 08:00:00,2.133348863680773,1.6159390628700088,2.9223739223791956,0.903787780609222,1.980693866679821,21.824512852300966,0.0,-5.210646728907401e-14,7.554229660716993,10.43636547504676
2019-02-10 08:15:00,0.8634647901882619,0.38369691639450476,1.6194588956102596,-0.38363293027722234,1.9907904730965376,42.520834512055536,100.0,33.33333333333328,6.254058644287919,9.101353713971738
2019-02-10 08:30:00,1.2574749356890846,0.8186862799271832,2.064419994220046,-0.09512592969735945,2.138489351977925,38.52658597625618,80.70068391154526,60.23356130384837,6.723195022828743,9.583061562390238
2019-02-10 08:45:00,0.9016174599612459,0.49602692071315513,1.7029764165460426,-0.48211015666799195,2.1718290094149406,42.678010274421105,100.0,93.56689463718169,6.386916074822424,9.237771331399403
2019-02-10 09:00:00,1.2459388601034238,0.8807626080021169,2.089039468716769,-0.22671771736095803,2.2943926989308654,39.1526039611993,83.09441221364496,87.93169870839667,6.803575015063257,9.66559550110464
2019-02-10 09:15:00,0.9194685360071064,0.5869646291381425,1.7798751504923604,-0.5827590437481489,2.3485765998624086,42.866749229129326,100.0,94.36480407121492,6.498773344014408,9.35262604516096
2019-02-10 09:30:00,0.810645905596119,0.5063897699359776,1.6768145149104186,-0.711235167301727,2.3765758195651587,43.838283990919194,100.0,94.36480407121492,6.4188513107864775,9.270562337402444
2019-02-10 09:45:00,0.807939231280419,0.5312298545244287,1.6713281939451097,-0.7329836838859571,2.393084190768493,43.51949892333173,93.1966104052026,97.73220346840081,6.45080572515262,9.303373035732164
2019-02-10 10:00:00,0.6503945914309028,0.3966055258663559,1.4685633721432056,-0.8847968787404681,2.346511177873482,45.37327126985759,100.0,97.73220346840081,6.312475009995988,9.161335465813657
2019-02-10 10:15:00,0.7119654477063309,0.4821618244309489,1.4611390386487066,-0.8103136259422494,2.264085044174582,44.289488204683174,56.76147875166799,83.31936305229014,6.408204102051007,9.259629814907445
2019-02-10 10:30:00,0.6550106841788139,0.44751352240710585,1.3645485165669768,-0.8594474963627863,2.218393448958349,44.763113499484916,67.08561482664439,74.6156978594374,6.3762752550510005,9.22684536907381
2019-02-10 10:45:00,0.5182156249613268,0.328803954257495,1.2124227756811434,-0.9871367973604217,2.1970847111485443,46.63598302492292,100.0,74.6156978594374,6.254058644287919,9.101353713971738
2019-02-10 11:00:00,0.06087476839047312,-0.12394938641058229,0.7059419075619688,-1.4200145082580051,2.1335740496720996,53.372273581761995,100.0,89.02853827554809,5.773247140726001,8.60765788165092
2019-02-10 11:15:00,0.15419376338270396,-0.02427677688774388,0.7325850410226931,-1.2975427314158017,2.0358786990772475,51.823900262222125,82.95265983662543,94.3175532788751,5.878546540567431,8.715778994524626
2019-02-10 11:30:00,-0.014430255346686849,-0.19126598400545092,0.4714462469909808,-1.4205617309900775,1.9010294604633857,54.25358882662088,100.0,94.3175532788751,5.699662095010916,8.532100973961443
2019-02-10 11:45:00,0.23020941360969438,0.06170058992067684,0.6064056862067346,-1.1175400457941076,1.7283628602193064,50.16654663672043,46.34741812198464,76.43335931953665,5.968216011557792,8.807851342599516
2019-02-10 12:00:00,0.31722668693645595,0.15989088426964226,0.6265672475498363,-0.991101232489644,1.6206223396372423,48.61973393357222,0.0,48.78247270732817,6.073904153991916,8.916371615219653
2019-02-10 12:15:00,0.3192078538005294,0.1731373279610926,0.5923771263796729,-0.9624519393471087,1.5577114145287267,48.37876876070546,0.0,15.449139373994834,6.089775561097266,8.932668329177073
2019-02-10 12:30:00,0.10999536029332457,-0.03097615261050679,0.3733594697729048,-1.1592835153653391,1.5386894503267963,51.8882290184965,59.73732332930943,19.912441109769766,5.873276591508625,8.71036782638992
2019-02-10 12:45:00,-0.013855011132479778,-0.15367239031957025,0.2905974207765061,-1.2947732012495994,1.59337074357617,53.94429133941252,100.0,53.2457744431031,5.7416981507257825,8.575263471863192
2019-02-10 13:00:00,0.18768139961247154,0.05468237993799807,0.3676293326435376,-0.8075018044975346,1.177721373199003,50.072779469603134,30.437585778175233,63.39163636916152,5.962937132609336,8.802431005280443
2019-02-10 13:15:00,0.1228133773550466,-0.005042713129521648,0.33609117427984003,-0.8618304951997335,1.201078941615254,51.151485491606884,49.81952173744587,60.085702505206996,5.899631584187981,8.737429055063227
2019-02-10 13:30:00,0.03664914453322954,-0.08871137008782393,0.2641168319908793,-0.8729811805954113,1.140570275475368,52.71026592066168,68.12549049961726,49.46086600507942,5.810078097796345,8.645475799631885
2019-02-10 13:45:00,-0.07462678276368706,-0.20087122024337045,0.19917868794598892,-0.9703204945641586,1.174025884718946,54.81127194843549,100.0,72.64833741235434,5.689158302693009,8.521315711020549
2019-02-10 14:00:00,0.0716219081104974,-0.0513713532122817,0.31717473736467827,-0.7013307883199427,1.020465615890293,51.59155881816921,32.05195228969384,66.72581426310366,5.846934713375784,8.683320063694278
2019-02-10 14:15:00,-0.15552877377337238,-0.28175149277607225,0.1192450639524889,-0.8847715495801101,1.00787438621676,55.956609849714724,100.0,77.35065076323123,5.599960283969607,8.429727448741486
2019-02-10 14:30:00,0.2090852001081389,0.0900201148238633,0.4808439883590365,-0.46190836946315983,0.9426631082753721,48.4490084068432,0.0,44.0173174298979,5.994618297787513,8.8349611321507
2019-02-10 14:45:00,0.15293313722828383,0.03976982534106277,0.4098047877795219,-0.4426765877594607,0.8526215115579087,49.423376528074066,12.978420986319549,37.65947366210647,5.941826875186762,8.780755055284395
2019-02-10 15:00:00,-0.12546781291556952,-0.24100969893855462,0.14758946176018917,-0.6834722529197701,0.8332944554732544,54.68139508221829,83.01435182461299,31.997590936977463,5.641917059846024,8.472808542339205
2019-02-10 15:15:00,-0.22527903627086454,-0.3464083875254653,0.055800472839973025,-0.7265352051909146,0.7849682052260698,56.55858723960825,100.0,65.3309242703108,5.526616063898393,8.354417820112104
2019-02-10 15:30:00,0.0984671439348217,-0.018851593310831305,0.34518206515798955,-0.31382474098289315,0.6589034988878152,49.88298338421206,17.682483972844402,66.89894526581908,5.873276591508625,8.71036782638992
2019-02-10 15:45:00,0.1808466411821641,0.07009967725255528,0.4055764389264027,-0.1679437980654508,0.5728396100452213,48.211671706998324,0.0,39.227494657614756,5.968216011557792,8.807851342599516
2019-02-10 16:00:00,0.06837775155663639,-0.03906443065174736,0.29035324521968775,-0.2794052482053888,0.5697273065608164,50.399078863932246,26.20617338690092,14.629552453248396,5.852202040308541,8.688728539437673
2019-02-10 16:15:00,0.2574571838805717,0.15871404705334324,0.4951927397117917,-0.10277189702908585,0.5967936653755015,46.54932373546416,0.0,8.73539112896693,6.063325853901769,8.905509847918225
2019-02-10 16:30:00,0.16098289020909373,0.068213466746192,0.38773894988355373,-0.20042265436210904,0.5876112584249882,48.4573080553068,49.561186521540485,25.255786636147093,5.968216011557792,8.807851342599516
2019-02-10 16:45:00,0.20263529509805256,0.11691543148566463,0.4392334486501115,-0.1571220994001754,0.5955155395884284,47.44406035911464,23.241390524662222,24.267525682067525,6.021033743707305,8.86208443403278
2019-02-10 17:00:00,0.4303929644857041,0.3584280024076403,0.710367618187191,0.04260530076960478,0.6652577122104777,42.72926813574639,0.0,24.267525682067525,6.280603577495736,9.128609973018875
2019-02-10 17:15:00,0.034135734295959175,-0.03579325539299072,0.3127520907372894,-0.3276826635735475,0.6404825681690007,51.156801812256525,100.0,41.080463508220696,5.862738267058165,8.699547105957306
2019-02-10 17:30:00,0.04714917786745598,-0.02065817805984027,0.3274978010872509,-0.3130627587776047,0.6405143306075495,50.850785710747026,96.36885341244674,65.45628447081553,5.878546540567431,8.715778994524626
2019-02-10 17:45:00,0.12670822301004137,0.06337823743158832,0.398996636962079,-0.2365894232919219,0.6350703602155583,49.05985213949132,75.11787252052183,90.49557531098947,5.968216011557792,8.807851342599516
2019-02-10 18:00:00,-0.03137713878262893,-0.09493292536748577,0.2466286220161873,-0.38738962674135236,0.6344647882628363,52.45437042526694,100.0,90.49557531098947,5.79955235016163,8.634667993036537
2019-02-10 18:15:00,0.03199885293727611,-0.029990567379623023,0.31279622345516955,-0.32125730249153994,0.6340803509665504,50.96844374120061,56.22569805285916,77.11452352446027,5.868007167031641,8.70495719689428
2019-02-10 18:30:00,0.08339082276345167,0.024524673708659073,0.3617859462572648,-0.2716509928186617,0.6331515936288798,49.68586921194589,18.442000300243883,58.22256611770096,5.925999701210083,8.764503759772913
2019-02-10 18:45:00,0.013127823703840136,-0.044712116309209016,0.27368171871058333,-0.3383744283397716,0.6122541889626838,51.36337752062883,67.86015532130726,47.50928455813672,5.852202040308541,8.688728539437673
2019-02-10 19:00:00,0.04131260718145402,-0.014710534506900963,0.301414811625933,-0.30987715420139894,0.6113178317319087,50.58497515934768,32.47627066499402,39.59280876218167,5.883817014286419,8.721190701378866
2019-02-10 19:15:00,0.05404849277297341,0.00022082517461274875,0.2753534776317679,-0.28232350650752025,0.5576964199400406,50.17552861046458,29.189685439062643,43.17537047512125,5.899631584187981,8.737429055063227
2019-02-10 19:30:00,-0.02936320765111189,-0.08350461209424287,0.1988413280738177,-0.35752411173788357,0.5568072184086006,52.52079130866023,100.0,53.88865203468549,5.810078097796345,8.645475799631885
2019-02-10 19:45:00,-0.0473195264229509,-0.10235289711714168,0.188546236913667,-0.3725617538977488,0.561624729135828,53.08041833628392,100.0,76.39656181302082,5.7890286964738635,8.623862336499721
2019-02-10 20:00:00,-0.17424552768171564,-0.2339657456149502,0.05313190498770215,-0.5056003662968767,0.559999181123661,56.78326413514584,100.0,99.99999999999994,5.647164001192007,8.478196086222312
2019-02-10 20:15:00,-0.04339772411610099,-0.10392205427015577,0.12786768363646228,-0.34668606438039706,0.475073522111081,52.48758025319204,34.99007540618824,78.33002513539601,5.783767654664795,8.618460314302755
2019-02-10 20:30:00,-0.051246994851650296,-0.11272411408536076,0.12812470707617152,-0.3573638915614352,0.4860457022396281,52.783481809841405,6.888345715857878,47.29280704068197,5.773247140726001,8.60765788165092
2019-02-10 20:45:00,-0.044461875188905875,-0.10668461484834024,0.1443547237218512,-0.34575708087528634,0.4906058504707201,52.60706544661918,2.7815173721021833,14.886646164716035,5.778507136108213,8.613058829379883
2019-02-10 21:00:00,-0.018833544549246017,-0.08102614243672424,0.17340455891940998,-0.3206389401369969,0.49440746794446305,51.677043541779334,0.0,3.2232876959866226,5.804814962196558,8.640071627536795
2019-02-10 21:15:00,-0.2136012433399781,-0.2815559739011597,0.0067965057374941296,-0.516104026213926,0.524235517409001,58.20233166255243,100.0,34.26050579070066,5.589476296847851,8.418962521717543
2019-02-10 21:30:00,-0.11471538650338342,-0.18555168946916556,0.11881251541996374,-0.413456259830125,0.5330540805013485,54.52766837509137,43.68580789922737,47.89526929974239,5.689158302693009,8.521315711020549
2019-02-10 21:45:00,-0.14358372856736468,-0.2180643613376665,0.1012569544219355,-0.43056704233721543,0.532701116015882,55.63890999335894,60.71557881049119,68.13379556990613,5.652411463765938,8.483584165300728
2019-02-10 22:00:00,-0.056873846547944584,-0.13240806990484355,0.1270561024669492,-0.23691889825128154,0.36417504716240173,52.29642952315782,9.492086324995903,37.964491011571425,5.7416981507257825,8.575263471863192
2019-02-10 22:15:00,-0.14048973890693484,-0.21948483125916463,0.05591052712323741,-0.32411356675760006,0.38053439628968455,55.35468936026044,51.78311060562386,40.66359191370359,5.647164001192007,8.478196086222312
2019-02-10 22:30:00,-0.08253398438277104,-0.16329978861884253,0.11766512472617396,-0.2602879940795444,0.37822283493558073,53.113724159365084,24.451740062316254,28.575645664311946,5.704914774139036,8.537494409382296
2019-02-10 22:45:00,-0.14603956721847,-0.23039449611678142,0.05496120187089559,-0.3047501475926029,0.36016117085928223,55.578588827402065,98.19531732512266,58.14338933102086,5.63142474052738,8.46203505984009
2019-02-10 23:00:00,-0.08787690441284246,-0.17411485247232905,0.11665574664010414,-0.24683561347894623,0.36372811050401277,53.21156460057885,27.88210420614409,50.17638719786094,5.689158302693009,8.521315711020549
2019-02-10 23:15:00,-0.0987375723957129,-0.18711224755815214,0.10755211072659421,-0.24913887608993823,0.3569436793213933,53.78959176101665,27.420069361853812,51.1658302977068,5.673406527895053,8.505141835163199
2019-02-10 23:30:00,0.0005977801931456028,-0.08696635767615479,0.19743988903460075,-0.12632745181735405,0.3236522623460125,49.407365062436426,0.0,18.434057855999242,5.778507136108213,8.613058829379883
2019-02-10 23:45:00,-0.19492140579644435,-0.28737515667704994,0.015349785443041775,-0.32403464896653134,0.3399090583159512,57.11980640685197,100.0,42.47335645395121,5.563275434243153,8.392059553349874
2019-02-11 00:00:00,-0.17299870463185485,-0.2698156786429262,0.040632474999036106,-0.2907937893385615,0.3318413336584941,56.44180969613741,91.20905196633377,63.73635065544454,5.57899439122449,8.40819973197
2019-02-11 00:15:00,-1.0996437340278886,-1.2280595838810693,-0.5382014470317831,-1.528645444096144,1.000786357927181,76.37411584657984,100.00000000000001,97.06968398877787,4.55148685180633,7.3531580240845384
2019-02-11 00:30:00,-1.1451777037053912,-1.3070792117242491,-0.371049906457277,-1.7523050336329837,1.3960769617430233,77.44091414019371,100.0,97.06968398877787,4.453938322529938,7.252995482223534
2019-02-11 00:45:00,-1.3468203056032357,-1.5477188316250445,-0.3531279216172467,-2.132055993747295,1.8013110179722114,80.13542791612323,100.0,99.99999999999994,4.182788852426889,6.974580006857023
2019-02-11 01:00:00,-1.2614956901130459,-1.4988885317831158,-0.11082474479007232,-2.1713898558957667,2.0843497785939133,78.79675614924442,94.35007454560218,98.11669151520067,4.218520333170006,7.011268985791275
2019-02-11 01:15:00,-1.0304048380244124,-1.297271599834271,0.21137709946521532,-1.985958612400185,2.2170070101365815,71.61839389048768,0.0,64.78335818186734,4.418045260419223,7.21614059201805
2019-02-11 01:30:00,-1.1391332020707856,-1.4376281198244745,0.19918611088096672,-2.1410574043181363,2.3631885552815004,73.73285615657763,24.826274730447143,39.72544975868305,4.254276331911955,7.047983139734337
2019-02-11 01:45:00,-1.1037711838896236,-1.432887846781028,0.3150116346305909,-2.131233148965206,2.4686629776540716,73.8639155628229,26.36506635498208,17.06378036180968,4.244057828963488,7.0374908110757195
2019-02-11 02:00:00,-1.2185471060766395,-1.580963820800052,0.28585282363122744,-2.267848028875985,2.5792612698568544,76.05151126287288,61.75666834001488,37.649336475147976,4.070649248984792,6.859435393120994
2019-02-11 02:15:00,-0.8913330915946149,-1.2783500396669978,0.6557466609485418,-1.9399117328362303,2.6124323657687194,65.61435019898596,0.0,29.37391156499893,4.377054811325376,7.174051719907748
2019-02-11 02:30:00,-0.875065415534404,-1.284810700023975,0.6989650008103476,-1.8960409955117163,2.6106316185298075,65.9498459637574,3.214435062540797,21.657034467518503,4.3565716528479514,7.153019673257122
2019-02-11 02:45:00,-0.7940021153305055,-1.2240547137231883,0.7947615995828938,-1.7764530539587153,2.583897604528344,64.26178819605101,0.0,1.0714783541802102,4.407794630147732,7.205615275119026
2019-02-11 03:00:00,-0.8890177332620097,-1.3413071090269013,0.7072521714778235,-1.8131345244189578,2.5344004395034427,66.73737673655141,20.99785148870114,8.070762183747258,4.269607843137235,7.063725490196071
2019-02-11 03:15:00,-1.1101961035162922,-1.5905975718585208,0.5140470603687053,-1.9977918660396443,2.5306128447259812,71.12519221560008,100.0,40.33261716290033,3.989244683451476,6.775849425568303
2019-02-11 03:30:00,-1.2196943630071844,-1.7317014578466683,0.43165388123336257,-2.056995544646023,2.509039659346834,73.39308401661769,100.0,73.66595049623366,3.821749316673162,6.6038656774697335
2019-02-11 03:45:00,-1.1950190618463363,-1.7382080944043143,0.47284127038227375,-1.9728656689573576,2.4641886548645666,73.72975684651952,100.0,99.99999999999994,3.796418289171899,6.577855853218173
2019-02-11 04:00:00,-1.4022515965357418,-1.9813088047321625,0.2853491711158007,-2.1113176351998275,2.4187496088570732,77.15425011995292,100.0,99.99999999999994,3.518590617091677,6.292583219778081
2019-02-11 04:15:00,-1.3242045374696643,-1.9379747154815496,0.3522223546853276,-1.9284283615975895,2.2987673709760426,76.18200312185719,83.87398141600552,94.62466047200178,3.543786204546562,6.318453974589877
2019-02-11 04:30:00,-1.5391919456115732,-2.1920278471357024,0.10790670369609234,-2.0039311685278505,2.1320499667095754,79.42147150353186,100.0,94.62466047200178,3.25226930731517,6.019125285180316
2019-02-11 04:45:00,-1.5017858593495914,-2.193713363226013,0.11146245054960424,-1.8342616352530317,1.9626301741218908,79.67807352965517,100.0,94.62466047200178,3.2272153741628617,5.993399980588188
2019-02-11 05:00:00,-1.5896282808507856,-2.3220287396635397,-0.04708877847319215,-1.7452360592048355,1.7135030511214517,81.28637801971452,100.0,99.99999999999994,3.067157670316889,5.829053202829737
2019-02-11 05:15:00,-1.6508263707696758,-2.425275942259675,-0.025845643844446542,-1.8705976177088801,1.8624117650750067,82.54183129464074,100.00000000000001,99.99999999999994,2.932494556012566,5.690781514638288
2019-02-11 05:30:00,-1.4120099780183581,-2.223175860169857,0.24830047052242232,-1.6522855386369883,1.9140223028254288,74.92341370394814,0.0,66.66666666666661,3.12212149124933,5.885489891889262
2019-02-11 05:45:00,-1.5125124071141416,-2.360356449463874,0.20162120263553795,-1.8143214591574641,2.0323303602596474,76.97144836349543,26.882677868030783,42.2942259560102,2.95242243841054,5.711243405449884
2019-02-11 06:00:00,-1.7954480257181604,-2.6865090049060902,0.019070848017843645,-2.1921032554252595,2.235462768652269,80.71335251767732,75.99923139948027,34.293969755836955,2.5800540123456672,5.328896604938271
2019-02-11 06:15:00,-2.4026696772237788,-3.3517137796654772,-0.3696460892474551,-2.9775721430612134,2.6523154469226293,85.71336137441902,100.0,67.6273030891703,1.8433400363880192,4.572440869481964
2019-02-11 06:30:00,-6.227539664161652,-7.317560681799195,-2.676591370066994,-8.250141666589395,5.8956513377462,94.70003395965085,100.0,91.9997437998267,-2.413176125154848,0.20186264164792078
2019-02-11 06:45:00,-4.734504223111935,-5.9728505632344,-0.5821791057451065,-7.214927736433596,6.901819761102369,77.52190475039156,3.104908645478748,67.70163621515952,-1.0605144425322233,1.5907716637983071
2019-02-11 07:00:00,-3.619908560308638,-4.968638117857904,0.8186679764821125,-6.268557559717514,7.285758431097655,67.9066614062475,0.0,34.368302881826196,-0.056383028708362204,2.621810834938687
2019-02-11 07:15:00,-3.2161585521473524,-4.653207010091965,1.382677579014291,-5.884868598191561,7.434913173803164,65.47721012673756,0.0,1.0349695484928627,0.2261697215285352,2.911935164679824
2019-02-11 07:30:00,-2.356973289734532,-3.862732087452092,2.3068405159222483,-4.947767523568103,7.3516843482249215,59.169978931259905,0.0,-5.3290705182007514e-14,1.0162891200075963,3.723227430308218
2019-02-11 07:45:00,-2.2912667613732673,-3.8514100823637154,2.3737808096318203,-4.743338802320373,7.202452759467988,59.32250029520141,0.8310918725625037,0.27703062418744795,0.9875136495276049,3.693680862175386
2019-02-11 08:00:00,-2.28601914647516,-3.898878594033106,2.36515262657937,-4.589324906249159,7.032687071003113,59.83417599388447,7.602394438920136,2.811162103827493,0.8964993833602053,3.6002276823830615
2019-02-11 08:15:00,-2.4583760452957626,-4.125612782161225,2.182157497027948,-4.633791762199824,6.9005372267942855,61.45555817417011,36.23744194677665,14.890309419419708,0.6149188780095516,3.311101650820669
2019-02-11 08:30:00,-2.2643432042945166,-3.985681796450391,2.3590122689619353,-4.306074156361839,6.730611006168898,60.47525196446429,57.1090692765654,33.64963522075401,0.7197310478715746,3.418722477390035
2019-02-11 08:45:00,-1.9169457741735285,-3.684239917639842,2.6582620998774287,-3.7902121497325414,6.485178741609385,57.85506680994841,0.0,31.115503741113958,0.997103651298592,3.7035278476805544
2019-02-11 09:00:00,-3.5981976906066415,-5.424895837706578,1.0071558770172295,-5.420277353183223,6.572458519416692,68.11522993775881,100.0,52.36968975885508,-0.8853268720003804,1.7706537440007386
2019-02-11 09:15:00,-2.7175480675967756,-4.623286793927406,1.8971841640238685,-4.397301584530111,6.374166573005874,61.28639542377269,33.44321694577725,44.48107231525902,-0.09393640505379608,2.5832511389789037
2019-02-11 09:30:00,-3.1391655764340776,-5.110898298246324,1.466765023681127,-4.704201974923339,6.272501133333272,64.04909299192744,60.36966571408578,64.60429421995428,-0.65850924715114,2.003549411544925
2019-02-11 09:45:00,-3.3452094126477427,-5.392313450906306,1.262442539554809,-4.7853390399270275,6.156220212695977,65.70455450887206,76.50451168410218,56.77246478132167,-1.0098659717051484,1.642777364110204
2019-02-11 10:00:00,-3.377958923444835,-5.5040084015446915,1.2261651334876333,-4.683379664752064,6.013494501104185,66.53433530748035,76.84971532051864,71.24129757290214,-1.184613955216951,1.463346650562114
2019-02-11 10:15:00,-4.061951327113933,-6.272060447744831,0.5944969863864724,-5.295882997345524,6.032177969335232,70.40968561123162,100.0,84.45140900154021,-2.0536906570889246,0.5709812589215879
2019-02-11 10:30:00,-3.7921722767242594,-6.098422417439142,0.8444015688088058,-4.821166125537301,5.780506256347045,69.23436091395837,81.52177371482362,86.12382967844735,-1.9362869392835713,0.6915310497441318
2019-02-11 10:45:00,-3.8305835747591277,-6.22594303629721,0.7411205663056863,-4.620577663153991,5.467757890214885,70.14268375859591,94.32530471888833,91.9490261445706,-2.1348056130664927,0.4876926616056876
2019-02-11 11:00:00,-3.9558634339558307,-6.44081279540144,0.5613115685830117,-4.537458357573742,5.202193348039318,71.48216374938673,100.0,91.9490261445706,-2.426605504587165,0.18807339449540272
2019-02-11 11:15:00,-2.9592416087377282,-5.532038476554546,1.471225336150006,-3.3279119074594687,4.844107187433944,62.35209467652248,0.0,64.77510157296273,-1.5368235893163051,1.101698838124321
2019-02-11 11:30:00,-2.313669195307566,-4.945806977076927,1.8309947488613698,-2.709445472756844,4.5604709667283485,57.457659381676365,0.0,33.33333333333328,-0.9776081188026753,1.6758996322331354
2019-02-11 11:45:00,-2.5060804436979223,-5.1805012474163465,1.5467141728074285,-3.0040612441895043,4.584179117051576,59.291149575042134,13.073475862627609,4.35782528754248,-1.2763389956372495,1.3691636498654125
2019-02-11 12:00:00,-3.1966897520669946,-5.9195707448055135,0.8810802107129145,-3.805282889160977,4.75589916526131,63.99585206133479,46.619777128892906,19.89775099717345,-2.1077822265175628,0.5154401951309451
2019-02-11 12:15:00,-3.0327905152118917,-5.822073836632202,1.0798480998429172,-3.6935681735076664,4.836624181915802,63.60651920192495,94.04525258759764,51.246168526372664,-2.067219152854516,0.5570902394106847
2019-02-11 12:30:00,-2.9009877411747653,-5.751262406620173,1.1675082022391425,-3.4500518316538,4.670867326189109,63.46791165711107,91.92528531827695,77.53010501158911,-2.0536906570889246,0.5709812589215879
2019-02-11 12:45:00,-2.7786311874231084,-5.685441769102805,1.2083940225910528,-3.1724741515341326,4.424316737062262,63.36877050849796,86.6711751770945,90.8805710276563,-2.044669583237413,0.5802440709187007
2019-02-11 13:00:00,-3.1404539995146252,-6.099494334785948,0.7706590378474987,-3.392423069920758,4.218380093785758,66.47095939229256,100.0,92.86548683179042,-2.538373424971374,0.0733104238258786
2019-02-11 13:15:00,-3.9627247498049467,-6.983263939607143,0.012503935225560703,-4.227661085209611,4.331453812983281,71.72261260186286,100.0,95.55705839236477,-3.5285046940904397,-0.9433534400653087
2019-02-11 13:30:00,-3.6648201381536016,-6.771552940334702,0.3001672214279383,-3.805958727219383,4.179386232412379,69.93214147207271,78.5670939218226,92.85569797394082,-3.3795139677492703,-0.7903702021349157
2019-02-11 13:45:00,-3.701533525457057,-6.88410604929659,0.1319502916616644,-3.568798600665135,3.765455387227911,70.92084751468143,90.40243904276998,89.65651098819747,-3.567866533683939,-0.9837700607489452
2019-02-11 14:00:00,-3.320886068041995,-6.58096496787074,0.5561905248969934,-3.2468550099437388,3.854906839471385,67.79432000687294,25.198933778962502,64.72282224785164,-3.322425234069637,-0.7317516589401052
2019-02-11 14:15:00,-1.9846537285450494,-5.314652303261614,1.7495166547787822,-1.680916286454559,3.429256699869891,54.71365485647455,0.0,38.53379094057744,-2.067219152854516,0.5570902394106847
2019-02-11 14:30:00,-2.084253328013441,-5.438392193561303,1.5038768729397134,-1.6518480139717573,3.1580613966530247,56.04165251372061,8.193878392465438,11.130937390475921,-2.251734754836643,0.3676301640549662
2019-02-11 14:45:00,-1.9549392804815158,-5.336930440279842,1.5195983237535682,-1.4460351053626974,2.9645430224873013,55.57081579874947,5.288768760584088,4.494215717683116,-2.202298850574713,0.4183908045977125
2019-02-11 15:00:00,-2.3822955874714835,-5.785284301986948,0.9850382783123557,-1.8260315558537576,2.822940202833534,59.471147604422136,36.37041918929246,16.617688780780604,-2.7255682078017207,-0.11890062651485067
2019-02-11 15:15:00,-2.5156444315789006,-5.953252794984499,0.8101114944198962,-2.0400385017190548,2.8677858323708687,61.135557720214784,100.0,47.21972931662546,-2.9607664233576636,-0.3604014598540095
2019-02-11 15:30:00,-2.545002788039019,-6.021275162217621,0.7529400452805701,-2.1365391341187645,2.9096078331333377,62.084719798174106,100.0,78.7901397297641,-3.0933940774487634,-0.49658314350797816
2019-02-11 15:45:00,-1.7619954169560637,-5.282460848053039,1.4950063579908912,-1.4036842525344428,2.897367641958618,54.48917815331903,0.0,66.66666666666661,-2.386306273232086,0.22945252627231127
2019-02-11 16:00:00,-2.1841073659551125,-5.717931857181746,1.0055392800165652,-1.9076164313517774,2.92635469992586,58.41725180789482,51.715517315825856,50.571839105275224,-2.8943163661264704,-0.29217073727459963
