timestamp,ema50_dist_eth_usd_12h,ema200_dist_eth_usd_12h,lower_bb_dist_eth_usd_12h,width_bb_eth_usd_12h,rsi_eth_usd_12h,stoch_rsi_fastk_eth_usd_12h,stoch_rsi_fastd_eth_usd_12h,kijun_dist_eth_usd_12h,tenkan_dist_eth_usd_12h
2018-07-15 14:00:00,,,,,,,,-0.7110075255531842,-0.744614174997192
2018-07-16 02:00:00,,,,,,,,-0.7138892290412611,-0.747160768032615
2018-07-16 14:00:00,,,,,,,,-0.725686078000725,-0.7575857730771691
2018-07-17 02:00:00,,,,,,,,-0.7292197267886085,-0.7607084973373466
2018-07-17 14:00:00,,,,,,,,-0.7280405048305604,-0.7596664059361985
2018-07-18 02:00:00,,,,,,,,-0.7428540017590148,-0.7727572559366754
2018-07-18 14:00:00,,,,,,,,-0.7419772152914277,-0.7719824301014881
2018-07-19 02:00:00,,,,,,,,-0.7322127393838467,-0.7633534554537885
2018-07-19 14:00:00,,,,,,,,-0.7305525301608579,-0.7618863103217158
2018-07-20 02:00:00,,,,,,,,-0.7255337737321432,-0.7574511801215648
2018-07-20 14:00:00,,,,,,,,-0.7226402483722134,-0.7548941399680911
2018-07-21 02:00:00,,,,,,,,-0.7142555696230648,-0.7474845072299594
2018-07-21 14:00:00,,,,,,,,-0.7150656714434428,-0.7482004031097034
2018-07-22 02:00:00,,,,,,,,-0.7228911769774254,-0.7551158883336205
2018-07-22 14:00:00,,,,,0.5763534838553046,,,-0.7227597948364295,-0.7549997844920477
2018-07-23 02:00:00,,,,,0.5495337753218466,,,-0.7193730640024432,-0.7520068932420052
2018-07-23 14:00:00,,,,,0.5654388599098756,,,-0.7218546626018897,-0.7541999091911527
2018-07-24 02:00:00,,,,,0.5050977013395384,,,-0.7139060623582263,-0.747175643819775
2018-07-24 14:00:00,,,,,0.5911390335488225,,,-0.7281324626471396,-0.7597476700691055
2018-07-25 02:00:00,,0.04221314569050816,-0.08154196977588046,0.12623750171535864,0.6030774836121596,,,-0.7302870201480176,-0.7616516762060507
2018-07-25 14:00:00,,0.052282555605163816,-0.06507770175200134,0.11811591253876556,0.5789020653832132,0.7532611558404964,0.9177537186134986,-0.7274181587032524,-0.7591164318254052
2018-07-26 02:00:00,,0.04567371843717982,-0.06521549897126544,0.11198339487146529,0.5890793587413676,0.8571325170753767,0.870131224305291,-0.7290714571530863,-0.760577469831308
2018-07-26 14:00:00,,0.03184843349535016,-0.07945390608937064,0.1140162380321778,0.6151962009677285,1.0,0.870131224305291,-0.7332897955798814,-0.7643052618484886
2018-07-27 02:00:00,,0.07370495344729044,-0.042785116805096335,0.11471656158027858,0.5234141098474504,0.0,0.6190441723584588,-0.7222090261282661,-0.7545130641330167
2018-07-27 14:00:00,,0.06988449246595718,-0.04663238483079124,0.11517781383451663,0.5286491480629584,0.057037687326687535,0.35234589577556236,-0.7230045432034967,-0.7552160713132227
2018-07-28 02:00:00,,0.04064519879046813,-0.057748618302405186,0.09924251023586415,0.5601425483016929,0.4001699896563781,0.15240255899435506,-0.7277239248222147,-0.7593866407043685
2018-07-28 14:00:00,,0.03557834550708305,-0.044194968073077434,0.08011848897016742,0.5431502513771419,0.2150325982857348,0.22408009175626664,-0.7256919271610729,-0.7575909420444369
2018-07-29 02:00:00,,0.035258035017060374,-0.040329743361445236,0.07577994526888418,0.5357492001325151,0.33584575887788487,0.31701611560666576,-0.7248235294117646,-0.7568235294117647
2018-07-29 14:00:00,,0.039900625034495985,-0.03306750787507695,0.07271968185661196,0.5180786318282761,0.0,0.18362611905453974,-0.722783691763996,-0.7550209024695083
2018-07-30 02:00:00,,0.037020689348066016,-0.035532901250370785,0.07249965853390988,0.5232962186997995,0.12403949296591828,0.15329508394793423,-0.7234154626762985,-0.755579205366357
2018-07-30 14:00:00,,0.046130488654624546,-0.027491788353125712,0.07294250030652269,0.5007677345737147,0.0,0.04134649765530594,-0.7209617595384248,-0.7534108409431056
2018-07-31 02:00:00,,0.05707390673327706,-0.013747814529559643,0.06932003808208191,0.47238725125960107,0.0,0.04134649765530594,-0.7177166304610185,-0.7505430847212164
2018-07-31 14:00:00,,0.12103623980602807,0.025282466891431765,0.08922605260421222,0.37438963448485657,0.0,-1.4802973661668756e-16,-0.7028983833718245,-0.7374480369515011
2018-08-01 02:00:00,,0.13372804317512288,0.015598853120486256,0.10992203210989791,0.36660646541769304,0.0,-1.4802973661668756e-16,-0.7014088756847089,-0.7361317426422802
2018-08-01 14:00:00,,0.1621422541728028,0.01658632907190971,0.13361547300593182,0.33954292523283613,0.0,-1.4802973661668756e-16,-0.6959825121115444,-0.7313364055299538
2018-08-02 02:00:00,,0.17607811832854425,0.007263934368117342,0.1546383295754536,0.33055534536459386,0.0,-1.4802973661668756e-16,-0.6940811376391134,-0.7296561400171216
2018-08-02 14:00:00,,0.19729335966934625,0.0032366586403773656,0.17637269150095777,0.3121501889091428,0.0,-1.4802973661668756e-16,-0.6900717933892262,-0.7261130384504192
2018-08-03 02:00:00,,0.21368339310472861,-0.003846411495923907,0.19687407388963732,0.30065084617770826,0.0,-1.4802973661668756e-16,-0.687459002453779,-0.7238040863924589
2018-08-03 14:00:00,,0.21994651669940457,-0.014533258245003178,0.21264021520278328,0.2937327870277019,0.0,-1.4802973661668756e-16,-0.6858869490904651,-0.7224148455622024
2018-08-04 02:00:00,,0.19166230594051492,-0.04189949986451702,0.21729076821396556,0.3545291628263979,1.0,0.3333333333333332,-0.6917796731994825,-0.7276223106042455
2018-08-04 14:00:00,,0.19549555247657402,-0.04426009086757832,0.22290041943138053,0.342525435944394,0.8025585123404453,0.600852837446815,-0.6895782056850538,-0.7256768495728971
2018-08-05 02:00:00,,0.21438844696777282,-0.0352870576683344,0.22915455504929544,0.3101983229525956,0.27083087944934453,0.6911297972632632,-0.6831091733175683,-0.7199600945906001
2018-08-05 14:00:00,,0.198956007890692,-0.04383290601836454,0.22531326743992164,0.3185490290734086,0.408186207149522,0.49385853297977045,-0.6839033859157698,-0.7206619489901224
2018-08-06 02:00:00,,0.18399904098001962,-0.05770148000441033,0.22734402317005012,0.3438756114958795,0.7596808145109324,0.47956596703659954,-0.6862317073170732,-0.722719512195122
2018-08-06 14:00:00,,0.1858363607163187,-0.056530467082034686,0.22764867041689674,0.32950809507863627,0.5733766868203389,0.5804145694935977,-0.6836935408522042,-0.7204765066017556
2018-08-07 02:00:00,,0.18515914587395077,-0.05081621348147525,0.2211222533868174,0.31144798103971744,0.03710684978440997,0.4567214503718937,-0.680361269162919,-0.7175317414962605
2018-08-07 14:00:00,,0.1511594629665689,-0.06681943462272943,0.20915867336914162,0.37091201796865086,1.0,0.5368278455349162,-0.6856643698382445,-0.7222181498314031
2018-08-08 02:00:00,,0.2277701665274523,-0.007691809397743166,0.21212041923566977,0.26559457424656313,0.0,0.34570228326146996,-0.6617364781362572,-0.7010728090242171
2018-08-08 14:00:00,,0.2649168620427089,0.010712313144747299,0.22341473880692486,0.23232004686827792,0.0,0.33333333333333326,-0.649229720518064,-0.6900204498977505
2018-08-09 02:00:00,0.267573583736914,0.31181030587374114,0.03009627127691772,0.2405852029670442,0.2017478584532157,0.0,-4.736951571734001e-17,-0.6340322030040965,-0.6765902366863905
2018-08-09 14:00:00,0.23017946536388467,0.26736322723713846,-0.0054425684712131606,0.24121606091806155,0.2566675648542363,0.3246533223014626,0.10821777410048748,-0.6421159517053358,-0.6837339342346853
2018-08-10 02:00:00,0.18997170460589907,0.21423311719124793,-0.035422174612700696,0.22916654852897902,0.31859937580247655,1.0,0.44155110743382087,-0.6515574214517876,-0.6920774647887324
2018-08-10 14:00:00,0.21954293217822385,0.2475193747216855,-0.01923516242930945,0.2394259544446244,0.2878886854998993,0.7371819296895806,0.6872784173303478,-0.6402745931435602,-0.6821067054415302
2018-08-11 02:00:00,0.31460661831835335,0.3621161880649755,0.03219213639096585,0.2755902807538193,0.22837526868572436,0.2278738936091111,0.6550186077662307,-0.60844620301324,-0.6539796073656978
2018-08-11 14:00:00,0.35072986203531253,0.42177954185823285,0.030658750231143284,0.31896483829068806,0.20894901913881087,0.0,0.32168527443289724,-0.5934230902942386,-0.6407035175879396
2018-08-12 02:00:00,0.2930302258154809,0.36984356753736636,-0.028854254560268244,0.34062335943823696,0.27003473006955664,0.5570954148203646,0.26165643614315864,-0.6071908396946565,-0.6528702290076336
2018-08-12 14:00:00,0.30173922096601635,0.3883318087799126,-0.038080458938171025,0.3628652465165454,0.2598253108083164,0.6444959044643729,0.4005304397615792,-0.6008036988766834,-0.6472258424874324
2018-08-13 02:00:00,0.3013424493211436,0.39557127085245725,-0.05272352237121525,0.38269221165932,0.2540608925839911,0.7385012428900863,0.6466975207249414,-0.5971535041022107,-0.6440001252583454
2018-08-13 14:00:00,0.28929022496497625,0.38692294887310785,-0.07274010604280212,0.39725733542621045,0.25442692312719,0.7444933241415241,0.7091634904986612,-0.5972291797119599,-0.6440670006261741
2018-08-14 02:00:00,0.43328321659801805,0.556645186045583,0.0006748520080430698,0.4348070055875278,0.1937081205643295,0.0,0.49433152234387023,-0.5467213981184595,-0.599432719072619
2018-08-14 14:00:00,0.5251970122236083,0.6793868096671254,0.022609312153336614,0.4861424427739643,0.1684120367849297,0.0,0.2481644413805081,-0.5108741112505227,-0.5677540777917189
2018-08-15 02:00:00,0.48638827851660316,0.6508247233468483,-0.03484394833933979,0.5242153751563562,0.18661536377932803,0.21162996044621596,0.07054332014873875,-0.5169532892760589,-0.573126314208471
2018-08-15 14:00:00,0.39574885220947853,0.5470030306451761,-0.10727338767339045,0.536351575022555,0.2606020896196289,1.0,0.4038766534820721,-0.5411598958519099,-0.5945179584120983
2018-08-16 02:00:00,0.3516834978200194,0.48363499596139303,-0.13896167400461235,0.5310732750150529,0.2907562134242149,1.0,0.7372099868154054,-0.5509271002568628,-0.6031493442629052
2018-08-16 14:00:00,0.29738863148848815,0.4029086441081944,-0.16890750588573344,0.5119210910061646,0.3349297781736199,1.0,1.0,-0.5649328688829517,-0.615526395887585
2018-08-17 02:00:00,0.331574497277227,0.4174594979886239,-0.14240761663869572,0.4921796458506398,0.31118749509288646,0.8399192473793213,0.9466397491264406,-0.548930575035063,-0.6013849929873772
2018-08-17 14:00:00,0.2677833137941392,0.3105780928846724,-0.16364453767742848,0.4417674030124551,0.36561802379058633,1.0,0.9466397491264406,-0.5668372672480555,-0.6172093336475976
2018-08-18 02:00:00,0.1852746652144719,0.20416423048249932,-0.2046337487432328,0.4088939708187338,0.44091872104291957,1.0,0.9466397491264406,-0.592444162838587,-0.6398384286393157
2018-08-18 14:00:00,0.19932576203365016,0.20329087857855277,-0.18469544026646856,0.38441216251776433,0.4240692608134529,0.8701202420151617,0.9567067473383872,-0.5848152331773439,-0.6330966596740358
2018-08-19 02:00:00,0.24738468853441464,0.2443282605124626,-0.14679917090431605,0.3729411271143303,0.3849300429902654,0.5684255841826499,0.8128486087326039,-0.564682593394694,-0.6153052246886843
2018-08-19 14:00:00,0.23582071885016198,0.21671684206582564,-0.1438950414002419,0.3479429667811048,0.38688624065560523,0.28244382377694255,0.5736632166582514,-0.5653591458882357,-0.6159031015609163
2018-08-20 02:00:00,0.20471819874836217,0.15545827658414102,-0.14323131223233687,0.29687465092954285,0.4112174118723973,0.46951222633636935,0.44012721143198724,-0.5733592014061618,-0.62297283852353
2018-08-20 14:00:00,0.244455136848708,0.16652115674832402,-0.0947524000627813,0.25222270194777535,0.3765658737201646,0.0,0.2506520167044373,-0.5557531597486014,-0.6074141860625734
2018-08-21 02:00:00,0.30354721225687387,0.22076986827381728,-0.049972729106392166,0.24944071695621323,0.3363838620794595,0.0,0.1565040754454565,-0.5302355303998539,-0.5848639766295418
2018-08-21 14:00:00,0.2527792324031508,0.17487973492777464,-0.0834007293336928,0.24698355907053743,0.3763409214060529,0.5339457961990766,0.1779819320663589,-0.5448128228717004,-0.5977460901563938
2018-08-22 02:00:00,0.2513152497128268,0.16558210057105405,-0.07611551742122513,0.2313486321737914,0.3709379929879147,0.4617465161557274,0.3318974374516014,-0.541617673258507,-0.5949225013361839
2018-08-22 14:00:00,0.22945026320704343,0.13818783962282133,-0.083272678795137,0.21554224976252342,0.38461435263556104,1.0,0.6652307707849348,-0.5461965574801171,-0.598968911633776
2018-08-23 02:00:00,0.28404473259233076,0.18503189513728024,-0.03820299969490326,0.20796710469670066,0.34348650889115995,0.1472646603799038,0.5363370588452104,-0.5217657992565055,-0.5773791821561338
2018-08-23 14:00:00,0.26380099994931716,0.15783246957735098,-0.04470710841868164,0.1916966988508208,0.353764180099331,0.249895697718659,0.46572011936618757,-0.5252952029520295,-0.5804981549815498
2018-08-24 02:00:00,0.23575067703969266,0.14089983996705469,-0.06178645182117126,0.19497377386326972,0.3748943763798728,0.7636643361102179,0.3869415647362602,-0.5322170102905348,-0.586615032180648
2018-08-24 14:00:00,0.22409279951939975,0.13516849153640176,-0.05572235126714398,0.18359777549114897,0.3779532663561171,0.8380394965308443,0.6171998434532404,-0.5331676162136662,-0.5874550930797982
2018-08-25 02:00:00,0.19257828381930686,0.11043545195823401,-0.065948004008058,0.17254540363467208,0.408193601016135,1.0,0.8672346108803543,-0.5421886120996441,-0.5954270462633452
2018-08-25 14:00:00,0.19344674109901194,0.11865134016710788,-0.05964803178209466,0.1731899810195568,0.40028192894671294,0.8546434642118433,0.8975609869142294,-0.5388241620362071,-0.5924538447750493
2018-08-26 02:00:00,0.18627179930519233,0.11863288537428662,-0.061623108386661185,0.175260220712147,0.3998747766223703,0.7501796367743165,0.8682743669953868,-0.5386587771203155,-0.5923076923076923
2018-08-26 14:00:00,0.20087970984035763,0.13712735546638988,-0.04864759994535639,0.17790448283794755,0.37808983675734603,0.004516166992341619,0.5364464226595007,-0.5297891004788187,-0.5844694616031287
2018-08-27 02:00:00,0.1949875735829647,0.1390171203350703,-0.05136635761904984,0.18239015965144706,0.37611807988833784,0.0,0.25156526792221956,-0.528979935559461,-0.5837543936731107
2018-08-27 14:00:00,0.17478455079989197,0.12161805540504877,-0.06434936447653572,0.18079059940162834,0.3978480063199653,0.8992742165841325,0.30126346119215824,-0.5341312377779387,-0.5883066560440355
2018-08-28 02:00:00,0.15066325223492383,0.08224273706704843,-0.06900529345188733,0.1502535441098695,0.4283095445336531,1.0,0.6330914055280444,-0.5412580679670506,-0.5946047141889241
2018-08-28 14:00:00,0.12576935652682497,0.045091095290733074,-0.07502073355870487,0.12193658783216163,0.46179940559301175,1.0,0.9664247388613778,-0.5491360880384116,-0.6015666070865313
2018-08-29 02:00:00,0.08114931023579586,0.007251924816130684,-0.10924027423508387,0.12275182717192733,0.5278646691176583,1.0,1.0000000000000002,-0.5656796273665126,-0.6161863145645925
2018-08-29 14:00:00,0.08271737789470901,0.011025622453745498,-0.10471727435471356,0.12143145354619855,0.5193469223535437,0.9344872681637105,0.978162422721237,-0.5636934034254706,-0.6144310666440563
2018-08-30 02:00:00,0.09446936348651369,0.016574684765849668,-0.08652577388372074,0.10683714601040685,0.4927397169632176,0.6471808728961806,0.8605560470199639,-0.5574038395376041,-0.6088729099291268
2018-08-30 14:00:00,0.1344755990600457,0.05484833435271286,-0.04834071435343057,0.10285438009568111,0.42744858042923944,0.0,0.5272227136866305,-0.5390059485415323,-0.5926144915072027
2018-08-31 02:00:00,0.1113749869035312,0.038633008170302796,-0.06147045463840417,0.1012597195206711,0.4583649233154936,0.30788236516744333,0.3183544126878748,-0.5465456468100105,-0.5992774057102572
2018-08-31 14:00:00,0.12161998921362338,0.052237099431175604,-0.0489998234208866,0.10107332173220028,0.43737120879219377,0.10797396509207396,0.13861877675317252,-0.5403401579304676,-0.5937935470039661
2018-09-01 02:00:00,0.10833186785358295,0.04424981442947207,-0.056334137730216116,0.10119539107081066,0.4530782469265989,0.3925443461077071,0.2694668921224082,-0.5439737716267143,-0.5970046113520387
2018-09-01 14:00:00,0.08223234980082883,0.02475522168244515,-0.07605955021964972,0.10346897504669669,0.4934399952635546,0.9999999999999999,0.500172770399927,-0.5533314815457796,-0.6052741224263046
2018-09-02 02:00:00,0.05285789850437084,0.004600440896234348,-0.09596301760216541,0.10537722594251532,0.5394553416868092,1.0,0.7975147820359024,-0.5645647170322231,-0.6152010560519903
2018-09-02 14:00:00,0.055083152156065296,0.012885916259208319,-0.08825611804037126,0.10510284564146546,0.5307207274186775,0.9144371018251316,0.9714790339417105,-0.562714572215235,-0.6135660627485638
2018-09-03 02:00:00,0.05634584664866704,0.0198619670011142,-0.08252963296973737,0.10570370211886755,0.5234912398313939,0.8151813058805356,0.9098728025685557,-0.561238062755798,-0.6122612551159619
2018-09-03 14:00:00,0.07479841210466631,0.04109535776130113,-0.06022241418030394,0.10229608342112458,0.4817320235702762,0.0,0.5765394692352224,-0.552305550722116,-0.6043674960849139
2018-09-04 02:00:00,0.06632479263436819,0.03693349200041918,-0.0639537746657024,0.10226893442413018,0.49326611481077826,0.19981684381373924,0.3383327165647582,-0.5547075112495672,-0.6064901349948079
2018-09-04 14:00:00,0.06960872349435165,0.043493023469596936,-0.05629079426855377,0.10042643498670885,0.4809943806185967,0.0,0.0666056146045797,-0.5521496953872933,-0.6042297650130548
2018-09-05 02:00:00,0.0729246828231307,0.04968931327953108,-0.048443242830956024,0.0980714541400607,0.4682215808159931,0.0,0.0666056146045797,-0.5495150050775641,-0.6019014602374199
2018-09-05 14:00:00,0.19378135082530057,0.19072352607630716,0.043397509096456455,0.13188722961776156,0.307861003425921,0.0,-4.736951571734001e-17,-0.4954504451504098,-0.5541240145899518
2018-09-06 02:00:00,0.25065736796598403,0.28228356061579096,0.06428578626904558,0.18580126313858655,0.2645843695432134,0.0,-4.736951571734001e-17,-0.46708782104391044,-0.5290596520298261
2018-09-06 14:00:00,0.33019050584923026,0.4120836818195257,0.08609977244189881,0.26097675798913855,0.22301171504061285,0.0,-4.736951571734001e-17,-0.42745560550091233,-0.49403622769148603
2018-09-07 02:00:00,0.30440391143044265,0.41626426849608933,0.033270788302062426,0.3127070822122849,0.2405455818690992,0.07150555208307938,0.023835184027693076,-0.433206891997135,-0.4991187027610424
2018-09-07 14:00:00,0.3461917373648291,0.49423597737587,0.02920564521648239,0.36856832985235305,0.2187872872729978,0.0,0.023835184027693076,-0.408909207866201,-0.4776465723212644
2018-09-08 02:00:00,0.3427375905174117,0.5104717241351411,-0.0044425756424365526,0.41094039156510365,0.21499373886791154,0.0,0.023835184027693076,-0.4042833989349386,-0.47355869414216245
2018-09-08 14:00:00,0.3099374444104157,0.4846282000746198,-0.05069281138186599,0.4398810370590834,0.2425286472509034,1.0,0.33333333333333326,-0.4132229520160554,-0.48145867542419263
2018-09-09 02:00:00,0.45568542701558523,0.6806871949053248,0.009405179925267904,0.499077296572264,0.18938550417362732,0.0,0.33333333333333326,-0.3396047227926078,-0.41640143737166324
2018-09-09 14:00:00,0.3999550041962825,0.639217658452554,-0.06132336908585989,0.5434986457187229,0.22969696789978788,0.7585449672696847,0.5861816557565614,-0.3574817700529417,-0.4321995804614923
2018-09-10 02:00:00,0.42368450001298363,0.6855801178134293,-0.07799223678834444,0.5856541673307679,0.2174498588545693,0.5280898542288566,0.428878273832847,-0.3386541229693605,-0.4155613818630475
2018-09-10 14:00:00,0.3948041751263456,0.6642949912369409,-0.12267590311283516,0.6192673780480742,0.23108251728043633,0.7846169927543971,0.6904172714176461,-0.3445842673731404,-0.42080191563073155
2018-09-11 02:00:00,0.3851502931390265,0.6590064934343316,-0.1506812905330397,0.6456003256920863,0.22900756009371898,0.9502372704394374,0.7543147058075635,-0.341733613058384,-0.41828276109092766
2018-09-11 14:00:00,0.38743111616814474,0.6588405051451223,-0.1670464332825985,0.6628853866807708,0.22262518045757151,0.3796267346640467,0.7048269992859604,-0.3331346223627598,-0.4106837385309211
2018-09-12 02:00:00,0.4312650783793457,0.6985415909244319,-0.15633948838018097,0.672551626362863,0.20286141421332257,0.0,0.4432880017011612,-0.30360526173334046,-0.38458831808585503
2018-09-12 14:00:00,0.5195307247984198,0.7906497879364673,-0.12544082993080907,0.6874437481650785,0.17588071374277178,0.0,0.12654224488801546,-0.25034118291493734,-0.33751826638955784
2018-09-13 02:00:00,0.40459343397129244,0.6254604663892012,-0.19267375996982905,0.6725901816219457,0.27049537760423964,1.0,0.3333333333333332,-0.29889819679570595,-0.3804286330811134
2018-09-13 14:00:00,0.321298675464716,0.4937587017036271,-0.2313042990889458,0.6409525866728005,0.3370491198502804,1.0,0.6666666666666665,-0.33392875634254937,-0.41138552345448887
2018-09-14 02:00:00,0.21862765685694519,0.33064139740165266,-0.26767808352893396,0.5800582849991505,0.4236061344049282,1.0,1.0,-0.3811871662898647,-0.4531482995815094
2018-09-14 14:00:00,0.22378635921014456,0.27919986933431074,-0.23183543814393004,0.49921284134169913,0.4140928955206215,0.9615976476742745,0.9871992158914247,-0.3739293361884367,-0.4467344753747323
2018-09-15 02:00:00,0.16034006036436255,0.14434444757424436,-0.22469041824246083,0.3844805992933668,0.46762554434204034,1.0,0.9871992158914247,-0.40303944315545237,-0.4724593967517401
2018-09-15 14:00:00,0.1503398741856503,0.10248128084424502,-0.20714114893693125,0.326719647380228,0.47136317890270535,1.0000000000000002,0.9871992158914247,-0.40502728702247703,-0.4742160762186661
2018-09-16 02:00:00,0.11819576434331647,0.05649942457952095,-0.21516637725696652,0.2950751383423126,0.4990342272849524,1.0,1.0,-0.41915748600325076,-0.486703088314972
2018-09-16 14:00:00,0.11799303377533699,0.0575663919493985,-0.21050449177712038,0.290267352384363,0.4942144829255271,0.9432579610030415,0.9810859870010138,-0.4167611189191639,-0.4845853923924377
2018-09-17 02:00:00,0.11845452803640888,0.05627928028659723,-0.20385615398040058,0.28085962712603146,0.48840879382464797,0.6617039472932688,0.8683206360987701,-0.4139980868218466,-0.4821436705689427
2018-09-17 14:00:00,0.11371136187226183,0.05754194494336784,-0.20441760461998182,0.28272204283673213,0.4885332272544803,0.6205058845110761,0.7418225976024622,-0.41405146891368705,-0.48219084491004327
2018-09-18 02:00:00,0.24113164374975682,0.18059131298343933,-0.10955657995366641,0.2801960665455769,0.3713656972256983,0.0,0.42740327726811495,-0.3418346464749821,-0.41837204543129025
2018-09-18 14:00:00,0.22796559884865508,0.16606427160337622,-0.11329001282845153,0.27217243516931433,0.37545037533203085,0.03324964168805975,0.21791850873304525,-0.3438822869383382,-0.42018156780741567
2018-09-19 02:00:00,0.13497317478264126,0.08758726138432982,-0.1733319020077042,0.2726064337382886,0.46734831087904355,0.8191912352318707,0.2841469589733101,-0.39062574013547435,-0.4614892709961632
2018-09-19 14:00:00,0.14694325967322852,0.1071027943152767,-0.15888583291599123,0.27305852736260383,0.45169114595544824,0.685560655840557,0.5126671775868291,-0.3809787315946491,-0.45296410355115
2018-09-20 02:00:00,0.1347494862639318,0.10359973553224444,-0.1598069259359972,0.2710233932010016,0.4589300773002418,0.9122941826818202,0.8056820245847491,-0.38459146574818215,-0.45615671641791045
2018-09-20 14:00:00,0.12448119494136334,0.10164649447322072,-0.160206261530366,0.2697510348867837,0.46491649270304763,0.9735378367150385,0.857130891745805,-0.3874047619047618,-0.45864285714285713
2018-09-21 02:00:00,0.05072089165828597,0.04270629052168595,-0.2121692913331017,0.27847083338688644,0.5455710537506322,1.0,0.9619440064656193,-0.4264600980829246,-0.49315648684797153
2018-09-21 14:00:00,0.038926382197006726,0.04364552672925215,-0.21605855578885702,0.2842043488463665,0.5566432063134609,1.0,0.9911792789050127,-0.4320309050772626,-0.4980794701986755
2018-09-22 02:00:00,-0.047847851940516994,-0.02023928027249433,-0.28284794396332436,0.3095134498855639,0.6459530461278392,1.0,0.9999999999999999,-0.4805370482535837,-0.5409448818897638
2018-09-22 14:00:00,-0.009918025465703306,0.020008851569769615,-0.22824365484770315,0.27710383801587024,0.5892048382374617,0.6865372941716298,0.895512431390543,-0.4600646352723914,-0.5228531855955678
2018-09-23 02:00:00,-0.014967549533100977,0.020552838140227125,-0.21560354130761217,0.26167646909777953,0.5947980642676565,0.49039682667428225,0.7256447069486371,-0.46315152526812164,-0.5255811042023119
2018-09-23 14:00:00,-0.04030892984026202,0.006663970860482316,-0.2295554393238337,0.26584691479710526,0.6220993193889779,0.7329104297080936,0.6366148501846685,-0.47785940417241657,-0.5385786183943502
2018-09-24 02:00:00,-0.03265934600088283,0.02735935403208134,-0.22348730136262696,0.27812023033839184,0.6115092253797766,0.39304126018218943,0.538782838854855,-0.4744227494798954,-0.5355416088819769
2018-09-24 14:00:00,0.010356255560160843,0.07833083674887842,-0.18117439461867757,0.2735728331145675,0.5461368181746518,0.0,0.3753172299634276,-0.45082177161152615,-0.5146851654215582
2018-09-25 02:00:00,0.03424716112986559,0.10797835623192209,-0.15763530906525036,0.2723763552089345,0.5139610206415162,0.0,0.13101375339406307,-0.43707609504222633,-0.5025379600052509
2018-09-25 14:00:00,0.11673702071661896,0.20172641327984864,-0.08943746158827337,0.2756856486277131,0.4292958210080796,0.0,-7.105427357601002e-17,-0.3895848161328588,-0.4605693950177936
2018-09-26 02:00:00,0.09330306317116044,0.1799142413928323,-0.10799135975475871,0.27791150307676626,0.449985014123305,0.11354374935568125,0.03784791645189368,-0.40031232519112436,-0.4700494126421779
2018-09-26 14:00:00,0.0956026700036483,0.18602823656337364,-0.10575587910709117,0.28052491744614916,0.4444163473614379,0.12941113752908134,0.08098496229492079,-0.39691059959683084,-0.46704327035769533
2018-09-27 02:00:00,0.08086618632958142,0.1732271729701993,-0.11651026552447796,0.28174751463924913,0.45785182198065444,0.33728144616926237,0.19341211101800826,-0.40320560400816474,-0.47260623492299125
2018-09-27 14:00:00,0.08477660623449057,0.180721060001781,-0.11252443894152997,0.2835760352349673,0.45024320465062895,0.733554521960802,0.4000823685530485,-0.3991359177954227,-0.4690098085007006
2018-09-28 02:00:00,0.01701158447503337,0.10504695024649124,-0.15037407627515043,0.2613440130293501,0.5313071863087857,1.0000000000000002,0.6902786560433547,-0.43628675342885936,-0.5018404101485474
2018-09-28 14:00:00,0.03295342370638421,0.11785501757235428,-0.11733402834457185,0.23512779639238984,0.5094390120072058,0.748325892965182,0.8272934716419945,-0.42670491417736756,-0.4933728335205724
2018-09-29 02:00:00,0.04732113000427862,0.13475374619018865,-0.09822993592356521,0.22880526212286373,0.48960579536078114,0.48557435626765205,0.7446334164109446,-0.4176587750667692,-0.4853786609931646
2018-09-29 14:00:00,0.00238837196305397,0.08623744978072923,-0.12694339489966922,0.21760985202738206,0.5438161303165329,1.0,0.7446334164109446,-0.4425885003683001,-0.5074093331600156
2018-09-30 02:00:00,-0.005035225495060192,0.07807568403182907,-0.12358017781407948,0.20635080633789102,0.5529763907690202,1.0,0.8285247854225504,-0.44683092535259716,-0.5111584107327141
2018-09-30 14:00:00,-0.02401147866993747,0.057900427824962186,-0.13109495451466457,0.19617484479627117,0.577544259490734,1.0,0.9999999999999999,-0.4579260070790493,-0.520963256362717
2018-10-01 02:00:00,-0.00960293210667229,0.07525124099326441,-0.11664517617021863,0.1959520299768094,0.5543829097918723,0.7366186693386583,0.9122062231128859,-0.45014104975209435,-0.5140836040348777
2018-10-01 14:00:00,0.013297952755163545,0.10102049351183884,-0.09515536585487172,0.19560224330322934,0.518338747358866,0.0,0.5788728897795525,-0.4371253555020783,-0.5025814920148763
2018-10-02 02:00:00,0.0019923547150062504,0.07824243414453136,-0.10175299220779199,0.1821364916333153,0.5337855369329365,0.26090120696306224,0.3325066254339067,-0.44336030461684905,-0.5080913850547358
2018-10-02 14:00:00,0.009894360237428401,0.08306701644934633,-0.09414212257037147,0.17819590831719045,0.5204451087297053,0.03557711596426743,0.0988261076424431,-0.4387461280048863,-0.5040137864840103
2018-10-03 02:00:00,0.016498817359453133,0.08505547330137841,-0.08709671368455829,0.17232806849221755,0.5086288793422585,0.0,0.0988261076424431,-0.434701410554994,-0.5004394252317967
2018-10-03 14:00:00,0.05056025088492677,0.10926145078689498,-0.05241090962380879,0.15720379986314695,0.45558171906080064,0.0,0.01185903865475569,-0.41461139424827076,-0.4826856570804514
2018-10-04 02:00:00,0.05305247631931986,0.09914773008608657,-0.04505212079407239,0.14040227750631382,0.4493139012511079,0.0,-1.2138438402568377e-16,-0.4120160884866767,-0.48039215686274506
2018-10-04 14:00:00,0.027748536035971938,0.06884848340872596,-0.0665103493623731,0.1352007740047022,0.48940112642619726,0.5635673369828731,0.18785577899429093,-0.4255124369222525,-0.4923190282677623
2018-10-05 02:00:00,0.0333193834986838,0.07416183882382099,-0.061062983646912206,0.13434494001423478,0.47845511474917507,0.4912960340857794,0.35162112368955073,-0.421638268219215,-0.488895382817066
2018-10-05 14:00:00,0.03380132283033643,0.07316019755824632,-0.0513542327922244,0.12317149372430546,0.4754015652431736,0.6507725061568215,0.5685452924084913,-0.42059631581317836,-0.4879745980272936
2018-10-06 02:00:00,0.006552903479059902,0.04500306719857283,-0.07005974604320953,0.11652264853299119,0.5240599485071119,1.0,0.7140228467475335,-0.43571804544258264,-0.5013378366523379
2018-10-06 14:00:00,0.0065929547200560545,0.04354572713693461,-0.061589786822776826,0.1060926853329005,0.523444817885974,0.9873581779772412,0.8793768947113542,-0.435544732569874,-0.5011846781624325
2018-10-07 02:00:00,0.018798939236875034,0.05485658757389067,-0.04315675931292573,0.09744331187973022,0.4973968385498916,0.45203461009809465,0.8131309293584452,-0.4282698546731256,-0.4947557886316163
2018-10-07 14:00:00,0.02830382792918118,0.061752674390352924,-0.025150472320119244,0.08534130683167669,0.47686439499215283,0.030063262501846225,0.4898186835257274,-0.4222875875696066,-0.48946919346146933
2018-10-08 02:00:00,0.018966222096500784,0.052191187624307966,-0.03417925996009219,0.0855995412121981,0.4948861572648965,0.38185296983605665,0.2879836141453325,-0.42709864172790024,-0.4937207748830995
2018-10-08 14:00:00,0.01116709001651417,0.04478606790920181,-0.04052839702760458,0.08513323029895628,0.5107088720376556,0.7265815753251177,0.3794992692210068,-0.4312273410557962,-0.4973693518436644
2018-10-09 02:00:00,-0.006360830254415251,0.027304598825149018,-0.05425590838515559,0.08267460160054782,0.5485491490423948,1.0,0.7028115150537247,-0.441232680363115,-0.5062111801242235
2018-10-09 14:00:00,-0.0022812036727597462,0.030694544281594016,-0.05037532575645487,0.08187555751584985,0.5383636990263065,0.857913301774746,0.8614982923666211,-0.43899088570058,-0.5042300815489948
2018-10-10 02:00:00,-0.0013130697183202367,0.029608819705702283,-0.048984638125607605,0.07936231271155118,0.5359175730196811,0.7646128997971701,0.874175400523972,-0.4384766477520733,-0.5037756438236578
2018-10-10 14:00:00,0.013667829686609068,0.03694181272624486,-0.030700401316165804,0.06743177930403557,0.49540102277873466,0.0,0.5408420671906387,-0.4297397934305598,-0.49605478966266237
2018-10-11 02:00:00,0.011709242838962908,0.029844881657481004,-0.030092757011589644,0.05994506812156464,0.4992342151663803,0.07212281329787108,0.2789119043650136,-0.43057276912181297,-0.4967908994334277
2018-10-11 14:00:00,0.13334156440389022,0.18223728166200104,0.05482116086701949,0.11391398487643979,0.307227089342602,0.0,0.024040937765956918,-0.35905037118230276,-0.43358577051467295
2018-10-12 02:00:00,0.13741414946965302,0.2032575851907954,0.03678060384493054,0.14863762784109355,0.2988793351567639,0.0,0.024040937765956918,-0.35357519722626995,-0.42874729913069687
2018-10-12 14:00:00,0.1404362697353576,0.22002121364117033,0.021196063182971292,0.17742603763963385,0.29125908931142397,0.0,-1.1250259982868251e-16,-0.34859992911033466,-0.4243506000303813
2018-10-13 02:00:00,0.13771010438389464,0.22766526006398724,0.0037170436062485823,0.20072599490404017,0.2886519830089179,0.0,-1.1250259982868251e-16,-0.3469465455099243,-0.4228894867759785
2018-10-13 14:00:00,0.10673138388995529,0.20122726635069377,-0.031007644120760958,0.21401973154480095,0.3479846349585862,1.0,0.3333333333333332,-0.36222795101878935,-0.4363938327301572
2018-10-14 02:00:00,0.1040239332671109,0.2045669238544945,-0.03994894242173985,0.22592057201187055,0.34614019558011205,0.9689135860632229,0.6563045286877408,-0.36134140892617783,-0.4356103857419451
2018-10-14 14:00:00,0.09763257687889948,0.20045775118950426,-0.051485640425152135,0.2344780468323942,0.3519530588943388,1.0,0.9896378620210742,-0.36273344231436067,-0.4368405409421905
2018-10-15 02:00:00,0.10504983207901919,0.21219013591145153,-0.05166144861797162,0.24424724011413448,0.3363637704399844,0.7537279068909968,0.9075471643180731,-0.35593771903474514,-0.4308350856112947
2018-10-15 14:00:00,0.0010574094590147798,0.09751595532545498,-0.1409257884168933,0.24373192483031783,0.5468412885853663,1.0,0.9179093022969989,-0.41652304063860657,-0.484375
2018-10-16 02:00:00,0.034838581599490936,0.12979457749688272,-0.1114369081227351,0.23903740083334069,0.48679582271335486,0.7147179119123943,0.8228152729344635,-0.3960045072538617,-0.4662425465984319
2018-10-16 14:00:00,0.02454385263726988,0.1133857076922884,-0.11919717242335237,0.2332606732033737,0.5019709984453219,0.786816708333422,0.833844873415272,-0.4014284384887399,-0.471035734226689
2018-10-17 02:00:00,0.03147621884630891,0.11726299176821686,-0.11261499214343529,0.22934498620673494,0.4881969349853511,0.7213747381822122,0.7409697861426762,-0.3966277379109797,-0.46679330237793726
2018-10-17 14:00:00,0.03420857537430466,0.11767850117118406,-0.10986629548273186,0.22665944156454992,0.4811296424793769,0.0,0.5027304821718781,-0.3942126577509889,-0.4646590695046148
2018-10-18 02:00:00,0.029463029085370573,0.10849507349206267,-0.11293920507965605,0.22192741589127635,0.4879849877113105,0.32892990471134986,0.3501015476311874,-0.3962879534469004,-0.46649303111361395
2018-10-18 14:00:00,0.032456022483624336,0.10591412715382442,-0.10857670962319388,0.21477676720461167,0.47966429108008035,0.0,0.10964330157044998,-0.39375589066917993,-0.46425541941564563
2018-10-19 02:00:00,0.06562252421630066,0.13109006635120246,-0.07667227817098099,0.2022590981420744,0.4182260249280422,0.0,0.10964330157044998,-0.3727082114296859,-0.4456553540081919
2018-10-19 14:00:00,0.05360167025665441,0.10676345740407545,-0.08208593675090459,0.18654762768745137,0.4389853773033139,0.2975868841365697,0.09919562804552326,-0.37849654572684666,-0.45077056862650366
2018-10-20 02:00:00,0.06107697085787955,0.10105145145185257,-0.06894708666277782,0.1673128024920863,0.4224948706954587,0.061194226477811746,0.11959370353812716,-0.37261643501584973,-0.4455742501828822
2018-10-20 14:00:00,0.04369180805079531,0.07154375625933107,-0.07771837545110583,0.149724377216957,0.45713504961177953,0.6333027788813436,0.3306946298319084,-0.38184133390995145,-0.4537263946951132
2018-10-21 02:00:00,0.03943112505442348,0.052808048968749466,-0.07232971307918001,0.12637125060165982,0.46314157312518617,0.9999999999999999,0.5648323351197184,-0.3834116180981594,-0.4551140720858895
2018-10-21 14:00:00,0.031225497906506083,0.04700613379219698,-0.07529171095353171,0.12405229005695191,0.4795303427512925,1.0,0.8777675929604477,-0.38752314230678375,-0.4587474712048406
2018-10-22 02:00:00,0.04208361729658616,0.059201218695060565,-0.0593455061510878,0.11855527786586938,0.45264357998110194,0.5285957702976435,0.8428652567658811,-0.38005397330249135,-0.4521468844874945
2018-10-22 14:00:00,0.039226572236710444,0.05612112883641607,-0.05373233446345682,0.10972241116068882,0.4558944887209994,0.12091112521369794,0.5498356318371137,-0.38080115682556803,-0.45280717877659227
2018-10-23 02:00:00,0.04402588511432892,0.05960046077244252,-0.03991967115268091,0.09855035749868153,0.4411288326486638,0.0,0.21650229850378044,-0.3768709130540081,-0.44933397917171225
2018-10-23 14:00:00,0.057140521762046426,0.0747081621370902,-0.02429477727177476,0.09656876036767406,0.4084076344728251,0.0,0.04030370840456594,-0.3676513959889893,-0.4411865906409752
2018-10-24 02:00:00,0.04300854130565912,0.06100159594846777,-0.03244634204028318,0.09213250445972859,0.4439705053759607,0.7488992788883858,0.24963309296279523,-0.3750546514452271,-0.4477289288316735
2018-10-24 14:00:00,0.036091782781590975,0.05433097423530309,-0.033917795783653726,0.08735715145808601,0.45964679857305535,1.0,0.5829664262961285,-0.3783163388585512,-0.45061131783694974
2018-10-25 02:00:00,0.04267773504374106,0.06001936931453078,-0.020667756799917614,0.0791301761003905,0.43927062720461,0.6023320886229341,0.78374378917044,-0.3733193686671863,-0.4461954403741232
2018-10-25 14:00:00,0.04674655314072074,0.05489110549472209,-0.011869700286747276,0.06535497436422934,0.4248873212836087,0.3216228660277762,0.6413183182169034,-0.3697271079319975,-0.44302092009210725
2018-10-26 02:00:00,0.04093807139620975,0.04798487662236828,-0.01697717109338226,0.0639702621894592,0.438592620172548,0.3942895566240406,0.4394148370915836,-0.37221842670310357,-0.44522252586375166
2018-10-26 14:00:00,0.033317207454999,0.03595759195549442,-0.021415008442689953,0.0569584389704411,0.4598152518458065,1.0,0.5719708075506056,-0.37599437330228946,-0.4485593713620488
2018-10-27 02:00:00,0.03762841692560559,0.03748667292509711,-0.015549604549488283,0.0524608587518442,0.44294610966488074,0.5170300126746384,0.6371065230995597,-0.37246341463414634,-0.44543902439024385
2018-10-27 14:00:00,0.035375302300424405,0.03264065366401736,-0.015789907821748717,0.04802592515644071,0.44596531919728954,0.6034711354039783,0.7068337160262055,-0.3729528173133164,-0.44587151491518817
2018-10-28 02:00:00,0.038322237290494776,0.031187889646126177,-0.009867583105763855,0.04062243140688519,0.43194120669642394,0.0,0.37350038269287217,-0.3702207862143242,-0.44345718901453957
2018-10-28 14:00:00,0.036917089030181094,0.02526996672319637,-0.007644022943515294,0.03262645364784805,0.4316127385751383,0.0,0.2011570451346594,-0.3701591187270501,-0.4434026927784578
2018-10-29 02:00:00,0.03198592210964146,0.021691075899514356,-0.011175126270470903,0.03269429638302483,0.4478169442663987,1.0,0.3333333333333332,-0.37236138074032354,-0.4453488559171649
2018-10-29 14:00:00,0.0378776663461875,0.028907115650430137,-0.005615880392445316,0.03412558255704955,0.42134315475150996,0.0,0.3333333333333332,-0.36783783783783774,-0.4413513513513514
2018-10-30 02:00:00,0.06976484230090274,0.07011459974893164,0.016756388900704522,0.051137047894612604,0.32762407318751774,0.0,0.3333333333333332,-0.34668122492509257,-0.42265502005992583
2018-10-30 14:00:00,0.0636991736791448,0.06842373511345068,0.0063409643297271945,0.059845601576299305,0.34291015155384896,0.12717957586934728,0.042393191956449,-0.3487977727157682,-0.42452543659832953
2018-10-31 02:00:00,0.062340561819450135,0.06972322002129006,0.001623085026091653,0.06575446590389492,0.34004826849510744,0.10336882043058802,0.07684946543331167,-0.34807175796888457,-0.42388384938934787
2018-10-31 14:00:00,0.06269662296802658,0.07051817433048391,-0.00022137334974381417,0.0683375906746483,0.33270835385149483,0.054250218622826155,0.0949328716409204,-0.3462828395751816,-0.42230296254891
2018-11-01 02:00:00,0.05042337480486081,0.058493767868846414,-0.012531475644388279,0.06942967011969027,0.3834045148049736,1.0,0.38587301301780463,-0.3525666834423754,-0.4278560644187216
2018-11-01 14:00:00,0.05012490069681297,0.057842624099830875,-0.013210535790107558,0.06950214691062327,0.37806027803966885,0.8945830085593874,0.6496110757274045,-0.3514896405706508,-0.42690426979886076
2018-11-02 02:00:00,0.04088791714973472,0.04808339499013026,-0.021509813297522995,0.06868066268734094,0.4162947670321152,1.0,0.964861002853129,-0.35616335518742803,-0.43103448275862066
2018-11-02 14:00:00,0.03504815692125174,0.04308833077425023,-0.026484785683051904,0.06900029172978141,0.4382477204291115,1.0,0.964861002853129,-0.3588906608192962,-0.43344463271205025
2018-11-03 02:00:00,0.02600210169307937,0.03320551768850932,-0.033953874141878115,0.06718453081898997,0.4771159799757967,1.0,1.0,-0.36383641578478876,-0.43781525071704086
2018-11-03 14:00:00,0.03647291355484272,0.041958104687550124,-0.02292429930459039,0.06427074556073024,0.4293342576635244,0.5176277450127766,0.8392092483375923,-0.35642103156736193,-0.43126219420681366
2018-11-04 02:00:00,0.03300421562101907,0.03770991094129883,-0.025295196223376837,0.06261642464039226,0.4399626468988004,0.38913857059379686,0.6355887718688579,-0.35773839241138294,-0.43242636045931104
2018-11-04 14:00:00,0.02355743852663661,0.028127474985989886,-0.03330813907418784,0.06159516599240942,0.48200057385622264,1.0,0.6355887718688579,-0.3630140239872294,-0.4370884940494242
2018-11-05 02:00:00,-0.025268422842902538,-0.013218408970438689,-0.08565319068099897,0.07620188273162365,0.655563906539568,1.0,0.7963795235312656,-0.3940414507772021,-0.46450777202072535
2018-11-05 14:00:00,-0.009672585630281949,0.004856216439555805,-0.07270179913186425,0.08028138421720063,0.5886076721135721,0.704034220277278,0.9013447400924259,-0.38459146574818215,-0.45615671641791045
2018-11-06 02:00:00,-0.017371668067065693,0.0014920777966676013,-0.08297687884964977,0.08805659365396573,0.6120383522937931,0.7981201301036152,0.8340514501269644,-0.3898164397856092,-0.4607740833847176
2018-11-06 14:00:00,-0.025869732650917188,-0.0013495186313490226,-0.09515325546916875,0.09855936279969464,0.6377339288525415,0.8972710571330407,0.7998084691713113,-0.3957491780178487,-0.4660169093471114
2018-11-07 02:00:00,-0.05846442414559283,-0.020919074900997647,-0.13643925778025146,0.1253854017611016,0.7154787972648501,1.0,0.8984637290788853,-0.4174478105329892,-0.48519222931666894
2018-11-07 14:00:00,-0.06053373630760106,-0.011173103596488931,-0.14711639890914496,0.14762721448089253,0.724083137756812,0.9999999999999999,0.965757019044347,-0.42025687246507437,-0.4876746282109058
2018-11-08 02:00:00,-0.04612377245000232,0.011139072866911404,-0.13847082902729235,0.15978260152204174,0.664981905331036,0.4725213477669361,0.8241737825889787,-0.41252625810576304,-0.4808429993606722
2018-11-08 14:00:00,-0.029817801857180748,0.03274884754287677,-0.12485864001864,0.16521651711398547,0.6030754466189963,0.0,0.49084044925564535,-0.4032332884909774,-0.4726307000046388
2018-11-09 02:00:00,-0.016078227941145218,0.049304789366465984,-0.10826156075541082,0.16235223183012365,0.5561723716756766,0.0,0.15750711592231204,-0.3951856354867238,-0.4655189006203754
2018-11-09 14:00:00,-0.009735723473836111,0.05711073429291735,-0.09777695172019762,0.15810239928567807,0.5361719924288217,0.0,0.0,-0.39153117949767213,-0.4622894177091442
2018-11-10 02:00:00,-0.007486578485198403,0.05977049285190783,-0.09010806301919927,0.15218704850235357,0.5295239152478317,0.0,0.0,-0.39033695085540965,-0.4612340647362684
2018-11-10 14:00:00,-0.016291207974529875,0.05021889379343891,-0.09172020477721021,0.14494684052297885,0.5584609644306164,0.3934255160067173,0.13114183866890577,-0.396153749815061,-0.46637443388958144
2018-11-11 02:00:00,-0.016349920854250466,0.050059784346199176,-0.08620549993719417,0.1387733146651464,0.5607135411425054,1.0,0.4644751720022391,-0.39659943714821755,-0.46676829268292674
2018-11-11 14:00:00,-0.01179170482403391,0.05364116621965942,-0.07507704868009735,0.13011275576939504,0.5439993597376577,0.46411087259298994,0.6191787961999023,-0.3940985305199698,-0.4645582140165787
2018-11-12 02:00:00,-0.014315973928970771,0.049714594525917644,-0.0711863376312285,0.12221299517541477,0.5548786192490524,0.812921068269385,0.759010646954125,-0.3960045072538617,-0.4662425465984319
2018-11-12 14:00:00,-0.011079211944493683,0.05147554575808955,-0.06183510394821201,0.11390062980749277,0.5423986471984404,0.0,0.42567731362079164,-0.3942982249635104,-0.4647346861904985
2018-11-13 02:00:00,-0.011940296700894693,0.04904254772797345,-0.05719689493504565,0.10667437259915419,0.5476938132172005,0.28911802792480645,0.3673463653980638,-0.39512413014857994,-0.46546454767726164
2018-11-13 14:00:00,-0.006671879068594455,0.05047085872629875,-0.04301500391792523,0.09313864852400239,0.5236181936238234,0.0,0.09637267597493543,-0.39206559236330984,-0.46276168423042396
2018-11-14 02:00:00,0.0015940442841471114,0.05399029576874925,-0.025147153352738205,0.07801238791407807,0.4857911169172036,0.0,0.09637267597493543,-0.38696688110555155,-0.4582558970693352
2018-11-14 14:00:00,0.02668548160871631,0.07913968635702062,0.003980071194191304,0.07216062820236725,0.3929416423383082,0.0,-4.736951571734001e-17,-0.37094282436588755,-0.44409526206254357
2018-11-15 02:00:00,0.11676479483323976,0.20387515207161266,0.05828118421384154,0.12872140225006895,0.23586886116896252,0.0,-4.736951571734001e-17,-0.31283051119064154,-0.392740772394637
2018-11-15 14:00:00,0.16656292984136,0.2920029098568877,0.06747788325120507,0.19031731664144694,0.192582177160899,0.0,-4.736951571734001e-17,-0.27800538781007966,-0.3619654282186553
2018-11-16 02:00:00,0.12369508649891592,0.25911348655332755,0.009386582499075313,0.22016918355975026,0.2858903858268183,0.3182311178624728,0.1060770392874909,-0.3014118924789574,-0.38265001357588924
2018-11-16 14:00:00,0.1409202689814475,0.29257229435630716,0.004337202019620401,0.25097644708375777,0.26546957452134856,0.36378314992960803,0.2273380892640269,-0.2871273412390557,-0.370026598692231
2018-11-17 02:00:00,0.1571378992934982,0.31906612090420716,-0.0013928362701302044,0.2765350572049526,0.24736931888890135,0.587163150073561,0.42305913928854727,-0.27298671941226327,-0.35753037581237634
2018-11-17 14:00:00,0.15532780370344623,0.31988464623354673,-0.019031998349739232,0.294600912313965,0.24384951466643234,0.5494408073901718,0.5001290357977802,-0.2701407012368091,-0.3550153182798139
2018-11-18 02:00:00,0.15150830522664416,0.3171838318773279,-0.036113407113258056,0.30976442915139496,0.24191543505455346,0.0,0.3788679858212442,-0.2686469584991472,-0.35369528140989204
2018-11-18 14:00:00,0.13844276175307324,0.3024546801973027,-0.057836019352296875,0.32102619998175114,0.26188029575109506,0.847615796989171,0.46568553479311425,-0.2733563036601897,-0.3578569814731134
2018-11-19 02:00:00,0.12127865362589962,0.2814256737210785,-0.0797430356399439,0.32808425984209705,0.29553080920355307,1.0,0.6158719323297237,-0.2811522127849798,-0.3647463120250335
2018-11-19 14:00:00,0.26299917167524955,0.4609864400160786,0.005845541912319563,0.3690084297901484,0.19094447922816,0.0,0.6158719323297237,-0.18341373619398238,-0.27837374635013323
2018-11-20 02:00:00,0.3058295542512528,0.5300469617338843,0.0050137315212654965,0.41421748332064495,0.1708509495049964,0.0,0.33333333333333337,-0.1476512290465779,-0.24677002583979335
2018-11-20 14:00:00,0.44645672072898956,0.7296818324005647,0.05543658284923514,0.48417707904951385,0.13341041838598228,0.0,0.0,-0.0439657917908981,-0.1551420656826792
2018-11-21 02:00:00,0.4363316377523343,0.7389638376630299,0.0016678752917689277,0.5380481871286156,0.1320565679727026,0.0,0.0,-0.03888681359731028,-0.15065371684721696
2018-11-21 14:00:00,0.39560911249878994,0.6973573172415797,-0.05952830579349788,0.5738701180025101,0.1620628171188279,0.5095485390194491,0.16984951300648302,-0.055331179321486235,-0.16518578352180935
2018-11-22 02:00:00,0.360782951105157,0.6503460622676429,-0.10465919262155643,0.5931642763229271,0.18788653911360936,1.0,0.5031828463398164,-0.06893681696460863,-0.1772092350003618
2018-11-22 14:00:00,0.3815107622196836,0.6664325165939635,-0.11065487668461782,0.6081025055889799,0.17727263566604073,0.8098887885723483,0.7731457758639324,-0.04410016347154111,-0.15526081141328585
2018-11-23 02:00:00,0.4535671682108777,0.7423436202079343,-0.08740652773762703,0.6250620026356358,0.15545953508006738,0.4191828623428639,0.7430238836384041,0.01856690419635809,-0.09988123515439429
2018-11-23 14:00:00,0.4458034108744815,0.7125241890395877,-0.10728053051486863,0.6293497476690454,0.1532521448416717,0.0,0.40969055030507073,0.025877192982456165,-0.09342105263157896
2018-11-24 02:00:00,0.4300955715550596,0.6639927031419102,-0.12297901119844323,0.6194155638244094,0.1528366635643313,0.0,0.13972762078095466,0.027187799425103965,-0.09226285531778977
2018-11-24 14:00:00,0.4303348232910471,0.6330245535119132,-0.12569950530657958,0.6052059818582869,0.14865911168789428,0.0,2.3684757858670005e-17,0.03997574777687962,-0.08096200485044458
2018-11-25 02:00:00,0.5199987129217094,0.7341274682865639,-0.09549411930572937,0.6288267279822962,0.12704634149265004,0.0,2.3684757858670005e-17,0.12060104529616744,-0.00971254355400697
2018-11-25 14:00:00,0.531215951559185,0.7533975851286725,-0.11622096500655721,0.6595072499125688,0.12183356601294629,0.0,2.3684757858670005e-17,0.14485582844123934,0.011721674813185867
2018-11-26 02:00:00,0.4316687741246654,0.6208093390811271,-0.17984830041030664,0.6560183688367405,0.21269246907115455,1.0,0.33333333333333337,0.0836000673854449,-0.0424107142857143
2018-11-26 14:00:00,0.4375761639186433,0.6080634398820228,-0.18110734200291823,0.6503379130546204,0.2056972622487234,0.9230102214864986,0.6410034071621662,0.10158929664652883,-0.026513434729211305
2018-11-27 02:00:00,0.4956343511233541,0.6557880339819433,-0.15643795022573737,0.6499497525268714,0.18528184665513694,0.6983166041696856,0.8737756085520614,0.16158013544018068,0.02650112866817156
2018-11-27 14:00:00,0.554312402923753,0.6995709467044764,-0.13215832507462277,0.6479124272989653,0.1682558794449958,0.5109275136450776,0.710751446433754,0.2247239146991622,0.08230198019801982
2018-11-28 02:00:00,0.44328323704085837,0.5403476663701925,-0.18389383736911968,0.6146876249608728,0.2545573501148968,1.0,0.7364147059382544,0.15149480844969587,0.017588614393125646
2018-11-28 14:00:00,0.3674077703253231,0.40365633439467175,-0.19838351395571574,0.5460003340816149,0.31124235797934996,1.0,0.8369758378816927,0.10292352537722915,-0.025334362139917688
2018-11-29 02:00:00,0.2745220814198166,0.22788932394791228,-0.19861063167866722,0.4203463597694853,0.3868643837863905,1.0,1.0,0.03704151551793644,-0.0835550181378476
2018-11-29 14:00:00,0.27975704301976534,0.19419081919692482,-0.16705303417446815,0.3564077943200995,0.3772332308764518,0.9559433749434652,0.9853144583144884,0.05059207839934676,-0.07158023683135972
2018-11-30 02:00:00,0.3096646507816405,0.1894275096866591,-0.1222515601802896,0.3015505960596881,0.35387043917670674,0.75062592143359,0.9021897654590184,0.08552020926504089,-0.04071386380896125
2018-11-30 14:00:00,0.3431834678316288,0.21895219026277246,-0.09442514135581337,0.2950090296848085,0.3306425325940895,0.2565413238762159,0.6543702067510903,0.12491255683805536,-0.005902413431269626
2018-12-01 02:00:00,0.33744473783996853,0.21174914657723964,-0.09225659456281465,0.28686653402119183,0.32685663734445713,0.0,0.33572241510326856,0.1316414496833216,4.3983110485479315e-05
2018-12-01 14:00:00,0.2494753110263226,0.12186840999857407,-0.13847227650230354,0.2625201109391667,0.4028702644344959,1.0,0.4188471079587386,0.06582435791217911,-0.058119304059652044
2018-12-02 02:00:00,0.25022685971386793,0.10328065453330404,-0.11795751777609687,0.22287371583324977,0.3956731674026212,0.9053183316282268,0.6351061105427422,0.07517760133723361,-0.049853740075219366
2018-12-02 14:00:00,0.26562905964228545,0.10059275487092778,-0.08843375399201403,0.18788426638289987,0.3786079297190214,0.68081598465581,0.8620447720946788,0.09774724805870827,-0.029908695281167352
2018-12-03 02:00:00,0.2559390076667627,0.0914338425256922,-0.08591033404720994,0.1768557444708755,0.3781081950857547,0.674241707747871,0.7534586746773025,0.09840334699453557,-0.029328893442623016
2018-12-03 14:00:00,0.2802336226503699,0.11245231496380215,-0.0599855665180713,0.16802989048417505,0.3547669231811168,0.0,0.45168589746789356,0.12965402177730967,-0.001712328767123239
2018-12-04 02:00:00,0.3217246791731354,0.15027315675662822,-0.024903139241522432,0.16484310454605863,0.32380567418204387,0.0,0.2247472359159569,0.17785204175059532,0.04088079106390774
2018-12-04 14:00:00,0.2736048191486198,0.10818662651380428,-0.05232818820953988,0.15615356751483497,0.36409447751539425,0.7351668820668468,0.2450556273556155,0.14492206625096782,0.011780209893437421
2018-12-05 02:00:00,0.28045472858615383,0.12437050794430227,-0.04261507530911368,0.16042766660830807,0.35263221914144793,0.5308509527673543,0.4220059449447336,0.16137040714995043,0.026315789473684292
2018-12-05 14:00:00,0.28554617257716086,0.14026769903067016,-0.03405530443583005,0.1655322168968944,0.3422067160095726,0.45672842837445793,0.5742487544028863,0.17655935613682106,0.039738430583500906
2018-12-06 02:00:00,0.3547173244576143,0.21911683352791544,0.008501160091798798,0.18909496515053895,0.29789990382333487,0.0,0.3291931270472707,0.2531170855250342,0.10739333722969024
2018-12-06 14:00:00,0.35283491512882637,0.23519659585380093,-0.0017996634904524633,0.2122294124345084,0.29216732940847634,0.0,0.15224280945815258,0.26469720802202135,0.11762681871804959
2018-12-07 02:00:00,0.476791880297349,0.3910712912576768,0.05867466894673545,0.2713723199961562,0.2404765073317382,0.0,-7.105427357601002e-17,0.3987713384799392,0.23610960095683375
2018-12-07 14:00:00,0.5448606981895294,0.5061682545818502,0.0721879927932485,0.33663328116928465,0.2179076202628267,0.0,-7.105427357601002e-17,0.48430829583477575,0.311699550017307
2018-12-08 02:00:00,0.3963458457999498,0.3829659665298113,-0.04334009924423465,0.36442242474318703,0.32277393281459155,1.0,0.3333333333333332,0.3571579280514823,0.19933537292963388
2018-12-08 14:00:00,0.4328348023305437,0.4394271577702955,-0.036884911978326995,0.39650671748468014,0.30366279464426055,0.8177571261419416,0.6059190420473137,0.4097937524539619,0.2458502292955702
2018-12-09 02:00:00,0.38997013523784796,0.3966306346619377,-0.07266042394150984,0.40387011540734674,0.324936096681274,1.0,0.9392523753806472,0.38327956989247314,0.22241935483870967
2018-12-09 14:00:00,0.37555371154870376,0.3805983543314895,-0.08685590393929876,0.40759088553369316,0.3245636842753946,0.9965204362582591,0.9380925208000669,0.38418747780802476,0.22322168303941314
2018-12-10 02:00:00,0.31825966783205106,0.32173187792122393,-0.1252730975459344,0.40702332268742386,0.3643452822060592,1.0,0.9988401454194197,0.3396055481506166,0.18382414195268248
2018-12-10 14:00:00,0.3332270508008097,0.341108998263808,-0.11871600292363205,0.4138107005840844,0.3497358363210281,0.7592477422723823,0.9185893928435472,0.36863662960795796,0.20947922761849025
2018-12-11 02:00:00,0.34508327083371015,0.35763652990403005,-0.11529718871467387,0.4218217197829262,0.3369223727838634,0.31066345122709116,0.6899703978331578,0.39526686261537325,0.23301265712953234
2018-12-11 14:00:00,0.3765434989923757,0.3795125383776565,-0.09457298128947622,0.41496547967446895,0.3154045468530399,0.0,0.35663706449982446,0.44384336524540124,0.2759402462429432
2018-12-12 02:00:00,0.36119843512512695,0.3506269433379403,-0.10091717200585115,0.40142432690455443,0.3159960195002489,0.012085487537990144,0.10758297958836045,0.4432116493526892,0.2753819919675109
2018-12-12 14:00:00,0.3086267402319556,0.28333493114948793,-0.12730237949209988,0.380919397831839,0.35734548134641264,1.0,0.33736182917933005,0.40082845987113935,0.23792750173306754
2018-12-13 02:00:00,0.2958114073150333,0.2501539646429072,-0.12280380878843633,0.3506312981950463,0.35815205893699315,1.0,0.6706951625126634,0.40003482538335144,0.23722615821606974
2018-12-13 14:00:00,0.29993444310986983,0.23718238365829758,-0.1084652241493681,0.3247473308172164,0.3478034465530644,0.7579131069989569,0.9193043689996523,0.41771635754510106,0.25285152246503784
2018-12-14 02:00:00,0.3285249412294273,0.2570793374294549,-0.08383871706108847,0.3137416550154097,0.32290310548438034,0.16384570458749192,0.6405862705288162,0.46352146164435015,0.2933299962457765
2018-12-14 14:00:00,0.33125169704210045,0.23810952919938932,-0.06768163607533462,0.2817796124381507,0.31385431812326764,0.0,0.3072529371954829,0.4814196386416243,0.309146811916305
2018-12-15 02:00:00,0.34289715441458624,0.22567430297161506,-0.04345655359956646,0.24665811342486446,0.2998706573388167,0.0,0.054615234862497274,0.5099532852883872,0.33436230897438923
2018-12-15 14:00:00,0.3260969870510375,0.1812022879592592,-0.0326587640655599,0.19907537329032018,0.30438599431045066,0.09420142340249696,0.03140047446749895,0.5060290330133459,0.33089440412081483
2018-12-16 02:00:00,0.30855368191593424,0.15376065010170237,-0.03297002949288741,0.1760953464995853,0.3112810158701278,0.4954036348719134,0.19653501942480342,0.5004082108700725,0.32592722183345013
2018-12-16 14:00:00,0.2531298007609384,0.08778021419230209,-0.05462044154590806,0.1400781755118627,0.375071216839797,1.0,0.5298683527581367,0.4487049549549551,0.2802364864864866
2018-12-17 02:00:00,0.27435993373541057,0.11450897828265916,-0.0349850895234195,0.14377720651747378,0.3495482956035643,0.6606019768257181,0.7186685372325438,0.4861945471349354,0.31336645101663585
2018-12-17 14:00:00,0.23674756247192508,0.08950817729224747,-0.05352341089413015,0.14050359368790014,0.3883862278189964,1.0,0.8868673256085726,0.45359939435712593,0.2845617563643348
2018-12-18 02:00:00,0.120563819807463,-0.002713068086669712,-0.14193795699302425,0.15007946298871858,0.5258220543684656,1.0,0.8868673256085726,0.32282776349614406,0.16899742930591266
2018-12-18 14:00:00,0.12792639307792641,0.01596615730051676,-0.1346664362440566,0.16013673085539423,0.5105700111479956,0.913475248231293,0.9711584160770979,0.33768326921077274,0.1821254029323074
2018-12-19 02:00:00,0.04054976185229031,-0.03587993316320148,-0.21515202135255773,0.205003274533493,0.6016958386049829,1.0,0.9711584160770979,0.236020368946964,0.09228478093774029
2018-12-19 14:00:00,0.008235466031526695,-0.036359609347518806,-0.25497309530884393,0.2558877161833415,0.6324425243116685,1.0,0.9711584160770979,0.1980350158316262,0.05871670702179177
2018-12-20 02:00:00,0.05492376716826475,0.02104468066892773,-0.22322714162000912,0.27174261790566534,0.5620703063125455,0.4225751469930372,0.8075250489976792,0.2561761546723955,0.11009667024704628
2018-12-20 14:00:00,-0.030376197022547236,-0.031404443766552714,-0.30251419274080227,0.3254459895114797,0.6412346587363619,1.0000000000000002,0.8075250489976793,0.15312677059570245,0.01903079727290158
2018-12-21 02:00:00,-0.083507521786929,-0.04606131831348992,-0.3628347481505957,0.39818068846469307,0.6871995245099783,1.0,0.8075250489976793,0.08588672237697326,-0.04038997214484674
2018-12-21 14:00:00,-0.08665202226605417,-0.01716651467491892,-0.37798864699761525,0.44966606578457435,0.6925420406333797,1.0,1.0000000000000002,0.07797050444109277,-0.04738562091503273
2018-12-22 02:00:00,-0.01816974012536199,0.07248386762153114,-0.32884405658642957,0.46033351804431993,0.5897944269973319,0.21249139385709254,0.7374971312856977,0.15792079207920806,0.023267326732673288
2018-12-22 14:00:00,-0.053393472246576534,0.052979276546545995,-0.35527461133442684,0.4809480662291326,0.6220407861543876,0.3138404680743116,0.5087772873104682,0.1138095238095238,-0.01571428571428568
2018-12-23 02:00:00,-0.08899611925317297,0.03564336062700946,-0.3845639040594294,0.5090091370405704,0.6551753717701562,0.636325676666481,0.3875525128659618,0.06764411803763859,-0.05651116204198425
2018-12-23 14:00:00,-0.18215003164548116,-0.03203059258766683,-0.46618634383906044,0.5781870388368657,0.7311770362768005,1.0,0.6500553815802642,-0.05023994093761519,-0.16068660022148384
2018-12-24 02:00:00,-0.16507893381365524,0.015214654830390417,-0.460172669476026,0.6114141338737997,0.712077796515467,0.8649109684800029,0.8337455483821614,-0.038240131578947234,-0.1500822368421052
2018-12-24 14:00:00,-0.24099178977093427,-0.03778708636703154,-0.5251329112112888,0.6782445292162047,0.7705505695907067,1.0000000000000002,0.9549703228266678,-0.13701616690145557,-0.23737170456832357
2018-12-25 02:00:00,-0.1981056653161235,0.03796625848366664,-0.4947702508583963,0.6904327210667922,0.7047569973703348,0.4297424969731859,0.7648844884843963,-0.09744875326579372,-0.20240554638751418
2018-12-25 14:00:00,-0.12358363555466201,0.14009295539927646,-0.4283128209706736,0.6641107288696109,0.6075965146125051,0.0,0.47658083232439535,-0.01924982846687484,-0.1333002973240831
2018-12-26 02:00:00,-0.13026083463588545,0.13436048880159834,-0.4104774883278798,0.632105516418177,0.6167097109135644,0.055924943397563404,0.1618891467902498,-0.032671629445823025,-0.14516129032258074
2018-12-26 14:00:00,-0.1156841916816661,0.15331965781228285,-0.37743220356893803,0.5977314160455727,0.6043355551409312,0.0,0.01864164779918783,-0.021711026615969464,-0.13547528517110263
2018-12-27 02:00:00,-0.13059235691881144,0.12917404590115877,-0.3582482008053064,0.5504716621040483,0.6212529386689758,0.16846385744389544,0.07479626694715297,-0.04410016347154111,-0.15526081141328585
2018-12-27 14:00:00,-0.08253076751111343,0.17917782731443443,-0.28635673174412335,0.4918949394087255,0.5656131434437476,0.0,0.056154619147965164,0.00503906250000008,-0.11183593749999998
2018-12-28 02:00:00,-0.009188412541892732,0.26474808437323905,-0.2034079457800041,0.4542249203692672,0.49692546998034637,0.0,0.056154619147965164,0.084970903263895,-0.0411992915577295
2018-12-28 14:00:00,-0.03921793292854836,0.21308478297727262,-0.1960689417542174,0.4057020439496321,0.5228020926047148,0.20813278752722666,0.0693775958424089,0.05033474853037245,-0.07180764206401047
2018-12-29 02:00:00,-0.16541449709011358,0.05568598758150678,-0.29099305593887703,0.39290579942164156,0.6268008581808848,1.0000000000000002,0.4027109291757423,-0.095005276116778,-0.20024621878297577
2018-12-29 14:00:00,-0.141109898577652,0.08490236397756834,-0.2582153207372415,0.37567210648865135,0.6045127146165751,0.8283882429679822,0.678840343498403,-0.07489572846253412,-0.18247519056522365
2018-12-30 02:00:00,-0.14305029889085663,0.07294560545483053,-0.23578078860971152,0.3360900352911222,0.6106456151665244,0.8756096652476186,0.9013326360718669,-0.08327463521356726,-0.18987972252520036
2018-12-30 14:00:00,-0.1478046162758746,0.06446754995483994,-0.22892707147890534,0.31968199543858977,0.6195875079349538,0.9306400397546263,0.8782126493234091,-0.0948142414860681,-0.20007739938080493
2018-12-31 02:00:00,-0.15381871735759667,0.05847623103387223,-0.23156906875231975,0.31752604157943726,0.6302208047503115,1.0,0.9354165683340817,-0.10787101248266284,-0.21161581137309282
2018-12-31 14:00:00,-0.11967175265043606,0.09828206634378667,-0.19381935432628183,0.30675467555952196,0.5891257503711225,0.0,0.6435466799182088,-0.07701965848758774,-0.18435213086526037
2019-01-01 02:00:00,-0.09395798664020638,0.11593299546336944,-0.14582996016190009,0.26573529499203463,0.5614765369026955,0.0,0.33333333333333337,-0.05408088235294106,-0.16408088235294116
2019-01-01 14:00:00,-0.10969423129563194,0.0848467016253538,-0.14172793274440598,0.23320719041815977,0.5809242006068456,0.28289869560120023,0.09429956520040012,-0.07518409033277718,-0.18273001911836273
2019-01-02 02:00:00,-0.14017827596719146,0.04251363619288373,-0.16151417669633306,0.21693553590262574,0.6157900642943785,0.7900808182593302,0.3576598379535102,-0.11279310344827576,-0.21596551724137925
2019-01-02 14:00:00,-0.1833132445204937,-0.0006425192095687038,-0.2170058118931778,0.24278406608441497,0.6623264087704626,1.0,0.6909931712868435,-0.16502239241903016,-0.2621211137794508
2019-01-03 02:00:00,-0.20217149327461204,-0.010318494757317831,-0.2504312440290787,0.27611063758497467,0.6861995876558022,1.0,0.9300269394197767,-0.19273970883534142,-0.2866152108433735
2019-01-03 14:00:00,-0.16369159938389077,0.03399976772483648,-0.22270039213286175,0.28344310533845646,0.6307493490444546,0.47328392546719944,0.8244279751557332,-0.1605651873634779,-0.2581822326978661
2019-01-04 02:00:00,-0.1528866707562423,0.048335245282742134,-0.22066414082138608,0.2943630125217816,0.6233608483924511,0.1075250014008827,0.5269363089560275,-0.15598346673664865,-0.2541333158378165
2019-01-04 14:00:00,-0.16378077152443038,0.03972586613460982,-0.23425442545359576,0.3035000005149478,0.6409466476416936,0.27985601645415203,0.28688831444074475,-0.1734982332155477,-0.26961130742049466
2019-01-05 02:00:00,-0.1717048946982982,0.035952054467719874,-0.24663712676706462,0.31586298963919496,0.6560976173388609,0.5209647636183968,0.30278192715781055,-0.18825719333669855,-0.28265396264512865
2019-01-05 14:00:00,-0.18580314490303662,0.026030052134450088,-0.26435726276490457,0.32967224861692546,0.6781161549377918,1.0,0.6002735933575163,-0.209505960427676,-0.30143173159641146
2019-01-06 02:00:00,-0.1566772912486114,0.06532378428267727,-0.23947341956564916,0.3338687657414513,0.632842429851021,0.17316278652770623,0.5647091833820344,-0.18743683678625556,-0.2819290045477514
2019-01-06 14:00:00,-0.1477084771917334,0.07468143184410425,-0.2235967532486811,0.3222739494760602,0.6272307282640441,0.0,0.39105426217590206,-0.1846041706281295,-0.27942574633960837
2019-01-07 02:00:00,-0.1575459665043386,0.04978598982630733,-0.2077527285604538,0.2796243952834807,0.6460952475647833,0.3707253831571324,0.18129605656161285,-0.20016786868938075,-0.29317955732404877
2019-01-07 14:00:00,-0.12233149458505965,0.07555716092243014,-0.14632659647340684,0.2300230583991455,0.5879581244856579,0.0,0.12357512771904411,-0.17147549430025122,-0.26782379081599794
2019-01-08 02:00:00,-0.11491928305736021,0.08142698449434782,-0.138048021111701,0.22586948787799,0.5830888700603873,0.0,0.12357512771904411,-0.1689062600943212,-0.26555333031849593
2019-01-08 14:00:00,-0.11211229129821243,0.07979773386191491,-0.12996130741446243,0.21515552631104806,0.5854765183224947,0.03789534260941783,0.012631780869805917,-0.1705673758865247,-0.2670212765957446
2019-01-09 02:00:00,-0.09521492210446125,0.09463192210689608,-0.1080263461419616,0.20402466468505945,0.5604977103009221,0.0,0.012631780869805917,-0.15841292686118014,-0.2562802564438048
2019-01-09 14:00:00,-0.10486351509601954,0.07813425878779068,-0.11365420505510215,0.19525620886654205,0.5810364159451534,0.7479386693172324,0.2619446706422167,-0.17136876006441215,-0.2677294685990338
2019-01-10 02:00:00,-0.08610276940254147,0.09602952545665766,-0.09255406956409362,0.18825645651519676,0.55087675161717,0.0,0.2493128897724108,-0.15725515886013752,-0.25525712414019
2019-01-10 14:00:00,0.02556915271498461,0.2352139430497444,0.012792005452720634,0.19788376249199216,0.40495617756654156,0.0,0.2493128897724108,-0.05331518139671776,-0.16340422400470955
2019-01-11 02:00:00,0.07318722325074156,0.30615574118593614,0.04775567458240282,0.21954952499279926,0.3652330295960409,0.0,0.0,-0.0066023166023164714,-0.12212355212355208
2019-01-11 14:00:00,0.08698434405696198,0.3419110222315831,0.04089808312780141,0.2526538432531143,0.3532044903007659,0.0,0.0,0.009455430006277465,-0.1079331450094162
2019-01-12 02:00:00,0.07310771374717162,0.34023552470452745,0.006056655727384008,0.28485699416653804,0.3672577430803616,0.07109370169596711,0.023697900565322373,-0.0006602967451252439,-0.1168725238872057
2019-01-12 14:00:00,0.07506877107701526,0.3530167858571176,-0.015982583195758515,0.31578431212745484,0.36330383951299994,0.195150143808218,0.08874794850139503,0.004019355342230746,-0.1127370639194567
2019-01-13 02:00:00,0.07796191702667477,0.3595241066535011,-0.034359736611903946,0.3388008592771947,0.35831855057694845,0.3639058057510938,0.21004988375175965,0.009693116709834415,-0.1077230986578761
2019-01-13 14:00:00,0.07931281589307293,0.366826448477487,-0.05255987639582982,0.3624356242557515,0.3543907567855824,0.08441223561700156,0.2144893950587711,0.013990699140852936,-0.10392527784346184
2019-01-14 02:00:00,0.15471948692179072,0.47823114146339774,-0.017971687503758216,0.4033743905900229,0.29650699891268073,0.0,0.14943934712269846,0.09076649143632376,-0.03607766661014067
2019-01-14 14:00:00,0.13876968167576909,0.4636651680136916,-0.05611894952629759,0.4317957541571581,0.3108949468099531,0.2153986291561766,0.09993695492439272,0.0810504201680673,-0.044663865546218484
2019-01-15 02:00:00,0.029701297571045338,0.311553576606562,-0.1525957979835123,0.4299754068243999,0.45252399445350916,1.0,0.4051328763853922,-0.021338912133891053,-0.13514644351464422
2019-01-15 14:00:00,0.04304607089699353,0.30929115834432586,-0.14428922858747684,0.41901153130403374,0.43773801503425525,0.9052284056105634,0.7068756782555801,-0.00698571979930529,-0.12246236974141267
2019-01-16 02:00:00,0.09816785109403625,0.3667234202886338,-0.10812635666710169,0.42048206349329154,0.38782027832163124,0.5852777711326618,0.8301687255810751,0.049306688417618316,-0.07271615008156596
2019-01-16 14:00:00,0.07364639221367342,0.31997308328639895,-0.13179235557748392,0.41291419227231163,0.41322296733724817,0.7225072979720123,0.7376711582384126,0.028748500599760307,-0.09088364654138337
2019-01-17 02:00:00,0.07648171752623201,0.2982680764088266,-0.12728062063526746,0.39203238684072816,0.40808701227820576,0.31322364723638524,0.5403362387803531,0.034456416854294014,-0.08583949823094239
2019-01-17 14:00:00,0.08781680161430594,0.2931220346485437,-0.11863157321042317,0.3787127284859641,0.3950588525388599,0.14501006443663703,0.3935803365483448,0.048793412685472104,-0.07316973748573286
2019-01-18 02:00:00,0.06276057068835317,0.24026384688224112,-0.13432372712176344,0.3557438034340775,0.42516854716910735,1.0,0.4860779038910073,0.02710578842315381,-0.09233532934131738
2019-01-18 14:00:00,0.07653670668068191,0.2283314849466891,-0.11470410202869852,0.32459419266399386,0.40859004727986387,0.4493966115289281,0.5314688919885215,0.043438887111786784,-0.07790159056859214
2019-01-19 02:00:00,0.08601166241220537,0.21040528472858755,-0.09676266137445977,0.29065267960541435,0.3961227521038249,0.035334120057671795,0.49491024386219984,0.05602528320472833,-0.0667788540469545
2019-01-19 14:00:00,0.035530047281012056,0.1097008648020561,-0.11317363187369867,0.22326216542396862,0.46503044652622416,1.0,0.49491024386219984,0.008347703401787143,-0.10891205518106284
2019-01-20 02:00:00,0.046532760109836424,0.06531238347034174,-0.06505094091022878,0.13034628534729936,0.4499590365913668,0.7812811753289743,0.6055384317955486,0.02091103880644396,-0.09780969764304426
2019-01-20 14:00:00,0.08608075812844729,0.09402730397550019,-0.023739405297487637,0.1137684370837391,0.4051093757858819,0.13041538767745775,0.6372321876688105,0.06291828472279604,-0.06068743286788403
2019-01-21 02:00:00,0.09961465133238057,0.10913719566373614,-0.014032708871125732,0.11757877023443561,0.3889296954201268,0.0,0.3038988543354772,0.08014273719563403,-0.045465994962216594
2019-01-21 14:00:00,0.09695154471277867,0.10945149565979095,-0.01900979780336942,0.12290349316595334,0.38772001327038347,0.0,0.04347179589248579,0.08141392064559527,-0.0443426361802286
2019-01-22 02:00:00,0.10624521188027947,0.12077780399817195,-0.013918702917321668,0.12786475075280762,0.37463372325921473,0.0,-1.3026616822268503e-16,0.09485106382978725,-0.03246808510638299
2019-01-22 14:00:00,0.11129404483103134,0.12840911326436588,-0.013275244460178026,0.13397200036766146,0.3654446207430745,0.0,-1.3026616822268503e-16,0.10434372049102936,-0.024079320113314373
2019-01-23 02:00:00,0.07406043712422261,0.0895161021643267,-0.04550291989458821,0.13211169402438538,0.421431474891658,1.0,0.3333333333333332,0.07034695066145291,-0.05412263915467175
2019-01-23 14:00:00,0.0704696904122677,0.08481895851295373,-0.047653045342588074,0.13005519383483166,0.42261766139167956,1.0,0.6666666666666664,0.06963498794379319,-0.05475180843103011
2019-01-24 02:00:00,0.08078314042958423,0.09822959721089886,-0.03447122421494164,0.12860112226529577,0.40570992571339665,0.7042708331326891,0.9014236110442294,0.08323509599191659,-0.04273324351633545
2019-01-24 14:00:00,0.08121250231756161,0.10229478106441614,-0.03193614670024292,0.1296692520191146,0.40101861783039716,0.6222162873226622,0.7754957068184503,0.0869877482044783,-0.03941698352344736
2019-01-25 02:00:00,0.07189236468419802,0.08204031231540165,-0.03432231411725284,0.11365102668926638,0.413543030192713,0.5798595815958544,0.6354489006837349,0.08056788359005185,-0.045090288422130476
2019-01-25 14:00:00,0.08233083092885596,0.08479047182563404,-0.020929161454697698,0.10244838909386872,0.3944297366633329,0.0,0.40069195630617194,0.09447847541262555,-0.032797345584481885
2019-01-26 02:00:00,0.08153658370961625,0.08682277598934185,-0.022678988921512433,0.10609897003968347,0.39089982198004575,0.0,0.19328652719861789,0.0970406901044123,-0.030533088308755785
2019-01-26 14:00:00,0.06362341644791769,0.06703758749705369,-0.03725359306241882,0.10276086602852662,0.42491033917410603,1.0,0.33333333333333315,0.08150483396385044,-0.04426229508196722
2019-01-27 02:00:00,0.0758566122438673,0.0788666283353816,-0.025883461543638298,0.10204671092624303,0.4007348059718232,0.28917478483670417,0.42972492827890113,0.09709193245778613,-0.030487804878048808
2019-01-27 14:00:00,0.08727183459798038,0.09286251136846402,-0.017360512769243552,0.10621336352564183,0.3786333212993659,0.0,0.42972492827890113,0.11236489407695638,-0.016990920881971516
2019-01-28 02:00:00,0.10429450242121607,0.11027165459136357,-0.004569405292237705,0.10907625702715144,0.34997119131145576,0.0,0.09639159494556784,0.13413559023186106,0.0022480825178523567
2019-01-28 14:00:00,0.17773983360997958,0.20284832735562275,0.04010003017084118,0.14511996822277387,0.2726342522005934,0.0,-2.1316282072803005e-16,0.21701634591545527,0.07549071697616316
2019-01-29 02:00:00,0.15198132119419694,0.18649878268999664,0.005876185734970951,0.16477345304191954,0.31054322336339935,0.2959313605349923,0.09864378684499721,0.19680900548888292,0.05763326821099635
2019-01-29 14:00:00,0.16378988594142663,0.19775507033947148,0.009220648629796768,0.17085319071632266,0.29479792099345636,0.20909305130038774,0.1683414706117931,0.2160225337156676,0.07461247421559825
2019-01-30 02:00:00,0.152019246698333,0.18309750207987596,-0.005218406444882584,0.1729351357494454,0.3061385444800081,0.43322495905076336,0.3127497902953809,0.21020696142991557,0.06947318908748823
2019-01-30 14:00:00,0.13820043191422915,0.171655841918263,-0.02228588240023799,0.18046378982796482,0.32364948011932976,1.0,0.5474393367837168,0.20161591630861198,0.061881188118811936
2019-01-31 02:00:00,0.09758742591598368,0.1300924185138399,-0.057559893961319886,0.18108503509799034,0.4000307181423638,1.0,0.8110749863502542,0.16294521786295424,0.02770746700415838
2019-01-31 14:00:00,0.11031791525769252,0.14401108755845704,-0.04816545477910017,0.18338806955234283,0.37795159395673644,0.7901878047165775,0.9300626015721923,0.18120466440179972,0.043843540538059056
2019-02-01 02:00:00,0.11012155875666663,0.1457196247577215,-0.0500652062306709,0.18684839375950313,0.3725132325132792,0.7069246077096929,0.8323708041420899,0.1857774910129968,0.04788459765877051
2019-02-01 14:00:00,0.10227553794410871,0.13949595321867436,-0.0577913334116027,0.18954397732811995,0.3807383846942,0.7474205191287183,0.7481776438516627,0.18185576481396426,0.04441892512632073
2019-02-02 02:00:00,0.0974248125561763,0.13040239274730303,-0.060679184782297946,0.18464457159706527,0.38282922924199786,0.37488878409062076,0.6097446369763437,0.1809184481977868,0.04359060813374316
2019-02-02 14:00:00,0.08473988409261346,0.11131924759387402,-0.06847210131679649,0.1760203637734968,0.40592151592579934,1.0,0.7074364344064462,0.1709903513562716,0.03481703986892404
2019-02-03 02:00:00,0.05506351710433521,0.07644674138419849,-0.09062305679543325,0.16826246909652445,0.4716195242043631,1.0,0.7916295946968733,0.14138053411409834,0.00865051903114189
2019-02-03 14:00:00,0.08300180236466592,0.10043456007689455,-0.06377105295100605,0.16124962464675885,0.41522750127812763,0.37949696460474897,0.7931656548682495,0.17526950484195147,0.038598574821852916
2019-02-04 02:00:00,0.08769712751415204,0.09821156686403132,-0.055581782771241484,0.15058367486164728,0.4020072650708367,0.21599247797259383,0.5318298141924475,0.1842492865690879,0.04653410660038659
2019-02-04 14:00:00,0.09162088882064912,0.09704505000672259,-0.04898837580629878,0.14260682104418224,0.38977007294639987,0.0,0.19849648085911412,0.19259293594141091,0.05390748122740341
2019-02-05 02:00:00,0.08232259088506244,0.08139736231513317,-0.05260033365018979,0.13209571393497224,0.4049144149899033,0.18502679994485657,0.13367309263914998,0.18610547667342825,0.04817444219066935
2019-02-05 14:00:00,0.0771802496295877,0.06314769728435832,-0.047554786102692925,0.10984607335431698,0.4102573770665753,0.8047672315212595,0.32993134382203854,0.1839223265230998,0.04624516841524029
2019-02-06 02:00:00,0.07386791546254012,0.04822580290220624,-0.041074034303441254,0.08898164912361313,0.41111148290333765,1.0,0.663264677155372,0.1835955469684425,0.04595638973226612
2019-02-06 14:00:00,0.12176708760394983,0.08977633516996719,0.004550585662156825,0.08138724538187038,0.32495217124818765,0.0,0.6015890771737531,0.24186697557679326,0.0974514914567044
2019-02-07 02:00:00,0.09199115800718594,0.0561669778223719,-0.0173803137111056,0.07214809948302053,0.391226861824519,0.7692110034675504,0.5897370011558499,0.21305987741631327,0.07199434229137203
2019-02-07 14:00:00,0.08402242557977146,0.05136931129403921,-0.02031815209415877,0.07059148959737561,0.4025931134011976,0.9011323403297999,0.5567811145991166,0.20801736699441853,0.06753822042644853
2019-02-08 02:00:00,0.08744714581367563,0.05854876047677671,-0.015981237908023083,0.07297677806124143,0.3904849029114714,0.7605995266718992,0.8103142901564163,0.21581135998487855,0.07442585766940746
2019-02-08 14:00:00,0.04084761320476504,0.016683300804069212,-0.05436417461270715,0.07241174431670705,0.49890458531084453,1.0,0.8872439556672329,0.16557518949916128,0.03003160183615483
2019-02-09 02:00:00,-0.0501852064227466,-0.04463845739330552,-0.1562282445124792,0.12404838178180407,0.6556807306313278,1.0000000000000002,0.9201998422239664,0.06133982344691047,-0.062082336440887675
