timestamp,ema50_dist_omg_btc_15m,ema200_dist_omg_btc_15m,upper_bb_dist_omg_btc_15m,lower_bb_dist_omg_btc_15m,width_bb_omg_btc_15m,rsi_omg_btc_15m,stoch_rsi_fastk_omg_btc_15m,stoch_rsi_fastd_omg_btc_15m,kijun_dist_omg_btc_15m,tenkan_dist_omg_btc_15m
2019-02-06 16:15:00,,,,,,,,,5.298013245033117,5.298013245033117
2019-02-06 16:30:00,,,,,,,,,5.298013245033117,5.298013245033117
2019-02-06 16:45:00,,,,,,,,,5.298013245033117,5.298013245033117
2019-02-06 17:00:00,,,,,,,,,5.298013245033117,5.298013245033117
2019-02-06 17:15:00,,,,,,,,,6.0000000000000275,6.0000000000000275
2019-02-06 17:30:00,,,,,,,,,6.354515050167242,6.354515050167242
2019-02-06 17:45:00,,,,,,,,,6.0000000000000275,6.0000000000000275
2019-02-06 18:00:00,,,,,,,,,6.0000000000000275,6.0000000000000275
2019-02-06 18:15:00,,,,,,,,,6.0000000000000275,6.0000000000000275
2019-02-06 18:30:00,,,,,,,,,6.354515050167242,6.354515050167242
2019-02-06 18:45:00,,,,,,,,,6.354515050167242,6.354515050167242
2019-02-06 19:00:00,,,,,,,,,6.354515050167242,6.354515050167242
2019-02-06 19:15:00,,,,,,,,,6.354515050167242,6.354515050167242
2019-02-06 19:30:00,,,,,,,,,6.354515050167242,6.354515050167242
2019-02-06 19:45:00,,,,,,14.285714285713953,,,7.070707070707072,7.070707070707072
2019-02-06 20:00:00,,,,,,14.285714285713954,,,7.070707070707072,7.070707070707072
2019-02-06 20:15:00,,,,,,14.285714285713953,,,7.070707070707072,7.070707070707072
2019-02-06 20:30:00,,,,,,14.285714285713953,,,7.070707070707072,7.070707070707072
2019-02-06 20:45:00,,,,,,14.285714285713953,,,7.070707070707072,7.070707070707072
2019-02-06 21:00:00,,,1.93780396192329,-0.45632248044178425,2.3765225714653395,14.285714285713953,,,7.070707070707072,7.070707070707072
2019-02-06 21:15:00,,,2.186525074288337,-0.22706561482882526,2.390173449242816,11.682323867113691,0.0,0.0,7.432432432432456,7.432432432432456
2019-02-06 21:30:00,,,1.6878903515663568,-0.5767792404552052,2.252157605325311,26.17156633530439,100.0,33.333333333333336,7.070707070707072,7.070707070707072
2019-02-06 21:45:00,,,1.5014854236166997,-0.558724480855699,2.050544040309322,26.17156633530439,100.0,66.66666666666667,7.070707070707072,7.070707070707072
2019-02-06 22:00:00,,,0.9318187064881522,-0.7975905185686027,1.7282493261801184,37.973306399783326,100.00000000000001,100.0,6.711409395973167,6.711409395973167
2019-02-06 22:15:00,,,0.8527889675039813,-0.7856748735442065,1.6379142054087834,37.973306399783326,100.00000000000001,100.0,6.711409395973167,6.711409395973167
2019-02-06 22:30:00,,,0.8242422426548268,-0.7906851956749006,1.6146565228057674,37.973306399783326,100.0,100.0,6.711409395973167,6.711409395973167
2019-02-06 22:45:00,,,1.0678664438771746,-0.4618058378165091,1.5250509152837206,31.65356787815718,46.45079041651328,82.15026347217109,7.070707070707072,7.070707070707072
2019-02-06 23:00:00,,,0.6238677946994287,-0.7580959826188227,1.3828918926824743,42.04136640474,100.0,82.15026347217109,6.711409395973167,6.711409395973167
2019-02-06 23:15:00,,,0.831427791199757,-0.3937173534892646,1.2224697059386516,36.12798263944572,43.073753787564506,63.174848068025916,7.070707070707072,7.070707070707072
2019-02-06 23:30:00,,,0.4431090783292957,-0.7115654541681615,1.1562265143959707,44.530311109978626,100.0,81.02458459585482,6.711409395973167,6.711409395973167
2019-02-06 23:45:00,,,0.10717894763252467,-1.0436337971308163,1.1562265143959707,51.41349490240358,100.0,81.02458459585482,6.354515050167242,6.354515050167242
2019-02-07 00:00:00,,,0.10717894763252467,-1.0436337971308163,1.1562265143959707,51.41349490240358,100.0,100.0,6.354515050167242,6.354515050167242
2019-02-07 00:15:00,,,0.10717894763252467,-1.0436337971308163,1.1562265143959707,51.41349490240358,100.0,100.0,6.354515050167242,6.354515050167242
2019-02-07 00:30:00,,,0.10717894763252467,-1.0436337971308163,1.1562265143959707,51.41349490240358,100.0,100.0,6.354515050167242,6.354515050167242
2019-02-07 00:45:00,,,0.1672240802774505,-1.0367892976687276,1.209271078286553,51.41349490240358,0.0,66.66666666666667,6.354515050167242,6.354515050167242
2019-02-07 01:00:00,,,0.21897113683064795,-1.0216467221149106,1.2456169906807277,51.41349490240358,0.0,33.333333333333336,6.354515050167242,6.354515050167242
2019-02-07 01:15:00,,,0.8938463633412885,-0.35512582462073894,1.2456169906807277,37.06430000622007,0.0,0.0,7.070707070707072,7.070707070707072
2019-02-07 01:30:00,,,0.5601813892304852,-0.6608525301700752,1.2216488433149828,45.28669021050039,57.30210136366082,19.100700454553607,6.711409395973167,6.711409395973167
2019-02-07 01:45:00,,,0.26461380067832607,-0.9669549378021003,1.235908886744916,52.035206199294606,99.99999999999999,52.43403378788693,6.354515050167242,6.354515050167242
2019-02-07 02:00:00,,,0.2980586167366184,-0.9335101217534114,1.235494221803459,52.03520619929461,100.0,85.76736712122026,6.354515050167242,6.354515050167242
2019-02-07 02:15:00,,,0.008274645010608594,-1.1749413116773355,1.1901585482192283,58.0378478161929,100.0,99.99999999999999,6.0000000000000275,6.0000000000000275
2019-02-07 02:30:00,,,0.07767675936221075,-1.1443434260289487,1.2285725724442056,58.03784781619289,99.99999999999989,99.99999999999994,6.0000000000000275,6.0000000000000275
2019-02-07 02:45:00,,,0.13039842135227353,-1.0970650880190336,1.2334250638465722,58.0378478161929,100.0,99.99999999999994,6.0000000000000275,6.0000000000000275
2019-02-07 03:00:00,,,0.1920453428416069,-1.0920453428416854,1.2898952141469593,58.03784781619289,99.99999999999977,99.99999999999987,6.0000000000000275,6.0000000000000275
2019-02-07 03:15:00,,,0.24582023050792046,-1.0791535638413285,1.3305176177565796,58.03784781619289,0.0,66.66666666666657,6.0000000000000275,6.0000000000000275
2019-02-07 03:30:00,,,0.292437831110548,-1.0591044977772524,1.3567431777357895,58.0378478161929,100.0,66.66666666666657,6.0000000000000275,6.0000000000000275
2019-02-07 03:45:00,,,0.29912219872207935,-0.9657888653887947,1.2691415358971854,58.03784781619289,0.0,33.333333333333314,6.0000000000000275,6.0000000000000275
2019-02-07 04:00:00,,,0.9722706698544359,-0.30112973025717693,1.2691415358971854,40.85798874741836,0.0,33.333333333333314,6.711409395973167,6.711409395973167
2019-02-07 04:15:00,,,0.9326045794344928,-0.22790659285741866,1.1564364799966287,40.85798874741837,4.1359054979185236e-14,-5.161454627207593e-15,6.711409395973167,6.711409395973167
2019-02-07 04:30:00,0.2617449664429783,,0.9326045794344928,-0.22790659285741866,1.1564364799966287,40.85798874741837,4.1359054979185236e-14,8.624897032520818e-15,6.711409395973167,6.711409395973167
2019-02-07 04:45:00,-0.07069316020720251,,0.5950373400383846,-0.5615925239849995,1.1564364799966287,50.08504262546389,53.708553959073406,17.902851319691145,6.354515050167242,6.354515050167242
2019-02-07 05:00:00,-0.06792087941476233,,0.5950373400383846,-0.5615925239849995,1.1564364799966287,50.085042625463885,99.99999999999993,51.236184653024445,6.354515050167242,6.354515050167242
2019-02-07 05:15:00,-0.06525731551614289,,0.5950373400383846,-0.5615925239849995,1.1564364799966287,50.085042625463885,99.99999999999991,84.56951798635774,6.354515050167242,6.354515050167242
2019-02-07 05:30:00,-0.06269820510375057,,0.5950373400383846,-0.5615925239849995,1.1564364799966287,50.085042625463885,99.99999999999991,99.9999999999999,6.354515050167242,6.354515050167242
2019-02-07 05:45:00,-0.06023945196241831,,0.5950373400383846,-0.5615925239849995,1.1564364799966287,50.085042625463885,0.0,66.66666666666659,6.354515050167242,6.354515050167242
2019-02-07 06:00:00,-0.057877120512916935,,0.5950373400383846,-0.5615925239849995,1.1564364799966287,50.08504262546387,0.0,33.333333333333286,6.354515050167242,6.354515050167242
2019-02-07 06:15:00,-0.055607429512416484,,0.535981239053962,-0.4356467908935513,0.9711408355484041,50.08504262546387,0.0,-1.8947806286936004e-14,6.354515050167242,6.354515050167242
2019-02-07 06:30:00,-0.3735100947572678,,0.21547466817370964,-0.7154746681738211,0.9332825427042928,60.45073218855096,100.0,33.333333333333314,6.0000000000000275,6.0000000000000275
2019-02-07 06:45:00,-0.3588626400609085,,0.2427618952718813,-0.7094285619386298,0.9544174312166774,60.45073218855096,100.0,66.66666666666664,6.0000000000000275,6.0000000000000275
2019-02-07 07:00:00,-0.02461019141554166,,0.5780219685002086,-0.37735307217923175,0.9544174312166774,48.71740878809545,0.0,66.66666666666664,6.354515050167242,6.354515050167242
2019-02-07 07:15:00,-0.34382770682541697,,0.2427618952718813,-0.7094285619386298,0.9544174312166774,57.583614719394284,75.56431906542892,58.521439688476285,6.0000000000000275,6.0000000000000275
2019-02-07 07:30:00,-0.33034426734207534,,0.2427618952718813,-0.7094285619386298,0.9544174312166774,57.583614719394284,75.56431906542892,50.37621271028593,6.0000000000000275,6.0000000000000275
2019-02-07 07:45:00,-0.317389590191397,,0.2427618952718813,-0.7094285619386298,0.9544174312166774,57.583614719394284,75.56431906542892,75.5643190654289,6.0000000000000275,6.0000000000000275
2019-02-07 08:00:00,-0.6231272865490078,,-0.021827922959438695,-1.0745175919908423,1.0584920340018547,65.11622330537158,100.00000000000001,83.70954604361926,5.6478405315614655,5.6478405315614655
2019-02-07 08:15:00,-1.2289202322727788,,-0.4171392813313468,-1.8930917417710469,1.4932006527987625,74.76753118429514,100.0,91.85477302180963,4.950495049504955,4.950495049504955
2019-02-07 08:30:00,-1.1807272819875592,,-0.2132999448953954,-1.9979211772168881,1.8045727795541797,74.76753118429514,100.0,100.0,4.950495049504955,4.950495049504955
2019-02-07 08:45:00,-0.8200401217808961,,0.21180021701916463,-1.7018664421848184,1.9280311295399526,64.43054679683787,39.84500327052245,79.94833442350749,5.298013245033117,5.298013245033117
2019-02-07 09:00:00,-0.7878816856326409,,0.2916788668847703,-1.64929476092458,1.9542391585211605,64.43054679683787,0.0,46.615001090174154,5.298013245033117,5.298013245033117
2019-02-07 09:15:00,-0.44030181642834565,,0.6383213275600985,-1.2363279720784215,1.8802713735128147,55.52715281057592,0.0,13.281667756840818,5.6478405315614655,5.6478405315614655
2019-02-07 09:30:00,-0.739774801357096,,0.35233609013967104,-1.4781639047092399,1.8408624656822283,61.28808904636639,29.94190719065814,9.980635730219381,5.298013245033117,5.298013245033117
2019-02-07 09:45:00,-0.39392792068804194,,0.7019707618781457,-1.100641858223672,1.8062130447757834,53.784941025681974,0.0,9.980635730219381,5.6478405315614655,5.6478405315614655
2019-02-07 10:00:00,-1.0101626158175114,,0.15068362093015875,-1.7348420367717554,1.900579754769404,63.42828116003175,90.58517046045661,40.175692550371586,4.950495049504955,4.950495049504955
2019-02-07 10:15:00,-0.3386023292972884,,0.818622921003942,-1.0179584691767052,1.8384136961901336,51.79031238599588,0.0,30.195056820152203,5.6478405315614655,5.6478405315614655
2019-02-07 10:30:00,-0.3253238065797359,,0.8150497781589161,-0.9479401436073842,1.7641621225121549,51.7903123859959,1.2210768898870225e-13,30.195056820152246,5.6478405315614655,5.6478405315614655
2019-02-07 10:45:00,-0.312566010243287,,0.8046192832462218,-0.8710644659704392,1.6762406397946608,51.7903123859959,1.2210768898870225e-13,8.33351271418401e-14,5.6478405315614655,5.6478405315614655
2019-02-07 11:00:00,-0.300308519645498,,0.786190004393883,-0.7861900043938386,1.5723800087877202,51.7903123859959,1.2210768898870225e-13,1.2403769013807418e-13,5.6478405315614655,5.6478405315614655
2019-02-07 11:15:00,-0.2885317149535105,,0.758053961102001,-0.6916087783777058,1.4491812839036544,51.7903123859959,100.0,33.33333333333342,5.6478405315614655,5.6478405315614655
2019-02-07 11:30:00,-0.27721674573965016,,0.7553741056927299,-0.6557063316062872,1.4103775913232723,51.7903123859959,0.0,33.33333333333338,5.6478405315614655,5.6478405315614655
2019-02-07 11:45:00,-0.2663455008086735,,0.7505402087014668,-0.6176498432529209,1.3672815592240084,51.790312385995904,100.0,66.66666666666667,5.6478405315614655,5.6478405315614655
2019-02-07 12:00:00,-0.25590057920833464,,0.6976744185900774,-0.49833887041724756,1.1948224360809987,51.7903123859959,0.0,33.333333333333336,5.6478405315614655,5.6478405315614655
2019-02-07 12:15:00,-0.2458652623766211,,0.683014023554307,-0.45045588401935177,1.1321534500735704,51.79031238599588,0.0,33.333333333333336,5.6478405315614655,5.6478405315614655
2019-02-07 12:30:00,-1.1820347494061467,,-0.1655288706001623,-1.4463132346629437,1.2911903388329826,68.61809663153778,100.0,33.333333333333336,4.6052631578947345,4.6052631578947345
2019-02-07 12:45:00,-1.4469681534653778,,-0.2844653252707885,-1.8138953304668637,1.5456466255294987,72.11244704861645,100.0,66.66666666666667,4.262295081967227,4.262295081967227
2019-02-07 13:00:00,-2.0070855881420546,,-0.5476562254471906,-2.6445261849762036,2.1308807599318347,77.50693763901512,100.0,100.0,3.583061889250838,3.583061889250838
2019-02-07 13:15:00,-1.6206964310150673,,-0.04042716572083549,-2.4105532264359963,2.399532091245118,70.19548152969982,71.56914627257748,90.52304875752583,3.9215686274509887,3.9215686274509887
2019-02-07 13:30:00,-1.5571397082301708,,0.12087798963025254,-2.4738191661008213,2.625586407585,70.19548152969982,17.745675694223053,63.10494065560018,3.9215686274509887,3.9215686274509887
2019-02-07 13:45:00,-1.1859693208102207,,0.5481615636455883,-2.1547189406947442,2.72476798487456,63.27315392147782,0.0,29.771607322266846,4.262295081967227,4.262295081967227
2019-02-07 14:00:00,-0.827161474426541,,0.9245160567682209,-1.812673951505106,2.7493995126882202,57.19861666020562,0.0,5.9152252314076845,4.6052631578947345,4.6052631578947345
2019-02-07 14:15:00,-1.1071293682454297,,0.6748606827962522,-2.0846967483700296,2.7791481476166826,61.209196583568406,30.85805664392404,10.286018881308014,4.262295081967227,4.262295081967227
2019-02-07 14:30:00,-1.0637125302750183,,0.750662989488915,-2.0621383993249975,2.8313677346146586,61.209196583568406,30.85805664392404,20.572037762616027,4.262295081967227,4.262295081967227
2019-02-07 14:45:00,-1.332640251503281,,0.531395848840388,-2.328781469755481,2.886114623216269,65.01147860667503,100.0,53.90537109594936,3.9215686274509887,3.9215686274509887
2019-02-07 15:00:00,-1.2803798494835372,,0.6321286338389687,-2.3314750390678096,2.9890004084030153,65.01147860667503,100.0,76.95268554797468,3.9215686274509887,3.9215686274509887
2019-02-07 15:15:00,-1.539120870100008,,0.4403522279752048,-2.590189361525741,3.0634714125017686,68.5829732287196,99.99999999999999,100.0,3.583061889250838,3.583061889250838
2019-02-07 15:30:00,-1.4787631889196184,,0.5506240260129802,-2.5050214201498333,3.085799842013111,68.5829732287196,99.99999999999999,100.0,3.583061889250838,3.583061889250838
2019-02-07 15:45:00,-1.420772475628651,,0.6357919673907197,-2.394749622113923,3.0574310482350495,68.5829732287196,100.0,100.0,3.583061889250838,3.583061889250838
2019-02-07 16:00:00,-1.3650559079569469,,0.6952161627189701,-2.2587340780285015,2.9772249635898715,68.5829732287196,100.0,100.0,3.583061889250838,3.583061889250838
2019-02-07 16:15:00,-1.6192090669338133,,0.45408937790352155,-2.4346088584230707,2.917589955037192,72.37572202998192,99.99999999999999,100.0,3.2467532467532534,3.2467532467532534
2019-02-07 16:30:00,-1.2478190737794548,,0.778910699744384,-1.9189758463242668,2.71335354510426,64.04879694159605,0.0,66.66666666666667,3.583061889250838,3.583061889250838
2019-02-07 16:45:00,-1.5069354677148206,,0.45966130055423715,-2.0181028589958627,2.4972230403842524,68.01213961592006,47.596713459713456,49.198904486571145,3.2467532467532534,3.2467532467532534
2019-02-07 17:00:00,-1.7540878278286653,,0.15019469746608838,-2.091942270281666,2.264118702725672,71.406795169585,88.36392966056164,45.32021437342504,2.912621359223322,2.912621359223322
2019-02-07 17:15:00,-1.3788288643464486,,0.34211076849894884,-1.4135393399275942,1.7651060336065685,64.08297198750604,0.4104161565912989,45.457019758955475,3.2467532467532534,3.2467532467532534
2019-02-07 17:30:00,-1.6314033390898208,,0.10127248973541558,-1.6546705479878798,1.7696881887035232,67.65555771748335,49.01823382027478,45.93085987914258,2.912621359223322,2.912621359223322
2019-02-07 17:45:00,-0.012969424481368286,,1.7802031592966339,-0.1025715803493199,1.8671131001545282,44.05818841493594,0.0,16.476216658955366,4.6052631578947345,4.6052631578947345
2019-02-07 18:00:00,-0.012460819599746653,,1.7958591145259106,-0.2169117461048864,1.9970050314352494,44.05818841493595,2.5980948211897975e-14,16.339411273424943,4.6052631578947345,4.6052631578947345
2019-02-07 18:15:00,-0.011972160007600596,,1.8194404224617378,-0.3062825277249215,2.109760943051718,44.05818841493594,0.0,1.6579330501069005e-14,4.6052631578947345,4.6052631578947345
2019-02-07 18:30:00,0.3055499064600342,,2.2069134774783894,-0.12770555668630834,2.310597966199244,40.52724140522778,0.0,1.6579330501069005e-14,4.950495049504955,4.950495049504955
2019-02-07 18:45:00,0.29356755718707994,,2.2498223235451142,-0.23662100341306225,2.4616641988835943,40.52724140522778,0.0,7.919014430436346e-15,4.950495049504955,4.950495049504955
2019-02-07 19:00:00,0.28205510396406286,,2.276804533955934,-0.2966065141539187,2.5481815280303524,40.527241405227784,2.0123290828395234e-13,7.499665052508713e-14,4.950495049504955,4.950495049504955
2019-02-07 19:15:00,0.27099411949487173,,2.3082171280669472,-0.394025708924961,2.676624974202513,40.52724140522778,0.0,7.499665052508713e-14,4.950495049504955,4.950495049504955
2019-02-07 19:30:00,0.26036689912252164,,2.333607690020467,-0.48542287153854335,2.793218640132052,40.52724140522778,0.0,7.499665052508713e-14,4.950495049504955,4.950495049504955
2019-02-07 19:45:00,0.5691252662817892,,2.708016310214356,-0.3239103499493745,2.996210246627772,36.311863471204106,0.0,7.919014430436347e-15,5.298013245033117,5.298013245033117
2019-02-07 20:00:00,0.5468066283883743,,2.726231254762035,-0.47457562562287503,3.1651724881343912,36.311863471204106,0.0,7.919014430436347e-15,5.298013245033117,5.298013245033117
2019-02-07 20:15:00,0.5253632311966738,,2.695692677262751,-0.6095999620308712,3.271172790649436,36.311863471204106,0.0,7.919014430436347e-15,5.298013245033117,5.298013245033117
2019-02-07 20:30:00,0.5047607515418884,,2.647382675854182,-0.726852874529571,3.3421421325545917,36.311863471204106,0.0,7.919014430436347e-15,5.298013245033117,5.298013245033117
2019-02-07 20:45:00,0.4849662122657472,,2.5823795578455933,-0.8274126704282847,3.3801321284710673,36.311863471204106,0.0,7.919014430436347e-15,5.298013245033117,5.298013245033117
2019-02-07 21:00:00,0.14731961490381806,,2.1545826964261217,-1.197486986855023,3.336104825206728,44.65102646568005,100.0,33.33333333333334,4.950495049504955,4.950495049504955
2019-02-07 21:15:00,0.14154237510366485,,1.9938902226712907,-1.2018110147503425,3.1830949209032027,44.651026465680054,100.0,66.66666666666667,4.950495049504955,4.950495049504955
2019-02-07 21:30:00,-0.4949225558878556,,1.2413605919626924,-1.8315245263887836,3.081979484042088,57.5451219216488,100.0,100.0,4.262295081967227,4.262295081967227
2019-02-07 21:45:00,-0.16103054681012585,,1.3918689360122638,-1.4576584096963718,2.8504649986687363,51.13122212405398,69.79314403126622,89.93104801042209,4.6052631578947345,4.6052631578947345
2019-02-07 22:00:00,-0.15471562340581002,,1.0849629175366582,-1.3152260754312861,2.4029555536382583,51.13122212405396,50.257078369729264,73.35007413366517,4.6052631578947345,4.6052631578947345
2019-02-07 22:15:00,0.16795159993185926,,1.141720035658933,-0.877693633018517,2.0167512907358693,45.27829534585596,4.86477614748492,41.63833284949348,4.950495049504955,4.950495049504955
2019-02-07 22:30:00,0.4800400859750864,,0.9202522008027403,-0.22488796239203968,1.1411725104267412,40.3092157869426,0.0,18.373951505738074,5.298013245033117,5.298013245033117
2019-02-07 22:45:00,-0.17391426778512464,,0.2563031731658949,-0.8813031731657706,1.1411725104267412,51.72111213765208,100.0,34.954925382494984,4.6052631578947345,4.6052631578947345
2019-02-07 23:00:00,-0.1670941004209947,,0.2563031731658949,-0.8813031731657706,1.1411725104267412,51.72111213765208,100.0,66.66666666666667,4.6052631578947345,4.6052631578947345
2019-02-07 23:15:00,0.1560193024091605,,0.5522508425334527,-0.5522508425333084,1.104501685066748,46.55936256218135,54.76869560640705,84.92289853546903,4.950495049504955,4.950495049504955
2019-02-07 23:30:00,-0.1666396682876159,,0.2563031731658949,-0.8813031731657706,1.1411725104267412,51.74558149006785,100.0,84.92289853546903,4.6052631578947345,4.6052631578947345
2019-02-07 23:45:00,-0.16010477933516842,,0.28869700109772634,-0.8808022642555424,1.1729718794701245,51.74558149006785,100.0,84.92289853546903,4.6052631578947345,4.6052631578947345
2019-02-08 00:00:00,-0.1538261605377178,,0.3188620196535874,-0.8780725459693106,1.2002906414295293,51.74558149006785,100.0,100.0,4.6052631578947345,4.6052631578947345
2019-02-08 00:15:00,-0.14779376208524653,,0.34694858520050165,-0.873264374674132,1.2234325191355124,51.74558149006785,100.0,100.0,4.6052631578947345,4.6052631578947345
2019-02-08 00:30:00,-0.14199792827798152,,0.3730738052970528,-0.8664948579286236,1.242634373027562,51.74558149006785,0.0,66.66666666666667,4.6052631578947345,4.6052631578947345
2019-02-08 00:45:00,-0.45099332302337425,,0.1111711288354078,-1.160351456704245,1.278228044131822,57.69283627195421,100.0,66.66666666666667,4.262295081967227,4.262295081967227
2019-02-08 01:00:00,-0.4333073103557905,,0.16288269947626333,-1.113702371607428,1.2826830725762766,57.69283627195421,100.0,66.66666666666667,4.262295081967227,4.262295081967227
2019-02-08 01:15:00,-0.41631486681241725,,0.19930439437820802,-1.0517634107716667,1.2564230509407581,57.69283627195419,99.99999999999976,99.99999999999993,4.262295081967227,4.262295081967227
2019-02-08 01:30:00,-0.08525707459440257,,0.5077498609837194,-0.6393288083521464,1.1478338231668954,49.996667768896344,0.0,66.66666666666659,4.6052631578947345,4.6052631578947345
2019-02-08 01:45:00,-0.396656340929491,,0.18339268654126162,-0.8719172767051919,1.0589555479196258,56.277818099601085,81.6139917961658,60.537997265388526,4.262295081967227,4.262295081967227
2019-02-08 02:00:00,-0.6938375634493954,,-0.0399872929784828,-1.2018427723810232,1.1691146882511607,61.487663034444964,100.0,60.537997265388604,3.9215686274509887,3.9215686274509887
2019-02-08 02:15:00,-0.35380266321827225,,0.3093637958955897,-0.8339539598300694,1.1463245085349387,54.49469019032781,39.14388891027634,73.58596023548071,4.262295081967227,4.262295081967227
2019-02-08 02:30:00,-0.6527989748684626,,0.04383802881937626,-1.1876288784926192,1.2385501187755714,59.45995855485129,82.35396993267437,73.8326196143169,3.9215686274509887,3.9215686274509887
2019-02-08 02:45:00,-0.6271990150697015,,0.12330506318452006,-1.2017364357336247,1.3322250654475232,59.45995855485129,71.00368434435603,64.16718106243557,3.9215686274509887,3.9215686274509887
2019-02-08 03:00:00,-0.28956747232111724,,0.4720025591769206,-0.8654451821277775,1.3400839720694175,52.780742212167596,0.0,51.119218092343466,4.262295081967227,4.262295081967227
2019-02-08 03:15:00,-0.2782118851712756,,0.47519962920061776,-0.8030684816597189,1.2803670732755483,52.780742212167596,0.0,23.66789478145201,4.262295081967227,4.262295081967227
2019-02-08 03:30:00,-0.2673016151645613,,0.4046878530903353,-0.6341960498117416,1.0400774343841581,52.780742212167596,0.0,0.0,4.262295081967227,4.262295081967227
2019-02-08 03:45:00,-0.2568191988836066,,0.41378686403379383,-0.6105081755092945,1.0253035348232473,52.780742212167596,0.0,0.0,4.262295081967227,4.262295081967227
2019-02-08 04:00:00,-0.24674785775091745,,0.42064622028952225,-0.5845806465191616,1.0060514991850664,52.780742212167596,0.0,0.0,4.262295081967227,4.262295081967227
2019-02-08 04:15:00,-0.23707147117245642,,0.37956383059289944,-0.4779244863307386,0.8579102399925015,52.780742212167596,0.0,0.0,4.262295081967227,4.262295081967227
2019-02-08 04:30:00,-0.22777455073430541,,0.376721180312356,-0.4422949508043006,0.8192847490671787,52.78074221216761,100.0,33.333333333333336,4.262295081967227,4.262295081967227
2019-02-08 04:45:00,-0.532108846643875,,0.08657224325241408,-0.7401670144944084,0.8294498782640374,60.2768725013325,100.0,66.66666666666667,3.9215686274509887,3.9215686274509887
2019-02-08 05:00:00,-0.5112418330499913,,0.11405215685420522,-0.7022874509720056,0.8187476892652312,60.2768725013325,100.0,100.0,3.9215686274509887,3.9215686274509887
2019-02-08 05:15:00,-0.17779235260375614,,0.4244433818025639,-0.3260827260649912,0.7501571781078329,50.90460986756122,0.0,66.66666666666667,4.262295081967227,4.262295081967227
2019-02-08 05:30:00,-0.48424366972084076,,0.10535311432724459,-0.595549192758793,0.7026244257766766,57.946379511193335,75.13414763109981,58.378049210366605,3.9215686274509887,3.9215686274509887
2019-02-08 05:45:00,-0.7766972972979569,,-0.11150824647276902,-0.9634103203026267,0.8565054418397545,63.57301755504488,100.0,58.378049210366605,3.583061889250838,3.583061889250838
2019-02-08 06:00:00,-0.1211094466893825,,0.5434982568290447,-0.31399006010789376,0.8565054418397545,49.35112677461362,0.0,58.378049210366605,4.262295081967227,4.262295081967227
2019-02-08 06:15:00,-0.11636005662313265,,0.5434982568290447,-0.31399006010789376,0.8565054418397545,49.351126774613626,4.996120042897376e-14,33.33333333333335,4.262295081967227,4.262295081967227
2019-02-08 06:30:00,-0.7369867181601042,,-0.051582805621142036,-0.9256158914473955,0.8783245739727015,59.784931272731455,73.36439759806288,24.454799199354312,3.583061889250838,3.583061889250838
2019-02-08 06:45:00,-0.7080852782322511,,0.02270157846449017,-0.9347536957284519,0.9618415221768097,59.784931272731455,73.36439759806288,48.9095983987086,3.583061889250838,3.583061889250838
2019-02-08 07:00:00,-1.2977807500760052,,-0.3768073263424765,-1.726752544207788,1.3642945946700857,67.54007405584218,100.0,82.24293173204192,2.912621359223322,2.912621359223322
2019-02-08 07:15:00,-0.9389927639992912,,0.05570238260763638,-1.419338746244092,1.4851672693243905,61.186590312765624,65.06953566447734,79.47797775418007,3.2467532467532534,3.2467532467532534
2019-02-08 07:30:00,-0.9021695183522693,,0.14593822820834212,-1.4446395269097412,1.600973688158069,61.186590312765624,18.073929510191917,61.04782172488975,3.2467532467532534,3.2467532467532534
2019-02-08 07:45:00,-0.8667903215541339,,0.2272727273030961,-1.4610389610694274,1.6987912447524895,61.18659031276563,18.07392951019201,33.73913156162042,3.2467532467532534,3.2467532467532534
2019-02-08 08:00:00,-0.8327985442383001,,0.2999832439943395,-1.4363468803580526,1.7462520107772521,61.18659031276563,1.118351387196645e-13,12.049286340128011,3.2467532467532534,3.2467532467532534
2019-02-08 08:15:00,-0.4897870364465873,,0.6445237412684879,-1.0679765099981808,1.7161337592259394,54.31427453016602,0.0,6.024643170064039,3.583061889250838,3.583061889250838
2019-02-08 08:30:00,-0.4705797016839819,,0.6570356777414244,-1.0153418666665748,1.6753790377982007,54.31427453016602,0.0,3.552713678800501e-14,3.583061889250838,3.583061889250838
2019-02-08 08:45:00,-0.13962132849111297,,0.9771176208003274,-0.6503202351794801,1.6247829818264996,48.05460720139913,0.0,-1.7512427852164902e-15,3.9215686274509887,3.9215686274509887
2019-02-08 09:00:00,-0.13414598227576846,,0.9660921186745997,-0.6066149944916277,1.5698854236792106,48.054607201399136,5.410780152047894e-14,1.6284691054943158e-14,3.9215686274509887,3.9215686274509887
2019-02-08 09:15:00,-0.4414245933603289,,0.6365940470336451,-0.8646070763496216,1.5029145438730185,54.17910153889303,97.84057228326195,32.61352409442066,3.583061889250838,3.583061889250838
2019-02-08 09:30:00,-0.42411382499325523,,0.6284851699675631,-0.7913516194789749,1.4209939506441276,54.17910153889303,97.84057228326195,65.22704818884131,3.583061889250838,3.583061889250838
2019-02-08 09:45:00,-1.0267113566453046,,0.08348389143084667,-1.4427071924017265,1.5366342290787405,64.01909211758289,100.0,98.56038152217462,2.912621359223322,2.912621359223322
2019-02-08 10:00:00,-1.9007941585574728,,-0.512820512818768,-2.564102564104309,2.0833333333368778,73.28617585193788,100.0,99.2801907610873,1.9230769230769384,1.9230769230769384
2019-02-08 10:15:00,-1.8262532111630647,,-0.25345035489833245,-2.5991137476657933,2.379603246767838,73.28617585193788,100.0,99.99999999999999,1.9230769230769384,1.9230769230769384
2019-02-08 10:30:00,-1.7546354381762774,,-0.027804509362050478,-2.6324519008943725,2.639759578229933,73.28617585193788,100.0,99.99999999999999,1.9230769230769384,1.9230769230769384
2019-02-08 10:45:00,-1.6858262053066286,,0.1675220761258922,-2.6675220761259277,2.8709307870904635,73.28617585193788,100.0,99.99999999999999,1.9230769230769384,1.9230769230769384
2019-02-08 11:00:00,-1.315989598810141,,0.5640862416169012,-2.2361119650896155,2.8238055845840693,65.69951590890236,0.0,66.66666666666664,2.2508038585209,2.2508038585209
2019-02-08 11:15:00,-1.56827334692482,,0.3461945573522751,-2.4295278906856566,2.804940579069917,69.13992593895958,45.34815130623433,48.44938376874476,1.9230769230769384,1.9230769230769384
2019-02-08 11:30:00,-1.506772431359138,,0.4718384471236181,-2.39491537020059,2.894586378657456,69.13992593895958,45.34815130623433,30.232100870822872,1.9230769230769384,1.9230769230769384
2019-02-08 11:45:00,-2.0504269345958948,,0.06983806674849546,-3.0316215062389573,3.1480792174496854,74.9645154034802,100.0,63.56543420415621,1.2738853503184933,1.2738853503184933
2019-02-08 12:00:00,-1.3667589753451725,,0.8012820512888874,-2.4038461538530287,3.2310177706115493,62.301150865770275,0.0,48.44938376874476,1.9230769230769384,1.9230769230769384
2019-02-08 12:15:00,-1.3131605841551708,,0.8857678078524112,-2.360126782211458,3.2700003619629685,62.301150865770275,0.0,33.33333333333332,1.9230769230769384,1.9230769230769384
2019-02-08 12:30:00,-1.2616640906588872,,0.9599665644768329,-2.306120410630752,3.2882192198566265,62.30115086577026,0.0,-1.4210854715202004e-14,1.9230769230769384,1.9230769230769384
2019-02-08 12:45:00,-1.5152741100039613,,0.7468003002451207,-2.5678865622260405,3.345145858305566,65.89856232887391,28.408022626143293,9.469340875381084,1.5974440894568787,1.5974440894568787
2019-02-08 13:00:00,-1.152574096601966,,1.121405854091484,-2.1790981617838656,3.3180514031033024,59.75755616127147,0.0,9.469340875381084,1.9230769230769384,1.9230769230769384
2019-02-08 13:15:00,-0.8020019411670742,,1.4367630389014563,-1.7261521064257046,3.1674983422854526,54.30741890891767,0.0,9.469340875381084,2.2508038585209,2.2508038585209
2019-02-08 13:30:00,-1.0760248605734657,,1.1132463391827496,-1.882477108413616,3.0072899473940446,58.39395834208887,35.255705887785766,11.751901962595241,1.9230769230769384,1.9230769230769384
2019-02-08 13:45:00,-2.236924054880063,,-0.015227424089203634,-2.959456120214665,2.988680590991483,69.9651895784781,100.00000000000001,45.08523529592858,0.6329113924050889,0.6329113924050889
2019-02-08 14:00:00,-2.4455082616294366,,-0.16836733278945415,-3.080844023677487,2.9605743498845882,72.05744176181861,100.0,78.41856862926191,0.3154574132492094,0.3154574132492094
2019-02-08 14:15:00,-2.349605976859648,,-0.024370553279884355,-2.9093833899378696,2.927962443478741,72.05744176181861,100.0,99.99999999999999,0.3154574132492094,0.3154574132492094
2019-02-08 14:30:00,-2.552499052815449,,-0.18484098455754383,-3.022706185253865,2.8841199546865797,74.1461764617885,100.0,99.99999999999999,2.220446049250313e-14,2.220446049250313e-14
2019-02-08 14:45:00,-2.4524010507442573,,0.0029556927440443914,-2.9274839946309195,2.9739263462110586,74.1461764617885,100.0,99.99999999999999,2.220446049250313e-14,2.220446049250313e-14
2019-02-08 15:00:00,-2.3562284605189943,,0.21412090920431837,-2.9499699658081746,3.2079735318156284,74.1461764617885,100.0,99.99999999999999,2.220446049250313e-14,2.220446049250313e-14
2019-02-08 15:15:00,-1.0687368472465986,,1.504757065464668,-1.6639927342545602,3.1712746999580417,53.98539230489013,0.0,66.66666666666664,1.2738853503184933,1.2738853503184933
2019-02-08 15:30:00,-1.0268255983349683,,1.515985184362445,-1.6115265856364247,3.1290065183356517,53.985392304890134,3.524380451823722e-14,33.33333333333332,1.2738853503184933,1.2738853503184933
2019-02-08 15:45:00,-1.2884368911286526,,1.2247565462264243,-1.8596771811471458,3.0942567647219024,57.34793708141994,16.678640822506207,5.559546940835393,0.952380952380949,0.952380952380949
2019-02-08 16:00:00,-1.2379099542216387,,1.2296281200758319,-1.7375646280124224,2.974747662787406,57.34793708141994,16.678640822506207,11.119093881670794,0.952380952380949,0.952380952380949
2019-02-08 16:15:00,-0.5830445494838798,,1.8686622731755476,-1.069940228447186,2.926913549746761,49.036253585422635,0.0,11.119093881670784,1.5974440894568787,1.5974440894568787
2019-02-08 16:30:00,0.6763021603252817,,3.2866310239201058,0.014339849866273902,3.2191594166909816,37.37045934340544,0.0,5.559546940835381,2.912621359223322,2.912621359223322
2019-02-08 16:45:00,-0.8904776439687234,,1.6419394471060889,-1.5782451795901986,3.2191594166909816,52.56243125863354,76.04549540465652,25.34849846821882,1.2738853503184933,1.2738853503184933
2019-02-08 17:00:00,0.6852662586393388,,3.368291786278088,-0.16440829113246735,3.4770005539731175,41.67560049240724,21.54997345240277,32.531822952353075,2.912621359223322,2.912621359223322
2019-02-08 17:15:00,1.2886003973978433,,4.201954397392704,0.162866449512844,3.952821166716989,38.26181470736255,5.867278908432082,34.487582588497105,3.583061889250838,3.583061889250838
2019-02-08 17:30:00,-0.32149222108749376,,2.532051282049874,-1.4423076923062883,3.952821166716989,49.417144917628754,79.29639181433703,35.571214725057274,1.9230769230769384,1.9230769230769384
2019-02-08 17:45:00,2.5357553176738934,,5.927869031278998,0.8048042360477181,4.9562216888731765,36.59834856528588,0.0,28.387890240923017,4.950495049504955,4.950495049504955
2019-02-08 18:00:00,1.4704830963414128,-0.6078431372549598,4.9883037472329805,-0.4784998256643913,5.346250857483543,41.9992543711997,42.132706203158456,40.47636600583181,3.9215686274509887,3.9215686274509887
2019-02-08 18:15:00,1.7324605301538565,-0.27916156920321233,5.449173058039514,-0.465566500662451,5.770939108778312,40.753049140696966,32.41100381980665,24.84790334098835,4.262295081967227,4.262295081967227
2019-02-08 18:30:00,1.0277589974547752,-0.9195668472424368,4.786313361736005,-1.3009713421920366,5.983020342903504,44.31201769868945,60.1746756979547,44.90612857363991,3.583061889250838,3.583061889250838
2019-02-08 18:45:00,0.3591965606137615,-1.5453331626428035,3.9790161912283795,-2.0372686184128352,5.958435917240829,47.69563154042476,100.0,64.19522650592043,2.912621359223322,2.912621359223322
2019-02-08 19:00:00,0.3451104209818423,-1.5299567132632697,3.7819590140067305,-2.099111117566599,5.831998301207184,47.69563154042476,99.99999999999999,86.72489189931821,2.912621359223322,2.912621359223322
2019-02-08 19:15:00,0.33157667898255916,-1.5147332633800525,3.5598705501592054,-2.135922330094442,5.65552699228269,47.69563154042476,99.99999999999999,99.99999999999999,2.912621359223322,2.912621359223322
2019-02-08 19:30:00,0.007615591174880976,-1.8141945610416266,2.915001326700639,-2.3988722944425223,5.3001956967643995,49.60771742432467,100.0,99.99999999999999,2.580645161290329,2.580645161290329
2019-02-08 19:45:00,-0.30164044953366886,-2.1087114663124518,2.2505376656030585,-2.604235414799194,4.863373902416182,51.51646455544746,100.00000000000001,99.99999999999999,2.2508038585209,2.2508038585209
2019-02-08 20:00:00,0.019184135961825,-1.7750929856942932,2.179825333890717,-2.1475672693745396,4.326694749273445,49.49739449642944,47.15628631035517,82.38542877011837,2.580645161290329,2.580645161290329
2019-02-08 20:15:00,0.9574891119154438,-0.807128628639886,3.0214048498621526,-1.2624471951389493,4.246504933210649,43.934316485592426,0.0,49.05209543678504,3.583061889250838,3.583061889250838
2019-02-08 20:30:00,0.6050107404216964,-1.1179477500403268,2.5018029571876044,-1.5927120480966228,4.07598778806574,46.1085977527335,28.676322951084835,25.277536420479976,3.2467532467532534,3.2467532467532534
2019-02-08 20:45:00,0.5812848290326134,-1.1068238918309659,2.2170156120940643,-1.5351974302758586,3.7394648666880337,46.1085977527335,28.676322951084835,19.11754863405653,3.2467532467532534,3.2467532467532534
2019-02-08 21:00:00,0.24574850179326369,-1.4126688560128553,1.5676745148006654,-1.729486812535197,3.299831093592811,48.42813221980975,80.77930464867208,46.04398351694723,2.912621359223322,2.912621359223322
2019-02-08 21:15:00,-0.07458076751095666,-1.71347168392052,1.0805602692770089,-1.983786075728533,3.078248110666616,50.71268496757385,100.0,69.81854253325228,2.580645161290329,2.580645161290329
2019-02-08 21:30:00,0.2390455067903252,-1.3815078037169637,1.4076818235465138,-1.6665814999218265,3.078248110666616,48.403545384357884,49.845876599102645,76.87506041592488,2.912621359223322,2.912621359223322
2019-02-08 21:45:00,-0.08100012534394407,-1.6827202111757478,0.8123393730080641,-1.8445974375241092,2.670721177901991,50.81538032279652,100.0,83.28195886636752,2.580645161290329,2.580645161290329
2019-02-08 22:00:00,-0.07782364984025847,-1.6659767264874281,0.8452038362342984,-1.8452038362341994,2.7039273090135643,50.815380322796535,100.0,83.28195886636752,2.580645161290329,2.580645161290329
2019-02-08 22:15:00,0.23591971311167637,-1.3343332569677235,1.1883148119835818,-1.4795769479057808,2.671782705577089,48.202230996300976,0.0,66.66666666666664,2.912621359223322,2.912621359223322
2019-02-08 22:30:00,0.5393468535920265,-1.0039007285682522,1.3503894126168037,-1.1231166853439722,2.4706984860448054,45.672863287703855,0.0,33.33333333333331,3.2467532467532534,3.2467532467532534
2019-02-08 22:45:00,0.20558555202812023,-1.3110995742228182,0.8308059640926402,-1.0573431809209999,1.8902902504753465,48.578708607922024,56.50628477044606,18.835428256815323,2.912621359223322,2.912621359223322
2019-02-08 23:00:00,-0.1130442224378525,-1.6132374244669512,0.5011939247681285,-1.2431294086389988,1.750818304536864,51.379372056140404,100.0,52.168761590148655,2.580645161290329,2.580645161290329
2019-02-08 23:15:00,-0.4171957467266396,-1.910393638165564,0.11763729274669732,-1.3073479036790903,1.43351252171574,54.073193908533035,100.0,85.50209492348199,2.2508038585209,2.2508038585209
2019-02-08 23:30:00,-0.40083512920793263,-1.8913847462435074,0.1523074141432712,-1.2134006617316118,1.3729924409151129,54.073193908533035,100.0,99.99999999999996,2.2508038585209,2.2508038585209
2019-02-08 23:45:00,-0.38511610453312306,-1.8725649975246728,0.21988128303083165,-1.2166658489471627,1.4437426338508716,54.073193908533035,100.0,99.99999999999996,2.2508038585209,2.2508038585209
2019-02-09 00:00:00,-0.061276680390898175,-1.5405420499406741,0.5600219281708174,-0.8826025733320142,1.4449550742031723,50.573535368936895,0.0,66.66666666666663,2.580645161290329,2.580645161290329
2019-02-09 00:15:00,-0.36761823183518727,-1.8386530220415809,0.29426603872892976,-1.1945875821372298,1.495586163079374,53.794056659071984,92.02387186341717,64.0079572878057,2.2508038585209,2.2508038585209
2019-02-09 00:30:00,-0.9648646391615889,-2.4413459361520062,-0.1604708202161631,-1.9162064960777325,1.7741574384008665,59.48055359351538,100.0,64.0079572878057,1.5974440894568787,1.5974440894568787
2019-02-09 00:45:00,-0.6220543596544226,-2.1074772663142505,0.21491667269073478,-1.6251730829470623,1.853156887537093,55.78388583883777,58.49713493931295,83.50700226757668,1.9230769230769384,1.9230769230769384
2019-02-09 01:00:00,0.32933770858578626,-1.1455513453914712,1.1778759402227168,-0.692439047018778,1.8657863795242087,46.456000962071975,0.0,52.83237831310428,2.912621359223322,2.912621359223322
2019-02-09 01:15:00,-0.30348009295144696,-1.7635471801677793,0.5124954383279867,-1.1877365958842256,1.7059918136473613,52.195059096555184,44.063380116628196,34.18683835198035,2.2508038585209,2.2508038585209
2019-02-09 01:30:00,-0.29157891283571047,-1.7459994470317874,0.5215125538645005,-1.1002906889127195,1.6265101854360475,52.1950590965552,44.06338011662831,29.375586744418797,2.2508038585209,2.2508038585209
2019-02-09 01:45:00,-0.2801444456656754,-1.728626318205595,0.5163484880430502,-0.9986636005832272,1.51867448690659,52.1950590965552,61.52582509651529,49.884195109923894,2.2508038585209,2.2508038585209
2019-02-09 02:00:00,-0.2691583889729121,-1.7114260563329098,0.5319433197258139,-0.9499497505940147,1.4849967613000388,52.1950590965552,100.0,68.52973507104782,2.2508038585209,2.2508038585209
2019-02-09 02:15:00,0.05049306201403425,-1.3804918504314978,0.8562399110797703,-0.6304334594668837,1.4849967613000388,48.68560829683679,0.0,53.84194169883839,2.580645161290329,2.580645161290329
2019-02-09 02:30:00,0.6727138790421083,-0.7327412007029577,1.5446886835928542,-0.05118219008635183,1.5840419886986545,42.52691814577718,0.0,33.33333333333329,3.2467532467532534,3.2467532467532534
2019-02-09 02:45:00,0.6463329426090736,-0.7254502434820398,1.5757466987948554,-0.14717527022346522,1.7107026642735046,42.52691814577718,0.0,-3.789561257387201e-14,3.2467532467532534,3.2467532467532534
2019-02-09 03:00:00,0.30804345262112065,-1.036311908475429,1.247152481203262,-0.5028159116239772,1.7434797142789598,46.454709454739685,40.62612790772797,13.542042635909285,2.912621359223322,2.912621359223322
2019-02-09 03:15:00,-0.0149218269363538,-1.342061556155727,0.9204193007381178,-0.7913870426736302,1.7107026642735046,50.12540200669849,100.0,46.87537596924262,2.580645161290329,2.580645161290329
2019-02-09 03:30:00,0.29655038066100925,-1.0126032845360067,1.2200390400199046,-0.4109775513467695,1.6244452110630243,46.67924368773676,54.64676398557369,65.09096396443385,2.912621359223322,2.912621359223322
2019-02-09 03:45:00,0.5977889810025783,-0.684337865371254,1.5757466987948554,-0.14717527022346522,1.7107026642735046,43.46139442395973,12.298193893501882,55.64831929302516,3.2467532467532534,3.2467532467532534
2019-02-09 04:00:00,-1.5734932274328761,-2.862582902066413,-0.3730452678943008,-2.5158436209946067,2.1742035149833976,62.79538268428176,100.0,55.64831929302516,0.952380952380949,0.952380952380949
2019-02-09 04:15:00,-0.907527906122052,-2.2195891026661085,0.3508750798209892,-1.9163702874887334,2.285132184730121,56.81715464434779,69.07917828727182,60.459124060257864,1.5974440894568787,1.5974440894568787
2019-02-09 04:30:00,-0.8719385764702103,-2.197503638957987,0.4321730723036987,-1.933770516393174,2.383841439762185,56.81715464434778,69.07917828727177,79.38611885818115,1.5974440894568787,1.5974440894568787
2019-02-09 04:45:00,-0.5324862963375754,-1.8652874913856254,0.7842944868693191,-1.6176278202026384,2.4119721912019645,53.844623059938904,53.7045357438643,63.95429743946926,1.9230769230769384,1.9230769230769384
2019-02-09 05:00:00,-1.1203103845640605,-2.4655697589306746,0.28503085066611256,-2.259553143659765,2.5699561731049503,58.51887582607682,52.22185560011719,58.33518987708438,1.2738853503184933,1.2738853503184933
2019-02-09 05:15:00,-1.0763766439929157,-2.4410367265035093,0.4037641215880017,-2.282745013307741,2.7119880030775136,58.51887582607681,99.99999999999969,68.64213044799368,1.2738853503184933,1.2738853503184933
2019-02-09 05:30:00,-0.7305099946423144,-2.1081592181631637,0.724542920698501,-1.9705493104748673,2.7119880030775136,55.27292659450591,30.556831348834756,60.92622898298382,1.5974440894568787,1.5974440894568787
2019-02-09 05:45:00,-1.0056095783582464,-2.395837900017883,0.49181990717606094,-2.3071065313798766,2.8245633993461907,57.794104820882794,84.494398539066,71.68374329596676,1.2738853503184933,1.2738853503184933
2019-02-09 06:00:00,-1.2681175831073865,-2.6787700706075612,0.3274553890686649,-2.5814236430369175,2.942035302980448,60.20954692966431,100.0,71.68374329596686,0.952380952380949,0.952380952380949
2019-02-09 06:15:00,-0.9162854312016022,-2.345259401654698,0.7348537956529455,-2.2635162160350886,3.021464004075887,56.714126288916844,29.194055782389622,71.2294847738185,1.2738853503184933,1.2738853503184933
2019-02-09 06:30:00,-0.8803526691936958,-2.3219234872103645,0.8157467163873555,-2.2488677354955855,3.086732759875688,56.714126288916844,29.194055782389622,52.7960371882597,1.2738853503184933,1.2738853503184933
2019-02-09 06:45:00,-0.8458290351076703,-2.2988197709197133,0.8900940446432859,-2.227673662477647,3.1387594101826752,56.714126288916844,0.0,19.46270385492637,1.2738853503184933,1.2738853503184933
2019-02-09 07:00:00,-0.8126592690250178,-2.2759459423533412,0.958226276194063,-2.2002644927545223,3.178228173208967,56.71412628891686,4.0655635403477857e-13,9.731351927463297,1.2738853503184933,1.2738853503184933
2019-02-09 07:15:00,-0.4763249710717954,-1.9441889300127468,1.3043521553541826,-1.8155342639803451,3.127881003368694,52.60631308924951,0.0,9.000207986294602e-14,1.5974440894568787,1.5974440894568787
2019-02-09 07:30:00,-0.7621703560214854,-2.234016159389407,0.9677459513141695,-1.9231599640529784,2.9047822637609166,56.035610637627734,83.48231483982593,27.82743827994207,1.2738853503184933,1.2738853503184933
2019-02-09 07:45:00,-1.0349675130872482,-2.5190671047241042,0.6382631150831264,-2.0033424801624733,2.659759509357076,59.21381922635701,100.0,61.160771613275266,0.952380952380949,0.952380952380949
2019-02-09 08:00:00,-0.38681473184876136,-1.8773182245264142,1.219476562407218,-1.1875276806180612,2.406619798967943,51.236205733380835,0.0,61.160771613275266,1.5974440894568787,1.5974440894568787
2019-02-09 08:15:00,-0.9793076590329464,-2.4754405788687706,0.5978712931437702,-1.677236372508839,2.287452648198449,57.414844918339234,77.4497183950856,59.149906131695154,0.952380952380949,0.952380952380949
2019-02-09 08:30:00,-1.2419715634880424,-2.75636048690705,0.2625388035068621,-1.7498805756587021,2.027497286198999,60.13469591780232,100.0,59.149906131695154,0.6329113924050889,0.6329113924050889
2019-02-09 08:45:00,-1.193266796292447,-2.728934014400508,0.030680047150499767,-1.2648572623403243,1.303581562805613,60.13469591780232,100.0,92.48323946502849,0.6329113924050889,0.6329113924050889
2019-02-09 09:00:00,-1.1464720199672485,-2.701780442117918,0.0891589945863247,-1.291690640155907,1.3892024341882965,60.134695917802304,99.99999999999984,99.9999999999999,0.6329113924050889,0.6329113924050889
2019-02-09 09:15:00,-1.1015123329097154,-2.6748970546341733,0.16435479225394012,-1.2719497289627513,1.444303034859105,60.13469591780232,100.0,99.9999999999999,0.6329113924050889,0.6329113924050889
2019-02-09 09:30:00,-0.7566646101944685,-2.3423868970009587,0.49709586684496543,-0.9097942795433411,1.4097992559641068,55.37742009321388,0.0,66.66666666666657,0.952380952380949,0.952380952380949
2019-02-09 09:45:00,-0.7269914882260475,-2.3190795646924833,0.46011392663034556,-0.7775742440906064,1.239655878464555,55.37742009321388,0.0,33.33333333333329,0.952380952380949,0.952380952380949
2019-02-09 10:00:00,-0.6984820180995333,-2.2960041461383307,0.47517213754932897,-0.7608864232635404,1.2378268849342176,55.37742009321388,0.0,-4.263256414560601e-14,0.952380952380949,0.952380952380949
2019-02-09 10:15:00,-0.061458995763097324,-1.655063657760425,1.1339904642488463,-0.17552401057466804,1.3032687778052778,46.239798101728574,0.0,-4.263256414560601e-14,1.5974440894568787,1.5974440894568787
2019-02-09 10:30:00,-0.05904883906651115,-1.638595362658335,1.1339904642488463,-0.17552401057466804,1.3032687778052778,46.239798101728574,0.0,-4.263256414560601e-14,1.5974440894568787,1.5974440894568787
2019-02-09 10:45:00,-0.36253478486092394,-1.932426868110071,0.8119076920697132,-0.4934363544900289,1.3032687778052778,50.93457940187108,51.37858957743317,17.126196525811014,1.2738853503184933,1.2738853503184933
2019-02-09 11:00:00,-0.3483177344742239,-1.9131987400691775,0.7952066716423012,-0.508582467820573,1.301923325779424,50.93457940187108,51.37858957743317,34.25239305162207,1.2738853503184933,1.2738853503184933
2019-02-09 11:15:00,-0.6386067016881714,-2.2024502325193596,0.49186988986857916,-0.8093302073288289,1.303268777797073,55.446917178953335,100.0,67.58572638495541,0.952380952380949,0.952380952380949
2019-02-09 11:30:00,-0.6135633016219666,-2.180535304832598,0.5069679202873267,-0.7926822060015382,1.301509425468118,55.44691717895333,99.99999999999991,83.79286319247765,0.952380952380949,0.952380952380949
2019-02-09 11:45:00,-0.28539712504901393,-1.8504112492225389,0.8270538053837928,-0.47673533404613,1.301509425468118,50.10300606443134,0.0,66.6666666666666,1.2738853503184933,1.2738853503184933
2019-02-09 12:00:00,-0.27420508092944607,-1.8319991969914629,0.8270538053837928,-0.47673533404613,1.301509425468118,50.10300606443134,0.0,33.333333333333265,1.2738853503184933,1.2738853503184933
2019-02-09 12:15:00,-0.2634519405008362,-1.813770349260213,0.8086216378467848,-0.4264560327511657,1.232722150565031,50.10300606443134,0.0,-3.789561257387201e-14,1.2738853503184933,1.2738853503184933
2019-02-09 12:30:00,0.05303066111970178,-1.4851501922317212,1.149184967701311,-0.15876963223797613,1.301509425468118,44.719858421123874,0.0,-3.789561257387201e-14,1.5974440894568787,1.5974440894568787
2019-02-09 12:45:00,0.050951027350309985,-1.4703725783786648,1.1477407439202558,-0.22122317203524533,1.3626513140215395,44.719858421123874,0.0,-3.789561257387201e-14,1.5974440894568787,1.5974440894568787
2019-02-09 13:00:00,-0.25718521877907685,-1.7664083529719488,0.8119076920656054,-0.49343635448592105,1.303268777797073,50.84491777722031,100.0,33.33333333333329,1.2738853503184933,1.2738853503184933
2019-02-09 13:15:00,-0.24709952392499845,-1.7488321504548043,0.7952066716381712,-0.5085824678164652,1.301923325771218,50.84491777722031,100.0,66.66666666666663,1.2738853503184933,1.2738853503184933
2019-02-09 13:30:00,0.06879200180980316,-1.4206527387554235,1.057500039653858,-0.22682911313623988,1.2790169418495179,45.05522304414746,5.475287724188163,68.49176257472935,1.5974440894568787,1.5974440894568787
2019-02-09 13:45:00,0.37424980717426504,-1.0937013193465073,1.342327340293492,0.003826505860393681,1.3295519272305807,40.13367499812402,0.0,35.158429241396014,1.9230769230769384,1.9230769230769384
2019-02-09 14:00:00,0.669663391468367,-0.7679564799089156,1.657345248975206,0.1754521786775154,1.4684363385776082,35.90942406813113,0.0,1.8250959080626785,2.2508038585209,2.2508038585209
2019-02-09 14:15:00,0.333396205542158,-1.0752018526770324,1.239055121982524,-0.18136281429019796,1.4129456276648735,42.43452933236889,43.68858098254111,14.562860327513661,1.9230769230769384,1.9230769230769384
2019-02-09 14:30:00,0.01233860742517745,-1.3774121823631469,0.8602008078377299,-0.5087631081572286,1.3665626078980138,48.12249672179061,100.0,47.896193660847,1.5974440894568787,1.5974440894568787
2019-02-09 14:45:00,0.011854740467343028,-1.363706588508784,0.7977472680703146,-0.5102073319681155,1.3060768537630456,48.12249672179061,100.0,81.22952699418033,1.5974440894568787,1.5974440894568787
2019-02-09 15:00:00,0.011389848684317805,-1.350137368722626,0.7272000090826625,-0.5035578365587434,1.2293831360643226,48.12249672179061,100.0,99.99999999999996,1.5974440894568787,1.5974440894568787
2019-02-09 15:15:00,0.318921952568596,-1.0236638328489867,1.0608894628874044,-0.2275561295540851,1.283099345169952,42.83610802040487,7.060143994194205,69.0200479980647,1.9230769230769384,1.9230769230769384
2019-02-09 15:30:00,0.3064152093306127,-1.0134781230694,1.069123513289183,-0.26784146200716785,1.3316299195290036,42.83610802040488,1.344098544198695e-13,35.686714664731404,1.9230769230769384,1.9230769230769384
2019-02-09 15:45:00,0.2943989266117386,-1.0033937636358736,1.0492551468421318,-0.3120756596626695,1.3563315076784201,42.83610802040487,0.0,2.3533813313980687,1.9230769230769384,1.9230769230769384
2019-02-09 16:00:00,0.2828538706661998,-0.9934097460872482,1.0232142719693638,-0.3501373488924764,1.3687452665992472,42.83610802040488,1.344098544198695e-13,4.5099344279856544e-14,1.9230769230769384,1.9230769230769384
2019-02-09 16:15:00,0.2717615620126068,-0.9835250719968269,0.9262739981424462,-0.3493509212194268,1.271955816046349,42.83610802040487,0.0,2.9605947323337506e-16,1.9230769230769384,1.9230769230769384
2019-02-09 16:30:00,0.5708776722809894,-0.6585257741859807,1.1600895186023585,-0.06684193017804096,1.2202612106514499,36.95560269313165,0.0,2.9605947323337506e-16,2.2508038585209,2.2508038585209
2019-02-09 16:45:00,0.23878864051596338,-0.9672072591943359,0.7798173967948685,-0.39520201217957407,1.1727640934101902,45.07557983757772,100.0,33.33333333333329,1.9230769230769384,1.9230769230769384
2019-02-09 17:00:00,0.8507653849594066,-0.32501948818581816,1.432131550132798,0.11625554664131954,1.30576684085263,35.286681713906326,0.0,33.33333333333329,2.580645161290329,2.580645161290329
2019-02-09 17:15:00,0.5058398712271206,-0.6390947549420711,1.0409841451544999,-0.2371256242542752,1.2729932371052997,42.06173422982383,69.21159491418295,56.40386497139428,2.2508038585209,2.2508038585209
2019-02-09 17:30:00,0.48600301353194375,-0.6327356031516129,1.0216442100576373,-0.28209437082945543,1.2989354433954479,42.06173422982383,69.21159491418295,46.14106327612192,2.2508038585209,2.2508038585209
2019-02-09 17:45:00,0.7783807668066745,-0.30908961231663756,1.3519000741958997,-0.06157749355081288,1.4044168141073026,37.507583056762066,22.68796053240337,53.703716786923046,2.580645161290329,2.580645161290329
2019-02-09 18:00:00,1.0612097117706387,0.013400019581499834,1.6523766336184798,0.1275586414623442,1.5113673121932525,33.5908340776378,0.0,30.633185148862058,2.912621359223322,2.912621359223322
2019-02-09 18:15:00,0.7063742091030445,-0.306146997206147,1.220590577526548,-0.2205905775266137,1.4340110995553805,40.30412773837902,79.25124296275372,33.979734498385646,2.580645161290329,2.580645161290329
2019-02-09 18:30:00,0.9918030481804285,0.016322783209399283,1.5338383912748332,-0.012802792569388544,1.5349674829223283,36.347157731905874,32.53873383877353,37.263325600509035,2.912621359223322,2.912621359223322
2019-02-09 18:45:00,0.9529088109968775,0.016160367456086178,1.545896357703458,-0.1219481376387721,1.65605382088931,36.34715773190588,41.057695276862816,50.94922402612997,2.912621359223322,2.912621359223322
2019-02-09 19:00:00,0.6026560599180053,-0.30342293122707087,1.2189315759881802,-0.47699609211724336,1.6896595761294646,42.8539751991726,100.0,57.86547637187872,2.580645161290329,2.580645161290329
2019-02-09 19:15:00,0.26822681736047294,-0.6177818404344615,0.8681672025500964,-0.803858520878098,1.6714882673936595,48.52112336886804,100.0,80.35256509228755,2.2508038585209,2.2508038585209
2019-02-09 19:30:00,-0.05106155921591471,-0.9269980278518886,0.49293944258419486,-1.1019138015585739,1.5997241992365903,53.48846363983536,100.0,99.99999999999994,1.9230769230769384,1.9230769230769384
2019-02-09 19:45:00,-0.04905914512901566,-0.9177741668782269,0.4379589465215439,-1.0789845875472048,1.5218211660110867,53.48846363983537,99.99999999999999,99.99999999999994,1.9230769230769384,1.9230769230769384
2019-02-09 20:00:00,-0.35394450984980175,-1.2220489004361013,0.11707089876906718,-1.3950261703346012,1.5218211660110867,58.169647905279255,100.0,99.99999999999994,1.5974440894568787,1.5974440894568787
2019-02-09 20:15:00,-0.3400643329929398,-1.209889209884507,0.17187573829477998,-1.4178821280711795,1.5997241992365903,58.169647905279255,100.0,99.99999999999994,1.5974440894568787,1.5974440894568787
2019-02-09 20:30:00,-0.32672847679714456,-1.1978505112786864,0.22364217250185892,-1.4376996804891018,1.6714882673936595,58.169647905279255,100.0,99.99999999999994,1.5974440894568787,1.5974440894568787
2019-02-09 20:45:00,-0.3139155953541306,-1.1859316007187148,0.272747976635479,-1.4548566028336207,1.7378763727264313,58.169647905279255,100.0,99.99999999999994,1.5974440894568787,1.5974440894568787
2019-02-09 21:00:00,-0.30160517985005075,-1.1741312862836972,0.31948881787084993,-1.4696485622798128,1.7994858611412436,58.169647905279255,0.0,66.66666666666661,1.5974440894568787,1.5974440894568787
2019-02-09 21:15:00,-0.2897775257382884,-1.1624483879127068,0.36410116782368274,-1.482312030443489,1.8567946379361409,58.169647905279255,0.0,33.33333333333328,1.5974440894568787,1.5974440894568787
2019-02-09 21:30:00,0.028637637490702694,-0.837246822584492,0.7067845542355844,-1.1555025029535426,1.8664746605942977,50.27621807063842,0.0,-5.684341886080802e-14,1.9230769230769384,1.9230769230769384
2019-02-09 21:45:00,-0.2795331578050675,-1.1425775391513016,0.42650553075194164,-1.480818629793479,1.9174320290692541,56.616118107192335,80.31869756706833,26.77289918902272,1.5974440894568787,1.5974440894568787
2019-02-09 22:00:00,-0.2685710731852642,-1.131208608413481,0.47923322682208447,-1.4376996804962405,1.9261637238864728,56.616118107192335,80.31869756706833,53.5457983780455,1.5974440894568787,1.5974440894568787
2019-02-09 22:15:00,-0.25803887423683225,-1.1199528013645876,0.5301634850209291,-1.424732175116794,1.9636788883925178,56.61611810719235,80.31869756706851,80.31869756706833,1.5974440894568787,1.5974440894568787
2019-02-09 22:30:00,-0.24791970269812946,-1.1088089923957933,0.5766245812185433,-1.4072955077361282,1.9921943787064762,56.616118107192335,99.99999999999979,86.87913171137882,1.5974440894568787,1.5974440894568787
2019-02-09 22:45:00,0.06898287579932827,-0.7839709419147245,0.89957028065204,-1.0277754088571678,1.9285819599963827,48.32800192030169,0.0,60.10623252235604,1.9230769230769384,1.9230769230769384
2019-02-09 23:00:00,0.0662776649836605,-0.77617023602502,0.8552741806981734,-0.8873254627494664,1.7428789509718288,48.32800192030168,0.0,33.3333333333332,1.9230769230769384,1.9230769230769384
2019-02-09 23:15:00,0.3728171579515882,-0.4525740687930546,1.1600260328232803,-0.5169392161031072,1.6715903603080242,41.3137725576078,0.0,-6.158037043254201e-14,2.2508038585209,2.2508038585209
2019-02-09 23:30:00,0.049105120036729843,-0.7639583579463705,0.7582858912285717,-0.6621320450748036,1.419735371221049,49.24664644586046,51.84090153073328,17.280300510244363,1.9230769230769384,1.9230769230769384
2019-02-09 23:45:00,0.04717942905487771,-0.7563567822454043,0.6362916521347017,-0.44398395982711003,1.0792378832279381,49.24664644586046,100.0,50.6136338435777,1.9230769230769384,1.9230769230769384
2019-02-10 00:00:00,0.045329255366444166,-0.7488308441136127,0.5534134346711239,-0.29700317826096834,0.8493277312253869,49.24664644586046,100.0,83.94696717691103,1.9230769230769384,1.9230769230769384
2019-02-10 00:15:00,-0.568690292491425,-1.3672625637628055,-0.0356978292933241,-0.8878690496876507,0.856124662306252,62.05807953844569,100.0,99.99999999999994,1.2738853503184933,1.2738853503184933
2019-02-10 00:30:00,-0.241174518591325,-1.0416729222781251,0.2960542863239102,-0.5516453406371191,0.8487843353768417,54.63237390957806,42.038446634316415,80.67948221143875,1.5974440894568787,1.5974440894568787
2019-02-10 00:45:00,-0.5369610085946608,-1.3433260656896429,0.04085531392450381,-0.8688807916316099,0.9135181872229694,59.8111766761552,82.46173674675855,74.83339446035826,1.2738853503184933,1.2738853503184933
2019-02-10 01:00:00,-1.717948087201715,-2.558576184184169,-0.7331901120102402,-2.4429105169206378,1.73730975798532,73.05894223957868,100.0,74.83339446035826,2.220446049250313e-14,2.220446049250313e-14
2019-02-10 01:15:00,-1.3526979089984015,-2.2287900887917322,-0.19182554716383748,-2.237196534855168,2.0705176531954392,67.10358575630912,67.68059914024498,83.38077862900111,0.3154574132492094,0.3154574132492094
2019-02-10 01:30:00,-1.5976974115471831,-2.5110104379243436,-0.2302465656698005,-2.662835195336566,2.468293504256641,69.7583420741506,82.08781957487813,83.25613957170764,2.220446049250313e-14,2.220446049250313e-14
2019-02-10 01:45:00,-1.5350426110943394,-2.486025259437541,-0.00045189275401646967,-2.7353971638498398,2.7728761237317823,69.75834207415062,75.08560859092432,74.95134243534908,2.220446049250313e-14,2.220446049250313e-14
2019-02-10 02:00:00,-1.7714078287585089,-2.7639334747536104,-0.04127490565623004,-3.1248692949708223,3.1331951272220375,72.34652616412603,88.03738991185418,81.73693935921881,-0.31347962382444194,-0.31347962382444194
2019-02-10 02:15:00,-1.9968673879487975,-3.037270847494311,-0.04581957788389879,-3.516680422116192,3.5338067774557196,74.68017226949708,100.0,87.70766616759276,-0.6249999999999978,-0.6249999999999978
2019-02-10 02:30:00,-3.0810264247783326,-4.192208825754518,-0.6891006526650978,-4.928183297952293,4.361583922111952,81.43056073119863,100.0,96.01246330395132,-1.851851851851849,-1.851851851851849
2019-02-10 02:45:00,-2.9602018591007417,-4.150495305100243,-0.2127587809328202,-5.0650189968450725,4.983776541307877,81.43056073119863,100.0,99.99999999999993,-1.851851851851849,-1.851851851851849
2019-02-10 03:00:00,-4.261050403187506,-5.551381924596511,-0.9167291285790191,-6.8340307498405135,6.155864769628564,86.60694966399416,100.0,99.99999999999993,-3.343465045592686,-3.343465045592686
2019-02-10 03:15:00,-4.093950387376244,-5.4961442935059885,-0.26685810040825153,-6.9975795895614095,6.984410565940355,86.60694966399416,100.0,99.99999999999993,-3.343465045592686,-3.343465045592686
2019-02-10 03:30:00,-3.6524733497664164,-5.15620165999472,0.5109836193431638,-6.730495814465165,7.473899478568693,81.34714304212473,0.0,66.66666666666659,-3.0487804878048697,-3.0487804878048697
2019-02-10 03:45:00,-3.226152885857514,-4.817739966089651,1.1486684993585738,-6.316864218013052,7.663566782547558,76.35335782905263,0.0,33.33333333333326,-2.752293577981635,-2.752293577981635
2019-02-10 04:00:00,-3.383109020211328,-5.057104611293417,1.1671894223428625,-6.441579666245345,7.814862254757895,77.8197137090942,14.30089966176167,4.766966553920481,-3.0487804878048697,-3.0487804878048697
2019-02-10 04:15:00,-1.8134722377731172,-3.551704822456503,2.7578460107710256,-4.646390902411934,7.47481957480262,58.33971592043178,0.0,4.766966553920481,-1.5479876160990558,-1.5479876160990558
2019-02-10 04:30:00,-2.0335164068769784,-3.811082410064448,2.48376265691439,-4.613392286544049,7.173539858619653,60.47094617473218,9.263227231048928,7.854708964270124,-1.851851851851849,-1.851851851851849
2019-02-10 04:45:00,-1.0741009391960765,-2.883144239415303,3.3667927940461917,-3.3667927940461806,6.733585588092366,51.894024633311645,0.0,3.0877424103495668,-0.9345794392523255,-0.9345794392523255
2019-02-10 05:00:00,-1.6205022565783378,-3.4498154871094977,2.6499986042701984,-3.5478314216076723,6.225778567434479,56.33995147212843,17.14873161450421,8.80398628185097,-1.5479876160990558,-1.5479876160990558
2019-02-10 05:15:00,-0.968034281037522,-2.819915842360421,3.208722741435266,-2.6479750778838462,5.8403230817068446,51.24009560717755,0.0,5.716243871501327,-0.9345794392523255,-0.9345794392523255
2019-02-10 05:30:00,-0.9300721523693878,-2.7918569782573344,3.0491084328898133,-2.239139585537775,5.266917821642128,51.24009560717755,0.0,5.716243871501327,-0.9345794392523255,-0.9345794392523255
2019-02-10 05:45:00,-1.7749397775731146,-3.655196731068422,1.9769325113418335,-2.7176732520825864,4.71205782945944,57.87377663773427,100.0,33.33333333333326,-1.851851851851849,-1.851851851851849
2019-02-10 06:00:00,-1.4131575249651362,-3.323513461059535,2.2691712241709405,-2.2382114718489388,4.50668506675257,55.17896319855471,59.37680110384507,53.12560036794829,-1.5479876160990558,-1.5479876160990558
2019-02-10 06:15:00,-0.7675795093533111,-2.694091454511305,2.8218328444727936,-1.419963685594272,4.212271264196539,50.14943124418617,0.0,53.12560036794829,-0.9345794392523255,-0.9345794392523255
2019-02-10 06:30:00,-1.0335682683362823,-2.9664699487458424,2.4386159382033368,-1.5379948201909133,3.958783936320768,52.481654053685,30.193145058568486,29.856648720804447,-1.2422360248447117,-1.2422360248447117
2019-02-10 06:45:00,-0.993036179381912,-2.936952834827966,2.357832859223752,-1.3329881387268205,3.6720048241621743,52.481654053685,30.193145058568486,20.128763372378923,-1.2422360248447117,-1.2422360248447117
2019-02-10 07:00:00,-0.6577560832134677,-2.608361056866848,2.628568859883851,-0.9151732212545172,3.51364079705148,49.780622777096745,0.0,20.128763372378923,-0.9345794392523255,-0.9345794392523255
2019-02-10 07:15:00,-0.3336915093667292,-2.2810866907897576,2.9492831375709905,-0.6055331375709461,3.51364079705148,47.16641757846843,0.0,10.064381686189426,-0.6249999999999978,-0.6249999999999978
2019-02-10 07:30:00,0.2816449089363626,-1.64992021761462,3.6673223258504084,-0.23964936987550534,3.8411408231282773,42.37361496439875,0.0,-6.868579779014301e-14,2.220446049250313e-14,2.220446049250313e-14
2019-02-10 07:45:00,0.5745401726384713,-1.3263375741338956,4.072182275147784,-0.22360183350733642,4.2146814065108975,40.17539333430165,0.0,-6.868579779014301e-14,0.3154574132492094,0.3154574132492094
2019-02-10 08:00:00,0.2481398755452835,-1.6203472134467378,3.502235415769328,-0.6406001956434593,4.0843953632902394,43.340810837471714,32.955147214567056,10.985049071522283,2.220446049250313e-14,2.220446049250313e-14
2019-02-10 08:15:00,0.8480091549234681,-0.9877639076978473,3.9169790811017124,-0.18280186591178582,4.024637400609703,38.90684959417987,0.0,10.985049071522283,0.6329113924050889,0.6329113924050889
2019-02-10 08:30:00,1.122351307490499,-0.6667384596331316,4.050059606796563,-0.08180563854254252,4.051478761966737,36.875487612106845,0.0,10.985049071522283,0.952380952380949,0.952380952380949
2019-02-10 08:45:00,0.7708794012854181,-0.971322191921753,3.489783799943358,-0.5151002556394779,3.9461907127040043,40.2358541718371,51.97522911997351,17.325076373324436,0.6329113924050889,0.6329113924050889
2019-02-10 09:00:00,0.13172380376762494,-1.5782819349292487,2.409622677202039,-1.0259748784598344,3.4119925755792444,46.38341006332713,100.0,50.65840970665777,2.220446049250313e-14,2.220446049250313e-14
2019-02-10 09:15:00,0.1265581644041891,-1.5625776370692623,2.306363600753425,-1.0799485064137526,3.365673542988471,46.38341006332713,100.0,83.9917430399911,2.220446049250313e-14,2.220446049250313e-14
2019-02-10 09:30:00,0.12159509913343136,-1.5470296008795237,2.125721546046355,-1.0879856969897128,3.1971184210401136,46.38341006332713,100.0,99.99999999999993,2.220446049250313e-14,2.220446049250313e-14
2019-02-10 09:45:00,0.11682666387329288,-1.5316362715175336,2.0813187285675383,-1.137922502152433,3.204127422125046,46.38341006332713,100.0,99.99999999999993,2.220446049250313e-14,2.220446049250313e-14
2019-02-10 10:00:00,0.11224522607433673,-1.5163961096118839,1.9320357614193595,-1.1458722394067866,3.0658566774086577,46.383410063327126,0.0,66.66666666666659,2.220446049250313e-14,2.220446049250313e-14
2019-02-10 10:15:00,-1.6733838590722416,-3.3069310639466276,0.20641232992240077,-3.045918502761946,3.299170913555826,62.946350228873285,100.0,66.66666666666659,-1.851851851851849,-1.851851851851849
2019-02-10 10:30:00,-1.3152821068797893,-2.9776456306551125,0.606482237025352,-2.7736648995640434,3.4171753524831763,59.63956388138073,80.03502811432445,60.01167603810808,-1.5479876160990558,-1.5479876160990558
2019-02-10 10:45:00,-1.2637024164139143,-2.9480173159222245,0.5447138021629883,-2.742856217023637,3.3241042923690163,59.63956388138073,80.03502811432445,86.6900187428829,-1.5479876160990558,-1.5479876160990558
2019-02-10 11:00:00,-1.7979256799145138,-3.5099840645317015,0.05792681341998396,-3.4117729672661357,3.5288763220872794,64.0234067625863,100.0,86.6900187428829,-2.1538461538461395,-2.1538461538461395
2019-02-10 11:15:00,-1.1432019943324656,-2.883542340520129,0.76038122192148,-2.834684627494233,3.6327429043055552,57.31869506439388,0.0,60.01167603810808,-1.5479876160990558,-1.5479876160990558
2019-02-10 11:30:00,-1.9724201831047727,-3.7396674758357284,0.06587320748194792,-3.8388793424512735,3.979832206591304,63.49428109377294,92.10815180977855,64.03605060325945,-2.4539877300613466,-2.4539877300613466
2019-02-10 11:45:00,-2.18309288270766,-3.993901864186211,0.042778704198842554,-4.262962190437369,4.398554428447485,65.29677478903135,100.0,64.03605060325945,-2.752293577981635,-2.752293577981635
2019-02-10 12:00:00,-0.3408281265423474,-2.177510826059559,1.9127371846511476,-2.473484848202556,4.398554428447485,49.50315547465901,0.0,64.03605060325945,-0.9345794392523255,-0.9345794392523255
2019-02-10 12:15:00,-0.32746231765833356,-2.1558440516709187,1.93162987378106,-2.461224889357372,4.404517816546734,49.50315547465901,0.0,33.333333333333265,-0.9345794392523255,-0.9345794392523255
2019-02-10 12:30:00,-0.3146206581423283,-2.134392867077184,1.9590536086817822,-2.395190680332848,4.363760277157959,49.50315547465902,4.498922771384643e-14,-5.132091276632721e-14,-0.9345794392523255,-0.9345794392523255
2019-02-10 12:45:00,-0.8953237620300203,-2.713104476934569,1.3965513985370048,-2.8826195099920793,4.311204627120686,54.122907038055565,29.250746592280716,9.750248864093521,-1.5479876160990558,-1.5479876160990558
2019-02-10 13:00:00,-1.446171293010512,-3.2788398999452517,0.9249855215145875,-3.4172932138222145,4.397073030018558,58.23748856141747,100.0,43.08358219742686,-2.1538461538461395,-2.1538461538461395
2019-02-10 13:15:00,-0.8031492649300365,-2.653281125779139,1.5560584174364678,-2.608689996383795,4.186784119713483,53.10799628280992,41.27207850151684,56.84094169793244,-1.5479876160990558,-1.5479876160990558
2019-02-10 13:30:00,-0.4756694322279764,-2.327569465123236,1.7780621340492297,-1.9954534383970435,3.777621682971237,50.70328718587748,13.740393219465162,51.67082390699394,-1.2422360248447117,-1.2422360248447117
2019-02-10 13:45:00,-0.7530572635034871,-2.60379212584394,1.3974054182156026,-2.0166004646551827,3.4246083856126273,52.99535815940962,30.422215431796353,28.478229050926057,-1.5479876160990558,-1.5479876160990558
2019-02-10 14:00:00,-1.0178308708224337,-2.8754982260437156,1.0979554849483542,-2.147338200997695,3.2624112759743036,55.23674315811642,60.17168570721959,34.77809811949364,-1.851851851851849,-1.851851851851849
2019-02-10 14:15:00,-0.6834870943469129,-2.54918324203125,1.370742835694383,-1.6493806065921324,3.0243369147683845,52.538754205377856,40.48714779056065,43.69368297652547,-1.5479876160990558,-1.5479876160990558
2019-02-10 14:30:00,-0.6566836788823305,-2.5238182346478566,1.30312121888303,-1.4269602281708593,2.7317729473308745,52.538754205377856,40.48714779056065,47.0486604294469,-1.5479876160990558,-1.5479876160990558
2019-02-10 14:45:00,-0.9255224271163653,-2.796564471906837,0.9079859698936765,-1.4635415254491746,2.3781334215137186,55.083183780536096,94.30837633992336,58.42755730701483,-1.851851851851849,-1.851851851851849
2019-02-10 15:00:00,-1.1821172882593767,-3.0648494587166453,0.48581463674282066,-1.4396607905888814,1.934702469880354,57.53488898205787,100.0,78.26517471016128,-2.1538461538461395,-2.1538461538461395
2019-02-10 15:15:00,-0.8427268104291175,-2.738147821732373,0.7959560399426246,-1.1354622127820568,1.934702469880354,54.34064034280015,36.065603070453314,76.7913264701255,-1.851851851851849,-1.851851851851849
2019-02-10 15:30:00,-0.5147290015402484,-2.41277850613828,1.1080178233480398,-0.8293800524501127,1.934702469880354,51.27495611365014,0.0,45.35520102348439,-1.5479876160990558,-1.5479876160990558
2019-02-10 15:45:00,0.4015553978322428,-1.4829938438907342,2.1155844733037332,-0.05308447330367727,2.1465328268307147,43.37002209265731,0.0,12.021867690151055,-0.6249999999999978,-0.6249999999999978
2019-02-10 16:00:00,0.3858081273290237,-1.4682376862400814,2.096635903967403,-0.19038590396732724,2.265429433645292,43.37002209265731,0.0,-4.973799150320701e-14,-0.6249999999999978,-0.6249999999999978
2019-02-10 16:15:00,0.07021388042998122,-1.7575266325656425,1.7809849346902773,-0.5660316636621587,2.33284510937028,46.55528877491938,29.03452302900615,9.678174343002,-0.9345794392523255,-0.9345794392523255
2019-02-10 16:30:00,0.36791630669628095,-1.4360858793790676,1.9852192863470952,-0.32896928634703615,2.295181600068565,43.89632596933913,6.657916122818197,11.897479717274733,-0.6249999999999978,-0.6249999999999978
2019-02-10 16:45:00,0.9599782765444376,-0.8080657842682526,2.473603948420955,0.1679054855413531,2.275642803214505,39.08792641175419,0.0,11.897479717274733,2.220446049250313e-14,2.220446049250313e-14
2019-02-10 17:00:00,0.9223320696211346,-0.800025328703402,2.5544284185203825,-0.007258607199589484,2.5294720514794427,39.08792641175418,0.0,2.2193053742726825,2.220446049250313e-14,2.220446049250313e-14
2019-02-10 17:15:00,-0.020048970201180794,-1.7099425435286086,1.5959758164781457,-0.941770209001469,2.5294720514794427,48.83748374868753,100.0,33.333333333333286,-0.9345794392523255,-0.9345794392523255
2019-02-10 17:30:00,-0.3175831355678116,-1.995139515745259,1.2871893426184666,-1.2250775413762072,2.5114869191129654,51.61741472567334,100.0,66.66666666666661,-1.2422360248447117,-1.2422360248447117
2019-02-10 17:45:00,-0.6016406673337471,-2.275688891300831,0.9736067130747816,-1.5308822548703804,2.5114869191129654,54.29201495390308,100.0,99.99999999999996,-1.5479876160990558,-1.5479876160990558
2019-02-10 18:00:00,0.016971056020320674,-1.6502294581011379,1.4772194836331298,-0.9164718200816879,2.386998783760359,48.51551075360469,62.00690239151976,87.33563413050655,-0.9345794392523255,-0.9345794392523255
2019-02-10 18:15:00,0.016305524411674988,-1.6338092644881952,1.4411916803603653,-0.9427493127590725,2.3780144772881795,48.51551075360468,0.0,54.00230079717321,-0.9345794392523255,-0.9345794392523255
2019-02-10 18:30:00,0.01566609208181191,-1.6175524558863286,1.430085007457671,-0.9627952878314527,2.3873024857430045,48.51551075360469,1.2300566417373948e-13,20.668967463839923,-0.9345794392523255,-0.9345794392523255
2019-02-10 18:45:00,0.3153438702423461,-1.297071413705908,1.708692475369955,-0.708692475369932,2.4053581599401834,45.492804800114875,0.0,2.3684757858670005e-15,-0.6249999999999978,-0.6249999999999978
2019-02-10 19:00:00,0.002723833938045317,-1.5885914295313386,1.2970370484545635,-1.0166632166787926,2.310461300693122,48.9200889260803,100.0,33.333333333333336,-0.9345794392523255,-0.9345794392523255
2019-02-10 19:15:00,0.002617016920880566,-1.5727845496354975,1.2455723580703015,-1.027503822244713,2.2706004477396062,48.92008892608029,99.9999999999998,66.66666666666656,-0.9345794392523255,-0.9345794392523255
2019-02-10 19:30:00,0.3027673443105616,-1.2526104515884207,1.5034668803350026,-0.7534668803349964,2.248501878625157,45.59514559255267,2.986060935609341,67.66202031186967,-0.6249999999999978,-0.6249999999999978
2019-02-10 19:45:00,-0.009321852129384745,-1.5447099945312348,1.0669493477123426,-1.0357966997372015,2.102418567921822,49.305716083497806,100.0,67.66202031186967,-0.9345794392523255,-0.9345794392523255
2019-02-10 20:00:00,-0.008956289300776632,-1.5293397458294389,0.8404380601913397,-0.933896004116519,1.7751635799994496,49.3057160834978,99.9999999999998,67.66202031186967,-0.9345794392523255,-0.9345794392523255
2019-02-10 20:15:00,0.5937135979831476,-0.9028945183773729,1.3044669890279303,-0.3013321927896273,1.5977852121016771,42.57104074900072,0.0,66.66666666666656,-0.31347962382444194,-0.31347962382444194
2019-02-10 20:30:00,0.5704307117877283,-0.8939104933188946,1.1912225705422275,-0.3134796238337012,1.4981273408424483,42.57104074900072,0.0,33.33333333333322,-0.31347962382444194,-0.31347962382444194
2019-02-10 20:45:00,0.5480608799529163,-0.8850158615445691,1.1980694103137735,-0.3516744259877247,1.543212997596941,42.57104074900073,1.0550512095519752e-13,-1.2201142065607506e-14,-0.31347962382444194,-0.31347962382444194
2019-02-10 21:00:00,-0.07533201303866477,-1.487603910458779,0.5862725013181525,-0.9601042770190249,1.5492726150007297,50.94048620529363,100.0,33.33333333333332,-0.9345794392523255,-0.9345794392523255
2019-02-10 21:15:00,-0.07237781644890973,-1.4728018814989863,0.5862725013181525,-0.9601042770190249,1.5492726150007297,50.94048620529363,100.0,66.66666666666664,-0.9345794392523255,-0.9345794392523255
2019-02-10 21:30:00,-0.3677037312705522,-1.761087595999422,0.33200202352676733,-1.2636790421602595,1.6031491517978775,54.76340454027088,100.0,99.99999999999994,-1.2422360248447117,-1.2422360248447117
2019-02-10 21:45:00,-0.35328397710308046,-1.743564336337744,0.33381006752297715,-1.1412634836719948,1.4810529575452962,54.76340454027088,100.0,99.99999999999994,-1.2422360248447117,-1.2422360248447117
2019-02-10 22:00:00,-0.3394297034911897,-1.7262154374687033,0.306851335948366,-0.990081149612887,1.3013781874438313,54.76340454027088,100.0,99.99999999999994,-1.2422360248447117,-1.2422360248447117
2019-02-10 22:15:00,-0.02782492588625507,-1.4059365602225538,0.619333738864114,-0.6816390348141632,1.3013781874438313,49.90626174933907,0.0,66.66666666666661,-0.9345794392523255,-0.9345794392523255
2019-02-10 22:30:00,-0.32503094990044,-1.6950931913484846,0.306851335948366,-0.990081149612887,1.3013781874438313,54.273832214352815,89.92056962311086,63.30685654103689,-1.2422360248447117,-1.2422360248447117
2019-02-10 22:45:00,0.28625377895041826,-1.0699344141049227,0.8231701150410276,-0.3544201150409654,1.1748367065510057,45.69314271908639,0.0,29.97352320770356,-0.6249999999999978,-0.6249999999999978
2019-02-10 23:00:00,-0.02513839997907441,-1.3644150507617803,0.5090792424085056,-0.6648424822838117,1.1748367065510057,49.95362725124114,46.97201267337144,45.63086076549404,-0.9345794392523255,-0.9345794392523255
2019-02-10 23:15:00,-0.3224577940123541,-1.6541124969502108,0.2358980727417137,-0.981239687648483,1.221690644780676,53.85248446032163,95.08958162087526,47.353864764748835,-1.2422360248447117,-1.2422360248447117
2019-02-10 23:30:00,-0.30981239032560337,-1.6376536661347862,0.27245760659639906,-0.9867433208820442,1.2637141924514907,53.85248446032163,95.08958162087526,79.05039197170726,-1.2422360248447117,-1.2422360248447117
2019-02-10 23:45:00,-0.8889021964752719,-2.222492040086377,-0.16782657929677036,-1.6531610750241454,1.498982640136013,60.915203654128334,100.0,96.7263877472501,-1.851851851851849,-1.851851851851849
2019-02-11 00:00:00,-1.1470414039964516,-2.498237991222485,-0.24368003337320587,-2.064012274319038,1.8415812554315747,63.890940227156946,100.0,98.36319387362501,-2.1538461538461395,-2.1538461538461395
2019-02-11 00:15:00,-1.1020593881534535,-2.4733799017575886,-0.05387464427156763,-2.1307407403437617,2.0998023992019355,63.890940227156946,100.0,99.99999999999993,-2.1538461538461395,-2.1538461538461395
2019-02-11 00:30:00,-0.7655710334267596,-2.1507561750840343,0.3487476939072698,-1.7993649778578646,2.1638069505733015,58.70715466061982,48.360727118376865,82.78690903945888,-1.851851851851849,-1.851851851851849
2019-02-11 00:45:00,-0.440369436452559,-1.8294310975265682,0.7010082594838707,-1.4750020675333375,2.1844641355914685,53.98974383772942,0.0,49.45357570612555,-1.5479876160990558,-1.5479876160990558
2019-02-11 01:00:00,0.7763398444443403,-0.5924974290883456,1.991442544295774,-0.330000538026165,2.302317249372617,40.106947531766075,0.0,16.120242372792216,-0.31347962382444194,-0.31347962382444194
2019-02-11 01:15:00,0.4433191242959378,-0.8941593485067956,1.6510295541907194,-0.5885295541906865,2.2277243229159107,43.98484163136467,16.304638793259024,5.434879597752935,-0.6249999999999978,-0.6249999999999978
2019-02-11 01:30:00,0.4259340605980544,-0.8852622405614574,1.627149126082661,-0.5333991260826232,2.148797018470537,43.984841631364674,20.848660838743992,12.3844332106676,-0.6249999999999978,-0.6249999999999978
2019-02-11 01:45:00,0.7116999244070055,-0.5688407411056473,1.9457295308666467,-0.22159159983209387,2.148797018470537,40.912662022764664,5.803690216591994,14.318996616198264,-0.31347962382444194,-0.31347962382444194
2019-02-11 02:00:00,1.2942773253173723,0.0579032426804682,2.704630885720949,0.16603157484689213,2.502677597720659,35.56267563253492,0.0,8.884117018445258,0.3154574132492094,0.3154574132492094
2019-02-11 02:15:00,1.2435213517755228,0.057327091012027154,2.7868824810548087,-0.04240298578664925,2.7909864415395735,35.562675632534926,8.436579567047585e-14,1.9345634055306211,0.3154574132492094,0.3154574132492094
2019-02-11 02:30:00,1.194755808568626,0.05675667219597891,2.8245629147620743,-0.23781212611850844,3.0232727747092536,35.562675632534926,8.436579567047585e-14,-1.539881067514752e-14,0.3154574132492094,0.3154574132492094
2019-02-11 02:45:00,0.8421594508877028,-0.255321174752976,2.489300151446261,-0.6654007803770567,3.1261916370202996,40.42747570128366,90.93107372446667,30.31035790815554,2.220446049250313e-14,2.220446049250313e-14
2019-02-11 03:00:00,0.8091335900685781,-0.2527806655514553,2.4660327210320077,-0.7679195134848382,3.206725321410527,40.42747570128366,100.0,63.64369124148885,2.220446049250313e-14,2.220446049250313e-14
2019-02-11 03:15:00,0.7774028610462835,-0.250265435048469,2.4596296041666577,-0.8558560192610032,3.2891106793011846,40.42747570128366,100.0,96.97702457482217,2.220446049250313e-14,2.220446049250313e-14
2019-02-11 03:30:00,0.746916474338577,-0.2477752317146531,2.418074097389189,-0.9400866760055471,3.333526224253231,40.42747570128367,100.0,99.99999999999994,2.220446049250313e-14,2.220446049250313e-14
2019-02-11 03:45:00,0.7176256322076746,-0.2453098065234527,2.416978355344046,-1.0018840157214548,3.394842260730148,40.42747570128366,0.0,66.66666666666661,2.220446049250313e-14,2.220446049250313e-14
2019-02-11 04:00:00,0.6894834505524639,-0.2428689129262085,2.3930789074208203,-1.0723241904397218,3.442668494594349,40.42747570128367,100.0,66.66666666666661,2.220446049250313e-14,2.220446049250313e-14
2019-02-11 04:15:00,0.9676211496572273,0.07110770206073536,2.664206288151605,-0.8660990326311735,3.498848793772522,36.16796536893368,0.0,33.33333333333328,0.3154574132492094,0.3154574132492094
2019-02-11 04:30:00,0.9296752222196725,0.0704001627367612,2.597981426330187,-0.9576028774343381,3.526659024697603,36.167965368933686,1.6681324385192671e-13,33.333333333333336,0.3154574132492094,0.3154574132492094
2019-02-11 04:45:00,0.893217370367938,0.06969966360503843,2.4012311190540814,-0.9816727594326724,3.359061956085508,36.16796536893368,0.0,0.0,0.3154574132492094,0.3154574132492094
2019-02-11 05:00:00,0.8581892381966494,0.0690061346139581,2.0802745948656165,-0.9130821658435595,2.9759890015518544,36.16796536893368,0.0,0.0,0.3154574132492094,0.3154574132492094
2019-02-11 05:15:00,1.131189714377534,0.3818425906834788,2.0157869140090323,-0.4967995722368723,2.4936473921284676,31.678574531928117,0.0,-5.5604414617308907e-14,0.6329113924050889,0.6329113924050889
2019-02-11 05:30:00,1.0868293334215684,0.3780431619204494,1.633632170939947,-0.3678093861297804,1.988853874320855,31.678574531928117,0.0,-5.5604414617308907e-14,0.6329113924050889,0.6329113924050889
2019-02-11 05:45:00,1.0442085752481622,0.37428153841876366,1.2513745963233625,-0.20707079885500246,1.4508696517436253,31.678574531928117,0.0,-5.5604414617308907e-14,0.6329113924050889,0.6329113924050889
2019-02-11 06:00:00,0.6970078294762372,0.057069859879232965,0.8781800600530021,-0.5311769054788362,1.4069159441775814,40.84881706619696,100.0,33.33333333333328,0.3154574132492094,0.3154574132492094
2019-02-11 06:15:00,0.3654348634390514,-0.2550120784323262,0.4392428406883919,-0.7851547903738876,1.2265189689015825,48.31912410135092,100.0,66.66666666666661,2.220446049250313e-14,2.220446049250313e-14
2019-02-11 06:30:00,0.3511040844806468,-0.25247464481608084,0.2938043873612406,-0.7026094188077758,0.9984546726382462,48.319124101350916,99.99999999999996,99.99999999999993,2.220446049250313e-14,2.220446049250313e-14
2019-02-11 06:45:00,0.33733529685398,-0.2499624592955163,0.22902065588779053,-0.6692722282148011,0.9002746206890085,48.319124101350916,99.99999999999996,99.9999999999999,2.220446049250313e-14,2.220446049250313e-14
2019-02-11 07:00:00,0.32410646168321566,-0.24747527064580277,0.25238487567993406,-0.6611899071264693,0.9154459774143267,48.319124101350916,99.9999999999999,99.99999999999987,2.220446049250313e-14,2.220446049250313e-14
2019-02-11 07:15:00,0.6154652617027079,0.06653279223742814,0.5686384557466173,-0.3478182664722218,0.9154459774487984,41.303026427027156,0.0,66.66666666666656,0.3154574132492094,0.3154574132492094
2019-02-11 07:30:00,0.5913293690869237,0.06587077440420863,0.5686384557466173,-0.3478182664722218,0.9154459774487984,41.30302642702716,1.0127321037168788e-13,33.333333333333265,0.3154574132492094,0.3154574132492094
2019-02-11 07:45:00,0.5681399820639088,0.06521534381311866,0.545200531785528,-0.3559260838360223,0.9002746207123465,41.303026427027156,0.0,-3.315866100213801e-14,0.3154574132492094,0.3154574132492094
2019-02-11 08:00:00,0.5458599827672828,0.06456643491945524,0.5193766575477765,-0.3616479509231829,0.8803303416400213,41.30302642702716,1.0127321037168788e-13,5.990757884246179e-16,0.3154574132492094,0.3154574132492094
2019-02-11 08:15:00,1.1378053602442595,0.692932866051077,1.1940713563814098,0.1392619769519099,1.0478238868505,29.701335721516152,0.0,-3.315866100213801e-14,0.952380952380949,0.952380952380949
2019-02-11 08:30:00,0.7856804253766558,0.37056012199150334,0.8459873585601851,-0.21307596615508517,1.0557224309464595,38.93707564800655,79.60684490669324,26.535614968897715,0.6329113924050889,0.6329113924050889
2019-02-11 08:45:00,0.4494016024328529,0.05339709514435853,0.49190778988985606,-0.5234535312147681,1.0155214979970664,46.50569791223194,100.0,59.86894830223101,0.3154574132492094,0.3154574132492094
2019-02-11 09:00:00,0.12828678570659946,-0.2586368635909775,0.17589550124241793,-0.8362728597329561,1.0155214979970664,52.80535153033392,100.0,93.20228163556435,2.220446049250313e-14,2.220446049250313e-14
2019-02-11 09:15:00,0.4267312856361727,0.055447400195163254,0.49190778988985606,-0.5234535312147681,1.0155214979970664,46.86220366780686,74.27655905490322,91.42551968496765,0.3154574132492094,0.3154574132492094
2019-02-11 09:30:00,0.40999672541515153,0.05489568477032858,0.49190778988985606,-0.5234535312147681,1.0155214979970664,46.86220366780686,57.14573381035391,77.14076428841896,0.3154574132492094,0.3154574132492094
2019-02-11 09:45:00,0.39391842245770636,0.054349459051228344,0.49190778988985606,-0.5234535312147681,1.0155214979970664,46.86220366780686,5.659132663270671,45.69380850950918,0.3154574132492094,0.3154574132492094
2019-02-11 10:00:00,0.378470641184836,0.05380866841389054,0.49190778988985606,-0.5234535312147681,1.0155214979970664,46.86220366780686,0.0,20.93495549120811,0.3154574132492094,0.3154574132492094
2019-02-11 10:15:00,0.36362865525603194,0.05327325877795275,0.4887045231885656,-0.4887045231885656,0.9774090463771241,46.86220366780686,0.0,1.886377554423473,0.3154574132492094,0.3154574132492094
2019-02-11 10:30:00,0.6545199740687568,0.36621696869276743,0.8067067526923211,-0.1737953602872544,0.9774090463771241,40.29327452961734,0.0,-8.378483092504514e-14,0.6329113924050889,0.6329113924050889
2019-02-11 10:45:00,0.6288525241052723,0.3625730187555076,0.8067067526923211,-0.1737953602872544,0.9774090463771241,40.29327452961734,0.0,-8.378483092504514e-14,0.6329113924050889,0.6329113924050889
2019-02-11 11:00:00,0.2991991391875892,0.04551441077609297,0.4887045231885656,-0.4887045231885656,0.9774090463771241,48.64248217443538,100.0,33.33333333333325,0.3154574132492094,0.3154574132492094
2019-02-11 11:15:00,0.5924212105361759,0.35851101415373954,0.7709585916302553,-0.20133833846563975,0.9695355945418113,42.27598657530404,23.747307888758442,41.24910262958606,0.6329113924050889,0.6329113924050889
2019-02-11 11:30:00,0.5691890062014204,0.3549437403810529,0.7267920742779488,-0.22046296035383994,0.9448629764635242,42.27598657530404,23.747307888758442,49.164871925838874,0.6329113924050889,0.6329113924050889
2019-02-11 11:45:00,0.5468678687033268,0.3514119618698075,0.6735081283758326,-0.23047015369220825,0.9019802246084572,42.27598657530404,23.747307888758442,23.747307888758357,0.6329113924050889,0.6329113924050889
2019-02-11 12:00:00,0.5254220699306478,0.34791532543327897,0.6096993405425133,-0.22995250509939558,0.83806059135452,42.27598657530403,0.0,15.831538592505543,0.6329113924050889,0.6329113924050889
2019-02-11 12:15:00,0.8114307706695412,0.659848492846038,0.9470602213788482,0.00532073100218966,0.9372762700431158,35.947595685502684,0.0,7.915769296252729,0.952380952380949,0.952380952380949
2019-02-11 12:30:00,0.7796099561334868,0.6532828362007859,0.9523809523569238,-0.06349206346794034,1.0113780024804957,35.94759568550268,0.0,-8.526512829121202e-14,0.952380952380949,0.952380952380949
2019-02-11 12:45:00,0.7490370166772564,0.6467825094724322,0.9476920490636864,-0.12229522366677958,1.0655896013597759,35.94759568550268,0.0,-8.526512829121202e-14,0.952380952380949,0.952380952380949
2019-02-11 13:00:00,0.7196630160232642,0.6403468626120068,0.9344633578921346,-0.1725585959873266,1.1028207320431094,35.94759568550268,0.0,-8.526512829121202e-14,0.952380952380949,0.952380952380949
2019-02-11 13:15:00,-0.22148238671111375,-0.30601484585196514,0.05325174208166139,-1.0909875911381928,1.1502073904343666,60.06786194010248,100.0,33.33333333333325,2.220446049250313e-14,2.220446049250313e-14
2019-02-11 13:30:00,-0.21279680291851344,-0.3029699220126303,0.12477743186627421,-1.0996201991618104,1.230394838574602,60.06786194010248,100.0,66.66666666666659,2.220446049250313e-14,2.220446049250313e-14
2019-02-11 13:45:00,-0.8036642023943941,-0.9168616698508103,-0.28689539714523704,-1.8381046028547177,1.567867801096123,69.07255336730475,99.99999999999999,99.9999999999999,-0.6249999999999978,-0.6249999999999978
2019-02-11 14:00:00,-0.4733821804378757,-0.6002238203356103,0.08736297353719724,-1.5607172055120744,1.6603113125429207,61.59366569786542,77.42219705974742,92.47406568658238,-0.31347962382444194,-0.31347962382444194
2019-02-11 14:15:00,-0.1541149872009151,-0.28478375948441936,0.4373348457096693,-1.2549449086026732,1.6992262768276898,55.16156596449315,0.0,59.14073235324904,2.220446049250313e-14,2.220446049250313e-14
2019-02-11 14:30:00,0.15454817031208545,0.02947901081824522,0.7541718641596917,-0.9434463121091974,1.6992262768463477,49.585174571969866,0.0,25.807399019915717,0.3154574132492094,0.3154574132492094
2019-02-11 14:45:00,-0.15411291592934973,-0.28224249132562385,0.47098312351006033,-1.2571466455225777,1.734949539234024,54.53488342246673,25.39956195484731,8.46652065161568,2.220446049250313e-14,2.220446049250313e-14
2019-02-11 15:00:00,-0.14806927216741705,-0.2794341083273699,0.5031446540857187,-1.2578616352177718,1.7676767676720537,54.53488342246673,41.2184078632754,22.20598993937415,2.220446049250313e-14,2.220446049250313e-14
2019-02-11 15:15:00,-0.4430029749162734,-0.5861468401436865,0.2695077483959363,-1.5861221684586257,1.8679266124222185,59.182565929281104,100.0,55.539323272707485,-0.31347962382444194,-0.31347962382444194
2019-02-11 15:30:00,-0.7245453125561463,-0.8878915976237911,0.09959230871667835,-1.9120923087167285,2.0300822377126857,63.230475826728,100.00000000000001,80.40613595442505,-0.6249999999999978,-0.6249999999999978
2019-02-11 15:45:00,-0.696131770887265,-0.8790568553588729,0.2224201318284047,-1.9099201318284464,2.1504849806813553,63.230475826728,100.0,99.99999999999993,-0.6249999999999978,-0.6249999999999978
2019-02-11 16:00:00,-0.6688324857544337,-0.870310020977183,0.32942633068167027,-1.9231763306816863,2.2706972803158743,63.23047582672798,99.99999999999983,99.99999999999987,-0.6249999999999978,-0.6249999999999978
