timestamp,ema50_dist_etc_btc_12h,ema200_dist_etc_btc_12h,lower_bb_dist_etc_btc_12h,width_bb_etc_btc_12h,rsi_etc_btc_12h,stoch_rsi_fastk_etc_btc_12h,stoch_rsi_fastd_etc_btc_12h,kijun_dist_etc_btc_12h,tenkan_dist_etc_btc_12h
2018-07-04 02:00:00,,,,,,,,-0.5354775828460039,-0.5641325536062378
2018-07-04 14:00:00,,,,,,,,-0.534206411258796,-0.5629397967161844
2018-07-05 02:00:00,,,,,,,,-0.5383572258814413,-0.5668345602479659
2018-07-05 14:00:00,,,,,,,,-0.5527402402402404,-0.5803303303303303
2018-07-06 02:00:00,,,,,,,,-0.5577208611729771,-0.585003711952487
2018-07-06 14:00:00,,,,,,,,-0.570475847152127,-0.5969718817591925
2018-07-07 02:00:00,,,,,,,,-0.5604942825525636,-0.5876060494282552
2018-07-07 14:00:00,,,,,,,,-0.5682971014492755,-0.594927536231884
2018-07-08 02:00:00,,,,,,,,-0.5664119359534208,-0.5931586608442503
2018-07-08 14:00:00,,,,,,,,-0.5651459854014599,-0.5919708029197079
2018-07-09 02:00:00,,,,,,,,-0.5700108264164563,-0.596535546734031
2018-07-09 14:00:00,,,,,,,,-0.563233137829912,-0.5901759530791788
2018-07-10 02:00:00,,,,,,,,-0.5443594646271511,-0.5724665391969408
2018-07-10 14:00:00,,,,,,,,-0.5338419405320814,-0.5625978090766823
2018-07-11 02:00:00,,,,,0.5196850393700786,,,-0.53996138996139,-0.5683397683397683
2018-07-11 14:00:00,,,,,0.5051218650653482,,,-0.5369218810726779,-0.5654877574815391
2018-07-12 02:00:00,,,,,0.5129041748014229,,,-0.5385360185902401,-0.5670023237800155
2018-07-12 14:00:00,,,,,0.5405686853718848,,,-0.5441851568477429,-0.5723029839326702
2018-07-13 02:00:00,,,,,0.5769553316347696,,,-0.5518992102294096,-0.5795411808950732
2018-07-13 14:00:00,,0.07372908030505165,-0.04395079284327785,0.11595342592366344,0.5334765473241182,,,-0.544533639143731,-0.5726299694189603
2018-07-14 02:00:00,,0.07384087686765906,-0.04063506202450684,0.1126063461519236,0.5314704106591353,0.2898657381945402,0.5615312537991961,-0.5441851568477429,-0.5723029839326702
2018-07-14 14:00:00,,0.06907842600598091,-0.04037083927323193,0.10790048402735232,0.5398560484293885,0.18436082970761397,0.2896515303684008,-0.5457491422035837,-0.5737704918032787
2018-07-15 02:00:00,,0.06771224340003879,-0.038874148161943234,0.10507136258152085,0.5418185443037687,0.22750690608381635,0.23391115799532347,-0.5460952380952382,-0.5740952380952381
2018-07-15 14:00:00,,0.06897161014864883,-0.038677829149030285,0.10604321434179614,0.5368866662237485,0.5234040988079104,0.3117572781997802,-0.5454025181228539,-0.5734452499046165
2018-07-16 02:00:00,,0.07637657725108182,-0.03329965417415859,0.10736378076266004,0.5106087625081407,0.0,0.25030366829724227,-0.5417307692307693,-0.57
2018-07-16 14:00:00,,0.07341396502931907,-0.030303196986092518,0.1015286724906706,0.4993289281016924,0.0,0.17446803293597013,-0.5401389424932459,-0.568506368197607
2018-07-17 02:00:00,,0.09142539503106972,-0.017132942200880685,0.10467023305593404,0.44414876822104815,0.0,2.3684757858670005e-17,-0.5316430817610063,-0.5605345911949685
2018-07-17 14:00:00,,0.13204691491969367,0.010011067930449702,0.1139426177687941,0.358025481488634,0.0,2.3684757858670005e-17,-0.5134748877092692,-0.5434871376071866
2018-07-18 02:00:00,,0.1480317992978255,0.012100815704246815,0.12585429491647052,0.33177152162517953,0.0,2.3684757858670005e-17,-0.5062163282221303,-0.5366763365105678
2018-07-18 14:00:00,,0.1802448793849265,0.021201929125711727,0.1444894781417076,0.2914882557305546,0.0,2.3684757858670005e-17,-0.4929787234042554,-0.5242553191489361
2018-07-19 02:00:00,,0.16071318201442586,0.001755225736205901,0.14701528652024629,0.32510658560359673,0.22021627809703323,0.07340542603234443,-0.4981044650379107,-0.5290648694187026
2018-07-19 14:00:00,,0.18247470968012713,0.009134584640010601,0.15818524359186803,0.29382678929408274,0.03514624387903957,0.08512084065869095,-0.4873063683304648,-0.5189328743545611
2018-07-20 02:00:00,,0.21579629222762264,0.011812690599325881,0.1831412992143992,0.2647489009920675,0.0,0.08512084065869095,-0.47534125935711147,-0.5077058564509027
2018-07-20 14:00:00,,0.2685590397881583,0.019732531965828137,0.2174779743051742,0.2296523265343766,0.0,0.011715414626346548,-0.4571753986332574,-0.49066059225512526
2018-07-21 02:00:00,,0.25415479996067747,-0.013121092095508824,0.23852911370154803,0.27074839743399276,0.43053155825990674,0.14351051941996892,-0.46449438202247195,-0.4975280898876404
2018-07-21 14:00:00,,0.2693428679578813,-0.021749770773503374,0.25902610138467186,0.259326161587595,0.4623931978102981,0.29764158535673496,-0.4589009990917349,-0.4922797456857402
2018-07-22 02:00:00,,0.2752697651808762,-0.034238272711684115,0.2762192668265818,0.25381116207282867,0.5878624162748778,0.4935957241150276,-0.45618439068918304,-0.4897307165677772
2018-07-22 14:00:00,,0.27343713437138306,-0.046858909302764595,0.2877024845280491,0.2511961474385709,0.5242306729715979,0.524828762352258,-0.4549405306495884,-0.4885635864592863
2018-07-23 02:00:00,,0.3081127833677326,-0.03250994648830008,0.2993692258910466,0.2170055101812177,0.0,0.37069769641549194,-0.43664302600472826,-0.47139479905437354
2018-07-23 14:00:00,,0.3256420459283218,-0.034356537984171265,0.31423284672672736,0.20121943801004324,0.0,0.17474355765719932,-0.42633606162734716,-0.46172363986519016
2018-07-24 02:00:00,,0.36899422635866963,-0.022440779805222744,0.33362547675086746,0.1742733001188405,0.0,4.736951571734001e-17,-0.40484515484515493,-0.4415584415584415
2018-07-24 14:00:00,,0.37611308852869985,-0.03142685371088627,0.3476285536100762,0.16597542028750042,0.0,4.736951571734001e-17,-0.3970141700404859,-0.4342105263157894
2018-07-25 02:00:00,,0.3493924616333697,-0.05311105459819421,0.3505698517598093,0.1883845988165998,0.4391365677734845,0.14637885592449487,-0.4012562814070353,-0.43819095477386927
2018-07-25 14:00:00,,0.3040670533993237,-0.07585559094873151,0.341011300543455,0.2416737429265592,1.0,0.47971218925782827,-0.41131422924901195,-0.4476284584980237
2018-07-26 02:00:00,,0.24631303726363551,-0.09816845895038284,0.3207246846341312,0.3143915190920531,1.0,0.8130455225911617,-0.42578313253012057,-0.46120481927710844
2018-07-26 14:00:00,,0.2048725128197708,-0.1009106989772891,0.2906737278074507,0.3410763286500796,1.0,1.0,-0.43126491646778053,-0.4663484486873508
2018-07-27 02:00:00,,0.18413956703505807,-0.08827219557902755,0.25995133692532935,0.33135416159177644,0.9363281359841441,0.9787760453280481,-0.4274387313791447,-0.462758289283998
2018-07-27 14:00:00,,0.16083649136392864,-0.08644800215529558,0.23841676215004629,0.3371675839743981,0.9606776358257592,0.9656685906033011,-0.428537170263789,-0.46378896882494003
2018-07-28 02:00:00,,0.15084244023532856,-0.07512884565380917,0.2177287719066997,0.32353572235672806,0.34267448095482095,0.7465600842549083,-0.4235607160135463,-0.4591194968553458
2018-07-28 14:00:00,0.170570048309179,0.1337688187917081,-0.07459007483035485,0.2023708667672352,0.3284092952306643,0.27784517777948553,0.5270657648533554,-0.4243961352657005,-0.459903381642512
2018-07-29 02:00:00,0.17485337159253955,0.12297937481228405,-0.05951596017813754,0.17688254969403278,0.3122579208200058,0.0,0.20683988624476896,-0.4187804878048782,-0.4546341463414634
2018-07-29 14:00:00,0.1652499515907695,0.1015267768942767,-0.05617397884074837,0.1542039650911098,0.3212452697891291,0.36079769178005,0.21288095651984532,-0.42019464720194655,-0.45596107055961066
2018-07-30 02:00:00,0.1311393755216741,0.06108956117117459,-0.0739989109576007,0.1359660890299653,0.4079046678182493,1.0,0.45359923059335017,-0.4345040341718083,-0.4693877551020408
2018-07-30 14:00:00,0.13117920602713684,0.06009567495851775,-0.06820249422413527,0.1288203307522257,0.39739694371439765,0.890140287739795,0.7503126598399485,-0.43180734382451125,-0.46685741535526937
2018-07-31 02:00:00,0.12190449403294101,0.0460798656246717,-0.0674575378336979,0.1147640980935741,0.4104804123066701,1.0,0.9633800959132652,-0.4339667458432305,-0.46888361045130644
2018-07-31 14:00:00,0.12278628983864004,0.04276943364871433,-0.05891078990468357,0.10250752882423345,0.397694590957885,0.8567176452228806,0.9156193109875589,-0.4309933142311366,-0.4660936007640878
2018-08-01 02:00:00,0.1062510772290004,0.024223817302936324,-0.06541418102518437,0.09152292970996018,0.4371705629400958,0.9999999999999999,0.9522392150742938,-0.43717524799244223,-0.4718941898913557
2018-08-01 14:00:00,0.14328487169462467,0.05329374587510216,-0.025815826346151982,0.07803741925794587,0.35186520176612596,0.0,0.6189058817409605,-0.41535819430814525,-0.451422963689892
2018-08-02 02:00:00,0.15407696524850212,0.06660641644690357,-0.01416617740307835,0.07870883869204556,0.32586138145668286,0.0,0.3333333333333336,-0.40662350597609564,-0.4432270916334661
2018-08-02 14:00:00,0.16201379139084793,0.08086760891606026,-0.007292218094073322,0.08503170649144905,0.3055934986035759,0.0,2.842170943040401e-16,-0.3991427130610187,-0.43620776601109423
2018-08-03 02:00:00,0.16245753691342601,0.08906794337611812,-0.004440850529846774,0.08971273013466541,0.2960742631510166,0.0,2.842170943040401e-16,-0.39548452562151204,-0.4327752409944191
2018-08-03 14:00:00,0.025926881092289467,-0.02263185760840647,-0.12425294741176363,0.10967595547071561,0.592360312711261,1.0000000000000002,0.33333333333333365,-0.46593455849394894,-0.49887942626624826
2018-08-04 02:00:00,0.004997121376837388,-0.02430614216459337,-0.1474110295525779,0.13466722487746371,0.622624384651492,1.0,0.666666666666667,-0.47672375933245503,-0.5090030742204654
2018-08-04 14:00:00,-0.024396701211060856,-0.030252338328363382,-0.1829503873956565,0.17091815760595142,0.6640790311002788,1.0,1.0000000000000004,-0.49254684838160134,-0.5238500851788755
2018-08-05 02:00:00,-0.03174905658658811,-0.017889452498127456,-0.19874203758207454,0.20282132837713995,0.6754355684933385,1.0,1.0000000000000004,-0.49704516673701993,-0.5280709159983115
2018-08-05 14:00:00,-0.08694050969218126,-0.04351811776815284,-0.2643724452770485,0.26104024087987554,0.7434792918935584,1.0,1.0000000000000004,-0.5275574940523395,-0.5567010309278351
2018-08-06 02:00:00,-0.07225714077281975,-0.00740760269736862,-0.2623112728046386,0.29463844516159227,0.7099548831173231,0.7226061436703809,0.9075353812234607,-0.5214859437751005,-0.5510040160642571
2018-08-06 14:00:00,-0.1384470191987719,-0.04444532952598634,-0.33651058007015966,0.3607872722864769,0.7797944457627696,1.0,0.9075353812234607,-0.5585402000741015,-0.5857725083364209
2018-08-07 02:00:00,-0.1268380558743516,-0.007063166397031639,-0.338961469661198,0.401334034955857,0.7609128258798892,0.8190703045402415,0.8472254827368745,-0.5552444942142591,-0.5826801045166106
2018-08-07 14:00:00,-0.08730297609932725,0.05164715189497371,-0.3099837239898039,0.4152706775496094,0.6685207813040228,0.0,0.6063567681800809,-0.5369218810726779,-0.5654877574815391
2018-08-08 02:00:00,-0.07318536676134935,0.07769708743982284,-0.29543902292369306,0.41872287497806293,0.6438968994322269,0.0,0.2730234348467475,-0.5312745869394178,-0.5601888276947286
2018-08-08 14:00:00,-0.020372141002632405,0.14278017386642206,-0.24593763128229162,0.4098577466732169,0.5490523980438803,0.0,3.7895612573872007e-16,-0.5049854590776901,-0.5355213959285416
2018-08-09 02:00:00,0.0024363793327875083,0.17204523268783878,-0.22042958642933463,0.40220503444886563,0.5157231111141956,0.0,3.7895612573872007e-16,-0.4934098639455783,-0.5246598639455782
2018-08-09 14:00:00,0.024544242128675675,0.19953056196372243,-0.19413691255093324,0.3926086777326015,0.48516016418690733,0.0,3.7895612573872007e-16,-0.4817311874728143,-0.5137016093953892
2018-08-10 02:00:00,0.015513148759388917,0.1902288887861685,-0.19208393624087028,0.38266775845269585,0.4966758243247935,0.07254565315387962,0.024181884384626918,-0.485979292493529,-0.5176876617773943
2018-08-10 14:00:00,0.016591374433448047,0.19193616468231545,-0.1808298552613985,0.37070742426445796,0.4941698075296012,0.14101312160821572,0.07118625825403217,-0.48509075194468465,-0.5168539325842696
2018-08-11 02:00:00,0.08075566622852559,0.27015083566733544,-0.12314622737240377,0.3663681591741719,0.4133191326317565,0.0,0.07118625825403217,-0.4509216589861752,-0.48479262672811063
2018-08-11 14:00:00,0.10308235655241837,0.2986846709451736,-0.09519080881108366,0.357500863991323,0.3885945118352698,0.0,0.04700437386940563,-0.43744098205854587,-0.47214353163361666
2018-08-12 02:00:00,0.09804007702296613,0.29307795295795946,-0.08637983975041119,0.34391454856215875,0.3901056704841551,0.013981682994752583,0.004660560998251246,-0.4379716981132076,-0.4726415094339622
2018-08-12 14:00:00,0.11036363910624392,0.3075940367541956,-0.06204805974270022,0.3292224699748408,0.3741705624869386,0.0,0.004660560998251246,-0.4293582375478928,-0.46455938697318
2018-08-13 02:00:00,0.11427364528198614,0.3117188340861399,-0.04395821632552155,0.3136813009504393,0.366117738498156,0.0,0.004660560998251246,-0.42495173745173753,-0.46042471042471045
2018-08-13 14:00:00,0.20425497052839714,0.44289617819530447,0.007786594913940181,0.35509253833724835,0.2944579055924364,0.0,3.848773152033876e-16,-0.3742121848739497,-0.41281512605042014
2018-08-14 02:00:00,0.2617371953865786,0.5448097051750052,0.018231360307793043,0.41090121571502863,0.2610496561949412,0.0,3.848773152033876e-16,-0.33879023307436196,-0.3795782463928967
2018-08-14 14:00:00,0.18834123297587557,0.46925665219535984,-0.06320720453623219,0.44260425092230093,0.33939159278428027,0.6925504679666917,0.23085015598889766,-0.373224618621778,-0.4118884797475012
2018-08-15 02:00:00,0.20424360361708227,0.5021351699190486,-0.07416952311282166,0.4747222793616935,0.32514254214813293,0.6100129035212309,0.43418779049597467,-0.3604401502952229,-0.39989264626945786
2018-08-15 14:00:00,0.060307686566097196,0.3111612449581169,-0.18790212605712164,0.4700918192910483,0.4789061512053602,1.0,0.767521123829308,-0.43557555660824265,-0.4703931785883467
2018-08-16 02:00:00,0.029788087090168114,0.26208314451574277,-0.21219829882251318,0.46273959665072156,0.5081070591578422,1.0,0.8700043011737439,-0.451174573929065,-0.4850299401197605
2018-08-16 14:00:00,0.015577780005035624,0.2122142943611529,-0.21203247617933418,0.4242082061581089,0.5220481259648618,1.0,1.0000000000000004,-0.458409090909091,-0.4918181818181818
2018-08-17 02:00:00,0.057551853671753195,0.22600169144007776,-0.1656126971326769,0.3801363622643457,0.4759618055916163,0.7659471129262608,0.9219823709754206,-0.4347722960151803,-0.46963946869070206
2018-08-17 14:00:00,0.014133765914863705,0.14829774533558227,-0.18848891511255073,0.3436933799403341,0.5200985613975652,0.9576975434031726,0.9078815521098115,-0.45766954938552584,-0.49112426035502954
2018-08-18 02:00:00,0.0399998377657953,0.14854267233283003,-0.15443327541838336,0.30387093929753145,0.49107138671621575,0.3278539272007277,0.6838328611767207,-0.4429640018700327,-0.4773258532024309
2018-08-18 14:00:00,0.0752418712143057,0.1706553628759917,-0.11975861057351922,0.28320681977137374,0.45521963483822797,0.0,0.42851715686796715,-0.4224430441105188,-0.4580707707222491
2018-08-19 02:00:00,0.05797037299366892,0.13850796436863355,-0.12846972345085061,0.26564438664369117,0.47108750606268274,0.24457666095850542,0.19081019605307806,-0.4304493307839389,-0.4655831739961759
2018-08-19 14:00:00,0.07551147608105935,0.14767681440064395,-0.11049357853319686,0.2534581950100429,0.4515508357342631,0.0,0.08152555365283548,-0.4193469785575049,-0.4551656920077972
2018-08-20 02:00:00,0.08426374333921216,0.14343044034373964,-0.09739791200465564,0.23541009149438447,0.4402451712958035,0.0,0.08152555365283548,-0.41276490882207995,-0.448989650073928
2018-08-20 14:00:00,0.10727923219815727,0.15234806074229756,-0.07154967772056842,0.21520368363389658,0.4158686104366177,0.0,3.552713678800501e-16,-0.39792824658918646,-0.4350682162708438
2018-08-21 02:00:00,0.11174347412910923,0.15525013626347417,-0.06803668746062064,0.21395686564990624,0.4080817979246713,0.0,3.552713678800501e-16,-0.39302088639836985,-0.4304635761589404
2018-08-21 14:00:00,0.10302593036337315,0.1468609965743517,-0.0755773841948485,0.21478312234958666,0.4139901070844432,0.1359199434239194,0.045306647807973485,-0.39548452562151204,-0.4327752409944191
2018-08-22 02:00:00,0.11647545559732864,0.1617343495575294,-0.06560232273958111,0.2169106424486258,0.3969232809450977,0.0,0.045306647807973485,-0.385507993811243,-0.4234141309953584
2018-08-22 14:00:00,0.12308748951923265,0.17137824575154537,-0.06220680229140896,0.22149460516092853,0.3862069147154581,0.0,0.045306647807973485,-0.37910369984366865,-0.4174048983845753
2018-08-23 02:00:00,0.13250346529787538,0.18514700545393992,-0.0575334890864625,0.2281246031513621,0.3726627671938408,0.0,3.552713678800501e-16,-0.37090813093981,-0.40971488912354803
2018-08-23 14:00:00,0.11593743315953264,0.17254087167388898,-0.06663700542519413,0.22714985326005158,0.391061163674259,0.4451870487943485,0.14839568293144986,-0.3774817136886103,-0.4158829676071055
2018-08-24 02:00:00,0.11476248721893301,0.17081369902105226,-0.05273193801476184,0.21108310467638286,0.38739059025594863,0.6070697106051517,0.35075225313316705,-0.37552410901467514,-0.41404612159329135
2018-08-24 14:00:00,0.12853144419783957,0.19175064026788546,-0.03887217544912103,0.21424601479900168,0.3675744981932559,0.0,0.35075225313316705,-0.3648720682302773,-0.40405117270788915
2018-08-25 02:00:00,0.1287178179993298,0.19729623992691936,-0.0338254311427727,0.21365822929645215,0.36196641516316624,0.0,0.20235657020171757,-0.36181039100160695,-0.401178361006963
2018-08-25 14:00:00,0.12950987935456415,0.20055606050223296,-0.03911287256469853,0.2217675064553747,0.35547674784319255,0.0,3.552713678800501e-16,-0.35837372105546583,-0.397953688745288
2018-08-26 02:00:00,0.11115448948800433,0.1744730027162984,-0.05495172612055288,0.21648730906380925,0.38288206576718425,0.8587282461806504,0.2862427487268839,-0.3662234042553192,-0.40531914893617016
2018-08-26 14:00:00,0.11943637024456977,0.17118526680482593,-0.04497428725692432,0.20332841485722408,0.36681548562438543,0.41374224567073925,0.4241568306171303,-0.358719052744887,-0.3982777179763186
2018-08-27 02:00:00,0.11014150032370917,0.1573554205368597,-0.05322894679623735,0.20016322208876505,0.3770522343313197,0.7872737162899003,0.6865814027137637,-0.36146838156484473,-0.40085744908896037
2018-08-27 14:00:00,0.12030629070515841,0.14978930242083988,-0.03642699932469551,0.17622752281776047,0.35759598613217014,0.07732945462830539,0.426115138862982,-0.35279739272134714,-0.39272134709397066
2018-08-28 02:00:00,0.11442033106956506,0.12997292369050806,-0.03496478478654641,0.15745782120287563,0.3604392297072438,0.11244303648939587,0.32568206913586756,-0.35349972870320134,-0.3933803581117743
2018-08-28 14:00:00,0.09560352729037236,0.10396274331136501,-0.04743169406082903,0.14723282434988455,0.3964016225353601,1.0,0.3965908303725675,-0.3621520342612421,-0.40149892933618847
2018-08-29 02:00:00,0.09411325065158604,0.08841606086396925,-0.03970361451203752,0.12507336068968092,0.3925978082898762,0.9019777898766478,0.6714736087886816,-0.36078326180257514,-0.40021459227467804
2018-08-29 14:00:00,0.09895044339296555,0.08261881795373816,-0.02826511324849168,0.10795018496402423,0.37795124902933586,0.5245439782426152,0.8088405893730881,-0.3555976203353165,-0.39534883720930225
2018-08-30 02:00:00,0.10719965162661516,0.08164734609141244,-0.014688921583753567,0.09321548661348905,0.3578246358702098,0.0,0.47550725603975474,-0.3481947483588622,-0.38840262582056884
2018-08-30 14:00:00,0.09663273086928292,0.06715657095811767,-0.020174515493190825,0.08532667515883338,0.3765526936736633,0.48547228341118887,0.33667208721793507,-0.35209352909189784,-0.39206090266449156
2018-08-31 02:00:00,0.10267398475454637,0.0704936925911488,-0.01215121180080836,0.08030238423707206,0.35912171825679645,0.03730123817673504,0.1742578405293083,-0.3460482985729968,-0.3863885839736553
2018-08-31 14:00:00,0.10214787953395077,0.06437354976286125,-0.007765620247442762,0.07015354650246988,0.3529123165109143,0.0,0.1742578405293083,-0.3438876651982379,-0.38436123348017615
2018-09-01 02:00:00,0.08660693443172574,0.045851859579780996,-0.017257088337951143,0.06221937354112286,0.39072888408617734,1.0000000000000002,0.3457670793922454,-0.3510348583877996,-0.39106753812636164
2018-09-01 14:00:00,0.08720619055967349,0.04491929824572072,-0.013481354013900382,0.057496860709378095,0.3823074801872071,0.7773091414970474,0.5924363804990161,-0.3485511208310552,-0.38873701476216505
2018-09-02 02:00:00,0.09591907431186564,0.05548608607198813,-0.005209537399422204,0.059207255246329776,0.3574193120173979,0.11918044908527739,0.6321631968607754,-0.3409845132743363,-0.3816371681415929
2018-09-02 14:00:00,0.07666466454492493,0.03394046281280416,-0.018136648098908026,0.05166882861475646,0.410551214535892,1.0,0.6321631968607754,-0.35068119891008187,-0.3907356948228883
2018-09-03 02:00:00,0.023249914235323743,-0.012953840015756612,-0.06838364054411905,0.057779625094815615,0.5500427180767675,1.0,0.7063934830284262,-0.38232244686366,-0.42042509072058054
2018-09-03 14:00:00,0.018783474552716672,-0.009300776675741917,-0.0758748431589692,0.06953542807667885,0.5584230826331,1.0,1.0000000000000004,-0.38455578512396704,-0.4225206611570248
2018-09-04 02:00:00,0.026718118402853985,0.0038986084804844,-0.0694014745565662,0.07578205390087021,0.5324851879199926,0.8709581684281038,0.9569860561427016,-0.37910369984366865,-0.4174048983845753
2018-09-04 14:00:00,0.03501079299376775,0.015966398346533683,-0.06083751880944843,0.07856660290769889,0.5057012953424809,0.6434630334421629,0.8381404006234228,-0.373224618621778,-0.4118884797475012
2018-09-05 02:00:00,0.09060416101306967,0.07399349213927553,-0.011423970448508403,0.08282626276544988,0.3860412255963508,0.0,0.5048070672900894,-0.33731924360400445,-0.3781979977753058
2018-09-05 14:00:00,0.11394928350920508,0.10525378576919309,0.004272740186311186,0.09573811406532831,0.3473684351194105,0.0,0.21448767781405476,-0.3203080433542499,-0.3622361665715915
2018-09-06 02:00:00,0.10160217624397871,0.09804785343311417,-0.00971263259506272,0.10320228759531488,0.36709387271565574,0.10655673945131561,0.03551891315043896,-0.32531143827859577,-0.3669309173272933
2018-09-06 14:00:00,0.05449982127250186,0.05331477955615416,-0.05005568124002213,0.10320228759531488,0.46715435401416266,0.7565449062562842,0.2877005485692004,-0.35279739272134714,-0.39272134709397066
2018-09-07 02:00:00,0.06236621790381203,0.06340805637114744,-0.041466202284477616,0.10373617663006222,0.4488148968852444,0.8468980553128961,0.5699999003401658,-0.3464070213933078,-0.38672517827756436
2018-09-07 14:00:00,0.06725151280136288,0.06961426784535774,-0.03635459933707097,0.1042354489430988,0.43551688838759944,0.7358832664266579,0.7797754093319464,-0.3417127071823205,-0.3823204419889502
2018-09-08 02:00:00,0.056743815255771324,0.06008344223365358,-0.044622915917864825,0.10390315938652396,0.4542697161132802,0.871231501850924,0.8180042745301597,-0.34676535087719307,-0.38706140350877194
2018-09-08 14:00:00,0.08313477056723295,0.08999441978853207,-0.021956088334192603,0.10826734342394517,0.4028020857102975,0.0,0.5357049227591943,-0.3283540022547915,-0.36978579481397966
2018-09-09 02:00:00,0.06484284385977435,0.0740845230063294,-0.03747341189521902,0.10955251524743563,0.43843169062130777,0.6922721064101178,0.5211678694203477,-0.33805555555555566,-0.37888888888888883
2018-09-09 14:00:00,0.06572167386311789,0.07718316371136202,-0.03626900540590061,0.1111777961415685,0.4320260111230463,0.5678117524341113,0.42002795294807677,-0.3358416945373468,-0.37681159420289856
2018-09-10 02:00:00,0.07235855954709236,0.08706117804131686,-0.03025577871623364,0.1140768657997949,0.4146289340296489,0.22979197267776189,0.4966252771739974,-0.32986501687289105,-0.3712035995500562
2018-09-10 14:00:00,0.06090157174263511,0.07789898745274515,-0.03958331539474258,0.11527390429066445,0.43749789860192434,0.9737916818972403,0.5904651356697049,-0.3354712771890688,-0.3764640267707753
2018-09-11 02:00:00,0.05851327481155133,0.07723369075694198,-0.041316233980590034,0.11645847855270378,0.43749789860192445,0.9607695849937583,0.7214510798562539,-0.3354712771890688,-0.3764640267707753
2018-09-11 14:00:00,0.0579231108020426,0.07855041976827026,-0.041399581779443584,0.11776251351729478,0.4335689819417585,0.8281987517297142,0.9209200062069048,-0.33435754189944145,-0.37541899441340776
2018-09-12 02:00:00,0.140559702421867,0.1780988040000251,0.019782551932178594,0.1440626006863766,0.3000734071035859,0.0,0.5963227789078247,-0.27875302663438273,-0.3232445520581113
2018-09-12 14:00:00,0.10977408415539358,0.15279019092672197,-0.014114850891240316,0.15608263553943005,0.3600428184850504,0.4363808134024605,0.4215265217107254,-0.2953873447664105,-0.3388527498521584
2018-09-13 02:00:00,0.09547504323640554,0.13261238733173042,-0.02698848575000845,0.1515948531566805,0.3833844818347799,0.6062316390830617,0.3475374841618412,-0.3019917984768601,-0.34504979496192145
2018-09-13 14:00:00,0.0904991916086999,0.11834624721631326,-0.02846912609284935,0.14050144080264257,0.3863972304229616,0.646641833813743,0.5630847620997556,-0.3028086600351083,-0.3458162668227033
2018-09-14 02:00:00,0.0863374934583665,0.10464281639609219,-0.028210067858080223,0.1279626169908102,0.38800731747839584,1.0,0.7509578242989353,-0.30321637426900594,-0.3461988304093566
2018-09-14 14:00:00,0.0953036150003077,0.10562971760166229,-0.017109007542490895,0.11753651716546858,0.3672514791184815,0.25777900169591783,0.6348069451698874,-0.29497041420118353,-0.3384615384615385
2018-09-15 02:00:00,0.07201034317341293,0.08312332722979887,-0.03782715998241215,0.11827185631994744,0.4206518928911369,1.0,0.7525930005653065,-0.30807200929152156,-0.3507549361207898
2018-09-15 14:00:00,0.06323969497222115,0.07668060768397367,-0.04440578089413527,0.11916339953821689,0.4366520736358179,0.9999999999999999,0.7525930005653065,-0.3120669745958431,-0.3545034642032332
2018-09-16 02:00:00,0.06908427986147236,0.08494366842916157,-0.03890175923242101,0.12105854440704339,0.419197212369885,0.7484911853086129,0.9161637284362049,-0.30646100116414443,-0.349243306169965
2018-09-16 14:00:00,0.062206909318538894,0.07348391276789146,-0.042469420014268455,0.11418267392563212,0.4314353523019198,0.9248317486301226,0.8911076446462458,-0.3092753623188407,-0.3518840579710144
2018-09-17 02:00:00,0.06452246862573219,0.07275867580609274,-0.038454657168934925,0.10933796714370438,0.42052949491042635,0.07632730620102769,0.583216746713255,-0.306057076295865,-0.34886429819452525
2018-09-17 14:00:00,0.10675807679705263,0.11773258057937253,-0.004419510670557791,0.1156024566253224,0.3377738997431845,0.0,0.33371968494371734,-0.27568389057750764,-0.3203647416413373
2018-09-18 02:00:00,0.08728056932325834,0.09472170128945856,-0.021084792961117982,0.11169409049912583,0.3814683482219467,0.4665147430994763,0.1809473497668352,-0.2860994607549431,-0.33013780707010176
2018-09-18 14:00:00,0.08511112177359093,0.09378421220382815,-0.024078153415585613,0.11389285460991402,0.37922282333349683,0.4425398331754425,0.3030181920916401,-0.2852429514097182,-0.32933413317336535
2018-09-19 02:00:00,0.09123975406912876,0.09839125067154209,-0.018851299097691898,0.11275816045803949,0.36201099249811447,0.29287557785004054,0.40064338470832034,-0.27875302663438273,-0.3232445520581113
2018-09-19 14:00:00,0.06469399009029408,0.06772160309122932,-0.03995369308530827,0.1062008089241566,0.43065508901387484,1.0000000000000002,0.5784718036751616,-0.2945529899348728,-0.33806986382474835
2018-09-20 02:00:00,0.0627629787410886,0.06294465602614374,-0.039307215267849416,0.10105750094807249,0.4293106391610662,0.9804141955237199,0.757763257791254,-0.29413507109004755,-0.3376777251184834
2018-09-20 14:00:00,0.04364060854738461,0.038034435566020264,-0.05190389943548357,0.0905663886289422,0.47841115283488944,1.0,0.9934713985079072,-0.3056526806526808,-0.3484848484848485
2018-09-21 02:00:00,0.050771483084901536,0.0376300870296844,-0.03939375546001933,0.07709182469843257,0.4557873087724174,0.8056373462285997,0.9286838472507738,-0.2995296884185774,-0.34273956496178715
2018-09-21 14:00:00,0.03128365496135599,0.01075986356607972,-0.050563445310735644,0.06256853477101619,0.5060938244841959,0.9999999999999999,0.9352124487428671,-0.3116695551704217,-0.35413056036972845
2018-09-22 02:00:00,0.04575679289983481,0.025928242032740023,-0.031620730295650934,0.057713238294193135,0.46447893121412376,0.458020749009792,0.7545526984127977,-0.3007629107981221,-0.3438967136150234
2018-09-22 14:00:00,0.04632651880005301,0.02852309566147393,-0.02899368389676782,0.0575303161032073,0.458464365925178,0.05321491888045404,0.5037452226300825,-0.2991176470588236,-0.3423529411764705
2018-09-23 02:00:00,0.023095928477591787,0.008968199302720414,-0.05030383545700923,0.06052291127955458,0.5203372844907828,1.0,0.5037452226300826,-0.3140472078295914,-0.3563615428900403
2018-09-23 14:00:00,0.02616755933937731,0.014489055267681072,-0.04668558705958836,0.06217556104113967,0.5085001748858393,0.8086867424494872,0.620633887109981,-0.31127167630057806,-0.35375722543352595
2018-09-24 02:00:00,0.055694500983886286,0.04549921128098022,-0.018621976477643076,0.06327091415069826,0.4302063475480277,0.0,0.6028955808164963,-0.28992848629320633,-0.33373063170441
2018-09-24 14:00:00,0.054115229809265974,0.046213476445868595,-0.018902802623566806,0.06423907288631271,0.42883889606607106,0.0,0.269562247483163,-0.28950506857483616,-0.33333333333333337
2018-09-25 02:00:00,0.072322536843624,0.06734566113811025,-0.0040853205055069175,0.06924088079133639,0.3853130291158108,0.0,5.684341886080802e-16,-0.2752433090024332,-0.3199513381995134
2018-09-25 14:00:00,0.021677975046346498,0.0170720249289269,-0.05001866065978511,0.06821440313454784,0.5140739732068001,1.0000000000000002,0.3333333333333339,-0.3088747099767982,-0.351508120649652
2018-09-26 02:00:00,0.041762715128881744,0.037369874104832945,-0.030142385953173534,0.06726916650605914,0.46669749125730753,0.6320586006575578,0.5440195335525199,-0.29413507109004755,-0.3376777251184834
2018-09-26 14:00:00,0.03540369142781241,0.030577648100174493,-0.03452811979828663,0.06523462166176695,0.47820572490882346,0.7214353424386962,0.7844979810320852,-0.2974646226415095,-0.3408018867924528
2018-09-27 02:00:00,0.03342910063222204,0.028740778095582176,-0.03504602264478596,0.06398853241297231,0.47971708970247545,0.733173100377035,0.6955556811577636,-0.2978786093105481,-0.3411903358868591
2018-09-27 14:00:00,0.02399388048350537,0.019990215429842806,-0.03875117393364169,0.05929762954713829,0.5014871229136361,0.7343228164011271,0.7296437530722865,-0.30362361192285225,-0.3465809468147282
2018-09-28 02:00:00,0.03175433483463519,0.02896375930405992,-0.02860998571915352,0.057563562789229424,0.4783904238874454,0.3361039503277062,0.6011999557019565,-0.2974646226415095,-0.3408018867924528
2018-09-28 14:00:00,0.02992492220524734,0.02812996636385634,-0.027187126057432787,0.055291027116814606,0.4801095013004236,0.08177242583141185,0.3840663975200821,-0.2978786093105481,-0.3411903358868591
2018-09-29 02:00:00,0.012125361326573048,0.01097845913493134,-0.03936779864825668,0.05107119655232585,0.528626884463829,1.0,0.47262545871970646,-0.30967555040556216,-0.35225955967555045
2018-09-29 14:00:00,0.011086779849831307,0.01204922298485367,-0.039379854137140846,0.052141608658967144,0.5302548099242858,1.0,0.6939241419438044,-0.310075275043428,-0.3526346265199768
2018-09-30 02:00:00,0.0163097579137379,0.01866410414112485,-0.03281669587088576,0.051847689603555826,0.5112405391649157,0.6333848289293589,0.8777949429764534,-0.306057076295865,-0.34886429819452525
2018-09-30 14:00:00,0.019667341618581746,0.022526509301659114,-0.028900778307506814,0.05159171735160243,0.4977844424535059,0.3524744714537765,0.6619531001277124,-0.30321637426900594,-0.3461988304093566
2018-10-01 02:00:00,0.02407956743116446,0.02793670247256741,-0.02376268718744079,0.05159171735160243,0.48028119817839154,0.0,0.32861976679437893,-0.2995296884185774,-0.34273956496178715
2018-10-01 14:00:00,0.021979757358066232,0.024904518280257193,-0.02472835856211275,0.049628505570593194,0.4846180898567003,0.08678363493839504,0.14641936879739098,-0.30035231943628904,-0.3435114503816794
2018-10-02 02:00:00,0.020541572450733625,0.024303048492533952,-0.02530070107469362,0.049628505570593194,0.486923493436624,0.21454898736777595,0.10044420743539079,-0.3007629107981221,-0.3438967136150234
2018-10-02 14:00:00,0.019736020589920633,0.024406529522424947,-0.02516944032054702,0.04959488808079608,0.48692349343662406,0.379489376588108,0.22694066629809345,-0.3007629107981221,-0.3438967136150234
2018-10-03 02:00:00,0.0201133473327344,0.022864955605341075,-0.02333499085798496,0.046210806817454604,0.4819232057250123,0.24720484151704056,0.28041440182430866,-0.2999412455934196,-0.3431257344300822
2018-10-03 14:00:00,0.014169135591562965,0.015807514672310452,-0.027905702866349413,0.043979252173373146,0.5064834769978586,1.0,0.54223140603505,-0.30362361192285225,-0.3465809468147282
2018-10-04 02:00:00,0.028061849124985994,0.030623534617407078,-0.012770628330337375,0.04301023410828448,0.4435776523174795,0.0,0.41573494717234744,-0.29329774614472137,-0.3368920521945432
2018-10-04 14:00:00,0.028134479106837196,0.03157917080626538,-0.010914087670873651,0.04205868536234988,0.4388814427757775,0.0,0.3333333333333339,-0.2924584323040381,-0.3361045130641329
2018-10-05 02:00:00,0.03115442699942439,0.03163817606206876,-0.0005707938318961769,0.031716298706543584,0.4220398188900096,0.0,5.684341886080802e-16,-0.28950506857483616,-0.33333333333333337
2018-10-05 14:00:00,0.03230140442581364,0.03330365579340544,-0.00042858107732723916,0.033186728776675,0.4123033770712886,0.0,5.684341886080802e-16,-0.2878063359234908,-0.3317393903167961
2018-10-06 02:00:00,0.04000771341108966,0.04488814347486647,0.004569033847207971,0.039346135234054,0.377164076178591,0.0,5.684341886080802e-16,-0.2813630880579011,-0.3256936067551266
2018-10-06 14:00:00,0.03603391440673587,0.04357194531733688,-0.001093004282440302,0.043736019698833305,0.39204403617156414,0.24109842680247323,0.08036614226749164,-0.2830926594464501,-0.32731648616125153
2018-10-07 02:00:00,0.043686440247339364,0.05519851080739824,0.0028464193686785766,0.05087555735164703,0.35754733213204176,0.0,0.08036614226749164,-0.27656344869459637,-0.32119004250151784
2018-10-07 14:00:00,0.03592160161029301,0.048592406594333726,-0.0062266854114738646,0.0536819546443019,0.3957218091191573,0.6971737463776106,0.31275739106002853,-0.28092939046469534,-0.3252866626433313
2018-10-08 02:00:00,0.04299383718860206,0.058787407400116454,-0.0022444980878836285,0.0593538848245194,0.3631851635334183,0.147685884557878,0.2816198769784968,-0.2748021911138162,-0.3195374315276932
2018-10-08 14:00:00,0.03826747632951144,0.055899575206923124,-0.008569478119545337,0.06297866027387092,0.38270613399380027,0.6590477158403496,0.50130244892528,-0.2770024271844661,-0.32160194174757273
2018-10-09 02:00:00,0.03737246864245991,0.0538749061021222,-0.010098342653428238,0.06260297715480322,0.3801959222051078,0.5932914308350652,0.4666750104110981,-0.27656344869459637,-0.32119004250151784
2018-10-09 14:00:00,0.03711866424521659,0.051703198311176424,-0.01042660256649608,0.06087347594852221,0.374899597595393,0.3600381616201143,0.5374591027651769,-0.27568389057750764,-0.3203647416413373
2018-10-10 02:00:00,0.03809190870566348,0.0515956200394434,-0.009974657211899829,0.06031509116762941,0.3639787133238082,0.040651144470531225,0.33132691230857075,-0.2739183424741013,-0.3187081048141377
2018-10-10 14:00:00,0.033568392622801646,0.04576429620429612,-0.01423331200016531,0.059066397383021926,0.38797833114011887,1.0,0.4668964353635491,-0.2761239368165249,-0.32077764277035226
2018-10-11 02:00:00,0.08968981726144754,0.1141426882767782,0.025574535373606544,0.08278491374862454,0.2240759834353147,0.0,0.34688371482351094,-0.2342544987146531,-0.28149100257069404
2018-10-11 14:00:00,0.1459173916677563,0.195431814346821,0.05069590304448268,0.12887594074163986,0.15728838611413676,0.0,0.3333333333333339,-0.19055706521739135,-0.2404891304347826
2018-10-12 02:00:00,0.1124883732789499,0.16826762664618955,0.008487340241226882,0.1468059463150651,0.2641407761715333,0.46318616117127265,0.15439538705709144,-0.21092715231788095,-0.25960264900662244
2018-10-12 14:00:00,0.10666322672099682,0.16658401855202332,-0.005406769874775175,0.15916398206770468,0.2693915226661607,0.4859472160323155,0.31637779240119657,-0.21197089947089964,-0.2605820105820106
2018-10-13 02:00:00,0.09827772793543121,0.15942926311289263,-0.018915429120798244,0.16663727129581302,0.28585489183749485,1.0,0.6497111257345299,-0.2150856389986826,-0.26350461133069825
2018-10-13 14:00:00,0.09511928805942138,0.15488860973035923,-0.02575215620366189,0.16968453631500047,0.28470340202644034,0.9910436252072355,0.8256636137465176,-0.21456822676334875,-0.2630191166776532
2018-10-14 02:00:00,0.09069598852102834,0.1499968457964258,-0.033330179129759774,0.17322238575702573,0.28779302422807906,1.0,0.9970145417357458,-0.2150856389986826,-0.26350461133069825
2018-10-14 14:00:00,0.10042183701776519,0.1602336486121254,-0.02907954587696937,0.17766260473245682,0.2644231202610093,0.0,0.6636812084024125,-0.20513675783855911,-0.2541694462975316
2018-10-15 02:00:00,0.1210210044943032,0.18411779111605586,-0.017974446406159195,0.18659174889395927,0.22864280208643112,0.0,0.3333333333333339,-0.1866894197952219,-0.23686006825938555
2018-10-15 14:00:00,0.10248523872448012,0.16318548443778824,-0.03751162999034996,0.1888315218331635,0.2867272384295507,0.9819817109735264,0.32732723699117605,-0.1971024258760109,-0.24663072776280326
2018-10-16 02:00:00,0.10348635441593723,0.1634272328315196,-0.039933664788189716,0.19153427227669365,0.27840927392194287,0.8413573108201561,0.607779673931228,-0.1932972241029114,-0.24306025727826674
2018-10-16 14:00:00,0.0994280660074689,0.1561713814263288,-0.04520320268563949,0.19078883911182357,0.2784092739219429,0.8567952961018428,0.8933781059651755,-0.1932972241029114,-0.24306025727826674
2018-10-17 02:00:00,0.0976788174256864,0.1517245015505051,-0.04819668608239258,0.19008181034050914,0.27445190137773723,0.7886639205845098,0.82893884250217,-0.19165535956580748,-0.24151967435549526
2018-10-17 14:00:00,0.07556797735147214,0.12185257583003706,-0.06525257583003818,0.18195580245072004,0.3594333861859527,0.9999999999999999,0.8818197388954512,-0.20566666666666678,-0.2546666666666666
2018-10-18 02:00:00,0.07954002283633654,0.1200756968816108,-0.05994146869369221,0.17476255975189053,0.34280257191258406,0.8043007331432167,0.8643215512425759,-0.20033557046979877,-0.2496644295302013
2018-10-18 14:00:00,0.08342894895708697,0.11612579104005194,-0.0534230883373501,0.16439487780303677,0.3265319032104124,0.6128393961367976,0.8057133764266718,-0.19493243243243252,-0.24459459459459454
2018-10-19 02:00:00,0.08227152785014602,0.10498145588781749,-0.04959892372803498,0.15041519249793414,0.3216003493514391,0.5548084748119614,0.6573162013639924,-0.1932972241029114,-0.24306025727826674
2018-10-19 14:00:00,0.06928153608051746,0.07896205983173021,-0.05320753266875322,0.13048924805868162,0.369459256747222,1.0,0.7225492903162535,-0.20087189805499672,-0.25016767270288387
2018-10-20 02:00:00,0.06863588109459373,0.06248709510905037,-0.04293064349614806,0.10439692192907744,0.3635408033941124,0.876335385090067,0.81038128663401,-0.19926075268817212,-0.2486559139784945
2018-10-20 14:00:00,0.06387842561735146,0.031178875350190483,-0.026081625182518664,0.05711493597422363,0.3743344599734715,1.0,0.9587784616966895,-0.20087189805499672,-0.25016767270288387
2018-10-21 02:00:00,0.06343419113928528,0.02391763391241364,-0.019347741439296517,0.04316674166779184,0.36762044402669963,0.8726817259725107,0.9163390370208596,-0.19926075268817212,-0.2486559139784945
2018-10-21 14:00:00,0.06439138662154842,0.027077281503650852,-0.015007153384973493,0.041831976232333465,0.35615489360021385,0.0,0.6242272419908372,-0.19656102494942695,-0.246122724207687
2018-10-22 02:00:00,0.016400455978725192,-0.011467728174387126,-0.06321010687716033,0.05374932013433549,0.5600678189232591,1.0,0.6242272419908372,-0.2322809278350516,-0.27963917525773196
2018-10-22 14:00:00,0.017648601580654066,-0.0044299034572854445,-0.06413045806627915,0.0618197467005357,0.5518837772652777,0.9598650176539033,0.6532883392179681,-0.23079406068431252,-0.27824402840542284
2018-10-23 02:00:00,0.03692353856432895,0.01590123817171607,-0.04501849772375921,0.0618197467005357,0.4746930385060974,0.581317465374457,0.8470608276761205,-0.2150856389986826,-0.26350461133069825
2018-10-23 14:00:00,0.03810768313378299,0.018317081717002415,-0.04242540404197026,0.06148361921382882,0.46564293455242894,0.5369352667505543,0.6927059165929719,-0.21301188903566715,-0.26155878467635396
2018-10-24 02:00:00,0.03991809380271105,0.020923094752127724,-0.03908081509672756,0.0605536681347708,0.4539914026144902,0.0,0.37275091070833744,-0.21040424121935064,-0.2591119946984757
2018-10-24 14:00:00,0.04501803521126835,0.02773378918009395,-0.03267041359637224,0.0605536681347708,0.4307749870188227,0.0,0.17897842225018512,-0.20513675783855911,-0.2541694462975316
2018-10-25 02:00:00,0.047963251121049044,0.032029668951222945,-0.025796424983395405,0.05764643179798258,0.41478481580738363,0.0,3.552713678800501e-16,-0.20140750670241303,-0.2506702412868632
2018-10-25 14:00:00,0.04339018248607607,0.029411666979037854,-0.02774054398438619,0.057104496644703594,0.42785422530069894,0.2569778398377853,0.0856592799459288,-0.20354278074866317,-0.25267379679144375
2018-10-26 02:00:00,0.04775602854753358,0.03548651535237157,-0.02102787379218396,0.0561087609133394,0.4058899979436129,0.0,0.0856592799459288,-0.19872225958305323,-0.2481506388702085
2018-10-26 14:00:00,0.04250969232059787,0.03185933789130391,-0.023146201162082325,0.05476694312155643,0.42359357780974993,0.7114160192167093,0.3227979530181652,-0.20140750670241303,-0.2506702412868632
2018-10-27 02:00:00,0.042187111280093115,0.03288210207301434,-0.020398880596504854,0.052950486345350316,0.4182251264028804,0.5616008366116259,0.4243389519427787,-0.20033557046979877,-0.2496644295302013
2018-10-27 14:00:00,0.04120519093693087,0.03337430239692907,-0.02027826478779604,0.053303534637568525,0.4153904022450901,0.43253988164587887,0.568518912491405,-0.1997985224983212,-0.2491605104096709
2018-10-28 02:00:00,0.04160889789604183,0.03546908925007641,-0.01857810674671223,0.053594563578944945,0.4064890603178555,0.03383848796527587,0.3426597354075939,-0.1981830417227457,-0.2476446837146702
2018-10-28 13:00:00,0.041325911571829854,0.03677492435696217,-0.016896218157501752,0.053142936107732776,0.4003300540557531,0.0,0.15545945653705195,-0.1971024258760109,-0.24663072776280326
2018-10-29 01:00:00,0.054760534667219085,0.053312461160631264,-0.004064855141479695,0.05599842218537134,0.33940958306109437,0.0,0.01127949598842567,-0.18502051983584145,-0.23529411764705876
2018-10-29 13:00:00,0.07240045919121396,0.07776137057215471,0.007524542956436564,0.0673642181727183,0.2808342057245418,0.0,3.80436423104887e-16,-0.1691073919107393,-0.2203626220362621
2018-10-30 01:00:00,0.07679679810434359,0.08924770729692733,0.006187685961499767,0.07927710069482823,0.26335358381437846,0.0,3.80436423104887e-16,-0.1632724719101124,-0.2148876404494381
2018-10-30 13:00:00,0.07378515896299676,0.09181848847394192,-0.00108815139529006,0.08887481873826839,0.26335358381437846,0.0,3.80436423104887e-16,-0.1632724719101124,-0.2148876404494381
2018-10-31 01:00:00,0.07089162331738885,0.0936083296720871,-0.007372374615907118,0.09680659950592681,0.26335358381437846,0.0,3.80436423104887e-16,-0.1632724719101124,-0.2148876404494381
2018-10-31 13:00:00,0.06738952746603544,0.09408986999596092,-0.01338811560999631,0.10330936221820518,0.2690363099912225,0.32508718545877924,0.10836239515292681,-0.16385964912280715,-0.2154385964912281
2018-11-01 01:00:00,0.07053667310551037,0.09414882919123446,-0.011227163700761711,0.1011809465884862,0.2522699842282487,0.0,0.10836239515292681,-0.15913902611150332,-0.21100917431192656
2018-11-01 13:00:00,0.06559752587316914,0.08429517445205592,-0.014858554733746088,0.09582678516561546,0.2706266105753837,1.0,0.4416957284862601,-0.16091549295774665,-0.2126760563380281
2018-11-02 01:00:00,0.06591719079227754,0.08370527284637741,-0.015626176801179392,0.09606155764304075,0.26141158994772684,0.49800031588619925,0.49933343862873336,-0.1585451977401131,-0.21045197740112986
2018-11-02 13:00:00,0.05259722894906038,0.0677033866338359,-0.027102408297008607,0.09291948395331562,0.3506985681478029,1.0,0.8326667719620667,-0.16736547868623353,-0.2187281621243885
2018-11-03 01:00:00,0.04912312161075971,0.061507531075928545,-0.029058124237129057,0.08911971437844576,0.361777080667441,1.0,0.8326667719620667,-0.16852756454989548,-0.2198185624563852
2018-11-03 13:00:00,0.0471967246848477,0.05755639468702345,-0.029712710109214835,0.08607084013421619,0.361777080667441,1.0,1.0000000000000004,-0.16852756454989548,-0.2198185624563852
2018-11-04 01:00:00,0.024714358318201235,0.033245505285119936,-0.04896662626939907,0.08286348499087927,0.507856094779064,1.0,1.0000000000000004,-0.18557758031442262,-0.23581681476418315
2018-11-04 13:00:00,0.01573543642082953,0.022458710761908085,-0.0557468463551285,0.07952924730092657,0.5520247455059049,1.0,1.0000000000000004,-0.19220338983050855,-0.2420338983050847
2018-11-05 01:00:00,0.025820514552210794,0.031133096955261896,-0.044772576050532864,0.07642688445219606,0.48900730137334664,0.6687610111479407,0.8895870037159807,-0.18334475668265948,-0.23372172721041806
2018-11-05 13:00:00,0.01876548600005501,0.022082557965454663,-0.049534874041749055,0.07261414524058094,0.5220582848300046,0.8424871038425397,0.8370827049968272,-0.18835149863760225,-0.23841961852861027
2018-11-06 01:00:00,0.010093255683041313,0.012482740531812642,-0.05660436215343456,0.07064560194435762,0.562674368407268,1.0,0.8370827049968272,-0.19493243243243252,-0.24459459459459454
2018-11-06 13:00:00,-0.027507511853455235,-0.017236154732008235,-0.09861829621016238,0.08638625770588639,0.698388797349393,1.0,0.947495701280847,-0.22579597141000662,-0.2735542560103963
2018-11-07 01:00:00,0.006896142079263701,0.01781531485022847,-0.06646941983004029,0.08638625770588639,0.5371341048849602,0.22985222876198833,0.7432840762539965,-0.1981830417227457,-0.2476446837146702
2018-11-07 13:00:00,0.010547637643872676,0.021527167679287862,-0.06254068119280165,0.08582790075583256,0.5224278699934622,0.002095979636065488,0.41064940279935164,-0.19493243243243252,-0.24459459459459454
2018-11-08 01:00:00,0.02343425573373148,0.0354019623725923,-0.04971703086574364,0.08573262745539688,0.4756765438072793,0.0,0.07731606946601834,-0.18390410958904113,-0.23424657534246562
2018-11-08 13:00:00,0.01649096564544572,0.030332097284121007,-0.054430123152059084,0.0857959772760619,0.49747003262632966,0.09785491580475307,0.033316965146939916,-0.18890401633764475,-0.23893805309734506
2018-11-09 01:00:00,0.005321663671021604,0.02150519993107558,-0.06278466121053727,0.08606624526097241,0.5345123219113228,0.9573399443833523,0.3517316200627022,-0.19764309764309773,-0.2471380471380471
2018-11-09 13:00:00,0.003813848873529979,0.022192064558525404,-0.0618692669795079,0.08576274442336577,0.5390858420827606,1.0,0.6850649533960355,-0.19872225958305323,-0.2481506388702085
2018-11-10 01:00:00,0.004963206845870705,0.02502355754686647,-0.057952850476159834,0.08436545542035129,0.5334414927278803,0.9109854625679911,0.9561084689837815,-0.19764309764309773,-0.2471380471380471
2018-11-10 13:00:00,0.008685621526730802,0.029817034696314026,-0.0511152091385052,0.08180337511136022,0.5159872555396167,0.4449564517704106,0.7853139714461344,-0.19438810006761342,-0.2440838404327248
2018-11-11 01:00:00,0.014942213292538753,0.035962933857834,-0.04025156558009424,0.0763782785921592,0.48736512478804406,0.0,0.451980638112801,-0.18890401633764475,-0.23893805309734506
2018-11-11 13:00:00,0.03330415227728878,0.0549062602928474,-0.01895900144482565,0.07256107584974221,0.4175273173629024,0.0,0.148318817256804,-0.17314365024288703,-0.22414989590562107
2018-11-12 01:00:00,0.03614911372749985,0.05783338081358491,-0.012049408688149965,0.06831883566780637,0.4041622903725052,0.0,4.500103993147301e-16,-0.16968641114982597,-0.22090592334494774
2018-11-12 13:00:00,0.034038245285776814,0.05678869020154109,-0.012081169310176776,0.06736402033841492,0.40756604558530524,0.030438240760580725,0.010146080253527359,-0.17026462395543185,-0.2214484679665738
2018-11-13 01:00:00,0.030632207705356462,0.05424574996167286,-0.01338404044117325,0.06627572077751001,0.41830183455531716,0.1699406550526278,0.06679296527106995,-0.1719944405837388,-0.22307157748436413
2018-11-13 13:00:00,0.04268030374913545,0.06942434387323759,-0.0021708227464776186,0.06926597622210566,0.37228784295806344,0.0,0.06679296527106995,-0.16091549295774665,-0.2126760563380281
2018-11-14 01:00:00,0.031918442522403945,0.060207831741429185,-0.013801690778415088,0.07233121621206277,0.41935172174881397,1.0,0.3899802183508763,-0.16852756454989548,-0.2198185624563852
2018-11-14 13:00:00,0.06428737343456459,0.10035248597900814,0.009027023400500545,0.08658988311247201,0.3245953099712727,0.0,0.33333333333333376,-0.14033189033189053,-0.1933621933621934
2018-11-15 01:00:00,0.08054937516294292,0.12709120938407525,0.013834580476321134,0.10580154570900774,0.28739578420160183,0.0,0.33333333333333376,-0.12454077883908898,-0.17854518736223357
2018-11-15 13:00:00,0.06682006816743669,0.11776575941788225,-0.005402123054246033,0.1166161737987099,0.3334630169179842,0.34911072265997944,0.11637024088666025,-0.1334545454545455,-0.1869090909090908
2018-11-16 01:00:00,0.07932858827553768,0.13619925213137485,-0.001881908957943601,0.12939140613833103,0.3032982303304668,0.12051330485356386,0.15654134250451487,-0.12066420664206656,-0.17490774907749074
2018-11-16 13:00:00,0.08939332364011743,0.14391446774102223,0.0024980883127887488,0.13176998897940495,0.28010422015956926,0.0,0.15654134250451487,-0.10949177877429006,-0.1644245142002989
2018-11-17 01:00:00,0.08354615496912432,0.14012824409558267,-0.009330332089617643,0.14028413989245722,0.29041677622977785,0.1932681525203671,0.10459381912464409,-0.11148396718866527,-0.16629381058911252
2018-11-17 13:00:00,0.09046087728659047,0.15019829785302408,-0.009987454479530644,0.14969156223885208,0.2722188589963228,0.0,0.06442271750678946,-0.10278614457831337,-0.1581325301204819
2018-11-18 01:00:00,0.07367111606958243,0.13387437139588076,-0.02926470596837194,0.15503024626765097,0.33123412163105553,1.0,0.3977560508401228,-0.11412639405204472,-0.16877323420074353
2018-11-18 13:00:00,0.08398734503552219,0.1456206448834243,-0.024686909943665958,0.16059677114987989,0.3046315787865261,0.5492260534502332,0.5164086844834115,-0.10278614457831337,-0.1581325301204819
2018-11-19 01:00:00,0.1412737210554098,0.21309081876404656,0.012885276853482397,0.17988112478361848,0.22213115498491248,0.0,0.5164086844834115,-0.05059760956175319,-0.10916334661354576
2018-11-19 13:00:00,0.11938048259769185,0.18951882552858845,-0.013459170897505812,0.1865555440946825,0.2770128200309061,0.5030263313003485,0.35075079491686095,-0.06475667189952916,-0.12244897959183665
2018-11-20 01:00:00,0.1659966138842155,0.24467037403833714,0.013059889119557022,0.2051710859337339,0.22485859758800938,0.02499879413859472,0.1760083751463148,-0.020148026315789602,-0.08059210526315785
2018-11-20 13:00:00,0.14046859482424412,0.21613700008699332,-0.016298681574463902,0.2113206954396757,0.27787132878364756,0.6756349995579641,0.4012200416656362,-0.036782538399353415,-0.09620048504446232
2018-11-21 01:00:00,0.12879425852849602,0.19986601345013666,-0.030493023096439975,0.21237384034086143,0.2951752224134105,1.0,0.5668779312321868,-0.0422025723472671,-0.1012861736334405
2018-11-21 13:00:00,0.11767500231756567,0.18526102803319255,-0.043214665123521456,0.21332469465914045,0.312906091765802,1.0,0.8918783331859885,-0.04756195043964839,-0.1063149480415666
2018-11-22 01:00:00,0.10708500837096624,0.16942874181842282,-0.053371508114131494,0.21058055177697496,0.3310295261603999,1.0,1.0000000000000004,-0.05286168521462653,-0.11128775834658178
2018-11-22 13:00:00,0.14325590639363095,0.20494075326798966,-0.027052964489113096,0.21304469307592727,0.2789572532092823,0.02042816497215619,0.6734760549907192,-0.016914191419141966,-0.07755775577557744
2018-11-23 01:00:00,0.16456469542215624,0.22439521120035177,-0.01475869387152784,0.21646447566949778,0.25203981054147967,0.0,0.3401427216573858,0.007185122569737912,-0.05494505494505486
2018-11-23 13:00:00,0.15059550714568615,0.20540297104903305,-0.029836220419311332,0.21625554941051933,0.27288360343319873,0.2638798320565976,0.09476933234291833,0.0004198152812762146,-0.06129303106633077
2018-11-24 01:00:00,0.1606975181466932,0.20719362166789823,-0.022185103780335336,0.20995682494637954,0.2565241021437874,0.05677057534859165,0.10688346913506348,0.014906303236797314,-0.04770017035775109
2018-11-24 13:00:00,0.10103343397908282,0.1374059417942075,-0.06936052411375415,0.19996317695950183,0.3926189362325385,1.0,0.4402168024683968,-0.033657745336577505,-0.09326845093268443
2018-11-25 01:00:00,0.14178205924973475,0.1776009454957359,-0.03719519739768107,0.20070600453608656,0.3364165477719002,0.6002081519261224,0.5523262424249051,0.007185122569737912,-0.05494505494505486
2018-11-25 13:00:00,0.13160494864543093,0.15966566388555536,-0.044009098228990684,0.1925404769571743,0.3464909621884079,0.6610600662913528,0.7537560727391588,0.002946127946127808,-0.05892255892255893
2018-11-26 01:00:00,0.14411491756902728,0.1679073323123288,-0.03377559578538314,0.18900700893556624,0.326223130227014,0.512135736451054,0.5911346515561768,0.01924721984602229,-0.04362703165098358
2018-11-26 13:00:00,0.16741631966932546,0.19108996322359717,-0.01821902380305329,0.1926566214581235,0.29671094995555847,0.0,0.3910652675808026,0.04609306409130798,-0.01843722563652328
2018-11-27 01:00:00,0.1491571219751746,0.16666670342892598,-0.03295688587896961,0.18711409364663703,0.32309017523010025,0.5299160062707731,0.3473505809072761,0.0351867940920938,-0.02867072111207636
2018-11-27 13:00:00,0.11253498480189905,0.12111853737072109,-0.05904083466801868,0.174735774314043,0.3907654577042664,1.0,0.5099720020902581,0.0063344594594594295,-0.05574324324324309
2018-11-28 01:00:00,0.11356619192161821,0.10688492068179367,-0.048480845978907894,0.15095750010417883,0.38326275274995486,0.9202302459084999,0.8167154173930914,0.011460101867571959,-0.0509337860780984
2018-11-28 13:00:00,0.11458990380277778,0.09271014926609511,-0.03707874994868965,0.12627643191078186,0.37549858886159354,0.8376806257552012,0.9193036238879008,0.016638225255972472,-0.0460750853242321
2018-11-29 01:00:00,0.13439190014005953,0.11308847733585248,-0.020331060232886,0.12750597511051528,0.34306593705007143,0.2951707194956531,0.6843605303864518,0.03970331588132603,-0.024432809773123898
2018-11-29 13:00:00,0.127222838704395,0.1012053944540574,-0.023069505952315494,0.11960228500357642,0.3477329704401104,0.09784235409561816,0.41023123311549126,0.0378919860627176,-0.026132404181184565
2018-11-30 01:00:00,0.10460102362013579,0.08119191392738467,-0.041089086163888955,0.11987729091609242,0.3919288531145286,1.0,0.4643376911970909,0.02099400171379595,-0.041988003427592124
2018-11-30 13:00:00,0.11994662309944615,0.0962782033689642,-0.026731955550465147,0.1188764532796442,0.362678658298477,0.4013825376801826,0.4997416305919341,0.03970331588132603,-0.024432809773123898
2018-12-01 01:00:00,0.10871014529065359,0.08223718198920049,-0.03314784981227048,0.11262079206560238,0.3793074796256888,0.7416983163225385,0.7143602846675741,0.03339115351257571,-0.030355594102341565
2018-12-01 13:00:00,0.10260244594662682,0.06983179799821126,-0.032602360768773986,0.10056222131395491,0.38425085355348865,0.8262734196847665,0.6564514245624963,0.03160173160173141,-0.03203463203463197
2018-12-02 01:00:00,0.08232260883521958,0.03843845077634067,-0.03971722315485715,0.07820567756135223,0.42837585270877826,1.0,0.855990578669102,0.01577152600170484,-0.04688832054560954
2018-12-02 13:00:00,0.017385357611552577,-0.015427072637871575,-0.10165392174865595,0.09158848453249419,0.5660529088359902,1.0,0.9420911398949227,-0.04450681635926235,-0.10344827586206895
2018-12-03 01:00:00,0.015138346067264719,-0.007050537329656104,-0.1077613121499269,0.10684426887838117,0.5690738123276798,1.0,1.0000000000000004,-0.046036829463570905,-0.10488390712570039
2018-12-03 13:00:00,0.0884714312824082,0.06696496670300167,-0.041469703998436414,0.10706978455891265,0.4279181909024922,0.2362657628609575,0.7454219209536528,0.026270456503014517,-0.03703703703703687
2018-12-04 01:00:00,0.06903576068494277,0.05089521666333541,-0.05589945754543857,0.10706255762267299,0.4575568352257003,0.20997140619664642,0.48207905635253495,0.01060220525869382,-0.051738761662425636
2018-12-04 13:00:00,0.12333921271139126,0.1034198538174893,-0.008075180585618291,0.10642166496754638,0.38379903683184613,0.0,0.14874572301920164,0.06669650850492381,0.0008952551477172666
2018-12-05 01:00:00,0.1361795059560844,0.12398390241091128,-0.0019638842125492273,0.1187055593663934,0.36538378481887257,0.0,0.0699904687322158,0.08416742493175611,0.017288444040036488
2018-12-05 13:00:00,0.15729040029313257,0.15529116751991467,0.007430174511772192,0.13673605575949044,0.34000642507238504,0.0,3.315866100213801e-16,0.11043802423112759,0.041938490214352475
2018-12-06 01:00:00,0.1626390712346668,0.1722472769030956,0.002799804076188517,0.1558103953783068,0.3295770532010182,0.0,3.315866100213801e-16,0.12193973634651578,0.052730696798493515
2018-12-06 13:00:00,0.22196962033330592,0.25608541424297204,0.0333462906423716,0.19458027345852222,0.27997163916033746,0.0,3.315866100213801e-16,0.1879361914257227,0.1146560319042873
2018-12-07 01:00:00,0.17367752711702344,0.21777693430765477,-0.01642818671613311,0.21278329594983975,0.34313284002771,0.7394873455103388,0.24649578183677992,0.14788053949903635,0.07707129094412335
2018-12-07 13:00:00,0.08058729998300973,0.12078488747053084,-0.09320481629615385,0.2110789179760892,0.4668812952084125,1.0,0.5798291151701133,0.060053380782918,-0.005338078291814874
2018-12-08 01:00:00,0.10589715979969627,0.14785889159481402,-0.07235614936446633,0.21220404722051667,0.4360225227315971,0.834900062793555,0.8581291361012983,0.08912248628884822,0.021937842778793515
2018-12-08 13:00:00,0.08360592548354573,0.124847086788487,-0.09007619730061633,0.2112505984820701,0.46035023085201876,0.9650576407100452,0.9333192345012002,0.07053009883198547,0.004492362982928988
2018-12-09 01:00:00,0.06922207160080407,0.11180061146964038,-0.10060061146964028,0.21121839989984154,0.4757319595930397,1.0,0.9333192345012002,0.059111111111111114,-0.006222222222222129
2018-12-09 13:00:00,0.0889007621768858,0.13430284280260252,-0.0835308173711764,0.21244063940062066,0.4482153717716584,0.3070516734499551,0.7573697713866671,0.08219800181653025,0.015440508628519645
2018-12-10 01:00:00,0.0844650941012921,0.12961621045562555,-0.08660350628139701,0.21166752051541168,0.4496437709056182,0.34302294997406946,0.550024874474675,0.08121597096188737,0.014519056261343088
2018-12-10 13:00:00,0.06900459247835333,0.11479514060679952,-0.0983825845529882,0.21144256865468433,0.46889200343916104,0.7514242609483786,0.4671662947908012,0.0686098654708518,0.0026905829596413078
2018-12-11 01:00:00,0.03244844497822963,0.078054277343089,-0.12809764247752098,0.21144256865468433,0.5215657445839647,1.0,0.6981490703074827,0.03339115351257571,-0.030355594102341565
2018-12-11 13:00:00,0.08562940272204655,0.13426388035604297,-0.08293725638532035,0.21176650680907202,0.44630101042479287,0.0,0.5838080869827931,0.09011893870082321,0.02287282708142735
2018-12-12 01:00:00,0.06537219465919497,0.11095969606045397,-0.09844844493534155,0.20810630586907172,0.47096551478254484,0.32770333454697165,0.442567778182324,0.07245724572457224,0.006300630063006407
2018-12-12 13:00:00,0.05367750966489848,0.08106182633657655,-0.09774336068091194,0.18030910326685964,0.4846987246592223,0.5101687352435864,0.2792906899301862,0.06289027653880441,-0.00267618198037467
2018-12-13 01:00:00,0.04797301835962031,0.05234755283009851,-0.08710310838565383,0.1419168608871694,0.4903972763212154,0.5858821716312268,0.4745847471405951,0.059111111111111114,-0.006222222222222129
2018-12-13 13:00:00,0.00736572208939279,0.013420517083077677,-0.1229931666557269,0.14432047199059708,0.5506070180431655,1.0,0.698683635624938,0.01837606837606831,-0.0444444444444444
2018-12-14 01:00:00,0.03956690998726686,0.03986613208676548,-0.09013114975460945,0.13334866842864962,0.49718627535683957,0.3292348775548513,0.638372349728693,0.05256183745583032,-0.012367491166077604
2018-12-14 13:00:00,0.020674995969051535,0.025769205203352463,-0.10684559409224093,0.13821790354521252,0.5233956845753022,0.5871333929199778,0.63878942349161,0.0342881944444442,-0.02951388888888884
2018-12-15 01:00:00,0.04698294891572674,0.055329884177260924,-0.08137805545290733,0.13851193087980704,0.48150057773754107,0.0,0.3054560901582766,0.06289027653880441,-0.00267618198037467
2018-12-15 13:00:00,0.04514048033079621,0.05627569873180738,-0.07804197883885433,0.1357955596651441,0.4815005777375411,1.0281859876123158e-15,0.1957111309733265,0.06289027653880441,-0.00267618198037467
2018-12-16 01:00:00,0.023181842933126084,0.03711114456092646,-0.09148177393155554,0.13218644869745666,0.5149115855536693,0.7974918871913249,0.2658306290637756,0.041520979020978954,-0.022727272727272707
2018-12-16 13:00:00,0.04513454325755584,0.04848032533560187,-0.04731753463792743,0.09574219590614197,0.4774569389376088,0.0,0.2658306290637756,0.06574239713774577,0.0
2018-12-17 01:00:00,0.0451641111240324,0.040658710334728454,-0.028920359080247926,0.06917308045709634,0.4745971138990669,0.0,0.26583062906377525,0.06765232974910385,0.0017921146953405742
2018-12-17 13:00:00,0.03359177153829518,0.030673935525882046,-0.0383048139642137,0.06924294172560604,0.4925984370550551,0.4465226112899612,0.14884087042998734,0.057231588287488755,-0.007985803016858806
2018-12-18 01:00:00,0.047483455213906955,0.04557817843638734,-0.021253854112063153,0.06602897741769469,0.46602416766156274,0.0,0.14884087042998734,0.07342342342342323,0.007207207207207134
2018-12-18 13:00:00,0.019997333902880055,0.020325052036318736,-0.04525920480190271,0.06641222309631428,0.5141727933552377,1.0,0.48217420376332065,0.04609306409130798,-0.01843722563652328
2018-12-19 01:00:00,0.018353477854379685,0.020600019007821713,-0.04595089620080428,0.06740530703907736,0.5157941516968398,1.0,0.666666666666667,0.04517543859649109,-0.019298245614035037
2018-12-19 13:00:00,-0.011510633743084697,-0.0033056534377864377,-0.07456668698774593,0.07414807564419076,0.5698972487851047,1.0,1.0000000000000004,0.014042553191489171,-0.04851063829787228
2018-12-20 01:00:00,0.006223455708055381,0.01653166320569155,-0.05491987811037147,0.0728498287571115,0.5315221589952114,0.630557894549679,0.87685263151656,0.032495667244367255,-0.03119584055459268
2018-12-20 13:00:00,0.00015050457630683134,0.013332123630620085,-0.059585353604780456,0.07464373413596079,0.5425790324983779,0.5097625256991766,0.7134401400829522,0.026270456503014517,-0.03703703703703687
2018-12-21 01:00:00,-0.008874354968187226,0.006707460634499007,-0.06967674391095047,0.07886731365277669,0.5601473366663177,0.819790129521036,0.653370183256631,0.016638225255972472,-0.0460750853242321
2018-12-21 13:00:00,-0.004446401147790602,0.012168760398873602,-0.06049780924206183,0.07446600524321353,0.5498104730887722,0.47656733036172017,0.6020399951939779,0.02099400171379595,-0.041988003427592124
2018-12-22 01:00:00,0.007342166950085716,0.024905614279917332,-0.04589433934496523,0.07155083401655664,0.5208287518408141,0.0,0.4321191532942524,0.03339115351257571,-0.030355594102341565
2018-12-22 13:00:00,-0.005375194631698221,0.01423020845955758,-0.05661034544585941,0.07237416747126804,0.5483018349415995,0.6987302117487514,0.3917658473701575,0.020119863013698502,-0.042808219178082085
2018-12-23 01:00:00,-0.04962998221946946,-0.01883259527376724,-0.10647352717521308,0.0934989258256227,0.6341431111441604,1.0,0.5662434039162508,-0.02734693877551031,-0.08734693877551014
2018-12-23 13:00:00,-0.05287178002806947,-0.013165048374103927,-0.11776027630122154,0.11192193581987143,0.6431129873841581,1.0,0.8995767372495841,-0.03287337662337675,-0.09253246753246747
2018-12-24 01:00:00,-0.07872084072653163,-0.02404664413988311,-0.15329403249269014,0.14182287023777768,0.6888801680507005,1.0,1.0000000000000004,-0.06254917387883563,-0.1203776553894571
2018-12-24 13:00:00,-0.06932126471532374,-0.003614199038535326,-0.15201179145274912,0.16091919713588065,0.6676034530564584,0.8486486891423765,0.9495495630474592,-0.055863708399366274,-0.11410459587955624
2018-12-25 01:00:00,-0.05220372529232087,0.020296006166698577,-0.1364795810459264,0.16644465471477563,0.6216538571698257,0.0,0.6162162297141259,-0.04066022544283432,-0.0998389694041868
2018-12-25 13:00:00,-0.049422734888689535,0.027555531126055355,-0.13255150211719202,0.16897803993270402,0.6193584492475231,0.0,0.2828828963807926,-0.0398871877518131,-0.09911361804995955
2018-12-26 01:00:00,-0.07600292488782245,0.007667711254821352,-0.16114155981063782,0.18283983785816632,0.6715940854310979,0.7513570878685958,0.2504523626228657,-0.06986729117876667,-0.12724434035909438
2018-12-26 13:00:00,-0.16663418217060633,-0.05885264972402837,-0.26740433351619575,0.24920394792255,0.7891989182494531,1.0,0.583785695956199,-0.16794692737430172,-0.21927374301675973
2018-12-27 01:00:00,-0.10703848998506582,0.017582157985058133,-0.21601849454499944,0.25933099925428194,0.6430332513579259,0.13939435194408065,0.6302504799375592,-0.11280714817572612,-0.16753536857781082
2018-12-27 13:00:00,-0.0878918881528108,0.04427567675184996,-0.19669991917609309,0.26085598378291375,0.611513177673314,0.0,0.37979811731469404,-0.0973484848484849,-0.15303030303030296
2018-12-28 01:00:00,-0.1285773356710933,0.00758785670840445,-0.23291159771559933,0.2710347345949127,0.6652881044617307,0.3026406430479651,0.14734499833068238,-0.14280575539568352,-0.19568345323741
2018-12-28 13:00:00,-0.09680775481546755,0.048284068324045526,-0.20151346698774353,0.27052362121320145,0.6094775487293081,0.0,0.10088021434932216,-0.11544172234595418,-0.17000742390497403
2018-12-29 01:00:00,-0.09685958930894745,0.051014516603831384,-0.19669079154839975,0.26716511772487456,0.6143391531422161,0.08710904862184748,0.12991656388993797,-0.11936437546193657,-0.17368810051736883
2018-12-29 13:00:00,-0.09752739608441874,0.053766666709057054,-0.195384313767881,0.268137479978346,0.6202783866622043,0.19352679419068164,0.09354528093751016,-0.12389705882352964,-0.17794117647058827
2018-12-30 01:00:00,-0.09940310911164096,0.05327909004417397,-0.19140911195798005,0.26284134217972366,0.6282062488073904,0.3355763050967437,0.20540404930309142,-0.1296566837107379,-0.18334550766983193
2018-12-30 13:00:00,-0.09550494797000797,0.05818844512842025,-0.18112489509189766,0.25498693447609855,0.6282062488073904,1.0000000000000002,0.5097010330958089,-0.1296566837107379,-0.18334550766983193
2018-12-31 01:00:00,-0.08921306348884728,0.06464610177920815,-0.16794280507591153,0.24525597362474957,0.6215177118585654,0.5176685074999139,0.6177482708655532,-0.1271062271062271,-0.18095238095238086
2018-12-31 13:00:00,-0.07270232161894541,0.07970140303937989,-0.1415601390988599,0.22832344190266413,0.5878179809598217,0.0,0.5058895024999719,-0.11412639405204472,-0.16877323420074353
2019-01-01 01:00:00,-0.08032511426570133,0.06347965342939021,-0.13284041757340248,0.20337312881321432,0.606213353140367,0.45546326101362034,0.3243772561711786,-0.12454077883908898,-0.17854518736223357
2019-01-01 13:00:00,-0.0887088049775393,0.046176309856986064,-0.12543664343204086,0.17869465215809124,0.6264132083159232,0.9556049172934471,0.4703560594356896,-0.13596809282088484,-0.18926758520667142
2019-01-02 01:00:00,-0.08902304326661437,0.04273234445111984,-0.11876122531754585,0.16787525359672914,0.6331680909115371,1.0,0.803689392769023,-0.13971119133574017,-0.19277978339350177
2019-01-02 13:00:00,-0.08236073929083232,0.04588827365282033,-0.10422160698615401,0.15461961954229125,0.6230579279533123,0.777064201851126,0.9108897063815249,-0.13659420289855084,-0.18985507246376798
2019-01-03 01:00:00,-0.0507755611897589,0.07834287763713133,-0.06929276544565854,0.146970592905469,0.5427880588088583,0.0,0.5923547339503759,-0.10882572924457756,-0.16379955123410617
2019-01-03 13:00:00,-0.04260364015214779,0.0829494856555908,-0.055313943486916206,0.136378975675901,0.5274707918429599,0.0,0.25902140061704254,-0.10278614457831337,-0.1581325301204819
2019-01-04 01:00:00,-0.043006203090416584,0.07412348161370907,-0.04437141549800694,0.11675800122571364,0.5322095633089075,0.044833420604939375,0.014944473534980312,-0.10480841472577018,-0.16003005259203595
2019-01-04 13:00:00,-0.06618824617810293,0.03656524677266004,-0.052427819872075454,0.08970453904874039,0.5871949474201325,0.6248137354823864,0.22321571869577578,-0.12902046783625742,-0.18274853801169588
2019-01-05 01:00:00,-0.05297497560347175,0.0434204140578589,-0.03055059157265183,0.07349805218817552,0.5567204840183233,0.4897464332931157,0.38646452979348106,-0.11871301775147935,-0.17307692307692302
2019-01-05 13:00:00,-0.04274928568596437,0.04077058478666662,-0.01674073404039833,0.056828528300469826,0.5343227853049828,0.1147273393119665,0.4097625026958234,-0.11082089552238816,-0.16567164179104477
2019-01-06 01:00:00,-0.05393120804138596,0.026470263140284667,-0.029560770866554176,0.056117750177090524,0.5642174103693536,0.5821155490284533,0.3955297738778457,-0.1232523914643121,-0.17733627667402496
2019-01-06 13:00:00,-0.04507817082637722,0.03240933326343853,-0.018547213174484045,0.050605794636697135,0.544408345300071,0.19075368949586222,0.2958655259454279,-0.11675315048183843,-0.17123795404002962
2019-01-07 01:00:00,-0.005790247061764231,0.07601618775863317,0.012949861624082182,0.060380422317717265,0.4535258758799545,0.0,0.25762307950810576,-0.08063271604938282,-0.13734567901234562
2019-01-07 13:00:00,0.06232857155387683,0.17490696181245258,0.05120874066688552,0.11113368546639153,0.3511029663363512,0.0,0.06358456316528797,-0.0152892561983472,-0.0760330578512396
2019-01-08 01:00:00,0.026433143797579106,0.14091362288214193,0.0040903739204152245,0.127573887196184,0.41852421068528417,0.3163616837650492,0.1054538945883503,-0.04756195043964839,-0.1063149480415666
2019-01-08 13:00:00,0.038982509957221856,0.1608178815555008,0.0035257164996034263,0.1453486084161881,0.39996772745957765,0.2527853150552917,0.18971566627344752,-0.03444084278768256,-0.09400324149108585
2019-01-09 01:00:00,0.024676336424680256,0.1455738134705835,-0.01845381347058417,0.15422508080518985,0.4257733406628553,0.7290397691223132,0.4327289226475519,-0.046800000000000175,-0.10559999999999992
2019-01-09 13:00:00,0.034054965460580844,0.1569643210124363,-0.018160764019712783,0.16375985953416372,0.41033206819926366,0.793207512311736,0.5916775321631141,-0.036782538399353415,-0.09620048504446232
2019-01-10 01:00:00,0.062499773415326976,0.1934203499307443,-0.004161399056473725,0.18050103109850443,0.3702838479090822,0.0,0.507415760478017,-0.007910074937552136,-0.06910907577019143
2019-01-10 13:00:00,0.05413337822553199,0.1872623957099555,-0.022030607630486143,0.19332156907421136,0.3828959187999812,0.2272875505794099,0.34016502096371587,-0.01365894039735116,-0.07450331125827814
2019-01-11 01:00:00,0.03958865092148356,0.1692405680660356,-0.04184890821321552,0.19844909638675076,0.4101577695447589,0.7185850808298369,0.3152908771364162,-0.025756336876533115,-0.08585445625511023
2019-01-11 13:00:00,0.045440919400648205,0.1711709227222391,-0.04159925880131776,0.19982439203929775,0.39877467302091796,0.7114130142462487,0.5524285485518324,-0.01853377265238898,-0.07907742998352552
2019-01-12 01:00:00,-0.002141162112051953,0.10785893314705719,-0.08427402748668067,0.18989364873823977,0.49587447243763116,1.0,0.8099993650253624,-0.06328616352201266,-0.12106918238993702
2019-01-12 13:00:00,0.019521872011222685,0.12210801994547182,-0.06390866303229015,0.18075672053142947,0.4574637502547592,0.6600175790348264,0.7904768644270257,-0.0422025723472671,-0.1012861736334405
2019-01-13 01:00:00,0.02829728848860613,0.12775047577101573,-0.05802644979699123,0.17951854762914982,0.44167346668590346,0.44180105337685815,0.7006062108038954,-0.03287337662337675,-0.09253246753246747
2019-01-13 13:00:00,0.06119837854958221,0.1632093990307446,-0.03373836628515403,0.18497341573317214,0.3919002124561043,0.0,0.3672728774705621,0.0004198152812762146,-0.06129303106633077
2019-01-14 01:00:00,0.05623667641762853,0.15497439762576914,-0.04232783146161612,0.18678205076736432,0.39725265621796796,0.05147854635190091,0.16442653324292028,-0.0020938023450587373,-0.06365159128978215
2019-01-14 13:00:00,0.06260239451659011,0.15171488127461297,-0.0367655569502896,0.17823636345056876,0.38508526177701424,0.0,0.017159515450634214,0.0063344594594594295,-0.05574324324324309
2019-01-15 01:00:00,0.07060062437720815,0.15176332641394308,-0.030517592625548318,0.1718621432076618,0.370423205164362,0.0,0.017159515450634214,0.016638225255972472,-0.0460750853242321
2019-01-15 13:00:00,0.07847283057360221,0.15253045216569938,-0.024858038372597147,0.16674417489115048,0.35583275791565844,0.0,5.743553780727477e-16,0.02715517241379306,-0.036206896551724044
2019-01-16 01:00:00,0.05012278714694429,0.10396298520584435,-0.04248274971383548,0.1420782332989266,0.41572732505453286,1.0,0.3333333333333339,0.002102607232968845,-0.059714045416316086
2019-01-16 13:00:00,0.05241792034260939,0.0854383204423994,-0.02918832044240005,0.11149095769950093,0.4086719466553238,0.8822033660774251,0.627401122025809,0.0063344594594594295,-0.05574324324324309
2019-01-17 01:00:00,0.04189375088837699,0.06386701269735129,-0.033381250553298325,0.095788175483646,0.42952469344256483,1.0,0.9607344553591424,-0.0020938023450587373,-0.06365159128978215
2019-01-17 13:00:00,0.018114945792991444,0.04088593655068817,-0.05439945006420244,0.09593358652383545,0.4825797360239714,1.0,0.9607344553591424,-0.024160524160524388,-0.08435708435708433
2019-01-18 01:00:00,0.043730917261974867,0.06468851348903559,-0.029953442000390296,0.09302631759345883,0.4313744145077999,0.30717287103849805,0.7690576236794999,0.002102607232968845,-0.059714045416316086
2019-01-18 13:00:00,0.03365234052232924,0.05354062364369261,-0.03869491888973153,0.09155593633378213,0.4509795235986644,0.5724373209474976,0.6265367306619991,-0.00625521267723117,-0.06755629691409504
2019-01-19 01:00:00,0.013640586919986042,0.03011229743027166,-0.055480546202776315,0.08669246159932419,0.4941765951904453,1.0,0.6265367306619991,-0.024959083469721866,-0.0851063829787233
2019-01-19 13:00:00,0.04436226589154302,0.060013971748759554,-0.02648356634335436,0.08507130049513055,0.43349091697678205,0.03370109836913719,0.5353794731055455,0.0063344594594594295,-0.05574324324324309
2019-01-20 01:00:00,0.03672513159091495,0.053612530822664484,-0.03287365592761882,0.08559857765370638,0.4469636844504574,0.24822816299061132,0.4273097537865834,0.0004198152812762146,-0.06129303106633077
2019-01-20 13:00:00,0.036121963330271845,0.05397009624416804,-0.03304572649626958,0.08611487301852114,0.4453343031438638,0.19515949258049528,0.15902958464674855,0.0012605042016804457,-0.060504201680672276
2019-01-21 01:00:00,0.01825104005490452,0.03541109828614819,-0.04896481729441282,0.08495162077923014,0.48571458777001175,0.8605600584928723,0.4346492380213269,-0.0152892561983472,-0.0760330578512396
2019-01-21 13:00:00,0.028160338179685995,0.045715907326367544,-0.039116074410745494,0.08455296401958802,0.4621624277272312,0.5490137003959158,0.534911083823095,-0.0045948203842941515,-0.06599832915622383
2019-01-22 01:00:00,0.03203253675858342,0.03771404869969941,-0.027806408061580412,0.06519748015931517,0.4512858102154855,0.14738645670089792,0.518986738529896,0.0004198152812762146,-0.06129303106633077
2019-01-22 13:00:00,0.025806129911284392,0.02510879728322868,-0.029202364534690606,0.05442255300828709,0.46484895146267374,0.4832716881389539,0.39322394841192315,-0.0045948203842941515,-0.06599832915622383
2019-01-23 01:00:00,0.020694380895999398,0.0157621107060395,-0.030653957627836403,0.04676427152032084,0.4764625101009283,0.7312690625035834,0.4539757357811457,-0.00873544093178047,-0.06988352745424287
2019-01-23 13:00:00,0.02562733031442388,0.021875945651640638,-0.02480481594452777,0.04674922280110737,0.461366986872113,0.4004169213001761,0.5383192239809051,-0.0029288702928872423,-0.06443514644351467
2019-01-24 01:00:00,0.025447635671184354,0.022731788152186683,-0.023988069559221614,0.04674922280110737,0.4591290857917829,0.3115291365423322,0.48107170678203126,-0.0020938023450587373,-0.06365159128978215
2019-01-24 13:00:00,0.024449689174275147,0.022878719131951053,-0.023297479600962845,0.046185869141025515,0.45912908579178285,0.0,0.2373153526141702,-0.0020938023450587373,-0.06365159128978215
2019-01-25 01:00:00,0.0025145212926735994,0.0033446306013305005,-0.042442991257068186,0.04670057991660456,0.5281445011207887,1.0,0.43717637884744476,-0.02336065573770496,-0.08360655737704903
2019-01-25 13:00:00,0.009574295799550159,0.008975894252711392,-0.029289684508698177,0.038658226311893584,0.5041629510286088,0.6525189339532812,0.5508396446510946,-0.016102394715111656,-0.07679603633360854
2019-01-26 01:00:00,0.015649261461534225,0.01595864135166103,-0.021943678758144847,0.03801608395205638,0.48316151536107776,0.3482182850705024,0.666912406341262,-0.009559434746467366,-0.07065669160432253
2019-01-26 13:00:00,0.019926892646208172,0.020694007875933895,-0.015597934358807963,0.03619970405815267,0.4674345541111869,0.12034222035484002,0.373693146459542,-0.0045948203842941515,-0.06599832915622383
2019-01-27 01:00:00,0.0341062055643373,0.03712466567100137,-0.002688702990763847,0.0391394660653891,0.42295572668235015,0.0,0.15618683514178158,0.01060220525869382,-0.051738761662425636
2019-01-27 13:00:00,0.029409271901899903,0.030986208274458082,-0.0066413223911108155,0.03717501985749787,0.43580370848738537,0.1582123007954669,0.09285150705010307,0.007185122569737912,-0.05494505494505486
2019-01-28 01:00:00,0.0746445820638113,0.0896107865545197,0.02446000990565733,0.06163537830232702,0.3307289223147031,0.0,0.05273743359848973,0.05442477876106189,-0.010619469026548534
2019-01-28 13:00:00,0.06445898392214144,0.08573784960756603,0.008111008037425371,0.07414751192447554,0.3559702571911592,0.18464005136257572,0.11428411738601497,0.047012302284709984,-0.017574692442882123
2019-01-29 01:00:00,0.05479180545232243,0.07646027248870269,-0.0038599234485632294,0.07750668957907267,0.38110708418253786,0.47945052950231243,0.22136352695496345,0.03970331588132603,-0.024432809773123898
2019-01-29 13:00:00,0.06246487075010321,0.08949664184292394,-0.001126597790060746,0.08678848836302373,0.36028437014157655,0.28128011394000235,0.31512356493496424,0.04977973568281935,-0.014977973568281788
2019-01-30 01:00:00,0.06635001715281219,0.09842447026273926,-0.0026797894116757925,0.09648528334411188,0.34728084270928383,0.3285534799384726,0.3630947077935966,0.05629432624113462,-0.00886524822695034
2019-01-30 13:00:00,0.04414830601995301,0.07699626838126483,-0.02482235533778676,0.09923001464144862,0.41833624214327986,1.0,0.5366111979594924,0.03608695652173899,-0.027826086956521667
2019-01-31 01:00:00,0.05299557262869792,0.08608944727736834,-0.018602628296700674,0.1012747211860681,0.3931930830398946,0.6461471006613515,0.6582335268666089,0.047012302284709984,-0.017574692442882123
2019-01-31 13:00:00,0.04473223941983817,0.07780029728937699,-0.027494620433482164,0.10271143362810856,0.41527062613474386,0.9568559738886043,0.8676676915166529,0.040611353711790255,-0.02358078602620084
2019-02-01 01:00:00,0.048265631920845875,0.08231929446027486,-0.02577846917493709,0.10512581350794602,0.4017771650068768,0.7669554000356453,0.7899861581952012,0.04609306409130798,-0.01843722563652328
2019-02-01 13:00:00,0.05709680712518628,0.09222113497572249,-0.01999398324546542,0.10830387790980459,0.37549783628418143,0.0,0.574603791308084,0.057231588287488755,-0.007985803016858806
2019-02-02 01:00:00,0.05126570239548833,0.08510518288292168,-0.026484493227749706,0.10841208064353346,0.38982456913070357,0.360214430527799,0.3757232768544823,0.05349248452696709,-0.011494252873563204
2019-02-02 13:00:00,0.04392525843819417,0.07629234806414731,-0.03363623548719086,0.10763298126835005,0.41162878994087165,0.9084339769084443,0.4228828024787486,0.047933157431838014,-0.016710642040457246
2019-02-03 01:00:00,0.042202699283755196,0.07286760585584906,-0.03522468589102978,0.10609542102572615,0.4116287899408716,0.999999999999998,0.7562161358120812,0.047933157431838014,-0.016710642040457246
2019-02-03 13:00:00,0.04853704257397862,0.07768674946039411,-0.02963710407032405,0.10480591012263016,0.3875374916627926,0.333222740064097,0.7472189056575139,0.05629432624113462,-0.00886524822695034
2019-02-04 01:00:00,0.04396143300478417,0.0646463618950135,-0.029898351284934344,0.09293014435885887,0.40014030697497527,0.5231272788503091,0.6187833396381356,0.05349248452696709,-0.011494252873563204
2019-02-04 13:00:00,0.05390049906506955,0.06753648400775014,-0.017447038569467832,0.08290713633623883,0.3650824179140713,0.0,0.28545000630480294,0.06574239713774577,0.0
2019-02-05 01:00:00,0.04997859138274929,0.05603224286829356,-0.017014385725436454,0.07164883655907302,0.3741669648314852,0.19517196554402216,0.239433081464778,0.06383928571428577,-0.0017857142857141683
2019-02-05 13:00:00,0.0552762218769447,0.053794328060814633,-0.007751162593189087,0.06016050070960974,0.3524439238786723,0.0,0.06505732184800832,0.07149280575539563,0.005395683453237599
2019-02-06 01:00:00,0.0841172977453879,0.08453749217961004,0.014813758978869274,0.06642407568744409,0.2801827238932628,0.0,0.06505732184800832,0.10426320667284505,0.03614457831325302
2019-02-06 13:00:00,0.06000544334199587,0.05425951593613032,-0.004304929196803031,0.05713730978410251,0.37254435550913184,0.9827353042791513,0.32757843475971804,0.08219800181653025,0.015440508628519645
2019-02-07 01:00:00,0.04939469462740376,0.04569141016692391,-0.01415987863539292,0.05892233310028538,0.4061162086716177,1.0,0.6609117680930514,0.07342342342342323,0.007207207207207134
2019-02-07 13:00:00,0.02699024697202468,0.024026441113880193,-0.034176485244507004,0.05849981420630091,0.4823425022346747,1.0,0.9942451014263848,0.05163283318623124,-0.013239187996469393
2019-02-08 01:00:00,0.01901355091244139,0.016188892189171522,-0.040728769489785654,0.05762471337683256,0.5060889632988137,1.0,1.0000000000000009,0.04425942156003493,-0.02015775635407535
2019-02-08 13:00:00,0.02779851844462433,0.025706046676379435,-0.031458259065760386,0.05732919058231017,0.4738983698309067,0.7589525028325845,0.9196508342775291,0.05442477876106189,-0.010619469026548534
