timestamp,ema50_dist_neo_btc_3h,ema200_dist_neo_btc_3h,lower_bb_dist_neo_btc_3h,width_bb_neo_btc_3h,rsi_neo_btc_3h,stoch_rsi_fastk_neo_btc_3h,stoch_rsi_fastd_neo_btc_3h,kijun_dist_neo_btc_3h,tenkan_dist_neo_btc_3h
2018-11-20 21:00:00,,,,,,,,0.021663346613545853,0.023157370517928433
2018-11-21 01:00:00,,,,,,,,0.04561671763506614,0.04714576962283368
2018-11-21 05:00:00,,,,,,,,0.04561671763506614,0.04714576962283368
2018-11-21 09:00:00,,,,,,,,0.031941649899396296,0.03345070422535201
2018-11-21 13:00:00,,,,,,,,0.01710461080813075,0.018591968269707326
2018-11-21 17:00:00,,,,,,,,0.025237381309345164,0.02673663168415774
2018-11-21 21:00:00,,,,,,,,0.023192019950124765,0.024688279301745775
2018-11-22 01:00:00,,,,,,,,0.021154803384768606,0.022648083623693305
2018-11-22 05:00:00,,,,,,,,0.02780561122244496,0.02930861723446898
2018-11-22 09:00:00,,,,,,,,0.03663466397170301,0.03815058110156655
2018-11-22 13:00:00,,,,,,,,0.03820850202429149,0.039726720647773384
2018-11-22 17:00:00,,,,,,,,0.03611111111111098,0.037626262626262674
2018-11-22 21:00:00,,,,,,,,0.0635044064282011,0.0650596163815449
2018-11-23 01:00:00,,,,,,,,0.07183908045977017,0.07340647857889238
2018-11-23 05:00:00,,,,,0.3263598326359835,,,0.06571428571428561,0.06727272727272715
2018-11-23 09:00:00,,,,,0.3150046598322463,,,0.07016171100678137,0.07172665623369845
2018-11-23 13:00:00,,,,,0.3485671431493309,,,0.06405601659751037,0.06561203319502074
2018-11-23 17:00:00,,,,,0.3310966203549186,,,0.07016171100678137,0.07172665623369845
2018-11-23 21:00:00,,,,,0.4851911691337489,,,0.03715874620829118,0.03867542972699689
2018-11-24 01:00:00,,0.02803306254022897,-0.040551992373646484,0.06901706480970607,0.49139670313220485,,,0.03558808682483594,0.037102473498233035
2018-11-24 05:00:00,,0.04236945452066765,-0.0252837695540179,0.06708016875922067,0.4316301328832361,0.6271582071981477,0.8757194023993826,0.05259107234479221,0.054130323242688405
2018-11-24 09:00:00,,0.04492845437052795,-0.023580717745013136,0.06778563715109383,0.42297359836442316,0.5731561482544856,0.7334381184842111,0.055298353909464915,0.05684156378600824
2018-11-24 13:00:00,,0.041032224753353,-0.027500702457094572,0.06807236584237002,0.4399093074134964,0.24751447784415193,0.4826096110989283,0.051512045105074344,0.0530497180932854
2018-11-24 17:00:00,,0.05062662563067044,-0.01919213572906442,0.06873838335108376,0.40347265693354184,0.0,0.2735568753662124,0.0624029000517865,0.06395649922320046
2018-11-24 21:00:00,,0.04807083055081818,-0.018091577438784534,0.06518530461646178,0.39814552954665067,0.0,0.08250482594805057,0.06405601659751037,0.06561203319502074
2018-11-25 01:00:00,,0.06649155168844323,-0.0036479998914025202,0.06800278336061283,0.3401133841917256,0.0,-7.105427357601002e-17,0.08430232558139528,0.08588794926004217
2018-11-25 05:00:00,,0.05801581576900272,-0.010409292886308874,0.06683423586576598,0.3650308626381895,0.24968433220554728,0.08322811073518237,0.0791688584955288,0.08074697527617047
2018-11-25 09:00:00,,0.044409790540790306,-0.017687452336196507,0.061278490601723606,0.40533421363923083,1.0,0.41656144406851575,0.07072025052192066,0.07228601252609601
2018-11-25 13:00:00,,0.05033930297392364,-0.00955953479689442,0.05870191257758681,0.3746065306526451,0.5288670314854282,0.5928504545636585,0.08087460484720754,0.0824552160168599
2018-11-25 17:00:00,,0.05181860179833042,-0.00813800951911281,0.058675129121402,0.3630792157544826,0.3521241872773437,0.626997072920924,0.08487572712850344,0.08646218931782124
2018-11-25 21:00:00,,0.03318961321602121,-0.022298524107109863,0.05518761073004662,0.43762506149037655,1.0000000000000002,0.626997072920924,0.06904637832204275,0.07060969254820226
2018-11-26 01:00:00,,0.03209548051523203,-0.01839971470237267,0.05015176182507548,0.42611590043169106,0.8456096252571754,0.7325779375115062,0.07239937271301611,0.07396759017250387
2018-11-26 05:00:00,,0.02760461193360242,-0.022711327186075048,0.050193134470011135,0.44699880818554827,1.0,0.9485365417523917,0.06793336803748051,0.06949505465903183
2018-11-26 09:00:00,,0.033535635473859626,-0.017305268981712807,0.0504316424358054,0.4241445040013915,0.727664261442522,0.8577579622332324,0.07408376963350771,0.07565445026177997
2018-11-26 13:00:00,,0.05657816509939484,-0.0012067059866210927,0.05622815363112959,0.35486811755230396,0.0,0.5758880871475072,0.09647247461250652,0.09807589524318527
2018-11-26 17:00:00,,0.04273195824623266,-0.015569510988848734,0.05752027353699209,0.42023847477474235,0.7095394246274135,0.47906789535664507,0.08201476793248941,0.08359704641350207
2018-11-26 21:00:00,,0.048823921223667854,-0.012113045892102936,0.05983860336175661,0.4009854771830333,0.5005645709779193,0.4033679985351108,0.0883289124668436,0.08992042440318304
2018-11-27 01:00:00,,0.05379162404678217,-0.010531101937032883,0.06296086601565552,0.3870954654050371,0.4651996084757913,0.5584345346937079,0.09296750133191267,0.09456579648375052
2018-11-27 05:00:00,,0.06979006499394003,0.0027695879344760144,0.06467411151690379,0.3354728519624519,0.0,0.3219213931512367,0.11252711496746204,0.11415401301518435
2018-11-27 09:00:00,,0.05963352724075843,-0.002992058558253463,0.060900829583223653,0.35783080812926477,0.26376207034216614,0.24298722627265232,0.10772138228941697,0.10934125269978412
2018-11-27 13:00:00,,0.046280548169466806,-0.013660227313852413,0.05897882144372896,0.4062368750214819,1.0,0.4212540234473885,0.09705882352941186,0.09866310160427805
2018-11-27 17:00:00,,0.047850152236048604,-0.010900635587284269,0.0576850700944134,0.3920906996908597,0.8000936815191838,0.6879519172871165,0.10177228786251336,0.10338345864661647
2018-11-27 21:00:00,,0.023904095255899094,-0.02738327290481901,0.05137674256792631,0.47777141345363705,1.0,0.9333645605063946,0.08144438587243008,0.08302583025830246
2018-11-28 01:00:00,,0.013275168579731877,-0.03537548205935637,0.049194254866056546,0.5136287281960976,1.0,0.9333645605063946,0.07183908045977017,0.07340647857889238
2018-11-28 05:00:00,,0.015694001638814736,-0.030646782331365197,0.04668985555552415,0.49635695283732434,0.8578899495804398,0.95262998319348,0.07633788037775457,0.07791185729275973
2018-11-28 09:00:00,,0.015344840390062231,-0.03153980894352193,0.04726739633218595,0.500875731330523,0.8950699050953835,0.9176532848919412,0.07520964360587001,0.07678197064989511
2018-11-28 13:00:00,,-0.01116190265420225,-0.06950611354013025,0.060796372256812635,0.6243005226384559,1.0,0.9176532848919412,0.03820850202429149,0.039726720647773384
2018-11-28 17:00:00,,-0.002373138834474098,-0.06877973064241827,0.06885625175483402,0.6076427904751155,0.8698040691749316,0.921624658090105,0.04189944134078227,0.04342305738953778
2018-11-28 21:00:00,,0.005236429371111351,-0.06718243038996063,0.07473358306749256,0.5930364487656595,0.7556416948394394,0.8751485880047903,0.04508405501782997,0.04661232806928162
2018-11-29 01:00:00,-0.003946419371458121,0.018816768626694014,-0.05622016893581361,0.07646700047715001,0.5416262886760632,0.33016509012254674,0.6518702847123059,0.05692941782586303,0.05847501287995871
2018-11-29 05:00:00,-0.007719795973802679,0.016592511486940742,-0.06051247044025032,0.07883622378349343,0.5566764234014093,0.18204141730774487,0.42261606742324376,0.05259107234479221,0.054130323242688405
2018-11-29 09:00:00,-0.03772779127138437,-0.006647516100391937,-0.0944950571733294,0.09252673722259472,0.6544297776536613,1.0,0.5040688358100973,0.0191256830601092,0.020615996025832084
2018-11-29 13:00:00,-0.000964274566792489,0.032110648886786386,-0.05985690984604386,0.09326138611106012,0.5134529018494192,0.0,0.3940138057692484,0.05801959773078913,0.05956678700361007
2018-11-29 17:00:00,-0.012661859007976117,0.0222184647874184,-0.07137791460912002,0.09595492505831299,0.5474990897872718,0.24150193245258553,0.41383397748419526,0.04508405501782997,0.04661232806928162
2018-11-29 21:00:00,-0.016015620938910402,0.021018603355018817,-0.07302266220839293,0.0965518085300089,0.5585870610931651,0.3201529256927105,0.18721828604843208,0.040842212075088646,0.0423642820903094
2018-11-30 01:00:00,-0.014427276259064592,0.02477554561990747,-0.07109347350208128,0.09814188346220032,0.5549261220545287,0.29418456018771844,0.2852798061110049,0.04189944134078227,0.04342305738953778
2018-11-30 05:00:00,-0.0031618079171659152,0.03733938644451529,-0.058397424451705815,0.09675555194131444,0.5149462932319915,0.03308782987420461,0.21580843858487792,0.053672316384180796,0.05521314843348746
2018-11-30 09:00:00,0.018591963660391064,0.06034666028682589,-0.03529413927842262,0.09445759907266298,0.44713867971229637,0.0,0.10909079668730776,0.07746848739495782,0.07904411764705865
2018-11-30 13:00:00,-0.002273906220650268,0.03679566442699578,-0.04826685784263318,0.08555322104258405,0.5115697434758326,0.5781247153634879,0.20373751507923094,0.055298353909464915,0.05684156378600824
2018-11-30 17:00:00,-0.011463078830464157,0.025546941147529534,-0.05061061919133958,0.07712406672781684,0.5390494282243132,0.852703677856963,0.47694279774015036,0.04508405501782997,0.04661232806928162
2018-11-30 21:00:00,0.010763375905896266,0.047122337715534535,-0.02435006048781141,0.07066776523287274,0.47272124970762974,0.2783414389448538,0.569723277388435,0.06904637832204275,0.07060969254820226
2018-12-01 01:00:00,0.014917267219046515,0.04893848382163313,-0.014121729894931323,0.061981221252354564,0.4602464258495969,0.1426138547395985,0.42455299051380513,0.07408376963350771,0.07565445026177997
2018-12-01 05:00:00,0.012803081486122414,0.0466191955142492,-0.014157094102853596,0.0598055821802514,0.4653115896729091,0.06427627971871888,0.16174385780105713,0.07239937271301611,0.07396759017250387
2018-12-01 09:00:00,-0.004691758570101068,0.028339444238197897,-0.029674832014263686,0.058053037911056406,0.52025899118696,0.7615517623554134,0.322813965604577,0.053672316384180796,0.05521314843348746
2018-12-01 13:00:00,-0.003524450253171607,0.028854764167111746,-0.026129828434463875,0.05490977979106339,0.5168940022285048,0.9439285932947752,0.5899188784563026,0.05475578406169679,0.05629820051413881
2018-12-01 17:00:00,-0.002400752135655604,0.029216800804822363,-0.022629049904153375,0.05167563759492156,0.5133185114802042,0.8843495580010701,0.8632766378837529,0.05584148224395258,0.05738548636129681
2018-12-01 21:00:00,-0.002799649081934974,0.027108159324961578,-0.023198694304385148,0.050208709033499346,0.5151245170221729,0.9065565609417565,0.9116115707458674,0.055298353909464915,0.05684156378600824
2018-12-02 01:00:00,-0.009540381070608284,0.019113464351209197,-0.030094056792475565,0.0494791764793092,0.5408151340977126,1.0,0.930302039647609,0.047752808988763995,0.04928498467824305
2018-12-02 05:00:00,-0.0037898752296271487,0.024180645924000377,-0.024745617675412723,0.048940088483165375,0.5176093751106345,0.15605056992337954,0.6875357102883788,0.053672316384180796,0.05521314843348746
2018-12-02 09:00:00,0.0003077645993778688,0.028382380236614102,-0.020801152799790446,0.04899780129863005,0.5007797033850546,0.0,0.38535018997445997,0.05801959773078913,0.05956678700361007
2018-12-02 13:00:00,0.002282424100435554,0.030267566933738,-0.01925981499575291,0.049256281465610355,0.4921630776768138,0.0,0.05201685664112664,0.06020671834625313,0.06175710594315231
2018-12-02 17:00:00,-0.0037422274481322404,0.01645296362762627,-0.021229542980476634,0.037772718802469275,0.5189070223731771,0.5496981353675172,0.18323271178917253,0.053672316384180796,0.05521314843348746
2018-12-02 21:00:00,0.006841165015024853,0.0275456446173743,-0.011242425510416876,0.03847444150287154,0.4720561595629143,0.0,0.18323271178917253,0.06516095534787114,0.0667185877466252
2018-12-03 01:00:00,0.0010793738764005578,0.02038484983642075,-0.0168742664600654,0.03719383027535232,0.4976419862471554,0.5461121770128095,0.36527010412677563,0.059112028910686565,0.06066081569437265
2018-12-03 05:00:00,0.0030273638733939734,0.02009191225298479,-0.014401275936378632,0.034395322553541184,0.4883733534658314,0.34827947500131734,0.29813055067137567,0.06130367304707707,0.06285566476978777
2018-12-03 09:00:00,0.001912578649199359,0.016573362559555438,-0.014712897443276418,0.03125718355301498,0.49345345863537526,0.45671088618188255,0.45036751273200315,0.06020671834625313,0.06175710594315231
2018-12-03 13:00:00,0.018539217177211187,0.034688424807439944,-0.00046129546990036907,0.03455830449846274,0.41944763077842884,0.0,0.2683301203944001,0.07860147213459512,0.08017875920084117
2018-12-03 17:00:00,0.02039151562820285,0.0379637517713991,0.0012560689982372697,0.0360016928035817,0.40942830866599267,0.0,0.15223696206062762,0.08144438587243008,0.08302583025830246
2018-12-03 21:00:00,0.019075317177920326,0.03781225727402915,-0.0020904448398880726,0.039202509763556645,0.41245117701263756,0.035975756636511945,0.011991918878837408,0.08087460484720754,0.0824552160168599
2018-12-04 01:00:00,0.019360083645455273,0.03727497490686238,-0.0029395318688875127,0.039535767725400975,0.40795366711362874,0.0,0.011991918878837408,0.08201476793248941,0.08359704641350207
2018-12-04 05:00:00,0.01756884657738156,0.03673177653609461,-0.005646423532933542,0.04172961023658389,0.41482545413326366,0.5978605135737041,0.21127875673673877,0.08087460484720754,0.0824552160168599
2018-12-04 09:00:00,0.01946218648052822,0.040134110054645955,-0.0045820762458771425,0.04393519355715372,0.4022553039485662,0.0,0.19928683785790147,0.08372952984680393,0.08531431590068683
2018-12-04 13:00:00,0.0004193377791434916,0.0208988835159285,-0.02250593380105015,0.04343972222597316,0.5159801636083906,1.0,0.5326201711912347,0.0635044064282011,0.0650596163815449
2018-12-04 17:00:00,-9.513129917271268e-05,0.01944113370503775,-0.0229644497672139,0.04248041944432972,0.5187193417008387,1.0,0.6666666666666667,0.06295336787564754,0.06450777202072522
2018-12-04 21:00:00,-0.001085906781175261,0.017643447157356107,-0.023906387115947836,0.041680355053881554,0.5245150769522497,1.0,1.0,0.06185300207039335,0.06340579710144922
2018-12-05 01:00:00,0.03290250064980871,0.05527102416869001,0.004857593194654175,0.048942022890354646,0.36731635283388797,0.0,0.6666666666666667,0.09941050375133975,0.10101822079314027
2018-12-05 05:00:00,0.026322246377509684,0.04938826083197201,-0.0038658727722704622,0.05206898141531189,0.39681371927738873,0.1876438031474791,0.3958812677158264,0.09355010660980811,0.0951492537313432
2018-12-05 09:00:00,0.02529000142152893,0.047141436781588775,-0.005990050854083218,0.05206031066777423,0.39681371927738873,0.1876438031474791,0.12509586876498607,0.09355010660980811,0.0951492537313432
2018-12-05 13:00:00,0.02377341910508668,0.04484578739085521,-0.008511210939070257,0.052404942632656756,0.40005767934388364,0.20827984892131388,0.19452248507209066,0.09296750133191267,0.09456579648375052
2018-12-05 17:00:00,0.030232838404766982,0.05196222154962982,-0.004404518919463696,0.05505753551823067,0.3700522521043667,0.08356103927687462,0.15982823044855585,0.1011808910359635,0.10279119699409556
2018-12-05 21:00:00,0.027985755343068686,0.04974003965419649,-0.008131460565724447,0.0566920621442129,0.3772382285980938,0.23948922427817404,0.17711003749212081,0.10000000000000009,0.10160857908847176
2018-12-06 01:00:00,0.031677635353557276,0.052383407683207484,-0.00577780423493135,0.05683675625645152,0.35747645565650193,0.0,0.10768342118501621,0.1053340517241379,0.10695043103448265
2018-12-06 05:00:00,0.028835773709182888,0.04955309282387499,-0.00985433004818892,0.05825117312050582,0.3693360984912747,0.2785181309452875,0.1726691184078205,0.10355029585798814,0.1051640667025282
2018-12-06 09:00:00,0.04777856119049506,0.07065935017252789,0.004148553230326257,0.0641127275764841,0.2966176363009939,0.0,0.09283937698176249,0.12596048298572993,0.1276070252469812
2018-12-06 13:00:00,0.05313925347082682,0.07837951176799396,0.004483948707406871,0.07095574382366934,0.2760520886988516,0.0,0.09283937698176249,0.13405196241017125,0.1357103372028745
2018-12-06 17:00:00,0.06465992823537725,0.09345194828413383,0.009013037710264626,0.0803237258516648,0.24260924308743462,0.0,-1.1842378929335002e-17,0.1492997198879551,0.15098039215686265
2018-12-06 21:00:00,0.10387561450988714,0.1481871557802481,0.029188937514213142,0.10930423883361899,0.1757368900829204,0.0,-1.1842378929335002e-17,0.19620991253644315,0.19795918367346932
2018-12-07 01:00:00,0.10727536487327272,0.1631605302026018,0.01816653967408688,0.1329410820878974,0.1672271939259794,0.0,-1.1842378929335002e-17,0.2046388725778039,0.2064004697592483
2018-12-07 05:00:00,0.08767709890817899,0.14754861953714138,-0.007618063981585155,0.14502029808013378,0.24883469567810607,0.74989736422396,0.24996578807465336,0.18721064814814814,0.1889467592592593
2018-12-07 09:00:00,0.08727134977471263,0.15094590470728764,-0.01484607882220279,0.15522868502720388,0.24369120354503696,0.9369728024674511,0.5622900555638037,0.1906558328496808,0.19239698200812527
2018-12-07 13:00:00,0.08749938044502681,0.15376393887079565,-0.02074122483468499,0.16362241485490941,0.23735098664189183,0.8592812083490231,0.8487171250134782,0.19481654047757724,0.19656377402446124
2018-12-07 17:00:00,0.05450231781996129,0.11736520291923003,-0.05183039816540891,0.16382740266127274,0.3817143164223759,1.0,0.9320846702721581,0.16100735710243352,0.16270514997170338
2018-12-07 21:00:00,0.046663512902398896,0.10306680429669912,-0.05770946045876901,0.15721092965964167,0.40593470137420345,1.0,0.9530937361163412,0.15447383230163192,0.1561620709060214
2018-12-08 01:00:00,0.0035885851131769453,0.05118330865142151,-0.09387084238050869,0.1482176745221355,0.5501616974575742,0.9999999999999999,1.0000000000000002,0.1071235833783053,0.1087425796006476
2018-12-08 05:00:00,0.039620059751456216,0.08028558247944928,-0.0577211927818001,0.1364671265490636,0.44710662507064847,0.6705513308089731,0.8901837769363244,0.148656215005599,0.15033594624860025
2018-12-08 09:00:00,0.05224649440590734,0.0916686160630853,-0.04635345422322079,0.1349641100417486,0.4158082351285759,0.20240100200237504,0.6243174442704494,0.1649630891538898,0.16666666666666652
2018-12-08 13:00:00,0.05597135256930308,0.09246108234031847,-0.04260385789714227,0.13177985142272505,0.4036366766947055,0.0,0.2909841109371162,0.17161621930325532,0.17332952598515128
2018-12-08 17:00:00,0.05668178333775398,0.08935182652583373,-0.04107003958425226,0.12734758170635002,0.39737332923753255,0.0,0.06746700066745849,0.17497136311569306,0.1766895761741123
2018-12-08 21:00:00,0.060307143892633475,0.08836690084609256,-0.03640837550046949,0.12161578784887518,0.384521893921461,0.0,1.5395092608135502e-16,0.18173963133640547,0.18346774193548376
2018-12-09 01:00:00,0.04806289372932637,0.07113785065352718,-0.045353481001501605,0.11500861927870326,0.4189265751351697,1.0,0.3333333333333335,0.17027952082144893,0.17199087278950365
2018-12-09 05:00:00,0.037634841436739785,0.054446396647157114,-0.05133553691864989,0.1056176527145824,0.4482345911868583,1.0,0.6666666666666669,0.16035067873303155,0.16204751131221706
2018-12-09 09:00:00,0.02721776997436498,0.03836232797878547,-0.057252462507933144,0.0965264896745075,0.4784523865975176,1.0,1.0000000000000002,0.14994394618834073,0.1516255605381165
2018-12-09 13:00:00,0.009828443047312785,0.015653554718404905,-0.06978806408995897,0.08781862797799987,0.5303845740288284,1.0,1.0000000000000002,0.13092613009922816,0.13257993384784994
2018-12-09 17:00:00,0.019712829632458906,0.023897726394463525,-0.05893950912426804,0.0843145007264457,0.49665473538054505,0.6973762405292712,0.8991254135097573,0.14289693593314756,0.14456824512534827
2018-12-09 21:00:00,0.029421059997382537,0.03240678410519582,-0.048285162483573396,0.08133770199310622,0.46482057456250536,0.2018988051105634,0.6330916818799451,0.15512387387387383,0.15681306306306309
2018-12-10 01:00:00,0.039532117615929785,0.042907532750376065,-0.03783919562053484,0.0805426197956883,0.43333418567123927,0.0,0.2997583485466117,0.1682801822323463,0.1699886104783599
2018-12-10 05:00:00,0.023962100253713592,0.028618677788885938,-0.04798981759798149,0.07735774927513007,0.48068855953525286,0.4879359543573694,0.22994491982264445,0.15188096574957877,0.1535654126895003
2018-12-10 09:00:00,0.03363099560483129,0.03802656579194297,-0.03269171902690293,0.07053015104477635,0.44991605450584693,0.26187183956444277,0.24993593130727088,0.16430192962542578,0.16600454029511913
2018-12-10 13:00:00,0.04660540371081434,0.05264833801489832,-0.01793331210816229,0.06937743047492091,0.4124971468386993,0.0,0.24993593130727088,0.18105929763960837,0.18278641335636148
2018-12-10 17:00:00,0.035031700382750275,0.04158956105895628,-0.024827873487690222,0.06586542669464468,0.44622484322218464,0.494603279940407,0.2521583731682834,0.1696123147092361,0.17132269099201825
2018-12-10 21:00:00,0.03083118216785219,0.03710843198921876,-0.023691717947149415,0.06039499872265158,0.4561146951828967,0.6396340333685724,0.3780791044363266,0.16628766344513934,0.16799317794201252
2018-12-11 01:00:00,0.025138102935398976,0.032412977854575864,-0.028111902585758797,0.06039499872265158,0.47235168592006344,1.0,0.7114124377696599,0.16100735710243352,0.16270514997170338
2018-12-11 05:00:00,0.022482910894601194,0.030422829500571735,-0.029914354924300834,0.06032184836172983,0.4786373917161175,1.0,0.8798780111228575,0.1590395480225988,0.16073446327683594
2018-12-11 09:00:00,0.04898479722494087,0.04887651117327074,-0.00021216738697593662,0.047922617200943804,0.39712223542248526,0.0,0.6666666666666667,0.19134727061556323,0.19308943089430897
2018-12-11 13:00:00,0.05176790011034904,0.05396985344316385,5.5817501993571383e-05,0.052495970915847255,0.3853431171745125,0.0,0.3333333333333334,0.1969078179696615,0.19865810968494735
2018-12-11 17:00:00,0.04213107688349704,0.0463374563065464,-0.009742204424670664,0.05507197434482638,0.41567378657891074,0.32510751118893344,0.10836917039631125,0.18789808917197437,0.18963520555877245
2018-12-11 21:00:00,0.04984194679309395,0.05741444142536323,-0.004112278947280834,0.05992953350654329,0.39015567741482066,0.05158473297481952,0.12556408138791775,0.1990064289888953,0.20075978959672702
2018-12-12 01:00:00,0.03508252692470526,0.04409019129078051,-0.017604328624883592,0.06088818190372492,0.4409734547067588,1.0,0.4588974147212511,0.18378534333525676,0.18551644547028268
2018-12-12 05:00:00,0.02348353253452018,0.033371599347994385,-0.026861033956789848,0.060037195261955376,0.47921124495069056,1.0,0.6838615776582732,0.17161621930325532,0.17332952598515128
2018-12-12 09:00:00,0.007629894880007315,0.0188150604475652,-0.04136849126871267,0.06086996498850473,0.5310293967153651,1.0,1.0,0.15382452193475804,0.155511811023622
2018-12-12 13:00:00,0.006242913656488325,0.018401726720968403,-0.04250285031647405,0.06164746360731707,0.5347224310965717,0.9999999999999999,1.0,0.15252808988764044,0.15421348314606753
2018-12-12 17:00:00,0.014767094939296843,0.02639739108731365,-0.03371031625738208,0.060328295500010405,0.5007495068302419,0.637618184490157,0.8792060614967191,0.16298185941043086,0.16468253968253976
2018-12-12 21:00:00,0.03162835181169532,0.039067405311805636,-0.015409009466451407,0.05383953624791536,0.44213729950700176,0.0,0.5458727281633857,0.18378534333525676,0.18551644547028268
2018-12-13 01:00:00,0.03325599980475835,0.03849676003034075,-0.012860185956267145,0.050706969496819486,0.43332728593427317,0.0,0.21253939483005244,0.18721064814814814,0.1889467592592593
2018-12-13 05:00:00,0.036569220422577375,0.04180889888668271,-0.01000657330528798,0.051004442252662395,0.41894329715674444,0.0,1.1842378929335003e-16,0.19273255813953494,0.19447674418604644
2018-12-13 09:00:00,0.02937837353751349,0.035283814508609845,-0.01672890121381254,0.05153460565263933,0.44379701208929345,0.303812082624833,0.10127069420827778,0.1858381502890174,0.18757225433526004
2018-12-13 13:00:00,0.023673872659299988,0.02763127317525238,-0.020841860056725614,0.04830913788472833,0.4635650924883773,1.0,0.43460402754161115,0.1803797468354431,0.18210586881472945
2018-12-13 17:00:00,0.031883973758412454,0.036117151428952,-0.01300449173092666,0.04856046243832071,0.4306024262713948,0.26128776370378526,0.5216999487762062,0.19134727061556323,0.19308943089430897
2018-12-13 21:00:00,0.026049030236737325,0.031280419983249486,-0.01792781882718053,0.048881888629119984,0.45159974978377265,0.7318498142964158,0.6643791926667337,0.1858381502890174,0.18757225433526004
2018-12-14 01:00:00,0.035392343471323695,0.04174669171122969,-0.0096789347018843,0.05061408630271127,0.4145572690614817,0.0,0.33104585933340047,0.1983060747663552,0.20005841121495327
2018-12-14 05:00:00,0.03342367946524738,0.04007497194310461,-0.011878824832772028,0.05123153088511455,0.4174162870524136,0.058337991590192796,0.26339593529553634,0.19760653823701113,0.19935785172212483
2018-12-14 09:00:00,0.03970569069520735,0.04640543813961617,-0.006640732257263249,0.05201204849157637,0.39070415599457947,0.0,0.019445997196731072,0.20676470588235296,0.20852941176470585
2018-12-14 13:00:00,0.03288798672438609,0.03794032887471177,-0.012486847306543147,0.04979346762603761,0.4184507382379538,0.45564187023821084,0.17132662060946802,0.20040959625512,0.20216500877706256
2018-12-14 17:00:00,0.020686647788294543,0.02660613449412219,-0.023076041901529565,0.04959463956077884,0.47301124583024323,1.0,0.48521395674607043,0.18721064814814814,0.1889467592592593
2018-12-14 21:00:00,0.011435994302481323,0.018348011359808014,-0.030396204130892057,0.04903963497852244,0.5119414067213973,1.0,0.8185472900794037,0.17699368904188173,0.178714859437751
2018-12-15 01:00:00,0.016031322403057935,0.023794027345684476,-0.02512044026379301,0.048946929529292124,0.48861808914738875,0.8076225134256576,0.935874171141886,0.18310265282583615,0.18483275663206444
2018-12-15 05:00:00,0.017659722762078944,0.02603680126035024,-0.021643737676534935,0.047576036659828805,0.47819075222313684,0.6389944039790725,0.8155389724682435,0.1858381502890174,0.18757225433526004
2018-12-15 09:00:00,0.022080353403076458,0.0312726248747599,-0.017094821272203076,0.04802698754842103,0.4546794649833538,0.0,0.4822056391349101,0.19203951191167912,0.19378268448576397
2018-12-15 13:00:00,0.021785386709165966,0.030703236941311385,-0.017156725313404064,0.047537975386544945,0.4520201169883955,0.0,0.21299813465969092,0.19273255813953494,0.19447674418604644
2018-12-15 17:00:00,0.01922174492561446,0.02393700387056219,-0.017088483847346403,0.040885485185931165,0.4621828477067704,0.2776856235155549,0.09256187450518505,0.1906558328496808,0.19239698200812527
2018-12-15 21:00:00,0.008900543822795148,0.008058166329032446,-0.02311563759339974,0.031410283644120594,0.5168628570062526,0.9999999999999999,0.4258952078385183,0.17902298850574705,0.18074712643678148
2018-12-16 01:00:00,-0.025837350915921986,-0.01922817386779896,-0.06403124963552675,0.04674923285614028,0.6578837291834259,1.0,0.7592285411718517,0.13719512195121952,0.13885809312638564
2018-12-16 05:00:00,-0.020131284849678743,-0.007436891110257915,-0.06275809496216522,0.057333464731047105,0.6300338035461978,0.8647166182489612,0.9549055394163203,0.14289693593314756,0.14456824512534827
2018-12-16 09:00:00,-0.01776574709989376,-0.0004213270456888685,-0.06297153009716794,0.06459772007160587,0.6206029252299485,0.8095010933411436,0.8914059038633683,0.1448102678571428,0.146484375
2018-12-16 13:00:00,-0.02230609476776868,-4.982086156790633e-05,-0.06953952431046284,0.07199473674174023,0.6399499671784933,0.8728290236185653,0.84901557840289,0.138457269700333,0.1401220865704771
2018-12-16 17:00:00,-0.027130674494710738,0.0003276701795673631,-0.07705133261751529,0.0804658189630392,0.6604610044289869,1.0,0.8941100389865697,0.13154991726420295,0.13320463320463327
2018-12-16 21:00:00,0.0026284126443654188,0.0317876561374435,-0.048274296273884354,0.08072741432589592,0.5075904152688135,0.0,0.6242763412061885,0.16628766344513934,0.16799317794201252
2018-12-17 01:00:00,-0.004001887554051731,0.02624069225716008,-0.05340048898217409,0.08073758949876113,0.533434522212659,0.16905872532987193,0.389686241776624,0.15838509316770177,0.16007905138339917
2018-12-17 05:00:00,-0.03266842557452321,0.002016968253643281,-0.08334226945846213,0.0889772901739998,0.6294336238495685,0.7970349905114265,0.3220312386137662,0.12349397590361444,0.12513691128148952
2018-12-17 09:00:00,-0.02934692225581559,0.009130183981272078,-0.08020592492528966,0.09262790748485171,0.6194510270486796,0.7317340267633938,0.5659425808682308,0.12596048298572993,0.1276070252469812
2018-12-17 13:00:00,-0.028196062559509016,0.013214322441743809,-0.07830762650321454,0.09460089123374028,0.6194510270486796,0.918070141806282,0.8156130530270341,0.12596048298572993,0.1276070252469812
2018-12-17 17:00:00,-0.04763861864363672,-0.0017188439737121364,-0.09720761872086636,0.1004577391388025,0.6798161682878687,1.0,0.8832680561898921,0.1011808910359635,0.10279119699409556
2018-12-17 21:00:00,-0.03734398253905269,0.01172034390442045,-0.08571817705718299,0.10118215092260771,0.6348489695284102,0.25508003731355827,0.7243833930399468,0.11132177681473454,0.11294691224268694
2018-12-18 01:00:00,-0.03587951263556044,0.015810887663267215,-0.08341652146608403,0.10269892198518864,0.6348489695284102,0.25508003731355827,0.5033866915423723,0.11132177681473454,0.11294691224268694
2018-12-18 05:00:00,-0.03346779630744101,0.020525652154298468,-0.080558190115253,0.10421189452662788,0.629170605768877,0.16101310326906582,0.2237243926320609,0.11252711496746204,0.11415401301518435
2018-12-18 09:00:00,-0.01939242853922274,0.035435980034173475,-0.06413306634533344,0.10101851490006304,0.5615559945365424,0.0,0.13869771352754148,0.12781748213304,0.12946673996701463
2018-12-18 13:00:00,-0.025827867613677946,0.02857129772124467,-0.0667055039405573,0.09712876585527827,0.5882421913698758,0.3641030649430503,0.17503872273737212,0.11920349154391707,0.12084015275504623
2018-12-18 17:00:00,-0.02122695686980758,0.03166541793408495,-0.05652850665259512,0.08930411262423214,0.5695750343298196,0.10941075586257672,0.15783794026854245,0.12349397590361444,0.12513691128148952
2018-12-18 21:00:00,-0.03007875805270388,0.02019752925841889,-0.05862571354026169,0.08036743000390456,0.6061121945802002,0.6589729532061582,0.37749559133726185,0.11192411924119239,0.11355013550135484
2018-12-19 01:00:00,-0.041357556063276624,0.006686937439263518,-0.06347838128953098,0.07221594255206423,0.6484036634096472,1.0,0.5894612363562451,0.09705882352941186,0.09866310160427805
2018-12-19 05:00:00,-0.0342856992698799,0.011614713640639485,-0.05050659099405541,0.06335326840710845,0.617012214961656,0.6017760448909758,0.7535829993657114,0.10355029585798814,0.1051640667025282
2018-12-19 09:00:00,-0.032941162043610195,0.013830780105710705,-0.049764077577470034,0.0647583481776035,0.6170122149616561,0.6017760448909776,0.7345173632606512,0.10355029585798814,0.1051640667025282
2018-12-19 13:00:00,-0.024599005172586175,0.022244446871985346,-0.040564230069817575,0.0633893162067864,0.5758605032067341,0.0,0.40118402992731783,0.11192411924119239,0.11355013550135484
2018-12-19 17:00:00,-0.012844782664985899,0.033598974902496304,-0.02734897490249666,0.06075808080248515,0.5198524845304344,0.0,0.20059201496365925,0.12472587719298245,0.12637061403508754
2018-12-19 21:00:00,0.01384131129007704,0.0635161470189578,-0.00340347096262017,0.06496694939005168,0.41775481105068224,0.0,7.105427357601002e-17,0.15577464788732387,0.15746478873239433
2018-12-20 01:00:00,-0.002360244669205147,0.04649833569352668,-0.020001661635877355,0.0656305023153591,0.4825298424637194,0.32508218084572627,0.10836072694857549,0.13719512195121952,0.13885809312638564
2018-12-20 05:00:00,-0.0017360628557964164,0.04413231457354172,-0.014071305144811808,0.0573417443594291,0.48054456105691246,0.3971378205931771,0.2407400004796345,0.13782584581253476,0.13948973932335007
2018-12-20 09:00:00,0.008003779369242014,0.053441311711217354,-0.0021247851005732343,0.054176033869918136,0.44504984245379975,0.2673423445690033,0.329854115335969,0.1492997198879551,0.15098039215686265
2018-12-20 13:00:00,0.019775233420425975,0.06942439946241774,0.003916496737241593,0.06319067245068015,0.40561509702771714,0.0,0.2214933883873935,0.16364152013613165,0.1653431650595576
2018-12-20 17:00:00,0.02515134624284099,0.07914439300102827,0.003218620697601704,0.07292270541107,0.38714380023810746,0.0,0.08911411485633446,0.17094748858447484,0.17265981735159808
2018-12-20 21:00:00,0.020803417121232126,0.07705068445318908,-0.005435212325771155,0.07963437026684546,0.40311068992958576,0.1709503172297881,0.05698343907659606,0.16695108077360632,0.16865756541524446
2018-12-21 01:00:00,0.030703333645177633,0.0884451233991419,-0.0013260894715974025,0.08602404693881559,0.370217519052235,0.0,0.05698343907659606,0.17970097757331782,0.18142610695802164
2018-12-21 05:00:00,0.02836167813448709,0.08697048808670615,-0.00828008027510374,0.09164478558602439,0.3759896252699834,0.1630650046663208,0.11133844063203632,0.17834577828833997,0.1800689259046524
2018-12-21 09:00:00,0.02668227189814454,0.0851842033362884,-0.013657222854083995,0.09542856754621103,0.3790540729391051,0.26864402704801815,0.14390301057144636,0.1776693455797933,0.17939150401836956
2018-12-21 13:00:00,0.02281272506012355,0.08011771937167644,-0.020071926584040667,0.0972693386782839,0.395050902585237,0.7549708000362333,0.39555994391685745,0.17429879793932446,0.17601602747567258
2018-12-21 17:00:00,0.02871489747778444,0.08737098303328317,-0.017918533465559827,0.10175591763013093,0.3703885972500693,0.006889041020406299,0.3435012893682192,0.18242074927953889,0.184149855907781
2018-12-21 21:00:00,0.00640541686378282,0.0616837022248411,-0.03996909421581707,0.10056097536018231,0.48090243014751183,1.0,0.5872866136855465,0.15707839819514935,0.15877044557247588
2018-12-22 01:00:00,0.01662847274436996,0.07117279551449274,-0.031663103382224,0.10084374621353609,0.4393750847030256,0.624233959173022,0.5437076667311428,0.1696123147092361,0.17132269099201825
2018-12-22 05:00:00,0.00988891538618697,0.06035164360925016,-0.03808535465740914,0.0973531515650989,0.46801679126860485,0.8834024796618455,0.8358788129449557,0.16232294617563725,0.16402266288951828
2018-12-22 09:00:00,0.005668158801115153,0.048179693150072866,-0.039432514820501696,0.08723069674047378,0.48601250546332686,1.0,0.8358788129449557,0.15773137697516937,0.15942437923250563
2018-12-22 13:00:00,0.000563187594359027,0.035638123576187564,-0.04142139140325107,0.07728298909163518,0.5090096174776475,1.0,0.9611341598872817,0.15188096574957877,0.1535654126895003
2018-12-22 17:00:00,0.0016218498845144147,0.028095778590671916,-0.03613400231186348,0.06448896928386175,0.503617077590794,0.9225594016074332,0.9741864672024775,0.15317594154019099,0.15486228218100062
2018-12-22 21:00:00,0.008642309820387384,0.027260704859467744,-0.025108949480079246,0.05231337155022341,0.4688476782822501,0.020269083410061426,0.6476094950058312,0.16166477916194788,0.16336353340883347
2018-12-23 01:00:00,-0.012109760032200767,0.0027264785612639564,-0.043857298960376934,0.047561907662595555,0.5636746914109805,1.0,0.6476094950058312,0.13719512195121952,0.13885809312638564
2018-12-23 05:00:00,-0.008996875691358208,0.0073874619942340125,-0.04173988000423923,0.049985910443557054,0.549766759499988,0.8533336498523678,0.6245342444208095,0.14035575319622007,0.14202334630350189
2018-12-23 09:00:00,-0.09040813395772473,-0.04809624656965428,-0.14672082660107733,0.10926823931871908,0.7628007015968881,1.0,0.9511112166174557,0.04242886178861771,0.043953252032520096
2018-12-23 13:00:00,-0.05031438123513132,-2.149179898469633e-05,-0.11474822762928394,0.12171111085220443,0.6160576153498568,0.5007940908640967,0.7847092469054878,0.08602435150873466,0.08761249338274202
2018-12-23 17:00:00,-0.07141129364723076,-0.011072414912075113,-0.14346834876181525,0.14348291335148686,0.6597760960237861,0.5163934697023985,0.6723958535221648,0.058565531475748056,0.060113519091847145
2018-12-23 21:00:00,-0.061651619378711,0.007088264324566662,-0.13891353733548684,0.1563042252427463,0.6359050664762725,0.4043407643327741,0.47384277496642274,0.06682267290691635,0.06838273530941241
2018-12-24 01:00:00,-0.12607972603016981,-0.03853960225874076,-0.21615466832382968,0.20353461639569084,0.7399371054824977,0.8441930267440253,0.5883090869263989,-0.012277323062108825,-0.010832932113625349
2018-12-24 05:00:00,-0.08662353882027096,0.01411918841853499,-0.1851968826541236,0.2179601292460074,0.635770056777193,0.15912594898662866,0.46921991335447566,0.028320802005012524,0.029824561403508865
2018-12-24 09:00:00,-0.1017422313049664,0.008091384403549284,-0.20308647763220433,0.2339914548082779,0.6625942872288385,0.25751166789349134,0.420276881208048,0.006624141315014764,0.00809617271835128
2018-12-24 13:00:00,-0.11273264415240558,0.007201246773280268,-0.21747125641648135,0.25106860185649676,0.6836031482196302,0.4591959937135215,0.2919445368645468,-0.010848601735776287,-0.009402121504339389
2018-12-24 17:00:00,-0.10001114701712932,0.028984756376990717,-0.20663811567591928,0.25859281301417375,0.6590514479943317,0.22350053598046454,0.3134027325291588,-0.0012171372930865898,0.00024342745861738457
2018-12-24 21:00:00,-0.10484027311775113,0.030488185099727838,-0.21077734172623352,0.2651690818951084,0.6723575740661011,0.7648996998853369,0.4825320765264407,-0.011325301204819338,-0.009879518072289262
2018-12-25 01:00:00,-0.039930338222620376,0.10375152457197312,-0.14492799516020816,0.25390701714396874,0.5276752532318597,0.0,0.3294667452886002,0.058565531475748056,0.060113519091847145
2018-12-25 05:00:00,-0.0416842056383534,0.1009733039411016,-0.14035633736012398,0.2461772446273056,0.5332024621193981,0.035447210314562175,0.26678230339996606,0.05475578406169679,0.05629820051413881
2018-12-25 09:00:00,-0.034333639860455345,0.10697483150227383,-0.12492620242829477,0.2340013565044705,0.5219267844688327,0.0,0.011815736771520449,0.06130367304707707,0.06285566476978777
2018-12-25 13:00:00,-0.030098388907503715,0.10895820069123974,-0.11233131952881048,0.22166336866226738,0.516050572445514,0.0,0.011815736771520449,0.06460819927348216,0.06616502335236119
2018-12-25 17:00:00,-0.05431976498117641,0.07867938396249108,-0.1259282481724856,0.2095583286420166,0.5636646588564094,1.0,0.3333333333333331,0.03558808682483594,0.037102473498233035
2018-12-25 21:00:00,-0.0675207051715837,0.061344418571841475,-0.12993002651228713,0.19806670787014694,0.5909530819937214,1.0,0.6666666666666664,0.018114143920595627,0.01960297766749375
2018-12-26 01:00:00,-0.08783381523415934,0.036730453690035914,-0.14084070514071256,0.18732224167214426,0.6298177755057704,1.0,0.9999999999999996,-0.007978723404255317,-0.0065280464216634915
2018-12-26 05:00:00,-0.060444134355199464,0.06023907487937019,-0.10027881655845527,0.16379708798314108,0.5693614579283471,0.4685962566434651,0.8228654188811546,0.0191256830601092,0.020615996025832084
2018-12-26 09:00:00,-0.04764043827366049,0.06726587186455446,-0.07530607286957902,0.143147411715906,0.5457683604676862,0.0,0.4895320855478213,0.03090452261306531,0.03241206030150745
2018-12-26 13:00:00,-0.03835567411709706,0.06653911406045387,-0.04956849602600555,0.11513069059935754,0.5293358089925797,0.0,0.15619875221448798,0.0392603850050659,0.040780141843971496
2018-12-26 17:00:00,-0.05610012969431144,0.04551210298900599,-0.06818075378265587,0.11499626182257741,0.56625444715466,0.3674155616494016,0.12247185388313347,0.017609126984126977,0.0190972222222221
2018-12-26 21:00:00,-0.06280861369585566,0.03434656059057062,-0.06921885921532434,0.10540324655076343,0.5830273218545656,1.0,0.45580518721646684,0.007612966601178828,0.009086444007858407
2018-12-27 01:00:00,-0.04230066541665034,0.054564818974228046,-0.04714998931490866,0.10133910219882043,0.5382011389241002,0.16511603899686683,0.5108438668820892,0.02780561122244496,0.02930861723446898
2018-12-27 05:00:00,-0.03226842602361346,0.06248685116953001,-0.03402375713515138,0.09515638572721866,0.5188682332627093,0.0,0.38837201299895524,0.03715874620829118,0.03867542972699689
2018-12-27 09:00:00,-0.03567996594331346,0.052144082799563396,-0.038361386622500326,0.08988603347707587,0.5289908784677215,0.1577741427938102,0.10763006059689198,0.031941649899396296,0.03345070422535201
2018-12-27 13:00:00,-0.03845628091617859,0.047439592761909566,-0.04263238194568442,0.08985599634881858,0.5384036929990864,0.3044846827649104,0.15408627518623985,0.02729093640460678,0.02879318978467693
2018-12-27 17:00:00,0.00665183527673241,0.09725914883089226,-0.004705399486371276,0.09745465161810381,0.44305179041609216,0.0,0.15408627518623985,0.07577346617724157,0.07734661772417395
2018-12-27 21:00:00,0.00791488964165965,0.0948897691735584,-0.007967500265994243,0.0985731677427498,0.44025289300707626,0.0,0.10149489425496978,0.07746848739495782,0.07904411764705865
2018-12-28 01:00:00,0.016846812883457796,0.1031207545116597,-0.005188623016430638,0.10325346173224058,0.4229867558188809,0.0,-3.552713678800501e-16,0.08775185577942723,0.08934252386002117
2018-12-28 05:00:00,0.005934627140422144,0.0841892953296055,-0.017137878750380975,0.09804030346538108,0.4488512488585323,0.2240961653597515,0.07469872178658349,0.07633788037775457,0.07791185729275973
2018-12-28 09:00:00,-0.014164212490653694,0.06186951433848087,-0.03689520806920987,0.09754664254446853,0.497377301527772,0.9999999999999999,0.4080320551199168,0.05421377183967113,0.05575539568345311
2018-12-28 13:00:00,-0.015066694009334025,0.06023759675302798,-0.03817500054984602,0.09733882372154348,0.5009263889010156,1.0,0.7413653884532501,0.05259107234479221,0.054130323242688405
2018-12-28 17:00:00,-0.05624522155790912,0.017411861785959992,-0.07940303392916692,0.09991171796899659,0.5936309592706305,1.0000000000000002,0.9999999999999996,0.006130456105934323,0.007601765571358499
2018-12-28 21:00:00,-0.051363447537901674,0.02318501981153598,-0.07424257022963654,0.09997995585972637,0.5858184062806019,0.9460383435787303,0.9820127811929098,0.009099852434825362,0.010575504181013162
2018-12-29 01:00:00,-0.03431051522924655,0.040713504706822334,-0.05866350470682091,0.10027699544778708,0.5434553146797458,0.47871441182080765,0.8082509184665123,0.02574999999999994,0.027249999999999996
2018-12-29 05:00:00,-0.05071142613609292,0.022435778158692132,-0.0771194466236248,0.10235376444278035,0.5819327512350443,0.8738119599827145,0.7661882384607503,0.006130456105934323,0.007601765571358499
2018-12-29 09:00:00,-0.028607099087750498,0.03940745395576695,-0.05484605044699409,0.09498673534224493,0.5278785327174836,0.0,0.45084212393450684,0.028320802005012524,0.029824561403508865
2018-12-29 13:00:00,-0.03949206829586449,0.026545682637177492,-0.06711965591773073,0.09560487334316642,0.5542281772655905,0.4547756653179814,0.44286254176689815,0.015091538842157526,0.01657595249876298
2018-12-29 17:00:00,-0.025916359833615177,0.040115028020923926,-0.05490199543946939,0.0957247629357325,0.5228053185125101,0.0,0.15159188843932664,0.028320802005012524,0.029824561403508865
2018-12-29 21:00:00,-0.05967951543961558,0.007686302414863233,-0.09151834874690878,0.10354483903341882,0.5958803655412317,1.0,0.48492522177266006,-0.009893822393822416,-0.008445945945946054
2018-12-30 01:00:00,-0.05383741681442167,0.015126331451889019,-0.08920578881622976,0.1083451969678233,0.5858425692037003,0.8626371552852207,0.6208790517617397,-0.006056201550387552,-0.004602713178294526
2018-12-30 05:00:00,-0.05654524910884329,0.012972515707850407,-0.09538215426206686,0.11301127931016748,0.5959219068063147,1.0,0.954212385095073,-0.011325301204819338,-0.009879518072289262
2018-12-30 09:00:00,-0.06469222695346666,0.008481569380916598,-0.1079098685710066,0.12248044933250772,0.6177786150835449,1.0,0.954212385095073,-0.022629823725583753,-0.021200571700810023
2018-12-30 13:00:00,-0.06043951737929709,0.01665620280197344,-0.10687099993801119,0.1293624042690667,0.6118385700994313,0.8140018646496735,0.9380006215498906,-0.020763723150358016,-0.01933174224343681
2018-12-30 17:00:00,-0.050684280289982175,0.029132103879210502,-0.09939196913426274,0.1332035031032405,0.586047845142352,0.006427719305767437,0.6068098613184798,-0.012752646775745946,-0.011308950914340699
2018-12-30 21:00:00,-0.05566581257080516,0.02617380290250315,-0.10654629573917884,0.13827692940054342,0.6030092878458033,0.5345424247469017,0.4516573362341137,-0.020296084049665764,-0.018863419293218775
2018-12-31 01:00:00,-0.03400905178995728,0.048084660279852365,-0.08027978223107157,0.13046460443599117,0.537754273492669,0.0,0.1803233813508892,0.0007317073170729493,0.002195121951219292
2018-12-31 05:00:00,-0.0258342655711441,0.05385320587338449,-0.065106277126455,0.11963260008632016,0.5172059376102841,0.0,0.17818080824896673,0.008108108108108025,0.009582309582309545
2018-12-31 09:00:00,-0.02297780279613648,0.05075590158458643,-0.05095284890117857,0.10171876710487929,0.5115919697721713,0.0,-4.973799150320702e-16,0.010093549975381588,0.011570654849827777
2018-12-31 13:00:00,-0.030323045736980525,0.036631534194419224,-0.04741728334034323,0.08450453991939372,0.5359994053958493,0.2669891891164331,0.08899639637214386,0.0012201073694484421,0.0026842362127865727
2018-12-31 17:00:00,-0.011529373885186267,0.052974853731223126,-0.022940045178263646,0.07479172139279722,0.4813148831059945,0.0,0.08899639637214386,0.020139234211834722,0.021631029338637253
2018-12-31 21:00:00,-0.007759901503584632,0.05293342657648936,-0.013063167095450967,0.06470665804866477,0.47176657533250327,0.0,0.08899639637214386,0.023702594810379063,0.025199600798403
2019-01-01 01:00:00,-0.003154860563624573,0.05826238158756847,-0.0113952136677683,0.06806264358241554,0.45915454070151535,0.0,-4.973799150320702e-16,0.028320802005012524,0.029824561403508865
2019-01-01 05:00:00,-0.007332427247437767,0.053712030658397136,-0.01748448574821715,0.06992982349598355,0.4742897731640225,0.19695828111234992,0.06565276037078281,0.023702594810379063,0.025199600798403
2019-01-01 09:00:00,-0.008944760428769016,0.05140215647627988,-0.018832435360741417,0.06910915882233476,0.48123819325219863,0.9965393199980346,0.397832533703461,0.021663346613545853,0.023157370517928433
2019-01-01 13:00:00,-0.0057402682426148655,0.054625408724499946,-0.017812221911312376,0.07112839911366511,0.4711781300702331,0.5444565540561268,0.57931805172217,0.02472527472527486,0.02622377622377625
2019-01-01 17:00:00,-0.013089147030296178,0.045783122024977585,-0.023979355919922285,0.0690101374964745,0.5011272339596987,1.0,0.8469986246847201,0.016600594648166656,0.018087215064420237
2019-01-01 21:00:00,-0.02234160379126393,0.035190704965429864,-0.03332704630922545,0.0684539638635025,0.5381019264856829,1.0000000000000002,0.8481521846853752,0.006130456105934323,0.007601765571358499
2019-01-02 01:00:00,-0.02008139736111736,0.036163927823263275,-0.029336815838979624,0.0652779138482717,0.5320353744439508,0.9093513463570987,0.9697837821190325,0.007612966601178828,0.009086444007858407
2019-01-02 05:00:00,-0.019293891582250033,0.034639822101527384,-0.029580883005259295,0.06405867065008339,0.5320353744439507,0.9093513463570976,0.939567564238065,0.007612966601178828,0.009086444007858407
2019-01-02 09:00:00,-0.028156708320813517,0.023703070826029515,-0.03945416465198848,0.06365858162401163,0.5712748958629381,1.0,0.939567564238065,-0.00267379679144375,-0.001215362177928947
2019-01-02 13:00:00,-0.026143782279278382,0.02346373650776523,-0.038256923855696234,0.06218058488425998,0.5664037383592345,0.875860934905631,0.9284040937542425,-0.0017031630170316614,-0.00024330900243307862
2019-01-02 17:00:00,-0.017776381700102317,0.027030538730670628,-0.0291884592799585,0.056279721594497616,0.5276421816791896,0.0,0.6252869783018766,0.006130456105934323,0.007601765571358499
2019-01-02 21:00:00,-0.020767417378266928,0.018780032828447313,-0.031090731411738903,0.050179637435932505,0.5444296511807447,0.38474502023547613,0.4202019850470353,0.0021983390327307006,0.003663898387884501
2019-01-03 01:00:00,-0.016724666140833344,0.019404426209798098,-0.026757367386268105,0.04633213231782296,0.5267878621317066,0.0,0.12824834007849162,0.005637254901960764,0.007107843137254877
2019-01-03 05:00:00,-0.012349444451884461,0.017279299555292837,-0.019838354673401892,0.03716520813674361,0.5065842434762138,0.0,0.12824834007849162,0.009596456692913424,0.011072834645669216
2019-01-03 09:00:00,0.0013931990412776596,0.030496636773380992,-0.007442744557811354,0.03750703970584047,0.44260199504149805,0.0,-4.263256414560601e-16,0.023702594810379063,0.025199600798403
2019-01-03 13:00:00,0.0047110525892497535,0.03414772127567223,-0.005905357730353944,0.03949535787825119,0.4280466140322112,0.0,-4.263256414560601e-16,0.02729093640460678,0.02879318978467693
2019-01-03 17:00:00,0.008408902187677869,0.03869386851421153,-0.004405281284446949,0.04237269979216639,0.41139538638272016,0.0,-4.263256414560601e-16,0.03142282554047271,0.03293112116641539
2019-01-03 21:00:00,0.0046813235894660465,0.03363348295755819,-0.009134484961565659,0.042250421424222875,0.43220848892637337,0.2186506191918111,0.07288353973060328,0.02780561122244496,0.02930861723446898
2019-01-04 01:00:00,-0.0003142320846859503,0.028493810920628304,-0.014336283502880853,0.04252904138875316,0.46150279781889864,1.0,0.4062168730639366,0.022681954137587113,0.024177467597208402
2019-01-04 05:00:00,0.00017713433541532986,0.02899516816513059,-0.013783198090317028,0.04245545073242041,0.4589527576096915,0.9491085223499297,0.7225863805139131,0.023192019950124765,0.024688279301745775
2019-01-04 09:00:00,0.010831306920420225,0.04096507384332049,-0.004000878180183243,0.04414996799574568,0.40582528492620606,0.0,0.6497028407833095,0.034543620776601,0.03605648008068574
2019-01-04 13:00:00,0.011387055453637496,0.04277948705983614,-0.0049198202249036704,0.046813142299266544,0.4012776236029832,0.0,0.3163695074499762,0.03558808682483594,0.037102473498233035
2019-01-04 17:00:00,0.008494067154682261,0.04056320196327423,-0.008941852517150406,0.04873452869937698,0.4188120006907313,0.29114697161165504,0.09704899053721797,0.03298086606243711,0.03449144008056404
2019-01-04 21:00:00,0.016526669764593827,0.050745144301783895,-0.003259110782229624,0.052751768949732124,0.37825101039746095,0.0,0.09704899053721797,0.04189944134078227,0.04342305738953778
2019-01-05 01:00:00,0.008006219445426899,0.042271230991364206,-0.012951331747030559,0.054424699387177075,0.4338278304976227,1.0,0.4303823238705513,0.03350125944584392,0.035012594458438295
2019-01-05 05:00:00,0.004288968957786521,0.03720631041136202,-0.01737699314228458,0.054047441619914934,0.45670877954053635,1.0,0.6666666666666663,0.029869477911646625,0.031375502008032186
2019-01-05 09:00:00,-0.013474833714747558,0.01785284129080167,-0.035201288801889996,0.0535183603251821,0.5583161863827476,1.0,0.9999999999999996,0.011089206505667804,0.012567767373090177
2019-01-05 13:00:00,-0.017132150346879094,0.013499981063548772,-0.039505869189161436,0.05370416247329031,0.5789442178494953,1.0,0.9999999999999996,0.006624141315014764,0.00809617271835128
2019-01-05 17:00:00,-0.016923432266297778,0.01132484477609097,-0.039181637321455964,0.05121989306520352,0.581284174708148,1.0,0.9999999999999996,0.006130456105934323,0.007601765571358499
2019-01-05 21:00:00,-0.019491279408487827,0.00694968343983593,-0.0419936717096302,0.049816234925656004,0.5981204807763977,1.0000000000000002,0.9999999999999996,0.0026881720430107503,0.004154447702834796
2019-01-06 01:00:00,-0.013634713357600248,0.012081857127118178,-0.03670102174628187,0.04939085972654497,0.5600134407646998,0.0426399816353228,0.6808799938784404,0.008108108108108025,0.009582309582309545
2019-01-06 05:00:00,-0.0013129006189943615,0.022260148611614516,-0.024150695875295725,0.046454756943722655,0.4844671894704924,0.0,0.3475466605451072,0.020646766169154063,0.02213930348258697
2019-01-06 09:00:00,-0.012583218442986266,0.009680153556934412,-0.035442198788005363,0.04571115881542356,0.5475665669831318,0.5551918187991872,0.1992772668115029,0.008603736479842805,0.010078662733530086
2019-01-06 13:00:00,-0.07154711348458187,-0.032846062590813574,-0.11028757796218158,0.08341097352254354,0.7410125800654174,1.0,0.5183972729330619,-0.0546082949308756,-0.05322580645161301
2019-01-06 17:00:00,-0.05623606905640077,-0.008663087667259317,-0.10208457588414177,0.09889784060555457,0.6726867385828111,0.7336695805597614,0.7629537997863157,-0.041355140186915884,-0.03995327102803736
2019-01-06 21:00:00,-0.045907999382960196,0.007005811843953325,-0.09498318100944059,0.10668178420971948,0.6328850692115562,0.5785248349108314,0.7707314718235305,-0.03276756247053281,-0.031353135313531455
2019-01-07 01:00:00,-0.06356644197609118,-0.0037271903521874927,-0.11662352492238492,0.12012489296553944,0.6819501512349297,0.6946826254549666,0.6689590136418526,-0.053299492385786906,-0.051915089986156016
2019-01-07 05:00:00,-0.05899290334246865,0.007029600814723702,-0.11535522523655428,0.12939312138630865,0.6714455841407275,0.356620758442201,0.5432760729359992,-0.05111008325624422,-0.04972247918593897
2019-01-07 09:00:00,-0.042665618529314386,0.027209984689337663,-0.10043685176308037,0.1324980448098281,0.6051867817365086,0.0,0.3504344612990553,-0.036402066697980184,-0.03499295443870354
2019-01-07 13:00:00,-0.01705570508477794,0.05499025753335096,-0.0747011009068439,0.13098224368518854,0.5155356166507901,0.0,0.1188735861473998,-0.011325301204819338,-0.009879518072289262
2019-01-07 17:00:00,-0.02495588529781434,0.04656741929131414,-0.07894564278701521,0.12757844376099287,0.541284277925735,0.15472603603579035,0.051575345345262924,-0.020296084049665764,-0.018863419293218775
2019-01-07 21:00:00,-0.02842972831271462,0.04264882896371436,-0.07853285938196397,0.12339565506560529,0.5546988762594532,0.25119150647754973,0.1353058475044462,-0.024952471482889704,-0.023526615969581832
2019-01-08 01:00:00,-0.016997778878250824,0.053885626997558056,-0.06349639105329974,0.11794880712884366,0.5172332494964529,0.018935981970113057,0.14161784149448386,-0.014175876982220115,-0.012734262373858773
2019-01-08 05:00:00,-0.021746124002851253,0.046462582537941666,-0.06156052807066881,0.10884477686492479,0.5348844664761631,0.494056164341665,0.2547278842631087,-0.019827998088867593,-0.018394648829431426
2019-01-08 09:00:00,-0.08413911816574404,-0.0122397600646178,-0.12488145205659329,0.12093292674209641,0.688983785117737,1.0,0.5043307154372588,-0.08578431372549022,-0.0844474153297683
2019-01-08 13:00:00,-0.09053483764146397,-0.01089793223298896,-0.1345405869384516,0.1333389655545127,0.7063316021561233,1.0,0.8313520547805545,-0.09585720581754087,-0.09453503746143688
2019-01-08 17:00:00,-0.08233863955984944,0.004036119596280141,-0.12951241556437854,0.14248796627475016,0.6865367832442473,0.8953199822554683,0.9651066607518222,-0.09105006645990255,-0.08972086840939297
2019-01-08 21:00:00,-0.08685385108409271,0.005319232725833567,-0.13676411634462937,0.15207830673534878,0.701549149434619,0.9721053798738772,0.9558084540431147,-0.09903381642512077,-0.09771629336846732
2019-01-09 01:00:00,-0.10633811978568464,-0.006493949529493115,-0.16091409153124148,0.1685264864865274,0.7421160154761446,1.0,0.9558084540431147,-0.12254063301967488,-0.12125748502994005
2019-01-09 05:00:00,-0.10216799744114802,0.005410273461621706,-0.16032900742227074,0.17965526390029232,0.7421160154761446,1.0,0.9907017932912919,-0.12254063301967488,-0.12125748502994005
2019-01-09 09:00:00,-0.11622302790794503,-0.0015422990884647048,-0.1772265451326398,0.19292910236761163,0.771625148553819,1.0,0.9999999999999994,-0.14091289782244554,-0.13965661641541038
2019-01-09 13:00:00,-0.07840994677011959,0.040449713039493185,-0.13535832922748192,0.1845665187096593,0.6315405186574437,0.0,0.6666666666666662,-0.10726718885987818,-0.1059617058311576
2019-01-09 17:00:00,-0.08636986801325441,0.03178949825646504,-0.13784880208113093,0.17913792198474565,0.6533769528470168,0.1558803003993101,0.38529343346643613,-0.11839278040395362,-0.11710356682423728
2019-01-09 21:00:00,-0.059750308868724344,0.0617761582823233,-0.11343032678695364,0.17985152557316253,0.577163943174445,0.0,0.05196010013310281,-0.09505955006616673,-0.09373621526246145
2019-01-10 01:00:00,-0.05939522542171127,0.06200735495474485,-0.11213939720826493,0.17862414885188058,0.5815443872084943,0.0225260561637658,0.05946878552102475,-0.09705105633802824,-0.09573063380281699
2019-01-10 05:00:00,-0.029183584710048116,0.0945520660105581,-0.08075896256228066,0.1741102681031616,0.5049314465197754,0.0,0.007508685387921373,-0.0691923774954627,-0.06783121597096187
2019-01-10 09:00:00,-0.016904431249629592,0.10762492138177304,-0.06928699668021066,0.17358448363058912,0.47895027048261096,0.0,0.007508685387921373,-0.058080808080808066,-0.05670339761248844
2019-01-10 13:00:00,0.007772287657186183,0.1362873872609347,-0.04791638914417273,0.1764090543023414,0.42951776604473857,0.0,-5.595524044110789e-16,-0.034133709981167604,-0.03272128060263657
2019-01-10 17:00:00,0.0038342770316861507,0.13196814499851217,-0.05129272285967412,0.17615517144889678,0.4387594715779814,0.060790047575207805,0.020263349191735378,-0.03775797373358358,-0.036350844277673655
2019-01-10 21:00:00,-0.012331241833566708,0.11086654506239424,-0.060451415911100814,0.16710563489102506,0.4796133547195039,0.6642772022159538,0.24168908326371993,-0.053736162361623596,-0.05235239852398521
2019-01-11 01:00:00,-0.00122523853584533,0.1217917044761192,-0.04609207761044598,0.16176115263851668,0.45579314759647543,0.5245048964754971,0.41652404875555227,-0.043143656716417955,-0.04174440298507476
2019-01-11 05:00:00,0.0019661183478600908,0.12440846914130277,-0.04036541813521777,0.158129062830036,0.4487919742691851,0.3847486122895991,0.5245102369936827,-0.04000935891436597,-0.03860552175947596
2019-01-11 09:00:00,-0.00968264709907729,0.10804873262108372,-0.045265561100046425,0.14864799736375636,0.48069871383057644,1.0,0.6364178362550313,-0.05154877484974574,-0.05016181229773464
2019-01-11 13:00:00,-0.011934972455815873,0.10230461944904001,-0.0417237065859678,0.13979390485073245,0.4880632564926051,1.0,0.7949162040965324,-0.05417242969110192,-0.05278930382664826
2019-01-11 17:00:00,-0.012341478198142797,0.10069221500549075,-0.04537208603266618,0.14213289596998654,0.4906562462270234,1.0000000000000002,0.9999999999999993,-0.05504375863657307,-0.05366190695532025
2019-01-11 21:00:00,-0.0030343762521786166,0.10942557360389338,-0.04048089670942456,0.1449110476345175,0.46527688669556544,0.3937704313353971,0.7979234771117983,-0.04625755462575554,-0.044862854486285575
2019-01-12 01:00:00,-0.0015775753332181175,0.10968176476330727,-0.042921988226993446,0.1476743980822479,0.46142141943610615,0.0,0.4645901437784649,-0.044925512104283194,-0.043528864059590444
2019-01-12 05:00:00,-0.004187767026888944,0.1038139277873491,-0.048521448678712886,0.14823717598784633,0.47086521404527515,0.3230323434686128,0.2389342582680025,-0.04758588672237707,-0.04619312906220996
2019-01-12 09:00:00,-0.0004568651080900654,0.09973860442648474,-0.04573114869488981,0.14164481508131754,0.45930094428249824,0.0,0.10767744782287013,-0.04403541472506989,-0.042637465051258205
2019-01-12 13:00:00,0.01455934603179121,0.10778392088691313,-0.03234615467773028,0.13503664416841843,0.414119892620527,0.0,0.10767744782287013,-0.029105537150970195,-0.02768575485092284
2019-01-12 17:00:00,0.016764203449691983,0.092072850929942,-0.024061460327188144,0.11231496285257979,0.40629422071465193,0.0,-8.052817671947803e-16,-0.026340768865685815,-0.02491694352159468
2019-01-12 21:00:00,0.01379406804029748,0.08043457328726178,-0.026125861166048536,0.10374335057293245,0.4161949419783765,0.15333078760349578,0.05111026253449778,-0.02864583333333348,-0.027225378787878896
2019-01-13 01:00:00,0.020220487843084056,0.07222577492837456,-0.014190486420981974,0.08397937764422948,0.3949180364831206,0.0,0.05111026253449778,-0.021697663328564598,-0.0202670481640439
2019-01-13 05:00:00,0.012005194615410053,0.054216147865108644,-0.019052872900602202,0.07200308856495907,0.42848066756628567,0.9999999999999999,0.38444359586783106,-0.029105537150970195,-0.02768575485092284
2019-01-13 09:00:00,0.008323916341987703,0.036357924400964414,-0.01508433949530319,0.050900842202089805,0.44303631121776604,1.0,0.6666666666666659,-0.03231132075471699,-0.030896226415094374
2019-01-13 13:00:00,0.04995260565853865,0.08269201701337847,0.01765247117559876,0.06193226511510048,0.3294435194121769,0.0,0.6666666666666659,0.009596456692913424,0.011072834645669216
2019-01-13 17:00:00,0.0656738150383358,0.10712801411356199,0.02096412409374948,0.08097759347242954,0.2968440957674032,0.0,0.3333333333333325,0.02729093640460678,0.02879318978467693
2019-01-13 21:00:00,0.05698259618917101,0.10449492716706343,0.005161618377984567,0.09417012356711868,0.32162937806903946,0.16953900195904545,0.056513000653014345,0.021154803384768606,0.022648083623693305
2019-01-14 01:00:00,0.03833634606074576,0.08701555133045935,-0.01585982165367139,0.09934103120308083,0.3857509436161871,0.6081503558509977,0.2592297859366802,0.004652301665034164,0.006121449559255643
2019-01-14 05:00:00,0.027636100067034874,0.07414849389820821,-0.027278042660944135,0.0991040116855891,0.4197581146423037,1.0,0.5925631192700136,-0.004609412906356081,-0.0031538088306647394
2019-01-14 09:00:00,0.031366259497230375,0.07793407916425465,-0.025618135722030755,0.10091254732700042,0.4069867484168028,0.8960951212692883,0.8347484923734279,0.00024378352023401995,0.0017064846416381396
2019-01-14 13:00:00,-0.004371139901156784,0.03983001308837819,-0.05954766014720125,0.10036717550704885,0.5227135105179209,1.0,0.9653650404230951,-0.0345882352941177,-0.03317647058823536
2019-01-14 17:00:00,-0.00868021253807183,0.033156568978757184,-0.06346101862746911,0.09810408272384526,0.535894236437332,1.0000000000000002,0.9653650404230951,-0.03911007025761137,-0.03770491803278697
2019-01-14 21:00:00,-0.01717920417333474,0.022485204458578822,-0.07171954320567797,0.09658233127166362,0.5619497025626846,1.0,0.9999999999999993,-0.048027842227378104,-0.046635730858468616
2019-01-15 01:00:00,-0.0009160013381731558,0.035988983947558895,-0.0554229462117094,0.09230889394000608,0.5081817295706946,0.6530269231872482,0.8843423077290821,-0.03231132075471699,-0.030896226415094374
2019-01-15 05:00:00,-0.0031386779147353217,0.0319373514582626,-0.05725499851708604,0.09033589614299414,0.5153163558060853,0.13269286228166824,0.5952399284896381,-0.0345882352941177,-0.03317647058823536
2019-01-15 09:00:00,0.010235978541088375,0.04363538827025182,-0.04411248750689267,0.08776881299398459,0.47250258913937543,0.0,0.2619065951563048,-0.021230916030534508,-0.019799618320610834
2019-01-15 13:00:00,0.016830859410388532,0.04754734606066391,-0.037119667060183326,0.08422786256399031,0.45160269987172674,0.0,0.04423095409388874,-0.014175876982220115,-0.012734262373858773
2019-01-15 17:00:00,0.0036576431820691813,0.031724200013692805,-0.04884943720534363,0.08126951709740846,0.4949104262961274,0.6797243980006236,0.22657479933354055,-0.02680265654648961,-0.025379506641366345
2019-01-15 21:00:00,0.013684180997145301,0.04164522567751283,-0.03915241647329415,0.08069706096264657,0.4628372493257987,0.17632875227951847,0.28535105009338,-0.016538830297219698,-0.015100671140939714
2019-01-16 01:00:00,0.02114988652699723,0.049270357839350964,-0.032160643001264755,0.08074027926354252,0.4391539039092775,0.0,0.28535105009338,-0.008458192363460681,-0.007008216529724609
2019-01-16 05:00:00,0.016071228424706208,0.04355077140551722,-0.03681352405229277,0.0800944872716206,0.4550521053593364,0.2851361736615129,0.1538216419803431,-0.012752646775745946,-0.011308950914340699
2019-01-16 09:00:00,-0.0029957542200333975,0.024856766354441673,-0.055026738025830024,0.08110700236207939,0.5201559417675694,1.0,0.42837872455383696,-0.03139754485363555,-0.02998111425873473
2019-01-16 13:00:00,-0.005134293540065449,0.023030042122076155,-0.05736824278151986,0.08180276477934117,0.5277507631307985,1.0,0.7617120578871703,-0.033678756476683946,-0.03226566179934054
2019-01-16 17:00:00,0.0005005976714651528,0.028339745552834472,-0.05193046085363928,0.08122832353389871,0.5070097632312467,0.7658946368776738,0.9219648789592241,-0.028185693983893922,-0.026764566556134572
2019-01-16 21:00:00,0.003679092322175226,0.03183109677683005,-0.04542425267036543,0.07778401456520041,0.49479383214559874,0.5466638312800185,0.7708528227192302,-0.024952471482889704,-0.023526615969581832
2019-01-17 01:00:00,0.004452339527685645,0.029628722749148517,-0.03633661998987092,0.0661873316486879,0.4911526418626471,0.0,0.43751948938589685,-0.02402473834443397,-0.02259752616555677
2019-01-17 05:00:00,0.003360378612843551,0.025073531647134883,-0.029160984118616895,0.05434558326005695,0.49515359120315244,0.1093211673678748,0.2186616662159638,-0.024952471482889704,-0.023526615969581832
2019-01-17 09:00:00,0.013883234808583111,0.034632825633675424,-0.014786597858566286,0.048933847352011374,0.45121541923219366,0.0,0.03644038912262433,-0.014175876982220115,-0.012734262373858773
2019-01-17 13:00:00,0.01007305583912177,0.030369129602279887,-0.0160013135103253,0.046039698154598005,0.4667252812378074,0.3529928831783222,0.1541046835153984,-0.01748084291187746,-0.0160440613026821
2019-01-17 17:00:00,0.0045922380312959366,0.023165846123042177,-0.01706770415067338,0.040111248230516164,0.49106671829840637,0.9069858230003891,0.4199929020595698,-0.022629823725583753,-0.021200571700810023
2019-01-17 21:00:00,-0.005148758104357665,0.01271942859815689,-0.026728862560420064,0.03972656449952886,0.5347295577908164,1.0,0.7533262353929031,-0.03231132075471699,-0.030896226415094374
2019-01-18 01:00:00,-0.00539750017916707,0.01116534838107719,-0.026771194679992227,0.03823488694553369,0.5367676105828559,1.0000000000000002,0.9689952743334623,-0.03276756247053281,-0.031353135313531455
2019-01-18 05:00:00,0.01084769804184127,0.023291328498360242,-0.008909736935559964,0.031971167298980155,0.4607028364816379,0.0,0.666666666666666,-0.016538830297219698,-0.015100671140939714
2019-01-18 09:00:00,0.009027554300760965,0.020697482107514986,-0.010692695128098118,0.03123393281344902,0.46766620230948014,0.09154521143487837,0.3638484038116255,-0.01795117280995706,-0.01651507898516047
2019-01-18 13:00:00,0.006358685748077519,0.01650993847317661,-0.012785010106413863,0.029240489215721675,0.4797237370236786,0.25006188168954474,0.11386903104147367,-0.020296084049665764,-0.018863419293218775
2019-01-18 17:00:00,0.007959839664764656,0.01840052150582716,-0.011127794233099064,0.029421329087698088,0.4705415293545112,0.12934624455442625,0.15698444589294908,-0.018421052631578894,-0.016985645933014326
2019-01-18 21:00:00,0.009504701559119866,0.020250526262251656,-0.008889068927639299,0.02897499609891679,0.4610381632041659,0.017629382046706225,0.13234583609689168,-0.016538830297219698,-0.015100671140939714
2019-01-19 01:00:00,0.007275669060548662,0.017776307818962778,-0.011125590115612316,0.028806107290713687,0.47251117524021774,0.6140037307321514,0.2536597857777606,-0.018421052631578894,-0.016985645933014326
2019-01-19 05:00:00,0.004680623973894793,0.015370889429499268,-0.013079719978424387,0.028418054119195294,0.487205758393546,1.0,0.5438777042596186,-0.020763723150358016,-0.01933174224343681
2019-01-19 09:00:00,-0.015359115455818806,-0.0028520921019759005,-0.032772031320182915,0.030462539858034474,0.5943098040120677,1.0,0.8713345769107166,-0.04090696587190268,-0.03950444132772324
2019-01-19 13:00:00,-0.018720599646181002,-0.003423730285787463,-0.037172172879947674,0.03444765951922456,0.612153983679449,1.0,0.9999999999999993,-0.044925512104283194,-0.043528864059590444
2019-01-19 17:00:00,-0.02926186981582557,-0.009082009355178888,-0.05237153250314608,0.04466183718853492,0.658838948983695,1.0000000000000002,0.9999999999999993,-0.05634774609015647,-0.05496780128794865
2019-01-19 21:00:00,-0.01857961535097885,0.0033549501297553963,-0.04364305421897374,0.047964197642313924,0.5937164843301953,0.6205718461005089,0.8735239487001689,-0.04670074349442377,-0.04530669144981414
2019-01-20 01:00:00,-0.03166687566912707,-0.005210859543742563,-0.06044848111559775,0.057112609720651374,0.6481885140437933,0.8364552847228676,0.8190090436077914,-0.060668498168498286,-0.05929487179487192
2019-01-20 05:00:00,-0.009072529426526144,0.01865400790357663,-0.03846665427359974,0.05769217955307691,0.5308264594695985,0.0,0.4856757102744581,-0.03911007025761137,-0.03770491803278697
2019-01-20 09:00:00,0.007612190062905588,0.03611567020801898,-0.02210900036523633,0.0578197395719652,0.46431048367638966,0.0,0.27881842824095515,-0.022629823725583753,-0.021200571700810023
2019-01-20 13:00:00,0.01055300641247614,0.03958349444528797,-0.019411410315268385,0.058405821191180686,0.45243876930543264,0.0,-7.105427357601002e-16,-0.0193594646271511,-0.01792543021032511
2019-01-20 17:00:00,0.002312847658774153,0.031047097875765983,-0.02583135581791829,0.05673050784581698,0.4867598635541879,0.17533148916556093,0.058443829721852934,-0.027264106211474792,-0.025841631104789098
2019-01-20 21:00:00,0.004052088770019058,0.03290955480006241,-0.02307582558390986,0.055711454704073404,0.4791496755356974,0.34075383742427645,0.17202844219661176,-0.025415676959619993,-0.0239904988123516
2019-01-21 01:00:00,0.008035405405100393,0.037359413029135924,-0.01903880234211297,0.05588627998209995,0.4616604531163126,0.2686885139512819,0.2615912801803724,-0.021230916030534508,-0.019799618320610834
2019-01-21 05:00:00,0.005875520791087219,0.03505835935265389,-0.02153454982884373,0.05621280355744258,0.4709039434723456,0.5380123964894457,0.3824849159550006,-0.023095238095238058,-0.021666666666666612
2019-01-21 09:00:00,-0.004374423967373975,0.024362410579629623,-0.03166684036285261,0.05623463190254107,0.5197464215480142,1.0,0.6022336368135751,-0.03322337417530641,-0.03180961357210188
2019-01-21 13:00:00,0.005358383446915083,0.03444608557265072,-0.021119098423673432,0.05519737663180934,0.4746996781033891,0.22448149422537753,0.587497963571607,-0.023560209424083767,-0.0221323179438363
2019-01-21 17:00:00,-0.0016990972842169105,0.02716889932250388,-0.026838086468060962,0.0539980541653484,0.5075323514399079,0.7897242580629815,0.6714019174294522,-0.030482041587901687,-0.029064272211720144
2019-01-21 21:00:00,0.004755795574552968,0.03395222491731276,-0.01991797182501942,0.053494816842982074,0.47753224854001664,0.13570779634485894,0.38330451621107187,-0.02402473834443397,-0.02259752616555677
2019-01-22 01:00:00,0.006409815441296374,0.03580326838883696,-0.01754778697796877,0.05286848553931384,0.4690022187071628,0.0,0.30847735146927935,-0.022163965681601616,-0.020734032411820813
2019-01-22 05:00:00,0.014526224047852088,0.0449709583660054,-0.009538266058312206,0.053560331059158924,0.4316373025960907,0.0,0.04523593211495221,-0.013701923076922973,-0.012259615384615397
2019-01-22 09:00:00,0.014894721120959797,0.0463432485286801,-0.009529004062846624,0.05486239380280797,0.4275613443899838,0.0,-7.756758198714427e-16,-0.012752646775745946,-0.011308950914340699
2019-01-22 13:00:00,-0.010832480314218351,0.020056637474616945,-0.033980688107527524,0.05441617235168151,0.5526629759580235,1.0,0.3333333333333326,-0.03820909517112048,-0.03680262541022039
2019-01-22 17:00:00,-0.009069118521597863,0.021037919982306086,-0.032587215756953,0.05393660061605606,0.5456581409825269,0.9440068455726985,0.6480022818575655,-0.0368544600938967,-0.03544600938967135
2019-01-22 21:00:00,-0.006922176416165549,0.021712331874418123,-0.030555229334435774,0.052499685878306425,0.5359049059510981,0.8660443529242771,0.9366837328323244,-0.035042333019755345,-0.03363123236124177
2019-01-23 01:00:00,-0.003498790642808114,0.02068365683165463,-0.025544440220043985,0.046340723160370495,0.5184406600496532,0.7264438882257288,0.8454983622409007,-0.03185464841906549,-0.030438886267107113
2019-01-23 05:00:00,0.0007222104708353161,0.02251230155171413,-0.020853533779201072,0.04332989821154554,0.49605740739807674,0.0,0.5308294137166678,-0.027725118483412303,-0.026303317535545045
2019-01-23 09:00:00,-0.002032420210351993,0.011377855274357751,-0.018608479092882213,0.03009513767689413,0.5112084072415389,0.3054591887772414,0.3439676923343225,-0.030482041587901687,-0.029064272211720144
2019-01-23 13:00:00,0.001229748723118096,0.012962566226330408,-0.014811783865020578,0.02780005426670411,0.49260095346224875,0.0,0.10181972959241292,-0.027264106211474792,-0.025841631104789098
2019-01-23 17:00:00,0.0002701392593023044,0.0121955684055568,-0.015369419660884898,0.027608801180584244,0.4982207206442115,0.21748571962121788,0.17431496946615221,-0.028185693983893922,-0.026764566556134572
2019-01-23 21:00:00,0.005293584825798003,0.017374150941434685,-0.009707484274766753,0.026978218711141987,0.4675486658120077,0.0,0.07249523987373842,-0.023095238095238058,-0.021666666666666612
2019-01-24 01:00:00,0.006467781972141484,0.018733349686366862,-0.008766730706871062,0.0273637185150869,0.4592448325976571,0.0,0.07249523987373842,-0.021697663328564598,-0.0202670481640439
2019-01-24 05:00:00,0.005292753794836402,0.01772442649304007,-0.009958823825101826,0.027576177499361577,0.46605320347180096,0.17468160997413812,0.058227203324711846,-0.022629823725583753,-0.021200571700810023
2019-01-24 09:00:00,4.98561523347707e-05,0.012543414015095289,-0.014581328707036989,0.027152409869629784,0.5031085932536541,1.0000000000000002,0.3915605366580452,-0.027725118483412303,-0.026303317535545045
2019-01-24 13:00:00,-0.004033028642905001,0.008764610105254977,-0.01839179273857061,0.02728775494407537,0.531742005690008,1.0,0.7248938699913786,-0.03185464841906549,-0.030438886267107113
2019-01-24 17:00:00,-0.006127482340215207,0.006529311907121471,-0.020747767650999394,0.02747238701761519,0.5473478888582524,1.0,0.9999999999999993,-0.034133709981167604,-0.03272128060263657
2019-01-24 21:00:00,-0.012583522188673757,0.0015516050624622135,-0.027919066493035105,0.02986439570646606,0.5913488180830513,0.9999999999999999,0.9999999999999993,-0.04090696587190268,-0.03950444132772324
2019-01-25 01:00:00,-0.00942143114381011,0.0054241682653317635,-0.025442921195474866,0.031179173546705418,0.5675820239186253,0.7306580506750016,0.9102193502249998,-0.03820909517112048,-0.03680262541022039
2019-01-25 05:00:00,-0.005019199058912238,0.010252591575973247,-0.02084581191495416,0.031263996693754494,0.5329790853740921,0.020753998316953407,0.5838040163306508,-0.034133709981167604,-0.03272128060263657
2019-01-25 09:00:00,0.0028906617413910762,0.01834389074829801,-0.012458745992719678,0.03071226368224696,0.47417420520056913,0.0,0.25047068299731756,-0.026340768865685815,-0.02491694352159468
2019-01-25 13:00:00,0.000496143328194032,0.014906108656866701,-0.01225459350534952,0.027124741330906237,0.4919296998943683,0.15153021850907825,0.05742807227534317,-0.02864583333333348,-0.027225378787878896
2019-01-25 17:00:00,0.01152566374378483,0.02569551221585309,0.00045391307150532967,0.02491583180324218,0.4188244110846864,0.0,0.050510072836358694,-0.01748084291187746,-0.0160440613026821
2019-01-25 21:00:00,0.005060276702542277,0.018295054632357255,-0.006205573432926381,0.02435341797093294,0.4651866879686227,0.4061355977977595,0.18588860543561186,-0.023560209424083767,-0.0221323179438363
2019-01-26 01:00:00,0.004861834478913307,0.01733101954126326,-0.006621833439404923,0.023825278310987685,0.4651866879686227,0.63418499042707,0.34677352940827577,-0.023560209424083767,-0.0221323179438363
2019-01-26 05:00:00,0.005130915011854809,0.017057842665931133,-0.006629271237358014,0.023564243206569094,0.46189945220214246,0.589219218182629,0.543179935469152,-0.023095238095238058,-0.021666666666666612
2019-01-26 09:00:00,0.004470057719665244,0.01617978899982142,-0.007564843735660354,0.023642792055755688,0.4659635036456981,1.0,0.7411347362032322,-0.023560209424083767,-0.0221323179438363
2019-01-26 13:00:00,0.004294761338501818,0.01611323683391297,-0.007926659013825943,0.023941894755450933,0.4659635036456982,1.0,0.8630730727275422,-0.023560209424083767,-0.0221323179438363
2019-01-26 17:00:00,0.010599146772620527,0.02302080652301841,-0.002752478779844969,0.02551471499991741,0.4150645548977822,0.0,0.6666666666666659,-0.017010062290368944,-0.01557259223766172
2019-01-26 21:00:00,0.011114877946193369,0.024300084010448808,-0.003244928135148095,0.02725805089041968,0.4082045970807124,0.0,0.3333333333333326,-0.016067146282973677,-0.014628297362110354
2019-01-27 01:00:00,0.020563074796443814,0.03622982350973314,0.003111261761585604,0.03247966903362953,0.34392869359367284,0.0,-7.579122514774401e-16,-0.006056201550387552,-0.004602713178294526
2019-01-27 05:00:00,0.016914531899338225,0.03402953146774568,-0.002048855139242134,0.0355105607324734,0.3742459972756458,0.2484316046302542,0.08281053487675065,-0.008937198067632823,-0.007487922705313954
2019-01-27 09:00:00,0.02386200976143993,0.0438015990258418,0.00191407770249441,0.04095145948173714,0.3303997297845225,0.0,0.08281053487675065,-0.0012171372930865898,0.00024342745861738457
2019-01-27 13:00:00,0.020537438071497327,0.04210900101586135,-0.003303755751168591,0.044548400954436546,0.35579958101616105,0.32645581329694545,0.1916291393090658,-0.0036425449247208253,-0.0021855269548325396
2019-01-27 17:00:00,0.00013105490822695742,0.02093805774232327,-0.023317876876068122,0.044308657914338974,0.5203796172080242,1.0,0.44215193776564776,-0.023560209424083767,-0.0221323179438363
2019-01-27 21:00:00,0.016877861384865023,0.03800107221761695,-0.008170563743039816,0.04549309488441471,0.4210779492336385,0.47730431194001516,0.6012533750789861,-0.0065375302663438495,-0.005084745762711895
2019-01-28 01:00:00,0.038970699044166945,0.06401027986722907,0.007843040251701572,0.054219320518600476,0.33200255832580033,0.00843683277748684,0.4952470482391666,0.016600594648166656,0.018087215064420237
2019-01-28 05:00:00,0.03350077098586324,0.05802081458911457,7.395342668048421e-05,0.05631116901220312,0.3569384328973495,0.13237214085150067,0.20603776185633343,0.012586377097729473,0.014067127344521202
2019-01-28 09:00:00,0.03760770241668454,0.06240433790402511,0.001069607505404635,0.05944802989644777,0.3382417566340507,0.03312079690208573,0.05797659017702362,0.018114143920595627,0.01960297766749375
2019-01-28 13:00:00,0.047643480767298074,0.07493671866969365,0.005735972093359409,0.06651766698678198,0.30255586841129534,0.0,0.055164312584528,0.029869477911646625,0.031375502008032186
2019-01-28 17:00:00,0.03875026753791988,0.06681177034265962,-0.005695120292808498,0.0703569015695589,0.34767086691912985,0.8295857125201184,0.2875688364740672,0.022681954137587113,0.024177467597208402
2019-01-28 21:00:00,0.032773014132946976,0.05982148219968009,-0.01272470800613068,0.07087714769556029,0.3756317874080728,1.0,0.609861904173372,0.018114143920595627,0.01960297766749375
2019-01-29 01:00:00,0.03544304298110057,0.06342849433774811,-0.012207766883835847,0.07374755940134026,0.36082655128101865,0.7973992482023103,0.875661653574142,0.022172396611858325,0.023667164922770212
2019-01-29 05:00:00,0.04003710428905993,0.06823841247444773,-0.009992798439358852,0.07601737166871753,0.33922818637243746,0.5018386147529569,0.7664126209850882,0.028320802005012524,0.029824561403508865
2019-01-29 09:00:00,0.03596889342918663,0.06305252234001424,-0.015002522340013313,0.07622376863848782,0.3565118723523923,0.4747795681816173,0.591339143712294,0.02574999999999994,0.027249999999999996
2019-01-29 13:00:00,0.00650690329522563,0.03036044960711881,-0.042070848052210175,0.07285789515036971,0.5149924457074094,1.0,0.6588727276448573,-0.003158406219630705,-0.001700680272108901
2019-01-29 17:00:00,0.016701039544061214,0.03776453981506234,-0.031183007398558504,0.0687214011489362,0.4679180588080512,0.7321731558084075,0.7356509079966742,0.007612966601178828,0.009086444007858407
2019-01-29 21:00:00,0.010796886012756302,0.028319864511583637,-0.03515914150230093,0.0636968261325596,0.49287840509568215,0.8741835189053863,0.8687855582379307,0.0021983390327307006,0.003663898387884501
2019-01-30 01:00:00,0.019955696699822,0.03525354187252194,-0.02538674364854432,0.06034259143407035,0.45141455385541185,0.5988284841096909,0.7350617196078275,0.012086827824370872,0.013566847557967332
2019-01-30 05:00:00,0.02992577050820433,0.043290752692411116,-0.015360578128818969,0.05784354072629916,0.41050492086878804,0.0,0.49100400100502495,0.023192019950124765,0.024688279301745775
2019-01-30 09:00:00,0.02678200376324713,0.03938713418525097,-0.0182323308004817,0.0570163798331915,0.42078303170004605,0.12477450635628547,0.24120099682199136,0.021154803384768606,0.022648083623693305
2019-01-30 13:00:00,0.009789011469510944,0.020622127149702685,-0.03350165702237573,0.05447458771194732,0.4984731732496899,1.0,0.3749248354520944,0.004652301665034164,0.006121449559255643
2019-01-30 17:00:00,0.01178654605115459,0.02218931320329931,-0.03102583750374066,0.05345131261846182,0.48779726710148436,0.8786391015024496,0.6678045359529109,0.007118311242022557,0.00859106529209619
2019-01-30 21:00:00,0.010370813461076711,0.019906313010358723,-0.031676788733752015,0.051888477778116456,0.4924795876899366,0.9318664927683102,0.9368351980902525,0.006130456105934323,0.007601765571358499
2019-01-31 01:00:00,0.009964114893975529,0.012580884375150259,-0.027392066327086573,0.040271182608755736,0.4924795876899365,0.9228526883823023,0.9111194275510199,0.006130456105934323,0.007601765571358499
2019-01-31 05:00:00,0.01052609742481736,0.010915159680221054,-0.0251517821642655,0.0363255181889835,0.48731308459906303,0.0,0.6182397270502034,0.007118311242022557,0.00859106529209619
2019-01-31 09:00:00,0.01731581391229131,0.018485417184571196,-0.01779303340613292,0.03626589563178114,0.4492468882533666,0.0,0.3076175627940999,0.014589515331355107,0.016073194856577544
2019-01-31 13:00:00,0.025908355220130463,0.028043768990482665,-0.009521552315494342,0.03722061713827122,0.40598653458906925,0.0,-8.526512829121202e-16,0.024213679480778794,0.02571143285072397
2019-01-31 17:00:00,0.02341824858551944,0.02653842081899871,-0.011483585325478773,0.03773793692831712,0.4155562721373539,0.1106416897681315,0.036880563256042984,0.022681954137587113,0.024177467597208402
2019-01-31 21:00:00,0.026436959768249224,0.030380850013118632,-0.006957426589694893,0.036906043659058724,0.39718052125675407,0.0,0.036880563256042984,0.02677677677677659,0.028278278278278224
2019-02-01 01:00:00,0.03486838505514922,0.04155372779354538,-6.812900627828355e-05,0.040776047427960205,0.3568236756968741,0.0,0.036880563256042984,0.03663466397170301,0.03815058110156655
2019-02-01 05:00:00,0.02850207678686556,0.03674011520274001,-0.006825585288209313,0.04292367964160898,0.3918482079932291,0.5963389058041938,0.19877963526806372,0.03142282554047271,0.03293112116641539
2019-02-01 09:00:00,0.019987876264379922,0.028996087901387968,-0.014425229617954782,0.04310726261208891,0.44101984088629664,1.0000000000000002,0.532112968601397,0.023702594810379063,0.025199600798403
2019-02-01 13:00:00,0.01773918244631112,0.02725923921365947,-0.015101790284909655,0.0421050842926051,0.4505877200318698,1.0,0.8654463019347304,0.022172396611858325,0.023667164922770212
2019-02-01 17:00:00,0.016070080903752393,0.026143626035032508,-0.015541336338665612,0.04146514960946676,0.45725742469115827,1.0,0.9999999999999993,0.021154803384768606,0.022648083623693305
2019-02-01 21:00:00,0.013500042218192343,0.02108765102854382,-0.01671606632908984,0.037721266501891816,0.47108694781009314,1.0,0.9999999999999993,0.0191256830601092,0.020615996025832084
2019-02-02 01:00:00,0.012004122651446014,0.019074527165867883,-0.01773457679365875,0.03678445928457157,0.47824564649192797,1.0,0.9999999999999993,0.018114143920595627,0.01960297766749375
2019-02-02 05:00:00,0.020788901823161288,0.02659007329712093,-0.008754401954434887,0.03503206505219251,0.42007723148394277,0.0,0.6666666666666659,0.02780561122244496,0.02930861723446898
2019-02-02 09:00:00,-0.00352617331691385,0.003485475382352554,-0.03311872721609288,0.03715471003813013,0.566511052828216,1.0,0.6666666666666659,0.0031784841075794823,0.004645476772616064
2019-02-02 13:00:00,-0.006188661649710325,0.0030735475234564547,-0.03622810627528461,0.03996415068974604,0.5804800026353605,1.0000000000000002,0.6666666666666659,0.00024378352023401995,0.0017064846416381396
2019-02-02 17:00:00,-0.006876157389322679,0.004495062220787771,-0.03742248550378835,0.04261921824413381,0.5852774127466368,1.0,0.9999999999999993,-0.000730638090599256,0.0007306380905989229
2019-02-02 21:00:00,-0.013069246942084,0.00016200240128450005,-0.045203124800897165,0.04641031350783706,0.6181915473604531,1.0,0.9999999999999993,-0.007498790517658338,-0.006047411707788997
2019-02-03 01:00:00,-0.0028241862460958167,0.011035028215260922,-0.0355707075896502,0.04718458877571783,0.5479431821823885,0.0,0.6666666666666659,0.0026881720430107503,0.004154447702834796
2019-02-03 05:00:00,-0.005514810686045979,0.009031953544746063,-0.03871031611784548,0.0484613971198524,0.5632152303337778,0.2174007624615603,0.40580025415385274,-0.0002436647173489348,0.001218323586744674
2019-02-03 09:00:00,-0.0010893551856704375,0.013729114097621453,-0.034531855164679603,0.04876822564752372,0.5340693066746667,0.0,0.07246692082051936,0.004160548213411497,0.00562897699461562
2019-02-03 13:00:00,0.005099467984430506,0.01988116165236442,-0.028354068056304915,0.04844044538864084,0.49428037094624855,0.0,0.07246692082051936,0.010591133004925979,0.012068965517241237
2019-02-03 17:00:00,0.0006370296897875161,0.016090015847052497,-0.03251963821095627,0.0490122806894697,0.5208926098571302,0.38604907803287586,0.1286830260109579,0.006130456105934323,0.007601765571358499
2019-02-03 21:00:00,0.006303590482760857,0.022319334092972154,-0.0258220474624834,0.04822584220658202,0.48429873820901065,0.0,0.1286830260109579,0.012086827824370872,0.013566847557967332
2019-02-04 01:00:00,0.005579644946429152,0.022044325780149476,-0.025446692644054192,0.047571947032320684,0.4875297035547424,0.06491718791520858,0.15032208864936075,0.011587771203155794,0.01306706114398426
2019-02-04 05:00:00,0.0034589748110289698,0.020134953802573907,-0.025794402621471257,0.04605969266065886,0.5009970458118375,0.45631431851198706,0.17374383547573113,0.009596456692913424,0.011072834645669216
2019-02-04 09:00:00,-0.006073431907803628,0.00996507089015708,-0.03150503190380194,0.041921597582739945,0.562854731697341,1.0000000000000002,0.5070771688090645,-0.0002436647173489348,0.001218323586744674
2019-02-04 13:00:00,0.0030894994216423832,0.01834160351132952,-0.019226994559042088,0.037585236886504295,0.49950578954436103,0.19358231829388572,0.5499655456019569,0.009099852434825362,0.010575504181013162
2019-02-04 17:00:00,0.002021165523782509,0.017003191695903253,-0.01832997302268402,0.03535661997016451,0.5058109657543729,0.24269837861888444,0.478760232304256,0.008108108108108025,0.009582309582309545
2019-02-04 21:00:00,0.0009966648397197186,0.01569405093969123,-0.017510447601448598,0.03323468222406303,0.5124258691905319,0.2039509928195869,0.21341056324411828,0.007118311242022557,0.00859106529209619
2019-02-05 01:00:00,-0.002336056678111209,0.012077377940641565,-0.019024540367255538,0.03121032992358088,0.5358437368360429,0.5736156920178738,0.34008835448544766,0.00366927592955002,0.005136986301369939
2019-02-05 05:00:00,-0.0013056220607720048,0.012846033148691927,-0.016420959691296866,0.029319400190966724,0.5280402206635144,0.7852515963576517,0.5209394270650367,0.004652301665034164,0.006121449559255643
2019-02-05 09:00:00,-0.0007842938597641957,0.013009207279517598,-0.014332088220232797,0.027359392108935773,0.5239317369467235,0.6033666071996361,0.6540779651917198,0.005144536991670723,0.006614404703576771
2019-02-05 13:00:00,0.007309962367073819,0.01877101800325187,-0.0019231919162954192,0.020521339936387478,0.4586055279122082,0.0,0.4628727345190953,0.013586956521739024,0.015069169960474138
2019-02-05 17:00:00,0.006545367491812337,0.018284954798578834,-0.0034207572677141806,0.02154558316425746,0.4628482589343952,0.05493046875764276,0.2194323586524256,0.013086419753086442,0.01456790123456786
2019-02-05 21:00:00,0.011088056141439928,0.023403033207326063,-0.00032611013040229064,0.0234584686988949,0.4268262838783378,0.0,0.018310156252546908,0.018114143920595627,0.01960297766749375
2019-02-06 01:00:00,0.021376575102319606,0.036264838043331915,0.006133556336999968,0.02950578279853567,0.36037661094104395,0.0,0.018310156252546908,0.029352734570998518,0.03085800301053676
2019-02-06 05:00:00,0.01320768098944658,0.02630695993076837,-0.002103772679771354,0.028071028431808105,0.42599297499657524,0.6403367696378686,0.21344558987928888,0.021663346613545853,0.023157370517928433
2019-02-06 09:00:00,0.017561975190029333,0.03170079746364651,0.00023113446828593176,0.030975115357766637,0.3967702725826999,0.35515835213284924,0.3318317072569053,0.02677677677677659,0.028278278278278224
2019-02-06 13:00:00,0.00862504252473384,0.021540648436435328,-0.008587794838419538,0.029934574196312957,0.46407637545919966,1.0,0.6651650405902386,0.018114143920595627,0.01960297766749375
2019-02-06 17:00:00,0.012634582269657413,0.025517317802097095,-0.00537773654586482,0.030587049166919275,0.4363204598041607,0.7323435035363122,0.6958339518897197,0.022681954137587113,0.024177467597208402
2019-02-06 21:00:00,0.00731309941656666,0.02021041639965815,-0.01078581322505412,0.03085085111005665,0.47396669200871505,1.0,0.9107811678454368,0.017609126984126977,0.0190972222222221
2019-02-07 01:00:00,0.004154469587150489,0.016467935068474437,-0.013846767907246815,0.030275025025020816,0.49572824197852033,1.0,0.9107811678454368,0.014589515331355107,0.016073194856577544
2019-02-07 05:00:00,0.0059038898711178955,0.01831566614845137,-0.012170968427934636,0.030393255891288922,0.48142934415279476,0.7593093479948664,0.9197697826649549,0.016600594648166656,0.018087215064420237
2019-02-07 09:00:00,-0.0009862934399039736,0.011470914564552182,-0.018951229525181246,0.030536354865806237,0.532280106802465,1.0,0.9197697826649549,0.009596456692913424,0.011072834645669216
2019-02-07 13:00:00,-0.002362607941651995,0.010139359685748195,-0.020409629956017472,0.030706672554885323,0.5426299823316793,1.0,0.9197697826649549,0.008108108108108025,0.009582309582309545
2019-02-07 17:00:00,0.0005644869886465287,0.011302853177013406,-0.01682281374872241,0.028203508051950987,0.5179441976693695,0.5966417116410575,0.8655472372136853,0.011089206505667804,0.012567767373090177
2019-02-07 21:00:00,-0.003233110390152505,0.0075867038901318296,-0.02074330673745528,0.028517608049216714,0.5475027087182581,1.0,0.8655472372136853,0.007118311242022557,0.00859106529209619
2019-02-08 01:00:00,0.00161828600779379,0.012150745968882992,-0.015900129293993204,0.028103560773947222,0.5057561121256346,0.0,0.532213903880352,0.012086827824370872,0.013566847557967332
2019-02-08 05:00:00,0.0068056822007482864,0.016869420074056007,-0.010768229597864276,0.027553594806810085,0.463857755074451,0.0,0.3333333333333328,0.017609126984126977,0.0190972222222221
2019-02-08 09:00:00,-0.016871737462571423,-0.00493077646137452,-0.03645354106040566,0.032188820789125515,0.6185466886150038,0.9999999999999999,0.3333333333333328,-0.007018393030009729,-0.005566311713456007
2019-02-08 13:00:00,-0.03809385315242153,-0.017451795726482366,-0.06585789694491184,0.050510091310364776,0.7075869972108209,1.0,0.6666666666666662,-0.030023640661938633,-0.028605200945626574
2019-02-08 17:00:00,-0.011925152022189245,0.010062260388820299,-0.04127585262182942,0.052152039254352286,0.5518707478191047,0.36110969686357663,0.7870365656211916,-0.004126213592233086,-0.00266990291262148
