timestamp,ema50_dist_xrp_usd_30m,ema200_dist_xrp_usd_30m,lower_bb_dist_xrp_usd_30m,width_bb_xrp_usd_30m,rsi_xrp_usd_30m,stoch_rsi_fastk_xrp_usd_30m,stoch_rsi_fastd_xrp_usd_30m,kijun_dist_xrp_usd_30m,tenkan_dist_xrp_usd_30m
2019-01-30 22:00:00,,,,,,,,-0.07140426321814186,-0.06798564489682257
2019-01-30 22:30:00,,,,,,,,-0.07711465731943545,-0.07371706177166915
2019-01-30 23:00:00,,,,,,,,-0.07583595048956215,-0.07243364739208069
2019-01-30 23:30:00,,,,,,,,-0.07580749453459368,-0.07240508667672496
2019-01-31 00:00:00,,,,,,,,-0.0783049286043297,-0.07491171503147531
2019-01-31 00:30:00,,,,,,,,-0.0833715071003206,-0.07999694609864094
2019-01-31 01:00:00,,,,,,,,-0.10389610389610393,-0.1005971040453798
2019-01-31 01:30:00,,,,,,,,-0.11460176991150439,-0.1113421828908554
2019-01-31 02:00:00,,,,,,,,-0.11454953094577847,-0.11128975160776433
2019-01-31 02:30:00,,,,,,,,-0.11431437929711707,-0.1110537342500516
2019-01-31 03:00:00,,,,,,,,-0.10982264665757147,-0.10654546533009057
2019-01-31 03:30:00,,,,,,,,-0.11093009478672977,-0.10765699052132693
2019-01-31 04:00:00,,,,,,,,-0.10672301419600594,-0.10343442159459515
2019-01-31 04:30:00,,,,,,,,-0.0975646422128682,-0.09424233313289221
2019-01-31 05:00:00,,,,,0.6743620899149448,,,-0.09549783027965286,-0.09216791224686582
2019-01-31 05:30:00,,,,,0.696100950774866,,,-0.09994602374955008,-0.09663248170804828
2019-01-31 06:00:00,,,,,0.7038893453251354,,,-0.10156249999999989,-0.09825490900383127
2019-01-31 06:30:00,,,,,0.6190333817926524,,,-0.09347629115070966,-0.09013893083660507
2019-01-31 07:00:00,,,,,0.5696472010672994,,,-0.08799489532375193,-0.0846373552915437
2019-01-31 07:30:00,,0.033145124383586744,-0.029180752402910404,0.062202579704444046,0.605265588487181,,,-0.09374999999999989,-0.09041364734299495
2019-01-31 08:00:00,,0.036072926486606205,-0.022073896536321302,0.05774265246231308,0.5730086512666666,0.02504020043743463,0.09678986638845992,-0.09012368133866855,-0.08677397841639367
2019-01-31 08:30:00,,0.027180398005402173,-0.027207460791064952,0.05438859474990811,0.6175714996285862,0.9703989629771916,0.4202561873808571,-0.09745609814770262,-0.09413338946355532
2019-01-31 09:00:00,,0.053785410741511885,-0.0025995241795031543,0.05497788892797207,0.4576840064061392,0.0,0.3318130544715421,-0.07426826635413131,-0.0708601918391264
2019-01-31 09:30:00,,0.05362816846132645,-0.0032103841058858107,0.05544094769454972,0.45949312962959177,0.011314976468707227,0.3272379798152996,-0.07455369531033196,-0.0711466715999135
2019-01-31 10:00:00,,0.07924850733106847,0.010830158496495823,0.06546963992619159,0.37218210438980387,0.0,0.0037716588229023767,-0.05553807426054125,-0.05206104468218997
2019-01-31 10:30:00,,0.08251602987542284,0.004463612048997367,0.0747994050909405,0.3723787839297927,0.0008014997542882874,0.004038825407665139,-0.055567792077027,-0.052090871904596825
2019-01-31 11:00:00,,0.08628580380363715,-0.0007007863051349261,0.08341696874396018,0.36450836855074775,0.0,0.00026716658476273026,-0.053662073966642465,-0.050178137907115894
2019-01-31 11:30:00,,0.10708801225089681,0.0071137978781226074,0.09457395589560415,0.3040595415186763,0.0,0.00026716658476273026,-0.036683997689196945,-0.03313755696771281
2019-01-31 12:00:00,,0.10169433912025494,-0.003852543494215932,0.10062425377789135,0.32934295731810864,0.370077519994841,0.12335917333161364,-0.0403184550454021,-0.0367853945517328
2019-01-31 12:30:00,,0.10131622946974517,-0.008196654851724605,0.10464082955361513,0.3232341223217835,0.28066149632811543,0.21691300544098543,-0.038566257727665865,-0.035026746532560216
2019-01-31 13:00:00,,0.08328911035231945,-0.02396884478165917,0.10416830924961183,0.4084384410257208,1.0,0.5502463387743188,-0.05105912108757504,-0.047565602276319896
2019-01-31 13:30:00,,0.07829406014107221,-0.026016519442479513,0.10165348254802281,0.4094125784166563,1.0,0.7602204987760385,-0.05120910384068278,-0.04771613718982126
2019-01-31 14:00:00,,0.08023495247180401,-0.022724618608529368,0.10008170494775769,0.3842028995071919,0.7074712166842323,0.9024904055614108,-0.04562798092209852,-0.04211446740858493
2019-01-31 14:30:00,,0.07094621373436749,-0.029807133347295456,0.09872266721046435,0.419963349154245,1.0,0.9024904055614108,-0.0508190500284611,-0.0473246473973814
2019-01-31 15:00:00,,0.07810120337904913,-0.023232110147887064,0.09862751243934036,0.37841128609299285,0.0,0.5691570722280774,-0.04166666666666652,-0.03813856960408657
2019-01-31 15:30:00,,0.07376819855513839,-0.024316069366242643,0.09571754960697665,0.37615510052048867,0.0,0.33333333333333337,-0.04114621601763391,-0.037616202919847685
2019-01-31 16:00:00,,0.06320307572760919,-0.02789454376057865,0.08951725800524817,0.4032042412323842,0.6174440101002547,0.20581467003341825,-0.04480794322629911,-0.041291410750087354
2019-01-31 16:30:00,,0.05382945940047601,-0.031353631218513645,0.0842364486457791,0.43025150278816077,1.0,0.5391480033667515,-0.04850213980028528,-0.04499920748137565
2019-01-31 17:00:00,,0.05028832534865857,-0.03025595878141818,0.07974553820338079,0.4249809809891035,0.9025716761536476,0.8400052287513007,-0.047566161071269764,-0.044059782953607685
2019-01-31 17:30:00,,0.04887577134953802,-0.023676383867881623,0.07164939478639538,0.39662506715854756,0.37839792999120875,0.7603232020482855,-0.04246155809353658,-0.038936387417852214
2019-01-31 18:00:00,,0.03837099076232953,-0.02445462886059624,0.062391488357142935,0.42113607855326946,0.7289208902395895,0.6699634987948154,-0.045476228335188384,-0.04196215614565102
2019-01-31 18:30:00,,0.027455486641890348,-0.015284926713275526,0.04248189910569227,0.4092015661563989,0.3740063067158929,0.4937750423155638,-0.04346856177698455,-0.039947098377895895
2019-01-31 19:00:00,,0.03234673336415739,-0.00489146241551508,0.03673392583625172,0.3589144682485809,0.0,0.3676423989851609,-0.03414210323078892,-0.03058630454369915
2019-01-31 19:30:00,,0.0148452195388038,-0.01014417415379587,0.02493079329721244,0.4331861184150526,0.9999999999999999,0.458002102238631,-0.04337710351861279,-0.03985530341662391
2019-01-31 20:00:00,,0.007467796068005628,-0.015750976302405073,0.023315334931140647,0.4755031450162896,1.0,0.6666666666666667,-0.04925562242635395,-0.04575546404814679
2019-01-31 20:30:00,,0.008489138448306788,-0.012636486812866776,0.021169523956453266,0.46024381151979826,0.8691182204006478,0.9563727401335494,-0.04684026675134956,-0.04333121625912972
2019-01-31 21:00:00,,-0.0002606093277780497,-0.02196021443484719,0.021943405378907387,0.5205193306265415,1.0,0.9563727401335494,-0.055567792077027,-0.052090871904596825
2019-01-31 21:30:00,,0.0019673857491582236,-0.019918365523589165,0.022083965683408355,0.5122628962957713,0.9054605444859135,0.9248595882955205,-0.05440740974103697,-0.05092621762963878
2019-01-31 22:00:00,,0.0059911178357923145,-0.01580458606215973,0.021903176963546322,0.4883083516578818,0.46560428767744677,0.7903549440544535,-0.05105912108757504,-0.047565602276319896
2019-01-31 22:30:00,0.022008423852804215,0.0076670251893544705,-0.01300635444799203,0.02072871836357288,0.47694245936843865,0.2770386401661405,0.5493678241098336,-0.049466383760331745,-0.045967001298413246
2019-01-31 23:00:00,0.02021334315989809,0.00661770359318381,-0.013923047346149908,0.02061605462225641,0.484260085156621,0.1679245337472836,0.30352248719695707,-0.05036858923656151,-0.04687252823741561
2019-01-31 23:30:00,0.008291028798745215,-0.0024931079048204907,-0.026390220215292026,0.02424728343216783,0.5637831671241895,1.0,0.4816543913044748,-0.06115107913669049,-0.057694713794181895
2019-02-01 00:00:00,0.020862089645504067,0.010926449103984437,-0.013252915031084278,0.02420752312393241,0.4729218220337298,0.0,0.38930817791576133,-0.04865293185419961,-0.04515055467511875
2019-02-01 00:30:00,0.020230532320535177,0.010901842748893165,-0.013095603844505588,0.02402379782992276,0.4717521406453502,0.0,0.3333333333333334,-0.04847197565305594,-0.044968932285061936
2019-02-01 01:00:00,0.023901101978411443,0.015426953271472588,-0.008264760984602937,0.023607174693822102,0.44359220842146724,0.0,9.473903143468002e-17,-0.04413872169676114,-0.04061972548644932
2019-02-01 01:30:00,0.02793874873178237,0.020710307812570994,-0.0035896727903262926,0.024093730618773245,0.41417462800048954,0.0,9.473903143468002e-17,-0.03930480427615768,-0.035768012034695595
2019-02-01 02:00:00,0.045458753196130575,0.04358363418855804,0.00908553261398537,0.03361291934667741,0.3283807709248667,0.0,9.473903143468002e-17,-0.021196804174139716,-0.01759334746453589
2019-02-01 02:30:00,0.05243204377657906,0.0565577068315164,0.010238345800062332,0.04482238193988929,0.29791146010275404,0.0,9.473903143468002e-17,-0.01266447368421042,-0.009029605263157658
2019-02-01 03:00:00,0.05060877176284273,0.0591264780761791,0.004457241859332495,0.0529847523884857,0.2971271927039909,0.0,9.473903143468002e-17,-0.012437074326325015,-0.008801368736221948
2019-02-01 03:30:00,0.04133727591580927,0.052288917591410744,-0.005993105217987238,0.05696343847940433,0.3548706361666804,0.49333369258725507,0.1644445641957518,-0.01956621153720517,-0.01595675181289602
2019-02-01 04:00:00,0.04112347205857847,0.054159448767448826,-0.0078443135085432,0.06060040431470205,0.3488652013959808,0.8959979798471852,0.46311055747814683,-0.018187170848189327,-0.014572634195806233
2019-02-01 04:30:00,0.036477019453633464,0.050953623242010915,-0.013176425224792343,0.06294117779824279,0.3735571312837606,1.0,0.7964438908114801,-0.021164883902948017,-0.01756130967910241
2019-02-01 05:00:00,0.04273724620397901,0.059997880871120346,-0.008609402774567676,0.06688863116687428,0.33861423218879794,0.5428113675834912,0.8129364491435588,-0.013605442176870652,-0.009974037924348367
2019-02-01 05:30:00,0.03755074792613966,0.056119259623124806,-0.014669822892708573,0.06935178627711606,0.3676197612548327,0.8300836455271738,0.7909650043702218,-0.017061828661252276,-0.013443149069950144
2019-02-01 06:00:00,0.03751664357797324,0.05659380188561647,-0.015733904207536842,0.07087963870076697,0.3606161077792128,0.6296522658472448,0.6675157596526367,-0.015643447461629267,-0.012019546110455082
2019-02-01 06:30:00,0.032332451347485636,0.051448272442869314,-0.021078410324330332,0.0714418433019131,0.3928884971754706,1.0,0.8199119704581396,-0.01930993922760238,-0.015699536038685014
2019-02-01 07:00:00,0.030190294134363693,0.04751611942062084,-0.022683422655694008,0.06933860974140972,0.40060509863228694,1.0,0.8765507552824151,-0.020174321809812823,-0.016567100838964288
2019-02-01 07:30:00,0.02543276081969781,0.04053834065779571,-0.02626238437364281,0.06632728233987313,0.43253799387197256,1.0,1.0000000000000002,-0.02371194379391084,-0.020117746552172577
2019-02-01 08:00:00,0.029136426405800497,0.04263776567304256,-0.022123352966329835,0.06410359483911564,0.40218732985601774,0.5780051710989522,0.8593350570329842,-0.019053532910647597,-0.015442185763775207
2019-02-01 08:30:00,0.03052084289509227,0.04240996335826175,-0.02019502233598125,0.06191724175729282,0.38658065151985616,0.0,0.5260017236996509,-0.01654652686762781,-0.012925950196592373
2019-02-01 09:00:00,0.026058183915019573,0.035415886445086864,-0.023091011359361313,0.058148560929512774,0.4180700426914629,0.6851873837773523,0.4210641849587684,-0.019790339962770465,-0.016181705365598598
2019-02-01 09:30:00,0.017401455550956957,0.01996861527725846,-0.026825387798321,0.04695498289379604,0.4853903280834072,1.0,0.5617291279257843,-0.02738172391445226,-0.023801036941023757
2019-02-01 10:00:00,0.016719045529350884,0.01574584987906924,-0.02483852648308693,0.0407697293442364,0.4853903280834072,1.0,0.8950624612591177,-0.02738172391445226,-0.023801036941023757
2019-02-01 10:30:00,0.0155255720558245,0.010236043287643826,-0.02258504092342406,0.0330249970161048,0.49025494495966354,1.0,1.0000000000000002,-0.02791721993716989,-0.02433850438837948
2019-02-01 11:00:00,0.01853243062554588,0.009132838712440972,-0.016190017791204214,0.025412526880163794,0.4589254459800715,0.5659826640314849,0.8553275546771618,-0.02431492377206379,-0.02072294639664518
2019-02-01 11:30:00,0.015235775352342218,0.0028270049557141963,-0.016411494645766966,0.019370065831271367,0.4841497926890011,0.8051308680474171,0.7903711773596342,-0.026877188432109844,-0.02329464401504322
2019-02-01 12:00:00,-0.0005233928600349991,-0.0076100390315740896,-0.03472502847345227,0.027701358891198125,0.6037560894042971,1.0,0.7903711773596342,-0.04200312789250249,-0.03847626950943128
2019-02-01 12:30:00,0.0002639833101025779,-0.0033117810842012707,-0.03456594203596719,0.03185750584460644,0.5961149837717383,0.9472410986245697,0.9174573222239958,-0.04123810132243011,-0.0377084264997124
2019-02-01 13:00:00,-0.0037510758748758866,-0.0035772490142563784,-0.039155836203798255,0.0363553758772913,0.6230371037514186,1.0,0.9824136995415235,-0.045233323790437874,-0.041718357349619706
2019-02-01 13:30:00,0.0007084749027341797,0.003299956982932839,-0.035035642054507266,0.03895371037993361,0.5783507119749031,0.6782543240654074,0.8751651408966593,-0.04093174846625758,-0.03740094580777087
2019-02-01 14:00:00,0.003948254592184952,0.008131431923650068,-0.03119331073096021,0.03978348359318973,0.5466104336303587,0.0,0.5594181080218028,-0.037672330875280435,-0.03412952869509445
2019-02-01 14:30:00,0.00043424113392220853,0.006510459348108899,-0.034428284198742776,0.041518293773687195,0.5725864787189222,0.33988194235621505,0.33937875547387447,-0.04102367487779146,-0.03749321064570732
2019-02-01 15:00:00,0.0016779857136373089,0.008828516292206379,-0.03150751046969691,0.04079866308315934,0.559599127698409,0.16994975768898843,0.16994390001506815,-0.03976581995009276,-0.0362307249344167
2019-02-01 15:30:00,-0.005508530981209625,0.0036922386077919978,-0.03796869854872731,0.04238738185458926,0.6132814443253548,0.9999999999999999,0.5032772333484015,-0.04687053443841094,-0.043361595376456674
2019-02-01 16:00:00,0.0017682258180382604,0.011617343558151472,-0.028911009585022907,0.040881851688000494,0.5426578364735458,0.0,0.38998325256299643,-0.03982725527831077,-0.03629238643634014
2019-02-01 16:30:00,-0.0010948381328663714,0.009644143283074724,-0.03031653012878932,0.040378028524729416,0.5639603174379346,0.30163399481216363,0.4338779982707215,-0.04261427067717127,-0.0390896622117316
2019-02-01 17:00:00,0.006911656400267141,0.01791503401754757,-0.02068414603632962,0.03865269687761841,0.49374177434460476,0.0,0.10054466493738824,-0.03467018299938884,-0.03111632843405243
2019-02-01 17:30:00,0.005739148329737098,0.017055164983129645,-0.020470755240824978,0.03759011644170657,0.5012587225315978,0.06288245724790337,0.1215054840200227,-0.035569693464430174,-0.03201915044020287
2019-02-01 18:00:00,0.0014945396069305783,0.01268497319384121,-0.02231315699007841,0.03516742942097277,0.5346174587071635,0.5821209407354044,0.21500113266110293,-0.03958146678612562,-0.03604569307564309
2019-02-01 18:30:00,0.0003287987614082333,0.01067902291494649,-0.020142715065291528,0.030968275091183012,0.5437189085253135,0.711736985404017,0.45224679446244204,-0.04068652518537452,-0.03715481973919699
2019-02-01 19:00:00,0.002717885372775397,0.01214656728559893,-0.01474829750027351,0.02692989694915793,0.5199902870267732,0.525210440984038,0.606356122374487,-0.03828900993271378,-0.034748478051906284
2019-02-01 19:30:00,-0.0032181622819210665,0.006441190208132053,-0.01940934307437392,0.026019244049655853,0.5692983854143925,1.0,0.7456491421293522,-0.04410828025477698,-0.040589171974522165
2019-02-01 20:00:00,-0.005525739646064731,0.004454992846737449,-0.02050327747189651,0.02516015901517894,0.5884671365874695,1.0000000000000002,0.8417368136613465,-0.04653748411689962,-0.043027318932655545
2019-02-01 20:30:00,-0.0023863564291830563,0.007399027237382727,-0.01576316182825732,0.02325946169972383,0.5564620643296255,0.5326147090123439,0.844204903004115,-0.043620953352026426,-0.04010005098139169
2019-02-01 21:00:00,0.000894026692179084,0.009087983367751518,-0.009177497434247783,0.018266298347321734,0.5232602992356836,0.04775354342217443,0.5267894174781731,-0.0404411764705882,-0.03690856777493601
2019-02-01 21:30:00,-0.001043333075809505,0.005322624554952249,-0.0077793918320880895,0.013118130483895313,0.5408486262464475,0.2697313307173018,0.28336652771727366,-0.042339352944929964,-0.03881373237189689
2019-02-01 22:00:00,0.0013921248031696365,0.0077326563912460955,-0.005420092419904821,0.013137558089396564,0.5151017901761746,0.0,0.10582829137982573,-0.0399501023541452,-0.03641568577277354
2019-02-01 22:30:00,-0.0025244419651142547,0.003939428088308494,-0.009396580047531078,0.013372496007232382,0.5521873721609847,0.8966473927909356,0.3887929078360795,-0.043803759158967726,-0.04028352978655614
2019-02-01 23:00:00,0.0022686335203527808,0.008302187158351293,-0.004630259636502099,0.012908746803523058,0.5019822058840248,0.0,0.2988824642636455,-0.03912027403399798,-0.03558280244581724
2019-02-01 23:30:00,0.0007636798025913993,0.006800615626685769,-0.006116538012646444,0.012912736982179441,0.516223765532566,0.2836672140467932,0.3934382022792432,-0.04053319694402702,-0.03700092702106561
2019-02-02 00:00:00,-0.004675953549506562,0.0017705624434836142,-0.01148448488467857,0.01331974079266052,0.5674770780427646,1.0,0.4278890713489313,-0.045931341385886726,-0.042418944691671734
2019-02-02 00:30:00,0.0018412855520655302,0.008374352549425979,-0.005053071392416619,0.01340516278456104,0.5006715928022986,0.0,0.4278890713489313,-0.03961219722906584,-0.03607653665248112
2019-02-02 01:00:00,-0.0007498104477696721,0.005834193832402468,-0.007509636627998306,0.01335501824495253,0.5245495543278851,0.35742516411096936,0.45247505470365673,-0.04212541886069887,-0.03859901069092064
2019-02-02 01:30:00,0.0002610348011109487,0.006004846228342187,-0.006238050713534893,0.012244324657591297,0.5142153552283223,0.2027342871213794,0.1867198170774499,-0.04114621601763391,-0.037616202919847685
2019-02-02 02:00:00,-8.679482673301653e-05,0.00571297135532034,-0.006476208246167459,0.012193832993078314,0.5177326241630186,0.25538369041567255,0.2718477138826741,-0.0414830427284919,-0.03795426965574478
2019-02-02 02:30:00,0.0008686188846465104,0.006562854173575605,-0.00556231074743363,0.012119102077052402,0.506600423306227,0.24829717970587095,0.23547171908097464,-0.04053319694402702,-0.03700092702106561
2019-02-02 03:00:00,-0.00020944758822871723,0.00502600552615573,-0.005482626530721624,0.010511031835835353,0.5188207906823898,0.6808333707864361,0.3948380803026602,-0.04157486349267159,-0.03804642845738726
2019-02-02 03:30:00,-0.00010920645398682094,0.004651017931692536,-0.0043029308141089295,0.008952390639874928,0.5176026176677452,0.900316170770704,0.6098155737543374,-0.0414830427284919,-0.03795426965574478
2019-02-02 04:00:00,-0.0026445419439393714,0.0022354505404735825,-0.006713585394121591,0.008969118395441705,0.5491433385552432,1.0,0.860383180519047,-0.044016944294040794,-0.0404974997611236
2019-02-02 04:30:00,-0.0015326073150427888,0.003402144181995137,-0.00553835129843383,0.008950055066091324,0.5341884997002031,0.6484763968922905,0.849597522554332,-0.043011095523529996,-0.03948794796582045
2019-02-02 05:00:00,-0.0025723530008874285,0.0022850726375411856,-0.006106728688496155,0.008407867314536506,0.5486296661609572,0.9837139932179035,0.8773967967033985,-0.04410828025477698,-0.040589171974522165
2019-02-02 05:30:00,-0.0015550152994713295,0.0031288195783465422,-0.005137107751760017,0.00827423585511243,0.5337786322629885,0.5128612834481882,0.7150172245194613,-0.043194134523429906,-0.03967166082244156
2019-02-02 06:00:00,0.003423826785484474,0.007658112048341437,-0.0002886791742618966,0.007917617048920966,0.4619559846073971,0.0,0.4988584255553644,-0.03828900993271378,-0.034748478051906284
2019-02-02 06:30:00,0.007883047355493611,0.013285313007437072,0.0026119247750626684,0.010589218569608365,0.4073550865343687,0.0,0.1709537611493966,-0.03370677998841021,-0.0301493786620306
2019-02-02 07:00:00,0.004962269810154574,0.01079787557506795,-0.0007676951345614302,0.011507857764697486,0.44728537079592257,0.28264309380425046,0.09421436460141734,-0.03631284916201116,-0.032765042059975436
2019-02-02 07:30:00,0.005574366096984917,0.011784256808264226,-0.0007881128493946177,0.012503623833816821,0.43746053134984003,0.2381316284238346,0.1735915740760289,-0.035507712082262,-0.03195694087403578
2019-02-02 08:00:00,0.0031874465634225135,0.009544091173630642,-0.0032984996378815357,0.012802610872461938,0.4711418688605577,1.0000000000000002,0.5069249074093622,-0.037672330875280435,-0.03412952869509445
2019-02-02 08:30:00,0.00275352341462054,0.008840484499308188,-0.0038468947557178668,0.01265578036750592,0.4759688992913646,1.0000000000000002,0.7460438761412789,-0.037980769230769096,-0.03443910256410243
2019-02-02 09:00:00,0.0021825772528114573,0.008356924477168404,-0.0043972896862017885,0.01272901304192248,0.4835829776578848,1.0,1.0000000000000007,-0.03844305622296962,-0.03490309146243775
2019-02-02 09:30:00,0.004292098121300603,0.010695413026108325,-0.0026135995146769897,0.013255448509353921,0.45023630085458743,0.2769967884925261,0.7589989294975095,-0.03625096326740296,-0.032702928332905
2019-02-02 10:00:00,0.003999867860838835,0.009646108167826295,-0.0028238402854577904,0.012427556393863066,0.45252680321187383,0.06868757480085497,0.4485614544311278,-0.03637472710928458,-0.03282714781045304
2019-02-02 10:30:00,-0.0026780672754471713,0.0031631055455396684,-0.009566166770028861,0.012770156362084858,0.5577053022899762,1.0,0.4485614544311278,-0.042889030612244805,-0.03936543367346923
2019-02-02 11:00:00,-0.00309220210516592,0.0028131519469398736,-0.010162484260417437,0.013023493197051086,0.5649234788075781,1.0,0.689562524933619,-0.04340759154794904,-0.03988590368741418
2019-02-02 11:30:00,-0.001411580211661323,0.004520046853106585,-0.00855184152845545,0.013098293195943847,0.5366293624342127,0.753293115426007,0.9177643718086698,-0.04185022026431706,-0.03832279895294621
2019-02-02 12:00:00,-0.0011111438287163544,0.004789647012682474,-0.008298811071689727,0.013111463222122288,0.5321271454799814,0.7082090448514105,0.8205007200924733,-0.04160546650488528,-0.03807714413436347
2019-02-02 12:30:00,-0.001741269891862296,0.004258179420485675,-0.008986960530887322,0.013276530855533656,0.5434704160176186,0.3458700832294662,0.6024574145022953,-0.042278238672622814,-0.03875239310784928
2019-02-02 13:00:00,-0.0018871609330206596,0.0041417677523150065,-0.009220403666437837,0.013396188601023649,0.5472317890915286,0.4605589125061508,0.5048793468623433,-0.04249210450760843,-0.03896704628832093
2019-02-02 13:30:00,-6.622729469563104e-05,0.005906797070553971,-0.007428049866974207,0.013344997494906788,0.5103583053334236,0.0,0.26880966524520644,-0.04074784276126553,-0.03721636305528908
2019-02-02 14:00:00,-0.0016269738446352822,0.003999636428299258,-0.008951616263020545,0.01298339945746963,0.5402108641250327,0.8095942056206552,0.42338437270893614,-0.042308796783765645,-0.03878306371845175
2019-02-02 14:30:00,-0.0003373683957794693,0.005040298141162136,-0.007644048820054317,0.01270088192618546,0.5137543176092283,0.09209903512461602,0.3005644135817579,-0.041084949362640066,-0.03755471071211769
2019-02-02 15:00:00,0.003960052880105147,0.008932596687332595,-0.0033905903976205742,0.01228913385638949,0.43417903640220984,0.0,0.3005644135817579,-0.03680765034336686,-0.03326166484821247
2019-02-02 15:30:00,0.0038357116988505524,0.00847126667218312,-0.003535609921757832,0.011977318627173938,0.43365863246174624,0.0,0.030699678374872832,-0.036776740155964105,-0.0332306408651839
2019-02-02 16:00:00,0.004428692426415415,0.009286207166432359,-0.003039619505449953,0.012287449357112833,0.4206279902605855,0.0,8.230453355887828e-16,-0.0360343000289044,-0.03248546745030001
2019-02-02 16:30:00,0.0075203291782193205,0.012838036556211518,0.00010022072659343628,0.012655942906875241,0.3684634926380884,0.0,8.230453355887828e-16,-0.032772621809744606,-0.029211781386955238
2019-02-02 17:00:00,0.007599886156854252,0.013603257943531455,-0.0002924906965938723,0.013803878532996602,0.3629240101779628,0.0,8.230453355887828e-16,-0.03239845261121843,-0.028836234687298234
2019-02-02 17:30:00,0.0078014443175549175,0.01447919684592991,-0.0005035807963881256,0.014878807392620852,0.3552550167311376,0.0,8.230453355887828e-16,-0.03189910979228472,-0.02833505354147825
2019-02-02 18:00:00,0.008433336879287934,0.01587458479012005,-0.0006456831306642652,0.01639542575752121,0.34071708797174804,0.0,8.230453355887828e-16,-0.030961451540001295,-0.027393943307289836
2019-02-02 18:30:00,0.004953540389919464,0.012586532386240634,-0.004309782587367583,0.016826679864018094,0.42589695701738184,1.0,0.33333333333333415,-0.034111021721641155,-0.030555108608205872
2019-02-02 19:00:00,0.005785729968139863,0.013679669322810506,-0.003825278497477491,0.01741912041011066,0.40737704367095345,0.7825787530090398,0.5941929176696807,-0.03308420849172067,-0.02952451517299115
2019-02-02 19:30:00,0.0045636985802886,0.012661675192308541,-0.005102300795707504,0.017697086536586484,0.43311931110173973,1.0,0.9275262510030141,-0.03407993821201005,-0.030523910664864373
2019-02-02 20:00:00,0.003950081056754096,0.012209200912151719,-0.005746900346017436,0.017898269260382058,0.4444883624858131,1.0,0.9275262510030141,-0.034514925373134164,-0.030960499227997706
2019-02-02 20:30:00,0.00227722637195793,0.009914841016618547,-0.00732628078281361,0.017218835802616694,0.4835301980237235,1.0,1.0000000000000007,-0.0360343000289044,-0.03248546745030001
2019-02-02 21:00:00,0.002713968622182872,0.009561945353568913,-0.00670526154894191,0.01624400490963706,0.4711581582814796,0.8375373962195709,0.9458457987398577,-0.035507712082262,-0.03195694087403578
2019-02-02 21:30:00,0.0059002300495500926,0.012402622812436537,-0.003706550071094439,0.01603943284615087,0.4020757848976071,0.0,0.6125124654065244,-0.032211259431224604,-0.02864835235700003
2019-02-02 22:00:00,0.0064173117217321,0.012543537176025854,-0.003350249018556406,0.015821062401773833,0.3881972676861903,0.0,0.27917913207319106,-0.031461761858664006,-0.027896095514681973
2019-02-02 22:30:00,0.0028385261440435627,0.008060858328842846,-0.006562321492492584,0.014612231337875042,0.475174794383751,0.91235553538122,0.3041185117937408,-0.03479435315303725,-0.031240955719201158
2019-02-02 23:00:00,0.0032542286367658324,0.007384430988206292,-0.00565019675397227,0.013023334985490688,0.4638908414228492,0.8702658791375104,0.5942071381729109,-0.034266409266409226,-0.03071106821106806
2019-02-02 23:30:00,0.0026306453106026417,0.005967830682007236,-0.005887434489570964,0.011854788631644058,0.4764913331117882,1.0,0.9275404715062443,-0.03476331360946738,-0.031209801903781753
2019-02-03 00:00:00,-0.00555156959515235,-0.0022851785672023395,-0.014351193766099501,0.012167224436894731,0.6303058418849927,1.0,0.9567552930458375,-0.04285850951879833,-0.039334800216843435
2019-02-03 00:30:00,-0.011719671738362192,-0.006058047199097527,-0.022982180865521284,0.017173494768799976,0.7051538542752841,1.0,1.0000000000000007,-0.04925562242635395,-0.04575546404814679
2019-02-03 01:00:00,-0.007060914510043759,-0.0001607444751251519,-0.019307296630789783,0.01933475707845275,0.6165909484972623,0.632919672473003,0.8776398908243351,-0.04505106423594529,-0.04153542680792821
2019-02-03 01:30:00,-0.007451297450534078,0.0006271049197812406,-0.020552072331474824,0.021392297668206106,0.6246266532182141,0.6478338441851942,0.7602511722193998,-0.04571900931548645,-0.042205830922328325
2019-02-03 02:00:00,-0.008279576633024477,0.0010697944524622471,-0.0222003120771056,0.02351858648265708,0.6383546820266881,0.2457432187689894,0.5088322451423963,-0.04684026675134956,-0.04333121625912972
2019-02-03 02:30:00,-0.008378313329974296,0.00215655473103471,-0.022668235787409063,0.025082027795639377,0.6436649240920385,0.30570333433543434,0.3997601324298734,-0.04726383951244273,-0.04375634840020293
2019-02-03 03:00:00,-0.006413896177703826,0.004860427186011984,-0.02060605516693459,0.025668566200041213,0.6066625920761021,0.0,0.1838155177014754,-0.04562798092209852,-0.04211446740858493
2019-02-03 03:30:00,-0.001924484789001868,0.009551488137480302,-0.015507861297073378,0.025134203782953907,0.5232744154864085,0.0,0.10190111144514559,-0.04139120436907151,-0.037862093194084956
2019-02-03 04:00:00,-0.0018183876717915437,0.009651152382300632,-0.014470698853077169,0.024180119840999152,0.5227177498767138,0.0,8.052817671947803e-16,-0.04136058767167028,-0.037831363781539284
2019-02-03 04:30:00,-0.002787381631150554,0.00883975188767816,-0.014965326160266357,0.023878211928276265,0.5406117871914162,0.14794919708372245,0.04931639902790829,-0.04240045941807036,-0.03887506380806516
2019-02-03 05:00:00,-0.003899212289072196,0.007841617227448694,-0.015418726582534403,0.02334880202310273,0.5614434718571224,0.4613234234025492,0.2030908734954247,-0.043620953352026426,-0.04010005098139169
2019-02-03 05:30:00,-0.00025726032313866387,0.011487692284201989,-0.011174292859833401,0.02265843457385912,0.4928491592064329,0.0,0.2030908734954247,-0.04013431403901491,-0.03660057563159558
2019-02-03 06:00:00,-0.001137154657527062,0.010552800421349984,-0.01141864278053073,0.02198095922467672,0.5092739195701699,0.23944784529555072,0.2335904228993674,-0.04102367487779146,-0.03749321064570732
2019-02-03 06:30:00,-0.006398262549144884,0.005568721707922775,-0.016419292038047262,0.02210795571011403,0.5941949528933976,1.0,0.41314928176518434,-0.04632542179010579,-0.042814475899977666
2019-02-03 07:00:00,0.002020568352709695,0.014082633415547274,-0.007638359878407441,0.021651230069463134,0.4620591751905211,0.0,0.41314928176518434,-0.03816573735820028,-0.034624751650323526
2019-02-03 07:30:00,0.004881092397631237,0.016871762269977886,-0.003988859116752286,0.020727108719589826,0.42577874165953117,0.0,0.3333333333333341,-0.03522869724534716,-0.03167689884606717
2019-02-03 08:00:00,0.00472071121041262,0.016448555901125816,-0.0031152225677926193,0.01943421702210431,0.42540009552236846,0.0,7.579122514774401e-16,-0.035197685631629616,-0.0316457730633235
2019-02-03 08:30:00,0.00593392410097815,0.01802767593024579,-0.0018808869394203453,0.019749120429501284,0.4078241113745392,0.0,7.579122514774401e-16,-0.03380009657170435,-0.030243038789634413
2019-02-03 09:00:00,0.010516295840903966,0.02388753471752003,0.0017570578223522482,0.02185030580060372,0.3539309670922161,0.0,7.579122514774401e-16,-0.02898644495487035,-0.02541166575005649
2019-02-03 09:30:00,0.007004313482792401,0.02088175250587665,-0.0019813977815941186,0.022649112160459464,0.40808366591085377,0.7537143515544978,0.2512381171848334,-0.03208642373427917,-0.02852305707836167
2019-02-03 10:00:00,0.00797924892145363,0.022451421570448105,-0.0021995649349941804,0.02440387462036158,0.39372405699703533,0.5567871160442305,0.4368338225329102,-0.03083629318695491,-0.027268324184694603
2019-02-03 10:30:00,0.00794785445812174,0.021794734859813758,-0.002922605406630141,0.024486286086022255,0.3903954285144998,0.6733636959518219,0.6612883878501842,-0.03055456865088324,-0.026985562481831815
2019-02-03 11:00:00,0.003307863673171596,0.016580439187946716,-0.0077958732715477375,0.024269713012628688,0.46554727314595773,1.0,0.7433836039986847,-0.03488745980707386,-0.03133440514469432
2019-02-03 11:30:00,0.005508431499926525,0.018252431692181048,-0.005991351917805532,0.02409606174235109,0.4344272684480594,0.5859049787731788,0.7530895582416677,-0.03255439161966156,-0.028992747784045036
2019-02-03 12:00:00,0.004732243811699677,0.016453792330776595,-0.006799441913612925,0.023141526043583195,0.44403279042151134,0.7137198317625777,0.7665416035119196,-0.03311535611893168,-0.029555777469960853
2019-02-03 12:30:00,0.0044844764795459735,0.014859276614813455,-0.006812892333930454,0.021585327030685105,0.4451603569232247,0.7287236750779732,0.676116161871244,-0.03317764535351897,-0.02961829602190358
2019-02-03 13:00:00,0.007364778646267389,0.016854918133556884,-0.004075004086960599,0.020797030092017284,0.4021241572124771,0.0,0.4808145022801844,-0.030116004782369865,-0.02654538404368756
2019-02-03 13:30:00,0.005888980077985773,0.015007451650269399,-0.005748132624934121,0.020659935806864142,0.42532387958387036,0.5390746052700256,0.42259942678266704,-0.03130547038889786,-0.027739228659028448
2019-02-03 14:00:00,0.006375957586277847,0.015085238876192397,-0.005457307863983574,0.020444129406411247,0.41483153681516577,0.295271880140365,0.2781154951367976,-0.03058587946515079,-0.02701698856662993
2019-02-03 14:30:00,0.006188381935280374,0.014128483476608444,-0.00561104161614312,0.019655816455810434,0.41387542389964066,0.27305539908601417,0.36913396149880234,-0.03052325581395332,-0.026954134366924842
2019-02-03 15:00:00,0.007196321266201178,0.01395827179506659,-0.00434313596065472,0.01821384346622401,0.39430138697743516,0.0,0.1894424264087938,-0.029269081500646665,-0.025695342820180822
2019-02-03 15:30:00,0.0078539297723077,0.014144795265319754,-0.003808116728576061,0.01786060234145763,0.37979349757080316,0.0,0.09101846636200546,-0.028326319197151117,-0.024749109744253706
2019-02-03 16:00:00,0.009147308788822084,0.014737855509505682,-0.002568200202912929,0.017201388229643743,0.35582473202652687,0.0,7.460698725481052e-16,-0.02671941372936859,-0.023136288465903432
2019-02-03 16:30:00,0.011152326586961525,0.013897227947122559,0.0008732830397455427,0.012928464891018789,0.3234923346853272,0.0,7.460698725481052e-16,-0.02434663892861788,-0.020754778312312983
2019-02-03 17:00:00,0.00957946179077096,0.011757488508854719,-0.0006600859114517243,0.012349053212707467,0.3538428354606783,0.42862458672863524,0.14287486224287918,-0.025487012987012836,-0.021899350649350446
2019-02-03 17:30:00,0.008574342949340119,0.010610290269822409,-0.0017621397182320253,0.012317934518502207,0.37073324218513726,0.8390751643248358,0.42256658368449107,-0.026119402985074425,-0.022534068786501993
2019-02-03 18:00:00,0.011519066026286495,0.013826200046237913,0.0005409050455713604,0.013190540063014964,0.32339394036422037,0.0,0.42256658368449107,-0.022821982028909837,-0.019224508399530937
2019-02-03 18:30:00,0.011383840145636315,0.014038727507489135,-0.00018475759932767843,0.014125637031631959,0.31917368489917064,0.0,0.27969172144161264,-0.022503745196378433,-0.01890509998045964
2019-02-03 19:00:00,0.013857595320405425,0.01781892535827545,0.001116855656946969,0.01654541948127713,0.28263109569193995,0.0,7.579122514774401e-16,-0.01956621153720517,-0.01595675181289602
2019-02-03 19:30:00,0.011916145569147885,0.01631550130138315,-0.0014254236707478274,0.017609819184769553,0.3225778209142654,0.4534137567852551,0.1511379189284191,-0.020973318546545716,-0.01736903907626053
2019-02-03 20:00:00,0.013928707954762087,0.019175988047516856,-0.00042190040853684607,0.019415825410388842,0.29158052831185977,0.21954877516204432,0.2243208439824339,-0.01847612818835842,-0.014862655330281083
2019-02-03 20:30:00,0.018152319244613357,0.02498181862266713,0.0019150957081139897,0.022760627589360163,0.24345418612252645,0.0,0.2243208439824339,-0.01367027044789848,-0.01003910486017534
2019-02-03 21:00:00,0.025510769384498033,0.034651304958294826,0.005925860239505587,0.02815423519257595,0.1876991200491492,0.0,0.07318292505401554,-0.005533099198197444,-0.001871976674839071
2019-02-03 21:30:00,0.023434235064769826,0.03397469831250177,0.0016930163987349811,0.03171606218487971,0.21340987644668757,0.19062132295632125,0.06354044098544118,-0.006619228859837678,-0.0029621049147772194
2019-02-03 22:00:00,0.02176731603242965,0.03284466922275375,-0.0013875622712351543,0.033702145496302405,0.2316634542041269,0.42321657831008813,0.20461263375547056,-0.007374826377405719,-0.0037204841590049442
2019-02-03 22:30:00,0.015810778125631808,0.02621643119982764,-0.0074540940502022535,0.03335759205570557,0.344242311606545,1.0,0.5379459670888039,-0.012534544018949823,-0.008899197262797642
2019-02-03 23:00:00,0.01957715238095248,0.030221832421647665,-0.004656729976174501,0.03443835239431512,0.3030775488547625,0.7370389453399534,0.7200851745500146,-0.008096497025776417,-0.004444811632517975
2019-02-03 23:30:00,0.008812258635566339,0.018289388269308038,-0.01474693111897385,0.032977907975326785,0.4620165987816031,1.0,0.9123463151133187,-0.018219285620829417,-0.014604867198743765
2019-02-04 00:00:00,0.00805470461896296,0.016456303731407607,-0.014998072572342203,0.03143145913720541,0.46746622550352124,1.0,0.9123463151133187,-0.018636586562040147,-0.015023704430276119
2019-02-04 00:30:00,0.0075805266989585895,0.014768769009037896,-0.014847226021132642,0.029617156866987775,0.4696912663832027,0.9999999999999999,1.0000000000000007,-0.018796992481202923,-0.015184700882641233
2019-02-04 01:00:00,0.00740985384466275,0.013498756317080085,-0.014407668891459835,0.027919113225077764,0.4680065861787114,0.9898887064673785,0.9966295688224602,-0.018668671941411086,-0.015055907931733392
2019-02-04 01:30:00,0.007340839250151943,0.012386112125921445,-0.013854440063394313,0.026259831211216233,0.4648642412116058,0.3710443992921823,0.7869777019198544,-0.0184440302168154,-0.01483043919029381
2019-02-04 02:00:00,0.007623005771221658,0.011826858197085066,-0.013027735131739715,0.024869525948868765,0.45637856833894475,0.0,0.4536443685865211,-0.017865907529203806,-0.014250188148293375
2019-02-04 02:30:00,0.008243596104467121,0.011954974246237038,-0.012017204037930385,0.023972924199207067,0.4423680540322372,0.0,0.12368146643072819,-0.016933053845145873,-0.013313900170312865
2019-02-04 03:00:00,0.011135432931729028,0.014069669835106824,-0.008706717582468992,0.022715476409884697,0.39669183403064723,0.0,7.579122514774401e-16,-0.01367027044789848,-0.01003910486017534
2019-02-04 03:30:00,0.011497508630086584,0.013316376469649338,-0.007666175851350099,0.020923441499949538,0.38606580365853416,0.0,7.579122514774401e-16,-0.012859304084720025,-0.00922515293034254
2019-02-04 04:00:00,0.009801711941439972,0.011026733757292018,-0.008835897823640582,0.019840897505327307,0.4125040095893224,0.37600862447887806,0.1253362081596268,-0.014123829857119352,-0.010494334044998999
2019-02-04 04:30:00,0.010693702263108174,0.011290966109224865,-0.007456070532838699,0.01871115897167892,0.39377403038859593,0.13690796866730554,0.1709721977153953,-0.012826837691169102,-0.009192567012004438
2019-02-04 05:00:00,0.0066153720146095996,0.007094307383941789,-0.011117898471752485,0.018248918949518068,0.4684944733623492,1.0,0.5043055310487287,-0.01654652686762781,-0.012925950196592373
2019-02-04 05:30:00,0.007625158599922965,0.007627790459963091,-0.009615979436340405,0.017260928890574716,0.4478190550711814,0.7491720008892626,0.6286933231855234,-0.015255905511810997,-0.011630577427821365
2019-02-04 06:00:00,0.008439086151599051,0.008338177780014888,-0.008472846855395955,0.016812156674208118,0.429939768424019,0.48401396721010975,0.7443953226997916,-0.014123829857119352,-0.010494334044998999
2019-02-04 06:30:00,0.008649457875735234,0.00889763309400915,-0.007924844872633008,0.016814299590346044,0.4211445949536504,0.36630624064513156,0.533164069581502,-0.013573024845536907,-0.009941501248849516
2019-02-04 07:00:00,0.008692599552802882,0.008726611754606761,-0.006195049418992737,0.014902797493185113,0.41469572882115957,0.0,0.2834400692850811,-0.013183850604944647,-0.009550894266175503
2019-02-04 07:30:00,0.005492530104591831,0.005320892270305855,-0.007743366537662166,0.013080101913117412,0.4791181842333638,1.0,0.4554354135483778,-0.01609519438798912,-0.012472956139775615
2019-02-04 08:00:00,0.008581866418207351,0.00814009895693868,-0.003189766741951927,0.011301891639753347,0.4213984845312237,0.10404377894597237,0.3680145929819914,-0.01272942569567781,-0.009094796394973903
2019-02-04 08:30:00,0.0057972343796148795,0.005595513341515979,-0.005438027859708039,0.011032672458355156,0.47210577331826464,0.8911495864255633,0.6650644551238458,-0.015223596574690745,-0.011598149545588576
2019-02-04 09:00:00,0.0032293619163599185,0.0026041446488935804,-0.0063320928045568214,0.00895292547445554,0.5160050469579682,1.0,0.6650644551238458,-0.01760874545871105,-0.013992079337544538
2019-02-04 09:30:00,-0.0033215219398384788,-0.0025027486014196354,-0.013925497708482726,0.01151735407182831,0.6122129144723588,1.0,0.9637165288085218,-0.024156317055725296,-0.02056375577085623
2019-02-04 10:00:00,0.0035179045982831614,0.00432617760573617,-0.006991185463252503,0.011332463621286613,0.5003916486876949,0.41397898566078056,0.8046596618869275,-0.017319277108433617,-0.013701545311681329
2019-02-04 10:30:00,0.0050875523472486694,0.005790147981716842,-0.005245707181453674,0.011032851795839958,0.4767292697863627,0.03299972028558479,0.48232623531545576,-0.01557887832076088,-0.011954739258773217
2019-02-04 11:00:00,0.0034017582542509306,0.004037596036915669,-0.006732687237753443,0.01078481630643422,0.4989382385728559,0.1639236148242531,0.20363410692354011,-0.017094017094016922,-0.013475456004191422
2019-02-04 11:30:00,0.005673661209153247,0.006219749240738315,-0.004318958065136047,0.010528700875017512,0.4645997378483772,0.0,0.06564111170327995,-0.014641672958865315,-0.011014083582285394
2019-02-04 12:00:00,0.00516576530467705,0.005668628388560748,-0.004657798063650298,0.010321209956204289,0.4692580815683241,0.1301507410671592,0.0980247852971381,-0.014932720708893954,-0.011306202822448208
2019-02-04 12:30:00,0.009005302494319523,0.009897689601592319,-0.0011345481851195993,0.010984110131503591,0.41445820421482726,0.0,0.04338358035572039,-0.010809741950367324,-0.007168045348185492
2019-02-04 13:00:00,0.00993181079312766,0.011529748365603387,-0.0005374373732918158,0.012001225139384834,0.3986668664793283,0.0,0.04338358035572039,-0.009504009504009536,-0.005857505857505774
2019-02-04 13:30:00,0.005556169537309197,0.007368331828937036,-0.004564992799095502,0.011916621463007055,0.4670095898958182,0.9681477125776745,0.3227159041925588,-0.013573024845536907,-0.009941501248849516
2019-02-04 14:00:00,0.0051478114694871735,0.007163939939727193,-0.004791593222239543,0.011941368628632584,0.47012258527813844,0.9999999999999999,0.6560492375258922,-0.013767496878491103,-0.010136689229151452
2019-02-04 14:30:00,0.0057081044153795,0.007955680378462393,-0.003986591263038797,0.011918618611799665,0.45858477513280055,0.8385320259974772,0.9355599128583845,-0.012989148306478016,-0.009355475172640348
2019-02-04 15:00:00,0.004880914883385046,0.007155579090260655,-0.004736833814371844,0.011878047918487651,0.46968103136054135,0.9938205937184631,0.944117539905314,-0.013605442176870652,-0.009974037924348367
2019-02-04 15:30:00,0.005769490331768878,0.008222730916094712,-0.0038437212105503216,0.012040090290525995,0.45183522812032595,0.0,0.6107842065719806,-0.012502056259253047,-0.008866589899654387
2019-02-04 16:00:00,0.007390715713790019,0.010230243270410222,-0.002375148831275653,0.012556077514355604,0.42235413455011295,0.0,0.3312735312394882,-0.010614101592115066,-0.006971684741404638
2019-02-04 16:30:00,0.005158617883692651,0.008197276226061367,-0.004470057330080435,0.012643770505968578,0.46210508049248117,0.8399229322301396,0.27997431074338036,-0.012599513125863382,-0.008964405552996602
2019-02-04 17:00:00,0.006483684888713981,0.00983926410101299,-0.0031605161603203147,0.012956513617014111,0.43664219671915583,0.3019015217979496,0.38060815134269693,-0.011037891268533606,-0.007397034596375418
2019-02-04 17:30:00,0.005274504629110277,0.008656511273681833,-0.004374088627203565,0.013002758247692092,0.4567887296066235,0.8662585063116361,0.669360986779909,-0.01201448321263987,-0.008377221856484374
2019-02-04 18:00:00,0.0049722936400748985,0.00855847179979996,-0.004536485820797909,0.013068676603566018,0.4588727410435307,0.9186852193747331,0.6956150824947734,-0.012112036336108911,-0.008475134121054384
2019-02-04 18:30:00,0.0030959124035605523,0.006710976965753845,-0.006319992605127944,0.013028422616138536,0.49568342337518756,1.0,0.9283145752287904,-0.01383230385070311,-0.010201734787751215
2019-02-04 19:00:00,0.0022151405931429835,0.005555820743272655,-0.007046300060409294,0.012611519408099682,0.5118763143997399,1.0,0.9728950731249115,-0.014609323703217214,-0.010981615233092379
2019-02-04 19:30:00,0.0034578248565990677,0.004126887098578003,-0.003975660850961238,0.008101935336899619,0.4826688945534634,0.4698003196915216,0.8232667732305078,-0.013248734302057974,-0.009616016832138752
2019-02-04 20:00:00,0.003766161900726317,0.003906267568176247,-0.0032945059578614044,0.007198571621154142,0.47298087146752266,0.2661731941953919,0.5786578379623051,-0.012794369161952202,-0.00915997895013787
2019-02-04 20:30:00,0.00033087620544014484,0.0006042596684723289,-0.0067534664339108375,0.007380417960409998,0.5458979561781608,1.0,0.5786578379623051,-0.016159695817490438,-0.01253769503081148
2019-02-04 21:00:00,-0.002759535684722092,-0.0019076816682330744,-0.010400362506111316,0.008545268609642817,0.6018060849977699,1.0000000000000002,0.755391064731798,-0.01930993922760238,-0.015699536038685014
2019-02-04 21:30:00,0.0012463420333159725,0.002243143830332972,-0.006396414613089152,0.00865753699114002,0.5153485495354435,0.32887721981515106,0.776292406605051,-0.01532051702644166,-0.011695426809264275
2019-02-04 22:00:00,0.0022400419442070163,0.003251361923318763,-0.0053105428488001705,0.008570729113072582,0.49496870098146145,0.17067955031005033,0.49985225670840117,-0.01425334165325609,-0.01062432263785329
2019-02-04 22:30:00,0.0031018699102527414,0.004215298218628316,-0.004054214685309754,0.00826884691639929,0.47651970416071593,0.0,0.16651892337506777,-0.013281172951116083,-0.009648574903842855
2019-02-04 23:00:00,0.006765309816345821,0.008173125946324022,-0.00016652528625715757,0.008306398225822279,0.41106824443114376,0.0,0.056893183436684064,-0.009405940594059303,-0.005759075907590616
2019-02-04 23:30:00,0.009253245466215754,0.011644026886225456,0.0013698077599655356,0.010207797829730848,0.3713691607405313,0.0,6.158037043254201e-16,-0.006586350698351784,-0.002929105712583424
2019-02-05 00:00:00,0.011271127136952996,0.01493776934290536,0.002042987126902762,0.012786222352038122,0.3408644948302574,0.0,6.158037043254201e-16,-0.004147312541473047,-0.00048108825481074646
2019-02-05 00:30:00,0.010571297171522609,0.015155102005596222,0.0004213873137621782,0.014619851709829608,0.3471082315307941,0.04602651627868459,0.01534217209289548,-0.004411569590022535,-0.0007463181637255012
2019-02-05 01:00:00,0.012319332501087743,0.017988776724138456,0.0009201691220772634,0.016908744336567534,0.3197870054131724,0.0,0.01534217209289548,-0.0021940759948140265,0.0014793391177156945
2019-02-05 01:30:00,0.009706889969408605,0.01589645091652625,-0.0022300827870269657,0.018003512389583136,0.37220795649921923,1.0,0.34867550542622877,-0.004378545128868483,-0.0007131721232626065
2019-02-05 02:00:00,0.010905582276641734,0.017877300792325412,-0.0017267260033024812,0.019446986788354576,0.35060491969313967,0.587893077891336,0.5292976926304459,-0.002757658316167144,0.0009136819722241896
2019-02-05 02:30:00,0.012029346222149906,0.01974082351977402,-0.0015278451503893953,0.02107673362337341,0.3303762284928479,0.20200364282391178,0.5966322402384165,-0.0011647254575706256,0.0025124792013313524
2019-02-05 03:00:00,0.008814980200082978,0.016840892762361115,-0.005034023673261556,0.021746537176828708,0.39675178786750737,1.0,0.5966322402384165,-0.00398208063713279,-0.00031524805043958715
2019-02-05 03:30:00,0.007216531040322716,0.015311920689916603,-0.006788025946097065,0.02200615755067484,0.4249185579786758,1.0,0.7340012142746378,-0.005269437263869525,-0.0016073440710544507
2019-02-05 04:00:00,0.008089473892593624,0.01629230708232532,-0.006182147151340467,0.022361415490221165,0.40607056577538214,0.8006396467508345,0.9335465489169456,-0.0040812263587496345,-0.0004147587762954874
2019-02-05 04:30:00,0.008511964036275632,0.016578412082390193,-0.005998966623315782,0.022458579049634077,0.394044738924932,0.6734391967952107,0.8246929478486824,-0.003320604349991485,0.00034866345674933186
2019-02-05 05:00:00,0.010274087012279942,0.018167548326802674,-0.004603488426635605,0.022617643219721702,0.3614648422854858,0.0,0.49135961451534904,-0.0011647254575706256,0.0025124792013313524
2019-02-05 05:30:00,0.009548275619500446,0.017274015264840514,-0.005570755118465498,0.022711868928068365,0.3700936635376675,0.1359860672920022,0.26980842136240485,-0.0014970059880238251,0.0021789753825685043
2019-02-05 06:00:00,0.01007816309073406,0.017665002433099097,-0.005324831948281816,0.022848854998349658,0.35560343227183044,0.0,0.04532868909733466,-0.0005660628662758072,0.0031133457645180496
2019-02-05 06:30:00,0.009037082327302715,0.01555804797071847,-0.006074486144549751,0.021530441478813802,0.37444368514884485,0.4901043829501132,0.2086968167473724,-0.001231199254625226,0.002445760681485609
2019-02-05 07:00:00,0.009328309611515762,0.013499625900083245,-0.004589130428584998,0.018008523893368173,0.36301381375026365,0.39332707086294205,0.29447715127101903,-0.0005660628662758072,0.0031133457645180496
2019-02-05 07:30:00,0.003695621234340196,0.006160873246256804,-0.00910828349926962,0.015291692190700815,0.4982617335164868,1.0,0.6278104846043524,-0.00599417141343217,-0.0023347463240163124
2019-02-05 08:00:00,0.00791362109820537,0.008674150548140247,-0.0038804047064889824,0.012524535534560465,0.41884167370699255,0.44328469414976174,0.6122039216709019,-0.0014970059880238251,0.0021789753825685043
2019-02-05 08:30:00,0.003497227219483978,0.002357658561050302,-0.006829634180500976,0.009207881452231939,0.4996734254296749,1.0,0.8144282313832547,-0.00573075394196354,-0.0020703590830791763
2019-02-05 09:00:00,0.007433343358561384,0.005363405398512322,-0.0021998379855843186,0.007551298862593032,0.4350221196210965,0.5269172434044124,0.6567339791847253,-0.0015302218821727775,0.002145637204351347
2019-02-05 09:30:00,0.008786765849542855,0.006628394661163384,-0.0007403573402692265,0.007347121937348452,0.41197015512565827,0.0,0.5089724144681381,0.00016661112962368385,0.003848717094302234
2019-02-05 10:00:00,0.009023877814537506,0.007233226865459796,-0.0006348006184599964,0.00784215454472929,0.40383643703800276,0.0,0.17563908113480475,0.0007668711656441118,0.004451186983195576
2019-02-05 10:30:00,0.0016424111379162998,0.00033225058634589466,-0.008071153634903405,0.008436047096545796,0.5263618847565376,1.0,0.333333333333334,-0.006487703154479996,-0.0028300949985102797
2019-02-05 11:00:00,0.0053837025680019135,0.004301843169402186,-0.0041257166241404075,0.008426817700398052,0.4698537355378996,0.5388047930381914,0.512934931012731,-0.0025588196198325086,0.0011132526917454477
2019-02-05 11:30:00,0.004980014635940444,0.003944902990699051,-0.0043303106589821505,0.00827680862243714,0.47292620128512136,0.5638809368469435,0.7008952432950456,-0.002757658316167144,0.0009136819722241896
2019-02-05 12:00:00,0.0031193935844402443,0.0023832591561909755,-0.006044950698478768,0.008443668910186799,0.49997333721622167,0.7846280260004798,0.6291045852952055,-0.004477611940298387,-0.0008126036484243926
2019-02-05 12:30:00,0.006107795255814397,0.005616752605563047,-0.0028250180033597694,0.008430003442768876,0.45324932819361385,0.0,0.4495029876158085,-0.0012644328353241807,0.0024124047516056457
2019-02-05 13:00:00,0.0038781539851007185,0.003481097112520981,-0.0048790715438666865,0.008366016394893728,0.48629479271012693,0.7072480552883146,0.4972920270962654,-0.003320604349991485,0.00034866345674933186
2019-02-05 13:30:00,0.00446326673743247,0.003929940141331967,-0.004072835262958763,0.008003347223928259,0.47482960538729857,0.46186698541306426,0.3897050135671269,-0.0025588196198325086,0.0011132526917454477
2019-02-05 14:00:00,0.0035191524214073233,0.003047355465586099,-0.0048570247443741055,0.00791153884435747,0.48838441403900157,0.7519707015805785,0.6403619140939864,-0.0033536990304156022,0.0003154469385047154
2019-02-05 14:30:00,0.002581433876357675,0.0023140823871494742,-0.0056948594018462195,0.008022502935758366,0.5027808326973725,1.0,0.7379458956645482,-0.004180352343983174,-0.0005142496931088703
2019-02-05 15:00:00,0.0036961614306549873,0.003623733804253515,-0.004308050981942868,0.007934499643397687,0.4806417089495707,0.20793732947023108,0.653302677016937,-0.0029232966813939054,0.0007474338105837308
2019-02-05 15:30:00,0.004449015911074161,0.004561624348043747,-0.003334691679714008,0.00789147487359589,0.4644143997971037,0.0,0.40264577649007754,-0.001995012468827939,0.0016791354945968617
2019-02-05 16:00:00,0.005077422284919031,0.005373578808978818,-0.0024218317207918005,0.0077839224445653814,0.4498120482556495,0.0,0.06931244315674419,-0.0011647254575706256,0.0025124792013313524
2019-02-05 16:30:00,0.0043002204437450064,0.004766620968353452,-0.0029607143566725558,0.007720364196652245,0.4629064081435096,0.24720899348307046,0.08240299782769066,-0.0017626712784354348,0.0019123320473595218
2019-02-05 17:00:00,0.003426095821570607,0.004008372831336704,-0.003473311349115993,0.007479683135280155,0.47922046478972713,0.953900103736015,0.400369699073029,-0.002492522432701816,0.0011797939514790468
2019-02-05 17:30:00,0.00428599567274679,0.004539497978656604,-0.0023970448032345493,0.006929120124184586,0.4581049963747387,0.2819923374480096,0.4943671448890322,-0.0014637878838285046,0.002212315778968188
2019-02-05 18:00:00,0.003700794206602076,0.004105615617288283,-0.002788776032291662,0.006889855232527456,0.46867778811741817,0.6415081832069258,0.6258002081303173,-0.0018954509177971923,0.0017790635807397592
2019-02-05 18:30:00,0.00307488928230093,0.0031092295016283966,-0.0031258479747229284,0.0062351292855155815,0.48125434030163494,1.0,0.6411668402183124,-0.002393060125635671,0.0012796224282913826
2019-02-05 19:00:00,-0.0012236600325266078,-0.0004790944173508338,-0.007688223075533851,0.007238688993805364,0.575710561376315,1.0,0.8805027277356424,-0.006717850287907834,-0.0030610894169036396
2019-02-05 19:30:00,0.0015312172347812236,0.002342660296313692,-0.004483170700188999,0.006833144204633241,0.5107278345298752,0.44745193949309436,0.8158173131643655,-0.003915972521819744,-0.00024889655859006155
2019-02-05 20:00:00,-0.0006318425828621965,0.00035283834367150213,-0.006174223157737524,0.006546115229302385,0.5529250474492539,0.7871164762596008,0.7448561385842324,-0.006092916984005936,-0.0024338554256760903
2019-02-05 20:30:00,-0.009802294404991918,-0.005795038262567553,-0.018205486482438915,0.012561185744515254,0.6831322263259604,1.0,0.7448561385842324,-0.015611163950018048,-0.011987143747335116
2019-02-05 21:00:00,-0.004052334689086279,0.0007596891316277166,-0.012863910767511144,0.013706553479730297,0.577127691304795,0.385140170057011,0.7240855487722045,-0.010059366754617383,-0.0064149076517149295
2019-02-05 21:30:00,-0.0023444898086510957,0.0029029537959208707,-0.011217842633421404,0.01417974794328846,0.5507545177190701,0.2321674220256366,0.5391025306942165,-0.008456938984506501,-0.004806580555647089
2019-02-05 22:00:00,-0.003043521243266678,0.0026433575201263437,-0.012119856067788981,0.01483349840094204,0.5617580726883529,0.08312241604029395,0.23347666937431455,-0.009275151835225759,-0.005627805650910922
2019-02-05 22:30:00,-0.0030506176533452445,0.003047770481712675,-0.011971862890953089,0.015086952049798976,0.5635998573372032,0.09703551869354911,0.13744178558649392,-0.009405940594059303,-0.005759075907590616
2019-02-05 23:00:00,-0.0018549592501529988,0.004519558273034852,-0.010708020573965582,0.015274842741228846,0.542721072557143,0.0,0.06005264491128173,-0.008293134210004438,-0.004642172735082051
2019-02-05 23:30:00,-0.0021306328019595755,0.004499918659510049,-0.010801731917097324,0.015350017047073021,0.5485480631261179,0.27908667244560514,0.12537406371305215,-0.008653433299203872,-0.005003798262707471
2019-02-06 00:00:00,-0.002932894201695513,0.0040127344306977175,-0.011532945616970047,0.015604354066671178,0.5637855452416884,1.0,0.42636222414853575,-0.00956937799043045,-0.005923114997524959
2019-02-06 00:30:00,-0.003922981749542309,0.003426312349557037,-0.0125891337074997,0.01608915709317908,0.5827438345845197,1.0,0.759695557481869,-0.01071193144363869,-0.007069874752801408
2019-02-06 01:00:00,3.1053290396654276e-05,0.007468008812813398,-0.008338293392561202,0.0158131831901181,0.5021614125039711,0.0,0.6666666666666673,-0.006783587028457938,-0.0031270681667768807
2019-02-06 01:30:00,0.003668074171491842,0.01123274799924423,-0.004430117294400571,0.015609771538064646,0.4399243709917735,0.0,0.333333333333334,-0.0030226532917025928,0.0006477114196508094
2019-02-06 02:00:00,0.023700509800822944,0.036618680708456974,0.01026998964320014,0.025745113983878947,0.2554153528877717,0.0,6.631732200427602e-16,0.017837159618841136,0.021584319576791522
2019-02-06 02:30:00,0.02240432857581065,0.038628870218524014,0.005571129781476447,0.03234296099897038,0.26136323973818604,0.018171003084066346,0.006057001028022778,0.01745762711864418,0.021203389830508623
2019-02-06 03:00:00,0.02086020574707348,0.0394125952713722,0.001471551070091559,0.037180987729552875,0.2727384966562441,0.07020636437079346,0.02945912248495393,0.0167682926829269,0.020511517615176222
2019-02-06 03:30:00,0.017754922443374177,0.03776172073389494,-0.0032252375813714984,0.04029120013788793,0.3120989461850252,0.30721313180097676,0.13186349975194617,0.014397242218392003,0.01813173814593272
2019-02-06 04:00:00,0.017686957242483814,0.039020725153624314,-0.004874631139420327,0.04315850903945769,0.30716906871700755,0.9130281412795237,0.4301492124837653,0.01504903618532305,0.018785931687521185
2019-02-06 04:30:00,0.017357218402909824,0.03979084033871594,-0.00667402312568377,0.04570801153284739,0.3041734338900004,0.8437882735834343,0.6880098488879789,0.015426773571501018,0.019165059711086396
2019-02-06 05:00:00,0.020327624507246567,0.04381289388033327,-0.005713128183704286,0.04860019406077443,0.27526364442708673,0.06415444439973125,0.606990286420897,0.019219667900438164,0.02297191755237904
2019-02-06 05:30:00,0.020530137913793878,0.04506306489897938,-0.007311951672832384,0.05140472379759086,0.26778834534911555,0.0,0.30264757266105585,0.02025901628199467,0.02401509228729748
2019-02-06 06:00:00,0.02035869697012771,0.04545005462489593,-0.009099714488840727,0.05357601591295129,0.26291847001830054,0.0,0.02138481479991109,0.02091836734693886,0.024676870748299606
2019-02-06 06:30:00,0.019060395926558504,0.04266914105302755,-0.011015222984014583,0.05284794182669318,0.2741412545993921,0.27203476934299775,0.09067825644766658,0.020397756246812948,0.02415434302226771
2019-02-06 07:00:00,0.018346216196106546,0.0410934119308608,-0.012450588785419492,0.052788002013345645,0.2738419051731414,0.8848344132802634,0.38562306087442105,0.020432447134017817,0.02418916162371665
2019-02-06 07:30:00,0.015635012684108274,0.037226434687269494,-0.015417382641398247,0.05207595373598445,0.32170065662957126,1.0,0.7189563942077544,0.018355160480423516,0.022104227454706082
2019-02-06 08:00:00,0.014657829889388019,0.0346329729613053,-0.016328750475294695,0.05049954597412358,0.33041356103239045,1.0,0.9616114710934217,0.017975241648295892,0.02172290995421422
2019-02-06 08:30:00,0.012663367438643602,0.030545191425160434,-0.017794581834262857,0.04803354477110164,0.36476436147346825,1.0,1.0000000000000007,0.016492820373882555,0.0202350311568682
2019-02-06 09:00:00,0.01441254460863206,0.030240629762161797,-0.015580073075127987,0.04548726849811246,0.33545603863927737,0.677655839637875,0.8925519465459588,0.01883910386965404,0.022589952477936492
2019-02-06 09:30:00,0.015172474803284652,0.028444496670597896,-0.013957752958836944,0.04209732306434271,0.319208457362747,0.0,0.5592186132126256,0.020224337185588137,0.0239802855200546
2019-02-06 10:00:00,0.017570403205524165,0.027582344446825058,-0.010238328081328407,0.03749551114865591,0.28568092786860555,0.0,0.22588527987929222,0.02335492669621564,0.027122400272758362
2019-02-06 10:30:00,0.01681470573186683,0.021978338853402724,-0.00820839476503421,0.02998031995368015,0.28747195142698817,0.022647266016943828,0.0075490886723151305,0.02328514932496928,0.027052366016637297
2019-02-06 11:00:00,0.018425394835539732,0.018784855377927512,-0.003602378614668167,0.02221856754982657,0.2632993984917634,0.0,0.0075490886723151305,0.025662930563149278,0.029438901038819187
2019-02-06 11:30:00,0.01616716303001353,0.010593721386988664,-0.001289729575319809,0.011828425176813559,0.3058230761845526,0.7605865409202708,0.2610779356457387,0.0240532241555782,0.027823268509041377
2019-02-06 12:00:00,0.015833039140118466,0.01091765929929478,-0.001638112526146318,0.012497784935506242,0.30214831323866576,0.913583134261457,0.5580565583939099,0.02436776901812232,0.028138971366165277
2019-02-06 12:30:00,0.015245446103450355,0.010843667856590411,-0.0021781388463506524,0.012965629682864688,0.30171450535519817,0.9033815734603988,0.859183749547376,0.02440273037542684,0.02817406143344736
2019-02-06 13:00:00,0.009481664224155972,0.005237252095899425,-0.007426958777050241,0.012678091523806714,0.43741330466444944,1.0,0.9389882359072856,0.01897745790331351,0.02272881586094533
2019-02-06 13:30:00,0.009900723747362061,0.00524843237568251,-0.006342479671142653,0.011597256020116952,0.423769240865582,0.8994533196437999,0.9342782977014,0.019808371840174033,0.0235627888013048
2019-02-06 14:00:00,0.009710304855973462,0.004694143123546102,-0.005869974021390889,0.010570331606188452,0.4202400601716148,0.8734458625997304,0.9242997274145107,0.02001631210494126,0.023771494596615428
2019-02-06 14:30:00,0.009527356409473109,0.004122868649288458,-0.005363521266554594,0.009492278225755258,0.41650455874178066,0.8459179740049231,0.8729390520828183,0.020224337185588137,0.0239802855200546
2019-02-06 15:00:00,0.010275966048103768,0.005123922659316493,-0.004266371444451411,0.009386269500361323,0.3950735898605221,0.0,0.5731212788682183,0.021404750561491825,0.025165044579051443
2019-02-06 15:30:00,0.011361674439494207,0.006596281029207729,-0.0029358740901117564,0.009514741206950703,0.3680787316732377,0.0,0.28197265800164145,0.022971268872908235,0.026737330016018745
2019-02-06 16:00:00,0.0049258913434264695,0.000964841732832733,-0.009239746044724217,0.010246984184362488,0.5130111726851709,1.0,0.33333333333333376,0.016664973071842448,0.02040781763370947
2019-02-06 16:30:00,0.0031654803669380893,0.0001884189819709725,-0.011168771354226892,0.011419887530767558,0.5427942037611896,1.0,0.666666666666667,0.015014710358121297,0.01875147949004119
2019-02-06 17:00:00,0.0011546150642061104,-0.0005435339357613422,-0.013604766715626715,0.01315428819196281,0.5764978549169029,1.0,1.0000000000000004,0.01302777684025802,0.016757231091160785
2019-02-06 17:30:00,0.0012392119779138788,0.0004809570085484438,-0.013851421143569187,0.014428838284514214,0.5733587318979977,0.9849384117443235,0.9949794705814416,0.013164556962025342,0.01689451476793269
2019-02-06 18:00:00,0.0012880404782875665,0.001331284936314514,-0.014038056930102072,0.015467613585979102,0.5708481339335139,0.9110093521225903,0.9653159212889716,0.013267166295321209,0.016997501856728325
2019-02-06 18:30:00,0.0010427089487050623,0.0017065630046098068,-0.014478265448243488,0.016288846603840522,0.5748577216248375,0.9513366286492859,0.9490947975054003,0.01306196840826268,0.01679154853516973
2019-02-06 19:00:00,0.005797536369971157,0.006755453754159868,-0.009547082260654927,0.01632532313353342,0.4611727377338121,0.0,0.6207819935906258,0.018113361147857887,0.021861537939690034
2019-02-06 19:30:00,0.005930884393190228,0.007221573444341711,-0.00909805800491148,0.01633495759711736,0.4539383850501127,0.0,0.3171122095497624,0.018493383101459093,0.022242958941296243
2019-02-06 20:00:00,0.005108342503097774,0.0067067009230616925,-0.009267064460771413,0.015994240919464848,0.4686276316503309,0.1214797154559366,0.04049323848531258,0.01787167661421618,0.021618963646229172
2019-02-06 20:30:00,0.008391896187498915,0.010285888518520636,-0.005470014854372374,0.015718055288634895,0.4003315571801652,0.0,0.04049323848531258,0.02154380232795594,0.025304608263562844
2019-02-06 21:00:00,0.006910079336060804,0.008803739023959478,-0.00585306424406995,0.014635211393450821,0.4298765324011739,0.4326013676512995,0.18469369436907906,0.020328381548084584,0.02408471292110037
2019-02-06 21:30:00,0.005194249085441749,0.007169175619526902,-0.006697365429784163,0.013863270633137118,0.4655271762990413,0.9546027297272558,0.46240136579285207,0.018804521231458704,0.022555242524014973
2019-02-06 22:00:00,0.005056120432587852,0.007005032070586559,-0.005861069274836428,0.012858746381692756,0.464106555510221,0.9338018154749901,0.7736686376178487,0.018873688855697734,0.022624664788350124
2019-02-06 22:30:00,0.007124915330248838,0.009076790209859409,-0.002928440431022805,0.011968437570637007,0.4168446588567082,0.2532854492329211,0.7138966648117225,0.02126573664511744,0.025025518883974307
2019-02-06 23:00:00,0.007141911650415889,0.00942938113752989,-0.0029217741806528696,0.0123110974265527,0.4109660109393489,0.0,0.39569575490263736,0.021578571185460138,0.025339505122358164
2019-02-06 23:30:00,0.004988209719492209,0.007475654579842672,-0.004832811995427511,0.01229222336958106,0.462652330507547,0.9473096703022751,0.400198373178399,0.0196005163394255,0.023354168082071025
2019-02-07 00:00:00,0.006106393104238217,0.008865978004939823,-0.0035935104901426707,0.012426728733301582,0.4338800209432438,0.4311963716016319,0.4595020139679693,0.020987822300836845,0.024746581400095335
2019-02-07 00:30:00,0.006162951110453729,0.009202563914790574,-0.0034214893630871712,0.012587668153862938,0.42743890348833125,0.3187089482594517,0.5657383300544532,0.021300486576610433,0.02506039674708238
2019-02-07 01:00:00,0.006118667749773321,0.00941336837936424,-0.0032329239046674507,0.012607332823785906,0.4229312064266058,0.2314963724872939,0.3271338974494594,0.021509035837048884,0.025269713780077252
2019-02-07 01:30:00,0.004236578463741036,0.0075476119108846,-0.00446263926113688,0.011991754055379868,0.4728242016171633,1.0,0.5167351069155821,0.01977372337172567,0.023528012774776785
2019-02-07 02:00:00,0.003513476135851068,0.0068141635171412585,-0.005133348576563224,0.011937479746549108,0.48900111066052737,1.0,0.7438321241624315,0.019185059422750506,0.02293718166383729
2019-02-07 02:30:00,0.002950275112646894,0.00599629528683554,-0.005565246174388805,0.011559050202059246,0.5015961798032081,1.0,1.0000000000000002,0.0187353629976581,0.022485829684689485
2019-02-07 03:00:00,-0.001301265115697725,0.0013899395582737117,-0.00967652286344367,0.011112504769970185,0.6042258768997419,1.0,1.0000000000000002,0.014362960459614937,0.018097330179114746
2019-02-07 03:30:00,0.0010250828259328326,0.003096994338659398,-0.0070163710324255835,0.010133223330762688,0.53841632867286,0.4991726849345046,0.8330575616448351,0.0167682926829269,0.020511517615176222
2019-02-07 04:00:00,-0.0009659667992049092,0.0007177622754364066,-0.008827971876517182,0.009584600712313358,0.5805833699400363,0.7948140167138882,0.7646622338827979,0.014705882352941346,0.01844151453684928
2019-02-07 04:30:00,-0.0038719338405318604,-0.0019067672756279963,-0.01216758141501173,0.01033353301279794,0.6350391296004626,1.0,0.7646622338827979,0.011593812139800042,0.01531798726028799
2019-02-07 05:00:00,-0.001942725249294508,0.0006494281058289086,-0.010579871109609451,0.011285333395469664,0.5855543787582406,0.48785638206348503,0.7608901329257912,0.013472447325770132,0.01720353862776891
2019-02-07 05:30:00,-0.0006021184970649296,0.002371121768987905,-0.009315707088660918,0.011727550344628449,0.5526675877947339,0.1474937487327869,0.5451167102654242,0.01480880413835095,0.01854481522804896
2019-02-07 06:00:00,-0.0019724577197421933,0.0015203027054653262,-0.010912605203776349,0.012491570212298133,0.5806339552951183,0.33951492089758867,0.32495501723128706,0.013335584064821049,0.017066171505739414
2019-02-07 06:30:00,-0.000987803861456471,0.0028293169602142676,-0.009628451861538156,0.012500264313436926,0.5562475351319469,0.04346097279150373,0.1768232141406266,0.014294403892944008,0.018028521221951976
2019-02-07 07:00:00,-0.0005921418170135029,0.0035004533751246125,-0.009003986048123247,0.012538943666324034,0.5465360912227741,0.0,0.12765863122969762,0.014671579730232365,0.018407085629289277
2019-02-07 07:30:00,0.0027208268767362487,0.006950076284531148,-0.005555910748573645,0.012497275397778387,0.4660751629508556,0.0,0.014486990930501402,0.018147896879240344,0.021896200814111477
2019-02-07 08:00:00,0.005334203663561077,0.009848077494057028,-0.0030140468106530927,0.012818323895304913,0.41235045401502,0.0,1.569115208136888e-16,0.021022553321767612,0.024781440283022205
2019-02-07 08:30:00,0.003779741583699092,0.008375415049665769,-0.00417336327984319,0.012522468299468886,0.44630361753260944,0.23595449785392103,0.07865149928464049,0.0196005163394255,0.023354168082071025
2019-02-07 09:00:00,0.0030094605192585444,0.007618403870440105,-0.004451075221900247,0.012050395311192676,0.46182185262873804,0.3686787918823493,0.20154442991209026,0.01894286587228855,0.02269409647961451
2019-02-07 09:30:00,0.002400972306898508,0.007098657088880689,-0.004835492050877188,0.011920659929366842,0.4743472615589178,1.0,0.5348777632454236,0.018424267100977332,0.022173588490771223
2019-02-07 10:00:00,-0.0026024350874574997,0.0023407499330510007,-0.009524357265190408,0.011907877957945871,0.5802538439488782,1.0,0.7895595972941166,0.013232960874995925,0.01696317050940177
2019-02-07 10:30:00,-0.004018388413193463,0.0012894798790028528,-0.010682806471519757,0.012028781487031542,0.6068081023013218,1.0,1.0000000000000002,0.011627906976744207,0.01535220761712175
2019-02-07 11:00:00,-0.0037317782598901283,0.0017576730235198124,-0.00992864315767894,0.01173425631012702,0.6033099817161285,0.9758727424628685,0.9919575808209565,0.011764309310321686,0.015489112114879244
2019-02-07 11:30:00,-0.004745596955270215,0.0011609417625864094,-0.010840424625692013,0.012059732374705671,0.6243017841636902,0.9999999999999999,0.9919575808209565,0.010538010908356377,0.014258299104437544
2019-02-07 12:00:00,-0.008375287790684638,-0.001328490384446157,-0.01504923001392966,0.013834024522288652,0.6838560040667548,1.0,0.9919575808209565,0.0065054827135242466,0.010210925186949105
2019-02-07 12:30:00,-0.0023905187880736145,0.0047413596526415525,-0.008728541302159387,0.013496808067527892,0.5460023431772484,0.0,0.666666666666667,0.012481025468038531,0.016208466857817738
2019-02-07 13:00:00,-0.0015525553636933642,0.005596357791316953,-0.007925707598890885,0.013537832564046892,0.5309397842082543,0.0,0.33333333333333365,0.013267166295321209,0.016997501856728325
2019-02-07 13:30:00,-0.0007786830645091225,0.006398801433112888,-0.006973125757435694,0.013375768205066784,0.5162687864644707,0.0,3.315866100213801e-16,0.014020270270270307,0.017753378378378537
2019-02-07 14:00:00,-0.002431738835038111,0.004810784849852201,-0.008648637271272741,0.013485299415632866,0.5480568133054324,0.18968049768807937,0.06322683256269346,0.0122420072845002,0.01596856873060859
2019-02-07 14:30:00,-0.003659798392366187,0.003524210567199315,-0.01004426579907114,0.013612854648355861,0.5719419288155003,1.0,0.3965601658960268,0.010844306738962084,0.014565722560873073
2019-02-07 15:00:00,-0.00393519846757151,0.0034221390753435,-0.010511615948701203,0.013983322243875091,0.5795298506847434,1.0000000000000002,0.7298934992293602,0.01040193900222186,0.014121726250589273
2019-02-07 15:30:00,-0.005067777297594334,0.0026608705243178488,-0.011862107665445043,0.014590101682509906,0.6028573412035125,1.0,1.0000000000000004,0.00904323270355678,0.012758017884757722
2019-02-07 16:00:00,-0.005093939494793309,0.002948665144527851,-0.012171264546267602,0.015189975218978835,0.6069668017933504,1.0,1.0000000000000004,0.008805834705744031,0.012519745907975777
2019-02-07 16:30:00,-0.004894177161664071,0.0034685568880266082,-0.012150034386092967,0.015686683067153026,0.6069668017933503,0.999999999999996,0.999999999999999,0.008805834705744031,0.012519745907975777
2019-02-07 17:00:00,-0.005280310422801526,0.0034371332742877403,-0.012684387313451895,0.016196406731523682,0.6187323474426851,1.0,0.999999999999999,0.008195895334385916,0.01190756104934354
2019-02-07 17:30:00,-0.0036908532513507675,0.005054598960538392,-0.010588102728029236,0.01568610123871848,0.5744892638076533,0.0,0.6666666666666657,0.00965419806243295,0.013371232508073483
2019-02-07 18:00:00,0.0006257745940334569,0.0088210824774273,-0.004979736486007247,0.013774362916547617,0.4666776579809462,0.0,0.3333333333333337,0.014054528869218652,0.01778776310010488
2019-02-07 18:30:00,-0.001052413577865341,0.006567436066452048,-0.0054578239247981,0.012018592003443806,0.5061374541803673,0.25951055070452284,0.086503516901508,0.01231028667790901,0.01603709949409793
2019-02-07 19:00:00,-0.0006225441018363753,0.006364679204074575,-0.0038341440802457383,0.010185935350733262,0.4968228927176306,0.19825258164280263,0.1525877107824422,0.012720156555773077,0.016448478304879055
2019-02-07 19:30:00,0.0011870243824314564,0.007609909570568396,-0.0009811024854169403,0.008562632038024718,0.4554513201999167,0.0,0.1525877107824422,0.014602981442044527,0.01833823479701202
2019-02-07 20:00:00,-0.0002556899722634398,0.006143465502178369,-0.0024170090112570763,0.008544554058967944,0.491129151773532,0.7038972746940237,0.30071661877894246,0.013130358468912418,0.01686019037332076
2019-02-07 20:30:00,-0.0009584209527709886,0.005385028376666323,-0.0032196209292828515,0.00859534309597272,0.5088590718042604,1.0,0.5679657582313417,0.012378575283324311,0.016105639503507962
2019-02-07 21:00:00,-0.00020804986874267684,0.006133621131598321,-0.002616440276942966,0.008734700647596863,0.49045626060121117,0.6554280858070701,0.7864417868336983,0.013130358468912418,0.01686019037332076
2019-02-07 21:30:00,-0.0019152781726281543,0.00428260246080292,-0.004420747277002146,0.008703950940656542,0.5341639286348783,1.0,0.8851426952690237,0.011321136156878797,0.015044307422757086
2019-02-07 22:00:00,-0.0018078576085183151,0.003464640510518757,-0.004017238394472322,0.007483946711549387,0.533234527406086,0.9787359685244161,0.8780546847771624,0.011355212615405508,0.01507850933351329
2019-02-07 22:30:00,0.0016030853382562604,0.007080881168580522,-0.0009067476098307825,0.007963046322646052,0.44697054602428904,0.0,0.6595786561748058,0.014877430262045799,0.018613693998309477
2019-02-07 23:00:00,-0.00040813479353873916,0.005035425952101491,-0.0028791917695462077,0.007906094026552441,0.4979246154506164,0.5843800056925331,0.5210386580723168,0.012822675889994972,0.01655137506326998
2019-02-07 23:30:00,0.0010684196067036744,0.006588080692112808,-0.0014207944467589106,0.007988236386868524,0.4634366972680148,0.1888463407511615,0.25774211548123194,0.014362960459614937,0.018097330179114746
2019-02-08 00:00:00,0.002621887607157758,0.008475383348861332,-0.000357851782562868,0.008797528025697115,0.42862322570042044,0.0,0.25774211548123194,0.01604549609017991,0.019786060052131127
2019-02-08 00:30:00,0.003956006099888665,0.010230386260221769,0.00021813392827296774,0.00996021756479499,0.3995951404213827,0.0,0.06294878025038758,0.017561107909279006,0.021307251584907094
2019-02-08 01:00:00,0.005569968216748711,0.01242222299627449,0.0008203134300415194,0.011525595507064366,0.3667661377983736,0.0,4.1448326252672507e-16,0.019427368135040535,0.02318038243385523
2019-02-08 01:30:00,0.005482811007727628,0.01248264140311095,-9.391632397437455e-06,0.01241460778366282,0.36437810286350114,0.0,4.1448326252672507e-16,0.01956588199327447,0.02331940622983142
2019-02-08 02:00:00,0.0027476059442457235,0.009282173292734397,-0.002861926646846369,0.01210524062432271,0.4399704459976869,1.0,0.33333333333333376,0.016906084835343727,0.02064981704838087
2019-02-08 02:30:00,0.003783638990793703,0.009883204486585306,-0.0020035531857464095,0.011840109704414369,0.4157662746981704,0.6798065743702227,0.5599355247900746,0.018113361147857887,0.021861537939690034
2019-02-08 03:00:00,0.0056349072881540785,0.011282749969560024,-0.00043298790293799794,0.011652524314354939,0.37685402457742717,0.1650421351773649,0.6149495698491964,0.020224337185588137,0.0239802855200546
2019-02-08 03:30:00,0.0012609817714530624,0.00616763771227391,-0.004573567248266741,0.010732650659832007,0.4849367361103176,1.0,0.6149495698491964,0.015839171489491433,0.01957897586895463
2019-02-08 04:00:00,-8.903407388460849e-05,0.004775433135086882,-0.0059279663422380224,0.010709571045457028,0.5135548662327305,1.0,0.7216807117257887,0.014465812688004842,0.01820056105722112
2019-02-08 04:30:00,-0.001026259193531387,0.0036406783642237706,-0.006865286684049954,0.010522931214044714,0.5337801279090385,1.0,1.0000000000000004,0.013472447325770132,0.01720353862776891
2019-02-08 05:00:00,-7.772820029439131e-05,0.0044050581485310936,-0.005909046251815098,0.010321866382467633,0.5116600568577941,0.859041481425809,0.9530138271419366,0.014431526294443886,0.018166148438556462
2019-02-08 05:30:00,0.0021057185097712594,0.006613092226771089,-0.003791372095338308,0.010389805760071967,0.4622924195169679,0.0,0.6196804938086032,0.016733850479319967,0.020476948612852208
2019-02-08 06:00:00,-0.00018953592967396737,0.004162133271267132,-0.006068247029757501,0.010240139736645136,0.5135884224086328,0.7175499683153163,0.5255304832470421,0.014397242218392003,0.01813173814593272
2019-02-08 06:30:00,-0.0015760655892232966,0.0026208473993256654,-0.007480458630425901,0.010125910022787442,0.5432606416817798,1.0,0.5725166561051057,0.01292521598272156,0.0166542926565878
2019-02-08 07:00:00,-0.0032592090028926712,0.0011471873687012302,-0.009433921856337957,0.01062513305329348,0.5780700371659171,1.0,0.905849989438439,0.011082665229401156,0.014804958566327686
2019-02-08 07:30:00,-0.004162586512256872,0.0003550067863973272,-0.010655161574740335,0.011067165118029654,0.597639731183125,1.0,1.0000000000000002,0.009993943064809274,0.013712228279157523
2019-02-08 08:00:00,0.0013100090942925746,0.005411266802964221,-0.00508982131335145,0.010499400623828588,0.47583177395174575,0.0,0.6666666666666669,0.015598565338025283,0.019337483927725607
2019-02-08 08:30:00,0.0024972061878458796,0.006635974431520086,-0.00393913204095131,0.010560865976947498,0.4528030449632091,0.0,0.3333333333333335,0.016906084835343727,0.02064981704838087
2019-02-08 09:00:00,0.002954350299799291,0.0068985996647275005,-0.003508654242847631,0.010389643744951112,0.44248575045847394,0.0,1.8947806286936004e-16,0.01749211837689435,0.021238008068070302
2019-02-08 09:30:00,-0.005355798394047762,-0.0006133339795389992,-0.012488306246327241,0.011953276027806707,0.5916199606820973,0.9612013145076126,0.3204004381692044,0.008839741866093043,0.012553777897284402
2019-02-08 10:00:00,-0.016476696745071795,-0.0074870813399864344,-0.027286574377572315,0.020149834745692,0.7096467081334442,1.0000000000000002,0.6537337715025378,-0.003121990102627148,0.0005480089009930467
2019-02-08 10:30:00,-0.01808483993147947,-0.0056153381047922,-0.031580248522555254,0.02645695133031417,0.7267962139442019,1.0000000000000002,0.9870671048358711,-0.005500149100427398,-0.0018389052715283016
2019-02-08 11:00:00,-0.01700038095501699,-0.002093525932432616,-0.03191489330585773,0.030337227956867496,0.7191720697578495,0.9731837369160522,0.9910612456386844,-0.005104577546488076,-0.0014418774238454946
2019-02-08 11:30:00,-0.018114738355735294,-0.0009570586613611987,-0.0341550964368974,0.03379128010962513,0.7334740519996157,1.0,0.9910612456386844,-0.006980745053926873,-0.0033249520280550504
2019-02-08 12:00:00,-0.021691882282865116,-0.0017770093433558953,-0.03947249665058361,0.038489320025780774,0.7647159453283194,1.0,0.9910612456386844,-0.011493874324858377,-0.007854696350941826
2019-02-08 12:30:00,-0.019880608492923835,0.0020478905418264137,-0.03848675250734179,0.0412868662594771,0.7436286324122353,0.5369890539188805,0.8456630179729605,-0.010483631688260164,-0.006840734513565927
2019-02-08 13:00:00,-0.022256938685386807,0.0016377182846432081,-0.04132229196625914,0.04382969156304043,0.7664491605263468,1.0,0.8456630179729605,-0.013799901429275452,-0.010169213077049322
2019-02-08 13:30:00,-0.020457230341757282,0.00507753727777116,-0.04000600299064638,0.04588488457726559,0.7454321916624745,0.3626414042933327,0.6332101527374047,-0.012826837691169102,-0.009192567012004438
2019-02-08 14:00:00,-0.017700891108368144,0.008922779829000582,-0.03728280883170232,0.04687020890262342,0.7019042077892529,0.0,0.4542138014311112,-0.010777140597192036,-0.0071353239733701335
2019-02-08 14:30:00,-0.018993246600255143,0.00868021775321326,-0.03859207725462621,0.04799003053322859,0.7198039402453279,0.2773219546535977,0.21332111964897701,-0.012859304084720025,-0.00922515293034254
2019-02-08 15:00:00,-0.020752608890990065,0.00799234716284869,-0.04018967717235955,0.048970382111983915,0.7410011301762802,0.6057316758179035,0.2943512101571673,-0.015482008725030139,-0.011857513038343925
2019-02-08 15:30:00,-0.019290262868231878,0.010014669394816877,-0.037753788412737244,0.0484403034792922,0.7256734489388859,0.5460680471409521,0.4763738925374847,-0.014803387382655964,-0.011176393356528425
