timestamp,ema50_dist_xmr_btc_3h,ema200_dist_xmr_btc_3h,lower_bb_dist_xmr_btc_3h,width_bb_xmr_btc_3h,rsi_xmr_btc_3h,stoch_rsi_fastk_xmr_btc_3h,stoch_rsi_fastd_xmr_btc_3h,kijun_dist_xmr_btc_3h,tenkan_dist_xmr_btc_3h
2018-11-20 21:00:00,,,,,,,,-0.14749312034364725,-0.1368883817705887
2018-11-21 01:00:00,,,,,,,,-0.1475503355704697,-0.13694630872483227
2018-11-21 05:00:00,,,,,,,,-0.15057179161372292,-0.14000535009697046
2018-11-21 09:00:00,,,,,,,,-0.14651928504233291,-0.13590243246875422
2018-11-21 13:00:00,,,,,,,,-0.16983660130718947,-0.15950980392156866
2018-11-21 17:00:00,,,,,,,,-0.16442997171238727,-0.1540359186895599
2018-11-21 21:00:00,,,,,,,,-0.1514797247645132,-0.14092457746008424
2018-11-22 01:00:00,,,,,,,,-0.16776962390250283,-0.1574171144017822
2018-11-22 05:00:00,,,,,,,,-0.16722397062680294,-0.15686467348544453
2018-11-22 09:00:00,,,,,,,,-0.16404501777017233,-0.15364617612215348
2018-11-22 13:00:00,,,,,,,,-0.16288802478086073,-0.1524747907467212
2018-11-22 17:00:00,,,,,,,,-0.16338427084705565,-0.15297720985377417
2018-11-22 21:00:00,,,,,,,,-0.16000925864691484,-0.14956021427154298
2018-11-23 01:00:00,,,,,,,,-0.14640456989247308,-0.13578629032258072
2018-11-23 05:00:00,,,,,0.5591995553085048,,,-0.15950899947061936,-0.149053732133404
2018-11-23 09:00:00,,,,,0.5391877963306531,,,-0.15604651162790684,-0.1455481727574751
2018-11-23 13:00:00,,,,,0.54259964050405,,,-0.15671889523303673,-0.14622892046209013
2018-11-23 17:00:00,,,,,0.4846358598760137,,,-0.14651928504233291,-0.13590243246875422
2018-11-23 21:00:00,,,,,0.6005440507357377,,,-0.17178534167970783,-0.16148278560250395
2018-11-24 01:00:00,,0.0041977446875591795,-0.03727486818938297,0.04217004476634918,0.6039249036779469,,,-0.17264851485148502,-0.1623566961959354
2018-11-24 05:00:00,,0.00944357840799559,-0.031742113206529976,0.04165005926243781,0.582681066315417,0.821912921040737,0.9406376403469123,-0.16918498168498164,-0.15885007849293564
2018-11-24 09:00:00,,0.017710283215437883,-0.021720572774174385,0.03951007941909192,0.5419419827299895,0.4803972018513834,0.7674367076307068,-0.1622254468702592,-0.15180397071433294
2018-11-24 13:00:00,,0.01899163552366523,-0.018998240543480538,0.03799000152950228,0.5352776038554065,0.0,0.43410337429737345,-0.16106340819022458,-0.15062747688243072
2018-11-24 17:00:00,,0.028265111942564092,-0.007922285290126507,0.035823026424332646,0.4898659939320058,0.0,0.16013240061712777,-0.15283799106249574,-0.14229973987861
2018-11-24 21:00:00,,0.02125897963856982,-0.013651365391703751,0.034778056013071934,0.5151774579183216,0.27270855192307897,0.09090285064102628,-0.157557869602706,-0.14707833123300396
2018-11-25 01:00:00,,0.039792092937559254,5.945901925552555e-05,0.03895639746940252,0.44278914197635755,0.0,0.09090285064102628,-0.14294871794871788,-0.13228744939271253
2018-11-25 05:00:00,,0.03867738871806892,-0.003226762286707152,0.04117432322909673,0.45119066495194654,0.09083860629638296,0.12118238607315396,-0.1444496834164084,-0.13380708608379366
2018-11-25 09:00:00,,0.04627823421005517,4.495406007443137e-06,0.04522712148651113,0.42367286119660774,0.0,0.03027953543212764,-0.1384140550807217,-0.12769637769637776
2018-11-25 13:00:00,,0.04347324615589088,-0.004858111459803305,0.04741587246471549,0.43508940651240574,0.12476471920332323,0.07186777516656871,-0.14028022201164203,-0.1295857587653988
2018-11-25 17:00:00,,0.09891848528884117,0.023791748815409575,0.07078378882469938,0.30568518262968125,0.0,0.041588239734441056,-0.10166914208925659,-0.09049437725440279
2018-11-25 21:00:00,,0.07404810478225099,-0.0051612119473167795,0.07657191604228268,0.4057924356042695,0.6879964340647375,0.2709203844226869,-0.12240033165204167,-0.11148345194500109
2018-11-26 01:00:00,,0.06509571473265208,-0.015654661306960693,0.07880234067199593,0.43420000160959715,0.9931269252569792,0.5603744531072389,-0.12890062409985592,-0.11806460462245394
2018-11-26 05:00:00,,0.05363138046923721,-0.026529084585525387,0.0790887220813066,0.4698357841361531,0.9999999999999999,0.8937077864405722,-0.1372435810351854,-0.1265113435674502
2018-11-26 09:00:00,,0.0944600292361184,0.0006849186952078146,0.08951658512553104,0.37727669300269623,0.43613309799655153,0.8097533410845102,-0.10628342245989297,-0.09516605685336343
2018-11-26 13:00:00,,0.08114506890060946,-0.015294463809497394,0.09336544711649514,0.41750119055179363,0.43458181207829094,0.6235716366916142,-0.11660175267770201,-0.10561274168869106
2018-11-26 17:00:00,,0.1022894962028329,-0.004853780399191487,0.10216596942135306,0.37633956747206093,0.0,0.2902383033582808,-0.10026917900403753,-0.08907699936247082
2018-11-26 21:00:00,,0.1031795306899923,-0.010885471424431303,0.10903343304856751,0.37466303303331505,0.0,0.14486060402609702,-0.09956755990358712,-0.08836665248830289
2018-11-27 01:00:00,,0.08279235249258554,-0.0314137144198936,0.11134567241060664,0.4374703159134103,1.0,0.33333333333333337,-0.1156176020052917,-0.104616348697953
2018-11-27 05:00:00,,0.08254388205960361,-0.028285957491693936,0.10790255520090973,0.4247290968206034,0.7971378714610055,0.5990459571536685,-0.11122384717654465,-0.10016793786299072
2018-11-27 09:00:00,,0.07949778384072026,-0.02582879992105158,0.10257406094797594,0.41555037078971785,0.6509967615453199,0.8160448776687751,-0.10810336352784211,-0.09700863703391616
2018-11-27 13:00:00,,0.056824659499483454,-0.038393042666703736,0.0943482071645289,0.46691367556160945,1.0,0.8160448776687751,-0.12088178294573637,-0.10994601328903664
2018-11-27 17:00:00,,0.021915317848616445,-0.06559355594705196,0.08946265946621068,0.5570388051829307,1.0,0.8836655871817731,-0.14714966762908743,-0.13654065668434834
2018-11-27 21:00:00,,0.010834002678929311,-0.07356514542204484,0.08713209607930295,0.5811989697046442,1.0,0.9999999999999999,-0.15514833045097776,-0.14463881867766404
2018-11-28 01:00:00,,0.00678477349945239,-0.07969482640950487,0.08975149295916153,0.5956839918697778,1.0,0.9999999999999999,-0.15995370370370365,-0.14950396825396828
2018-11-28 05:00:00,,0.018450226084619104,-0.06633197967089033,0.08686175226450987,0.5477613847296365,0.6278443005028059,0.8759481001676018,-0.14857889797559987,-0.1379876659069581
2018-11-28 09:00:00,,0.02731147882231788,-0.057869476793234065,0.08650262919932795,0.5182011527841606,0.0,0.5426147668342685,-0.14091985120054096,-0.13023334460601965
2018-11-28 13:00:00,,0.02015402387082199,-0.065051983054495,0.08716272107182732,0.5404890115563377,0.2876489689226458,0.3051644231418171,-0.1473214285714285,-0.1367145542427497
2018-11-28 17:00:00,,0.018943440673661716,-0.06827409663082307,0.08942318960498245,0.5493875796846143,0.4024946332437972,0.23004786738881416,-0.1498326639892904,-0.1392570281124499
2018-11-28 21:00:00,,0.02154949874278178,-0.0674110361732484,0.09104834342092041,0.5444842045345109,0.8427721404008597,0.5109719141891006,-0.1487500837745459,-0.1381609811674821
2018-11-29 01:00:00,0.004097818009862975,0.030220421422492816,-0.0560192459850809,0.08736664579126911,0.5138127580349299,0.0,0.4150889245482188,-0.141964466662163,-0.13129095453624273
2018-11-29 05:00:00,0.00030131603082050873,0.02799572604182954,-0.05863708817925406,0.08798073906448012,0.5274183222284355,0.38244925940834285,0.408407133269734,-0.14519819637929876,-0.13456491015546146
2018-11-29 09:00:00,0.017405685173435437,0.04634938385789589,-0.04179427734375074,0.08794336550310702,0.4626797007090253,0.0,0.12748308646944745,-0.12997465579834233,-0.11915199671210364
2018-11-29 13:00:00,0.0378602537006576,0.06853572564516197,-0.02365818890618332,0.09017059740249231,0.3998612315268904,0.0,0.12748308646944745,-0.1111616515045486,-0.10010496850944728
2018-11-29 17:00:00,0.040931980073382945,0.07335497987171125,-0.019042150346227693,0.08995429409773137,0.38792961201716536,0.0,-1.6579330501069005e-16,-0.10710017574692432,-0.09599297012302288
2018-11-29 21:00:00,0.03498671273988241,0.0689115035084722,-0.02415053199590811,0.09102485503284997,0.4061325965757821,0.13049790575198833,0.04349930191732928,-0.1109750122488975,-0.09991600755931962
2018-11-30 01:00:00,0.022261527111818946,0.05550008211156032,-0.031766342836718975,0.08624299062143352,0.45277531459652975,0.8675000085508384,0.3326659714342754,-0.12112510379186259,-0.11019236091890394
2018-11-30 05:00:00,0.02919768379266441,0.0625588612327832,-0.021116540128026107,0.0819767480038595,0.4277766381438972,0.6144898511657454,0.5374959218228572,-0.1141372576370483,-0.10311758962198359
2018-11-30 09:00:00,0.027776888831570812,0.0623239724848319,-0.021590462514115893,0.0822394835866169,0.42896797496090777,0.6328617211528507,0.704950526956478,-0.11438432575651925,-0.10336773113931119
2018-11-30 13:00:00,0.029587866229942472,0.06540461819608412,-0.018614408405873695,0.08209832761567645,0.4191014964831102,0.2780476879919228,0.5084664201035062,-0.11178321678321668,-0.1007342657342658
2018-11-30 17:00:00,0.02732198427006205,0.06384684211826097,-0.018820298390962442,0.08084700979827182,0.42453167493437066,0.16125817491116132,0.35738919468531144,-0.11277591506007256,-0.10173931265716685
2018-11-30 21:00:00,0.014465246540919185,0.051122189693891595,-0.030230478740754574,0.08051165531900455,0.48102194397400877,1.0,0.4797686209676945,-0.12336945268824617,-0.11246462833873982
2018-12-01 01:00:00,0.013091403972731452,0.04828650017054681,-0.0317703978327768,0.07940119884042848,0.4847998230155224,1.0,0.7204193916370535,-0.12409489000758567,-0.11319908971795056
2018-12-01 05:00:00,0.00983369874065998,0.04148822996408863,-0.03404083620807119,0.0752488622188419,0.49823931876167904,1.0,0.9999999999999999,-0.12656443405308748,-0.1156993535964792
2018-12-01 09:00:00,0.00572611438478976,0.031921847412786475,-0.035751139096578566,0.06780280486777387,0.5167806182800221,1.0,0.9999999999999999,-0.12991505685710358,-0.1190916563912865
2018-12-01 13:00:00,0.025638147637006448,0.05029997745413506,-0.01685242500658246,0.06604783327692874,0.4264689472895809,0.0,0.6666666666666664,-0.11178321678321668,-0.1007342657342658
2018-12-01 17:00:00,0.028715280857466663,0.052940463751715905,-0.01488836066906718,0.0665624046786525,0.4111489979976833,0.0,0.33333333333333315,-0.10810336352784211,-0.09700863703391616
2018-12-01 21:00:00,0.028214216815830584,0.049920246259610446,-0.015244866832965887,0.06405455509167189,0.4087369331647713,0.0,-1.8947806286936004e-16,-0.10753934794828546,-0.0964376053962901
2018-12-02 01:00:00,0.02083128596460404,0.03780384506047896,-0.020363364714182874,0.057664362682637665,0.4442395944989337,0.3285954315265302,0.1095318105088432,-0.11320952314459254,-0.10217831459889692
2018-12-02 05:00:00,0.01626253472036554,0.02773861207468964,-0.02179202701418048,0.04938380658563347,0.46514331392884745,1.0,0.4428651438421766,-0.11660175267770201,-0.10561274168869106
2018-12-02 09:00:00,0.02439534019437395,0.0322712164145702,-0.012187005888254943,0.044016206919653085,0.4250722661292538,0.28960079946994355,0.5393987436654911,-0.10866666666666658,-0.0975789473684211
2018-12-02 13:00:00,0.010353851227386635,0.011507271951487708,-0.021166598914512447,0.03283244050491566,0.49530631835938194,1.0,0.7632002664899811,-0.12051654895443842,-0.10957623597839639
2018-12-02 17:00:00,0.00860535880626978,0.008280262912231828,-0.02163941102452671,0.030120868508597177,0.5021291494125198,1.0,0.7632002664899811,-0.12173281703775396,-0.11080763379892133
2018-12-02 21:00:00,0.018766467331578163,0.019189105146567798,-0.010906446308237783,0.029971429890465744,0.4512183529339158,0.3393089064937566,0.7797696354979188,-0.11221779548472766,-0.10117425036695327
2018-12-03 01:00:00,0.013061578659810058,0.013860934470034003,-0.014695426820521607,0.028568281296659996,0.47805892564371955,0.6876304524241311,0.6756464529726292,-0.11672461752433927,-0.10573713490959669
2018-12-03 05:00:00,0.008370805134364945,0.009904500869946986,-0.018248220576359553,0.02827066268900249,0.5004080811375602,0.9661944343046575,0.6643779310741816,-0.12051654895443842,-0.10957623597839639
2018-12-03 09:00:00,0.008579507562175293,0.010325982225454,-0.017690538135112455,0.028120066260646344,0.49744822564043223,0.9080563633677418,0.8539604166988433,-0.12002909796314254,-0.10908272135236252
2018-12-03 13:00:00,0.025461706492722724,0.028948721935413424,-0.002006118635456744,0.03054338146573493,0.4143154054899696,0.0,0.6247502658907996,-0.10439289239881533,-0.09325200958962065
2018-12-03 17:00:00,0.040776890197638416,0.04938738464073689,0.008314572208233173,0.03992105104997802,0.3556428700178396,0.0,0.30268545445591377,-0.0895634721525338,-0.07823811913124512
2018-12-03 21:00:00,0.025532951493622225,0.03547634262014654,-0.0069554150183377406,0.041835168729216665,0.4284669692439097,0.5030497221175927,0.16768324070586405,-0.10198670814479638,-0.09081589366515841
2018-12-04 01:00:00,0.025438113715172017,0.036776614391020646,-0.007698700584497065,0.043837956810719565,0.42498286906548777,0.4889801146311628,0.330676612249585,-0.10116056896185677,-0.0899794777439672
2018-12-04 05:00:00,0.018687503980535203,0.029483550545061465,-0.014188770750493407,0.04334087671284165,0.4554300031531115,1.0,0.6640099455829183,-0.10640917405374972,-0.09529337273111016
2018-12-04 09:00:00,0.012476899531939978,0.022238128040618088,-0.019670617196908324,0.04185501363683823,0.48380129585933196,1.0,0.8296600382103874,-0.11141038197845243,-0.1003567930600252
2018-12-04 13:00:00,0.001485711776332277,0.010077654465108887,-0.029766235779988492,0.04024002474474713,0.5347075049090454,1.0,0.9999999999999999,-0.12100346020761232,-0.11006920415224908
2018-12-04 17:00:00,0.005439450357999087,0.011541414916814707,-0.024418412832034164,0.036192855410683435,0.513723210532092,0.808754941717262,0.9362516472390872,-0.11733842946490614,-0.10635858234885343
2018-12-04 21:00:00,0.0022813928468576883,0.00939169181610544,-0.0273977885321931,0.03712370687653783,0.528341346814225,0.9196977963001471,0.9094842460058028,-0.12002909796314254,-0.10908272135236252
2018-12-05 01:00:00,0.0203407692735611,0.02853661591952572,-0.009711176518100717,0.03789113381587533,0.44159087849678696,0.0,0.5761509126724695,-0.10344462483235684,-0.0922919460718572
2018-12-05 05:00:00,0.0214150043495418,0.030706089357569688,-0.008676386387273638,0.038953409721916285,0.4338334558169786,0.0,0.30656593210004884,-0.1017326732673266,-0.09055869872701561
2018-12-05 09:00:00,0.01725512296171794,0.026993743568866968,-0.012756359864328881,0.03946913482470306,0.45225548867237836,0.1949258697978615,0.0649752899326203,-0.10477163800394684,-0.0936354665914858
2018-12-05 13:00:00,0.028854775100980445,0.04010235382012928,-0.0031768613850745586,0.04249464731620154,0.4007637143802185,0.0,0.0649752899326203,-0.09352697687696254,-0.08225092777619192
2018-12-05 17:00:00,0.03532985359622631,0.04970166872564019,0.0004169936260312035,0.04807982679702559,0.3729618324955867,0.0,0.0649752899326203,-0.08655160014383312,-0.07518878101402382
2018-12-05 21:00:00,0.04165823847519956,0.05852217155154893,0.0028272993862672458,0.054037292512019476,0.34703531663564147,0.0,-1.8947806286936004e-16,-0.07946803884620945,-0.06801710392810556
2018-12-06 01:00:00,0.05124655062841277,0.07166554744238063,0.006810084657289162,0.06240675789840712,0.31347856214586284,0.0,-1.8947806286936004e-16,-0.06914620740197863,-0.05756687431293517
2018-12-06 05:00:00,0.04518205235853712,0.0682388184400684,-0.0025380885130621422,0.06852580911430632,0.3382502723134819,0.2838021076151471,0.0946007025383822,-0.07288321167883205,-0.06135036496350377
2018-12-06 09:00:00,0.05355358616693051,0.07975148302026391,0.0007911697851616939,0.07590357556825991,0.3083993407550611,0.0,0.0946007025383822,-0.06351839563518391,-0.05186905551869059
2018-12-06 13:00:00,0.06706480874377663,0.09754438892913475,0.006962611145731268,0.08608360797106497,0.26983784042734066,0.0,0.0946007025383822,-0.04907539118065429,-0.03724638766190025
2018-12-06 17:00:00,0.07209032189094944,0.10629712820482684,0.005054508542795988,0.09590313418184325,0.25343710444354545,0.0,-1.8947806286936004e-16,-0.041974656810982,-0.03005732387992166
2018-12-06 21:00:00,0.07136522945056267,0.11036759553024789,-0.0018950688882714006,0.10648719677397232,0.2489922296479872,0.0,-1.8947806286936004e-16,-0.04001965082004377,-0.02807799863955862
2018-12-07 01:00:00,0.06662530055521931,0.11010245018816067,-0.010849281811577294,0.11523310653690585,0.26190041588210355,0.2172835203322875,0.07242784011076232,-0.04183011466505726,-0.029910983705491945
2018-12-07 05:00:00,0.060084938671286725,0.10527527466085584,-0.020357562178704214,0.12051587080623023,0.2887571712610237,1.0000000000000002,0.4057611734440957,-0.045502367175170866,-0.03362891711129479
2018-12-07 09:00:00,0.07200942465338023,0.1208509381989864,-0.014381380933118026,0.1283971265244695,0.25299074507562636,0.10055378595924527,0.43927910209717747,-0.032119180065533715,-0.020079250171454732
2018-12-07 13:00:00,0.06186032591209645,0.11047399201540031,-0.026529072593444614,0.13148434330677694,0.3006484397520029,1.0,0.7001845953197483,-0.03900279942498286,-0.027048498146326705
2018-12-07 17:00:00,0.0520015617519356,0.09777413741160035,-0.0363726051898795,0.1301510069771804,0.34694864806939274,1.0,0.7001845953197483,-0.04600420609884326,-0.03413699864803965
2018-12-07 21:00:00,0.021197604914406254,0.05909393016833442,-0.06180116893074039,0.12105896686288867,0.49244394786791773,1.0,0.9999999999999999,-0.07315382370110901,-0.06162434325744304
2018-12-08 01:00:00,0.005349793537321457,0.03710771323635553,-0.07378228390532271,0.11296140261317965,0.5512480543367446,0.9999999999999999,0.9999999999999999,-0.08733922540777461,-0.07598620392325939
2018-12-08 05:00:00,0.014247864578718294,0.0385671371029479,-0.06142200037994905,0.1011449646520366,0.5122407280708257,0.844344029297266,0.9481146764324219,-0.07873358961340393,-0.06727351853195052
2018-12-08 09:00:00,0.02898033168715397,0.04932549248021201,-0.04552410747947633,0.09466966204303079,0.4553821434365029,0.5307577606232056,0.7917005966401571,-0.06427729482834821,-0.052637395019890953
2018-12-08 13:00:00,0.04950241882776596,0.0663416022033596,-0.02509339020305945,0.08958733373911282,0.3914529053813255,0.0,0.4583672633068238,-0.04377776104795594,-0.031882857788150254
2018-12-08 17:00:00,0.05129463152718872,0.062247213650751254,-0.02064981301602309,0.08120800569299486,0.3817349864641604,0.0,0.17691925354106847,-0.040237267643947305,-0.028298322502644746
2018-12-08 21:00:00,0.06234862569191724,0.07094070694720234,-0.010182957234229684,0.0787318783032417,0.34950755956632745,0.0,-4.736951571734001e-17,-0.02782242632988896,-0.015729047072330693
2018-12-09 01:00:00,0.04908220287707432,0.054658746139501835,-0.021050264503758576,0.07445780377780836,0.39506881227423357,0.43033229546171164,0.14344409848723716,-0.03812949640287755,-0.026164331692540732
2018-12-09 05:00:00,0.04456884510943837,0.04801119823494515,-0.02384774178053095,0.07100112373468735,0.4059508775343943,1.0,0.4767774318205705,-0.04059974318301984,-0.028665307047360145
2018-12-09 09:00:00,0.04373155337313439,0.04674510177690583,-0.023905455598634884,0.06985285018416569,0.40319406967231136,0.9511579410756364,0.7938300788457826,-0.03972934149844998,-0.027784078022227265
2018-12-09 13:00:00,0.024511152039955686,0.02596999629037189,-0.040210079487520534,0.06665465972789392,0.477960655513368,1.0,0.9837193136918786,-0.0564923488337542,-0.044755608379141276
2018-12-09 17:00:00,0.03232874887667059,0.03360495280616327,-0.0317837731614069,0.06532923782849974,0.44739528894815417,0.6312620715039967,0.8608066708598777,-0.04807764370831147,-0.036236228734167875
2018-12-09 21:00:00,0.0368931395709029,0.039468714662171944,-0.026570109309741685,0.0656156487925541,0.4280717633491956,0.3327381262235344,0.6546667325758436,-0.04248021108179423,-0.030569166980776608
2018-12-10 01:00:00,0.04507652897894343,0.04967816418475457,-0.018235022154005076,0.06686201049256994,0.39793472308437816,0.0,0.32133339924251025,-0.033224235043385564,-0.02119805145379816
2018-12-10 05:00:00,0.03549811332972408,0.041513759902343184,-0.025797424278146464,0.06678636571117116,0.4328109913852284,0.4358120829369571,0.25618340305349707,-0.04074465674797967,-0.02881202326108301
2018-12-10 09:00:00,0.029543685619064952,0.03680605930411973,-0.029987535773824514,0.06656665193666272,0.45301955847144415,1.0,0.4786040276456523,-0.04514358743046143,-0.033265674334686524
2018-12-10 13:00:00,0.07096756195641052,0.08476837746465082,0.004096987547502096,0.07723943464080484,0.33673477752597153,0.0,0.4786040276456523,-0.004038265506155381,0.008350976240884433
2018-12-10 17:00:00,0.06842663062495191,0.08760972766739572,-0.0011783551183769392,0.08510999590396216,0.33622688484184304,0.0,0.3333333333333332,-0.0038039215686273,0.008588235294117563
2018-12-10 21:00:00,0.06485836515200072,0.08853115201973805,-0.007471673922410993,0.0922634138548722,0.340156779038169,0.03364846504661194,0.01121615501553722,-0.004662643993417315,0.007718830812632138
2018-12-11 01:00:00,0.07194540186234089,0.10081126847116462,-0.005478251543464041,0.1014535819900137,0.3182079580601653,0.0,0.01121615501553722,0.004706533776301258,0.017204556241100954
2018-12-11 05:00:00,0.06184379446391364,0.08926494081301062,-0.016377727492244754,0.10192804280558601,0.3522503065537891,0.9999999999999999,0.3445494883488705,-0.0023955387998743083,0.01001413760603187
2018-12-11 09:00:00,0.06733210472303619,0.08915305946698426,-0.010341914936353391,0.09572295652263531,0.3327664311263591,0.42765771782521544,0.47588590594173835,0.005342725977521168,0.01784866233971827
2018-12-11 13:00:00,0.07130865794516916,0.08905875505831329,-0.006664108360313725,0.09193537216436111,0.3171516957423078,0.0,0.47588590594173835,0.011829841472158042,0.02441647414960557
2018-12-11 17:00:00,0.07188509474214522,0.08840046598355689,-0.007669967262330379,0.09234298560522862,0.3092416921258235,0.0,0.1425525726084051,0.015145460358056306,0.027773337595907943
2018-12-11 21:00:00,0.07195496806716095,0.09067427003937611,-0.010566872427771545,0.09734222625561888,0.3023101285143663,0.0,-7.105427357601002e-17,0.017993107317464174,0.030656407790334184
2018-12-12 01:00:00,0.06797886586911095,0.08824879167737687,-0.016421075721889555,0.10104109197225854,0.3089822972413261,0.21907349726465164,0.07302449908821713,0.016852133536146008,0.029501240893443192
2018-12-12 05:00:00,0.046681642522883315,0.0674494331202502,-0.03593709229333675,0.1017828179882029,0.40935186751274066,1.0,0.4063578324215505,-0.001611381858198424,0.010808049048891544
2018-12-12 09:00:00,0.04453490145638228,0.06459819514014176,-0.037488341297615135,0.10072126702383188,0.4109473780601794,1.0,0.7396911657548838,-0.0019251925192518282,0.01049033474776051
2018-12-12 13:00:00,0.04420992587772732,0.06286830848810854,-0.03706566448433202,0.09866111416947511,0.40563723942082386,0.9511204613375616,0.9837068204458539,-0.0005114888259364347,0.011921624173748757
2018-12-12 17:00:00,0.048831987374234886,0.06616505385223137,-0.03227211752027104,0.09679680735804089,0.3820108422391207,0.7162113187311049,0.8891105933562221,0.005820399113082075,0.018332277478618764
2018-12-12 21:00:00,0.048035432916942566,0.05904008343220557,-0.02961246332756029,0.08736704465980856,0.3778630514616662,0.0,0.5557772600228887,0.006936736958934597,0.019462501981924785
2018-12-13 01:00:00,0.04615169044961154,0.051868581941023395,-0.028220254685593416,0.07915291955419666,0.3778630514616661,0.0,0.23873710624370162,0.006936736958934597,0.019462501981924785
2018-12-13 05:00:00,0.05554122164837705,0.05711285347074835,-0.017249126015838945,0.07290877178287508,0.33587076803208527,0.0,0.0,0.018156312625250637,0.030821643286573108
2018-12-13 09:00:00,0.056134697360737285,0.05513151129913152,-0.015295485256209607,0.06905162538183286,0.32631809269729284,0.0,0.0,0.02093883128365892,0.03363877501808532
2018-12-13 13:00:00,0.04632396618625778,0.038293127787869086,-0.019386067556517173,0.05713902980534101,0.37891246133262935,1.0,0.33333333333333337,0.013282808137215829,0.025887514958117253
2018-12-13 17:00:00,0.06205098499346251,0.04282966764460561,0.0033391635242254747,0.03859945818627496,0.3177995551532515,0.0,0.33333333333333337,0.030965909090909127,0.043790584415584366
2018-12-13 21:00:00,0.0540164400413643,0.03622343666170047,-0.004232800562249506,0.03981931462204832,0.3533246690309707,0.5813029701687946,0.5271009900562649,0.02530674846625769,0.03806102680012913
2018-12-14 01:00:00,0.022683100766711206,0.006415252028260987,-0.032998820545037444,0.0399450130692128,0.503890018036071,1.0,0.5271009900562649,-0.004272499216055103,0.008113828786453281
2018-12-14 05:00:00,0.020485822630807116,0.00525702536437378,-0.0343731296468448,0.04021561604651568,0.5095707059487838,1.0,0.8604343233895981,-0.005597745243873686,0.006772097392938159
2018-12-14 09:00:00,0.018608981258081636,0.005803476044428102,-0.03594346196763143,0.04238569006298138,0.5145010256286526,1.0,1.0,-0.0066864784546804,0.005669820911863521
2018-12-14 13:00:00,0.019565907274037286,0.007961227066146881,-0.03444771355263343,0.04297811018610986,0.5058943032623248,0.946600589887936,0.9822001966293119,-0.004974539757148344,0.007403055229142197
2018-12-14 17:00:00,0.05806813539572975,0.04962845322342413,5.785004391078985e-05,0.048368965631954905,0.3606105424481538,0.0,0.6488668632959786,0.034914038947282844,0.0477878269371792
2018-12-14 21:00:00,0.07606670065795806,0.07521129783672786,0.01103485856649633,0.061523362498004046,0.3133387364541673,0.0,0.31553352996264533,0.05555555555555558,0.06868611318873086
2018-12-15 01:00:00,0.09879610722579879,0.11039269785060646,0.02117190482378195,0.08371390002900482,0.2674088073020933,0.0,-4.736951571734001e-17,0.0818073417937144,0.09526445788263338
2018-12-15 05:00:00,0.0755906775066677,0.09232839507611823,-0.004117692734981415,0.09237198880646659,0.3449611135178502,0.3251866781394918,0.10839555937983056,0.061998327759197336,0.0752090301003343
2018-12-15 09:00:00,0.07167674927808787,0.09269073590741739,-0.01074269480809431,0.09936216339087504,0.3486906391621276,0.8721064230473174,0.39909770039560305,0.061022470971514586,0.07422103416590087
2018-12-15 13:00:00,0.06689141288747558,0.08920683193138612,-0.017320888959900582,0.10283164597227328,0.3569350792932615,0.9999999999999999,0.7324310337289363,0.05898782724695684,0.07216108054027015
2018-12-15 17:00:00,0.05302619936140984,0.07453769257365406,-0.030314059358514722,0.10258344559617365,0.40392284699410586,1.0000000000000002,0.957368807682439,0.047373629092108516,0.060402407850251416
2018-12-15 21:00:00,0.061058152782012876,0.0827260090107973,-0.023910318163791633,0.1035899693679897,0.37714632520138347,0.5458661030801354,0.848622034360045,0.05784125926542849,0.07100024985425168
2018-12-16 01:00:00,0.03681246589358356,0.05715992816629312,-0.04539138700899903,0.10195140551934304,0.4614155065526127,1.0,0.848622034360045,0.035167074164629275,0.04804400977995105
2018-12-16 05:00:00,0.04272957736758953,0.06244079394875546,-0.03937018639538925,0.10064995256618489,0.43950184784473234,0.7902606327069835,0.7787089119290396,0.04281609195402303,0.05578817733990138
2018-12-16 09:00:00,0.03941154992691209,0.057930944864315936,-0.041570289126611204,0.09869388564767814,0.4458006919061216,0.8147031406249284,0.8683212577773038,0.04110655737704927,0.05405737704918012
2018-12-16 13:00:00,0.049542729531288465,0.06882994672282794,-0.03234267580484185,0.09935993607469426,0.41075435372719576,0.3988175509352098,0.6679271080890404,0.0532797081018328,0.06638195538601876
2018-12-16 17:00:00,0.03914208712111278,0.05849455526428038,-0.04139069867353984,0.09903828562069572,0.44475980552728267,0.6712332804046696,0.6282513239882692,0.04444535811199746,0.05743771071457937
2018-12-16 21:00:00,0.04722216386672984,0.06615290434187449,-0.033691302017258895,0.0982495376492597,0.41539949579211644,0.13254286485524822,0.4008645653983757,0.0545039435450394,0.06762141967621416
2018-12-17 01:00:00,0.04030047849383278,0.060026950101566,-0.039574282003102756,0.09859298728181329,0.43646690152159395,0.7336728779801521,0.5124830077466899,0.049190484057492156,0.06224186353874095
2018-12-17 05:00:00,0.027374121553688235,0.04705907972465706,-0.05070954930407767,0.09794740604180413,0.4822535303505207,1.0,0.6220719142784666,0.03728052266231119,0.05018374846876261
2018-12-17 09:00:00,0.023407127865011867,0.03790219097778502,-0.051272437700364826,0.08977478418516077,0.49372652517043764,1.0,0.9112242926600505,0.034239882745704886,0.04710528458594565
2018-12-17 13:00:00,0.01628357508491929,0.024789225011690563,-0.05404725559668977,0.0800069028131393,0.5186166732546776,1.0,0.9999999999999996,0.02771259810664306,0.040496803948539384
2018-12-17 17:00:00,0.0012445392520310516,0.004562061895839298,-0.06482194709992095,0.07153948971464166,0.5723224024164357,1.0,0.9999999999999996,0.012555803571428603,0.025151466836734748
2018-12-17 21:00:00,0.019959973989801316,0.014988177305647943,-0.04115852841097978,0.05689113622147628,0.49514561332642976,0.14313583239361802,0.7143786107978722,0.032306566970091044,0.04514791937581264
2018-12-18 01:00:00,0.010024610019505609,0.007437468244830603,-0.05085936840586147,0.059590605307797445,0.5282573908757859,0.4393470359427355,0.5274942894454508,0.02266505636070848,0.035386473429951604
2018-12-18 05:00:00,0.01734945174686886,0.016879620996163247,-0.042394959415251066,0.060040557989399564,0.4985103796909111,0.043598164735218915,0.20869367769052374,0.030798571660444862,0.04362116539522809
2018-12-18 09:00:00,0.011854039736357347,0.010869120051463232,-0.040926456722706006,0.05258587240975475,0.5167517106420274,0.27995589827402595,0.2543003663173264,0.025720746184284993,0.03848017443268992
2018-12-18 13:00:00,0.0018275778664833542,0.0037140439149125903,-0.048780412058203826,0.05370459141700831,0.5521277107572077,1.0,0.44118468766974783,0.01563249640172737,0.028266432112585838
2018-12-18 17:00:00,0.012810640555302566,0.015509681514900953,-0.03494513929555498,0.050949938499775596,0.5060685844330247,0.14096570254062205,0.47364053360488223,0.027296991264962767,0.04007602717567127
2018-12-18 21:00:00,-0.009240766400149147,-0.002537680264977693,-0.05561638490427312,0.054668296477312174,0.5803990691004642,1.0,0.7136552341802068,0.0045476115153433305,0.017043657070547225
2018-12-19 01:00:00,-0.012851842828104698,-0.001386742198850821,-0.060383754768937314,0.06087722065708951,0.5928877622257926,1.0,0.7136552341802068,0.00035441442860517647,0.012798298810742681
2018-12-19 05:00:00,-0.008824013905345707,0.0050699176902766485,-0.05455608369818232,0.06113876287298423,0.5765012151531336,0.8112565968803257,0.9370855322934415,0.004071146245059332,0.01656126482213427
2018-12-19 09:00:00,-0.015798810454279,0.0022458922141168625,-0.06297698728785428,0.06726543114911764,0.6012486415062884,1.0,0.9370855322934415,-0.0036476310009413426,0.00874647003451523
2018-12-19 13:00:00,0.00012229144040465378,0.019813246631533277,-0.04625405970447116,0.06695244487587411,0.5319106576204999,0.0,0.6037521989601081,0.012475089677162154,0.025069748903945754
2018-12-19 17:00:00,-0.003012726309852498,0.01808667254418217,-0.047889628209206836,0.06697431705432177,0.5433647077057926,0.16519156519115757,0.38839718839705206,0.009176863181312722,0.021730494199904582
2018-12-19 21:00:00,0.017390143589143037,0.03843173354903073,-0.024354654441525292,0.062347552277769266,0.4653077000890319,0.0,0.05506385506371875,0.030547667342799345,0.04336713995943198
2018-12-20 01:00:00,0.010717577278039236,0.03163593637011619,-0.027966877423257097,0.05949367090062354,0.4883563670953398,0.16954912012535217,0.11158022843883614,0.02423191678090486,0.036972824772195656
2018-12-20 05:00:00,0.006397667272056706,0.025638460995067502,-0.02675483718975058,0.05242255983374943,0.5035193723792296,0.48953544924251935,0.2196948564559567,0.02011886595454193,0.03280860975022071
2018-12-20 09:00:00,-0.006348050244492476,0.011887577147083439,-0.034806556059403415,0.04723542708512608,0.5503074975012148,1.0,0.55302818978929,0.006936736958934597,0.019462501981924785
2018-12-20 13:00:00,0.0022224192935886844,0.020275915711309045,-0.02388247308835867,0.0442381625353873,0.5153334990239152,0.5885402137171822,0.6926918876532333,0.015713714514194344,0.028348660535785664
2018-12-20 17:00:00,-0.024373291141094322,-0.0033030920250609608,-0.05076798659691606,0.048783790662037724,0.6034735780681029,1.0,0.862846737905727,-0.012248230811105043,3.888327241607925e-05
2018-12-20 21:00:00,-0.05978265661267579,-0.02525553947840553,-0.09669093981595844,0.07607387068576485,0.691929881625356,1.0,0.862846737905727,-0.05056809687546704,-0.03875766183285989
2018-12-21 01:00:00,-0.04331059738728982,-0.0024144488203895476,-0.08539302157135054,0.08678893099531185,0.6316949265758052,0.6589117276230132,0.8863039092076707,-0.035719708472517375,-0.02372456726389316
2018-12-21 05:00:00,-0.03557142680620162,0.008880650171039228,-0.07814551338363296,0.09014821546105699,0.607902625996638,0.5241847290929027,0.727698818905305,-0.029382546232614937,-0.017308574048601644
2018-12-21 09:00:00,-0.039666852658337026,0.008435088335061458,-0.08348826366170992,0.09550741954897395,0.6218153997905476,0.20735460317503523,0.4634836866303167,-0.03513369796414456,-0.023131267092069363
2018-12-21 13:00:00,-0.040906421659691716,0.010260758150404392,-0.08446554457875932,0.09837629885213091,0.6290839121436288,0.2520763767483039,0.32787190300541363,-0.03805664950015142,-0.026090578612541715
2018-12-21 17:00:00,-0.047875460755087196,0.007005353828978489,-0.09203686643402054,0.10344005231932768,0.6514482157825541,1.0,0.4864769933077795,-0.04700630252100835,-0.035151560624249734
2018-12-21 21:00:00,-0.04661530271270453,0.01200622504211002,-0.09209919947414102,0.10844840206306687,0.6530831886995202,1.0,0.7506921255827678,-0.047649396415985534,-0.035802654270075784
2018-12-22 01:00:00,-0.02678945002351696,0.03304579825572396,-0.06994182272055582,0.10492324630762781,0.5707517338765561,0.0,0.6666666666666664,-0.028937308868501432,-0.01685779816513766
2018-12-22 05:00:00,-0.01809938777868325,0.04247032549031937,-0.0607838756675968,0.10420841416880357,0.540486795191505,0.0,0.33333333333333315,-0.02100354555264361,-0.008825342993679652
2018-12-22 09:00:00,-0.027389750023537718,0.03337804449591153,-0.0695253792019287,0.10479749883114155,0.572499529781805,0.28431403167474584,0.09477134389158176,-0.031381072218409134,-0.019331960649736968
2018-12-22 13:00:00,-0.021156394855551874,0.04022329060909602,-0.06252986219102985,0.1039121143081482,0.5510832340173754,0.09410993101760477,0.12614132089745,-0.026033279656468067,-0.013917644352427039
2018-12-22 17:00:00,-0.018737511420339303,0.04290478104448958,-0.059787798173301376,0.10356683958110326,0.5443821057552729,0.12168003182546805,0.16670133150593938,-0.024387433750671983,-0.01225132498655812
2018-12-22 21:00:00,-0.008789142912157155,0.05281533137483052,-0.047618713054812134,0.10017376202617743,0.5064017948002707,0.0,0.07192998761435741,-0.014853021019157642,-0.00259830916000936
2018-12-23 01:00:00,-0.038627528379103215,0.02228293252891489,-0.07516314281806236,0.10009253242857528,0.6056391275244255,1.0,0.3738933439418225,-0.04607585429966199,-0.03420953811490812
2018-12-23 05:00:00,-0.04084361315542717,0.01850869168282898,-0.07144458815975341,0.0923988888499544,0.6162705799604394,1.0,0.6666666666666664,-0.04992894008527182,-0.038110554267335006
2018-12-23 09:00:00,-0.04594801082307276,0.012120093330499904,-0.07130922231245584,0.0859736689327109,0.6354767602999443,0.9999999999999999,0.9999999999999999,-0.05684265240959374,-0.04511026954778352
2018-12-23 13:00:00,-0.030748417805218198,0.024667818827747823,-0.04929676480830969,0.07488677480168215,0.5742071856014359,0.5253179076103388,0.8417726358701126,-0.04305733443833337,-0.031153469449257898
2018-12-23 17:00:00,-0.03380281533997476,0.019130730763339043,-0.04739681745900426,0.06748126384949481,0.5876690111090523,0.21971468830751004,0.5816775319726161,-0.047435128243587754,-0.035585720713964375
2018-12-23 21:00:00,-0.029964125885682313,0.01679900426869163,-0.033763961405103404,0.05099553419971845,0.5760930877614252,0.03078040233295758,0.2586043327502686,-0.044856369378853955,-0.032974883441119096
2018-12-24 01:00:00,-0.04048485164951121,0.005270810828269079,-0.042606520340410015,0.04878810033964423,0.6144844594255703,0.6573780546434078,0.30262438176129164,-0.05684265240959374,-0.04511026954778352
2018-12-24 05:00:00,-0.05085660774690082,-0.003528938110951896,-0.057318320757415386,0.05547720043452956,0.6502146992198976,1.0,0.5627194856587883,-0.06907798299618872,-0.05749780123131054
2018-12-24 09:00:00,-0.03749365647692782,0.01107698121569145,-0.04549372208835423,0.05756123841750821,0.5939466123145395,0.24086800329640684,0.632748685979938,-0.05747254378153743,-0.045747996438112226
2018-12-24 13:00:00,-0.06190381806946876,-0.008767146377995028,-0.0750470486595124,0.06917899309124126,0.6658642533283312,1.0,0.7469560010988022,-0.08385025966532011,-0.07245383727639931
2018-12-24 17:00:00,-0.06893252241871672,-0.00938518096959251,-0.08848791873778061,0.08317293420961426,0.6883829765416573,1.0,0.7469560010988022,-0.09346227963742759,-0.082185425736921
2018-12-24 21:00:00,-0.05004383341571905,0.012616268994684487,-0.07201897209016517,0.08722597029260301,0.6130193634390244,0.20196405569591028,0.7339880185653034,-0.07706002034587989,-0.06557913094027035
2018-12-25 01:00:00,0.014418982861573948,0.08297867185933083,-0.012970907884176097,0.09270456025657543,0.43242731329542905,0.0,0.40065468523197006,-0.013858695652173902,-0.0015916149068324614
2018-12-25 05:00:00,0.003373555711569942,0.07124118239359833,-0.02592628223998894,0.09501467439198696,0.4596388272429534,0.10631338882057463,0.10275914817216156,-0.024462365591397806,-0.012327188940092215
2018-12-25 09:00:00,0.004872938329678833,0.07328229692153809,-0.025136428326369864,0.09610519129227232,0.4559395421318834,0.09186055326244405,0.06605798069433949,-0.022811201723341945,-0.010655485459301395
2018-12-25 13:00:00,0.018468835032550812,0.08956373057133171,-0.013410784804652076,0.09919742722803823,0.4252784536095465,0.0,0.06605798069433949,-0.008856808427623819,0.003472493172063995
2018-12-25 17:00:00,0.012806338944959084,0.08478340424905273,-0.020916944621723665,0.10242944583717178,0.4396914575151293,0.4194658666799161,0.17044213998078664,-0.013858695652173902,-0.0015916149068324614
2018-12-25 21:00:00,-0.01593854292226693,0.053424263402940486,-0.04777028677271067,0.10090928081789236,0.5169614505137843,1.0,0.47315528889330527,-0.04248021108179423,-0.030569166980776608
2018-12-26 01:00:00,-0.012955541262610115,0.05597407678946653,-0.043708357321510016,0.09907482212372298,0.5104633549594704,0.9291243112275096,0.7828633926358084,-0.04009220072551389,-0.02815145102781147
2018-12-26 05:00:00,-0.0028185932130067037,0.06592085287228078,-0.03165106128513606,0.09592819454030314,0.4840547877892428,0.6410821653341869,0.8567354921872322,-0.030345827925795765,-0.018283838460951274
2018-12-26 09:00:00,0.018906618799097386,0.0909725262538843,-0.014750824458411915,0.10184206303293046,0.431781997354569,0.0,0.5234021588538988,-0.008469945355191189,0.0038641686182669943
2018-12-26 13:00:00,0.0326675638058842,0.10891943815066507,-0.007849961797975369,0.1111523452821217,0.40156408385592957,0.0,0.21369405511139572,0.006218806939713328,0.01873564128970906
2018-12-26 17:00:00,0.02537095914491605,0.10171409039565771,-0.019422751812980477,0.11634956162387008,0.41957677195088217,0.16540687474231358,0.05513562491410458,0.00011811023622065875,0.012559055118110285
2018-12-26 21:00:00,0.01568772505234617,0.09175150980633995,-0.031414352232001286,0.11955893877422091,0.4459337130274058,0.5378742943852839,0.23442705637586583,-0.008702099430266008,0.003629126668227567
2018-12-27 01:00:00,0.030467756389088052,0.10905510197128909,-0.0219217580676897,0.12550885684573515,0.4105745809697061,0.20307803517927847,0.30211973476895865,0.006936736958934597,0.019462501981924785
2018-12-27 05:00:00,0.03408402284198275,0.1145577882458606,-0.023217072879015643,0.1317574512010674,0.4001017714274367,0.0,0.24698410985485414,0.011829841472158042,0.02441647414960557
2018-12-27 09:00:00,0.03936031604955437,0.12039366300856913,-0.023128225959651805,0.1368657361465623,0.385685997598279,0.0,0.06769267839309286,0.018564554931836508,0.031234963913391978
2018-12-27 13:00:00,0.04070801110768252,0.11892826012444502,-0.025322019172217103,0.13780077311104424,0.37930244820075293,0.0,3.552713678800501e-17,0.021513591764516615,0.03422068521795074
2018-12-27 17:00:00,0.06408634998574936,0.14562925310197739,-0.010817613500954781,0.14656737269070794,0.32982208336760777,0.0,3.552713678800501e-17,0.04702827466820558,0.06005275739840088
2018-12-27 21:00:00,0.06056284193778905,0.13443180838143154,-0.015902614607240073,0.1419233904639744,0.3335301799390484,0.0527619953048722,0.01758733176829077,0.04599357654615832,0.05900518817425682
2018-12-28 01:00:00,0.0629935055190709,0.12315575813214275,-0.010562675226300833,0.12659175535547595,0.3243499604393729,0.0,0.01758733176829077,0.050926692040377475,0.06399966903855692
2018-12-28 05:00:00,0.011605970826839673,0.054010030748764315,-0.05101649049352541,0.10486955562413475,0.4866574606927632,0.9999999999999999,0.35092066510162406,0.0005908303135340187,0.013037655585315777
2018-12-28 09:00:00,0.0001740766722091447,0.041805134628985385,-0.061752171002534384,0.1046005410298272,0.5164887790065471,1.0,0.6666666666666667,-0.010709556819066823,0.0015966975621153345
2018-12-28 13:00:00,-0.007775111777533983,0.032435510366748854,-0.06931948997434967,0.10366682283073538,0.5378322612504686,1.0,1.0,-0.0188861424378185,-0.006681600494361173
2018-12-28 17:00:00,0.0005495736362852721,0.039678520556929664,-0.06129403699251157,0.10207576776736646,0.5132072648068375,0.8846508757397129,0.9615502919132376,-0.010632497273718622,0.0016747156878018643
2018-12-28 21:00:00,0.010591346452745842,0.04995937520880389,-0.05173033152521467,0.10177983055091724,0.4838285120870987,0.0,0.6282169585799042,-0.0002754820936637925,0.01216056670602117
2018-12-29 01:00:00,0.012167084645793302,0.05087230508662843,-0.050130921696771025,0.1009657996000159,0.47806700999368273,0.0,0.29488362524657097,0.0017745879012540655,0.014236138496726891
2018-12-29 05:00:00,0.023411177542659978,0.05615531274502761,-0.03718181338359683,0.09245998142932087,0.44492922455714223,0.0,0.0,0.013848978288633518,0.02646072796934873
2018-12-29 09:00:00,0.03176256733111149,0.058158639031966164,-0.026767131498326546,0.08361339526658071,0.42060162543252777,0.0,0.0,0.023406655386350783,0.03613729755861739
2018-12-29 13:00:00,0.02125913394650869,0.04196473140451018,-0.034102343154190584,0.07576921108123034,0.4528213725286097,0.5095893345517528,0.16986311151725095,0.013848978288633518,0.02646072796934873
2018-12-29 17:00:00,0.028002351733052988,0.04780543841617391,-0.027478861839597135,0.07452686226930637,0.43161290304023586,0.19161583432874835,0.2337350562935004,0.021677927927927998,0.034387065637065506
2018-12-29 21:00:00,0.022553866374787512,0.04264549565101361,-0.032306743348618494,0.07456677528977732,0.44757649794600346,0.8372155260261482,0.5128068983022164,0.01717786497957885,0.02983102426523576
2018-12-30 01:00:00,0.022456812836287865,0.042261256289079174,-0.032098556922243726,0.07398387527014096,0.4451285962262926,0.7612403263322755,0.5966905622290573,0.017993107317464174,0.030656407790334184
2018-12-30 05:00:00,0.0126817771083918,0.030649646259415908,-0.04045029751825091,0.07145007239866562,0.48004142083268014,1.0,0.8661519507861413,0.008776109919784059,0.021324755777936577
2018-12-30 09:00:00,0.022098367255368068,0.04047716074151686,-0.031202449573351942,0.07134874083314903,0.4463476621761329,0.30425790025305943,0.6884994088617782,0.0190548780487807,0.031731386392811256
2018-12-30 13:00:00,0.02637984471245214,0.045543224118173686,-0.026977210729996703,0.07185341907787735,0.42972296913971647,0.0,0.43475263341768633,0.024397128800709877,0.03714009194289858
2018-12-30 17:00:00,0.020360092382639472,0.040239196741799654,-0.031941973182178174,0.07188295544823778,0.45106393218998236,0.4241180388555182,0.24279197970285907,0.019218424008987434,0.03189696677900811
2018-12-30 21:00:00,0.01720732028082317,0.03786533995573915,-0.03392681930252062,0.07165105966909402,0.46140010559467015,0.6295332107641793,0.35121708320656575,0.01677073326929235,0.029418828049951884
2018-12-31 01:00:00,0.012403564270514922,0.03223192986258372,-0.03345951057202967,0.06573178597084113,0.4800277311919977,1.0,0.6845504165398991,0.012475089677162154,0.025069748903945754
2018-12-31 05:00:00,0.005141425390561283,0.02378266374387339,-0.03505472896986861,0.05917088173292866,0.5103110209626783,1.0,0.8765110702547263,0.005422306657167697,0.017929232961291897
2018-12-31 09:00:00,0.01155909423077306,0.02702782892938127,-0.02099451419279086,0.04787791186656124,0.4808381623353957,0.5025433445285981,0.8341811148428658,0.012313700486171975,0.02490635211604353
2018-12-31 13:00:00,0.025570552566500426,0.0418145333942499,-0.008602529835243344,0.04959351326004498,0.42436628320495456,0.0,0.5008477815095325,0.027380085739707294,0.04016015530211092
2018-12-31 17:00:00,0.038060225994383634,0.05459305261309222,0.0011875311848741354,0.05195644111936673,0.3806681229725152,0.0,0.16751444817619915,0.041448015742866495,0.05440308297802554
2018-12-31 21:00:00,0.026689689399456373,0.037839098723091213,-0.007517617963227918,0.044679344740364994,0.42708150021488495,0.35800940862870445,0.11933646954290132,0.031133300860529234,0.04396005845104711
2019-01-01 01:00:00,0.026765432741628237,0.03422485417220433,-0.005933241688459434,0.03959795091938303,0.42316245965485777,0.42422202239933915,0.260743810342681,0.032306566970091044,0.04514791937581264
2019-01-01 05:00:00,0.028771979836174966,0.035098270872564896,-0.00410202107638058,0.0386020328229353,0.4121084271236624,0.6773974664021238,0.48654296581005574,0.03550464699168443,0.0483857818359692
2019-01-01 09:00:00,0.025312279228533408,0.030012979022171038,-0.006930425138478746,0.03652189485765672,0.4244646210456904,0.9436179971233452,0.6817458286416026,0.03306222041480278,0.04591297275315154
2019-01-01 13:00:00,0.025282048012518654,0.03046070493428843,-0.007396306985904766,0.03742541459242175,0.42052596345520304,0.5621782703027849,0.7277312446094178,0.034071480908572926,0.04693478791826089
2019-01-01 17:00:00,0.009674068188917362,0.015452050917526217,-0.02194868229384994,0.037522618521781397,0.49788099294761445,1.0,0.8352654224753766,0.01872794353545082,0.03140038498556308
2019-01-01 21:00:00,0.004263564310677204,0.010240723051327283,-0.027036382510355894,0.03759280352473902,0.5220237679441248,1.0,0.8540594234342617,0.013444506502832576,0.026051224766616032
2019-01-02 01:00:00,0.006102194259497429,0.01284429522513375,-0.024917534211302272,0.03799116765969566,0.5114309333090022,0.8956348397045504,0.96521161323485,0.015551291276884927,0.028184216838570197
2019-01-02 05:00:00,-0.013377636461932574,-0.0031281017363250507,-0.04636645198203604,0.04433553397980896,0.5973834488989589,1.0,0.96521161323485,-0.004662643993417315,0.007718830812632138
2019-01-02 09:00:00,-0.013372722439747298,0.00011203005705606728,-0.04839680449314687,0.04970892670695573,0.5994747258857169,1.0,0.96521161323485,-0.005208333333333259,0.007166353383458723
2019-01-02 13:00:00,-0.031052634640759913,-0.011199607027984393,-0.07128618187968216,0.06267132155173838,0.6661670415792773,1.0,1.0,-0.024312490397910502,-0.012175449377784697
2019-01-02 17:00:00,-0.06980507002995118,-0.032238720132372056,-0.12420886110568152,0.0997749128664026,0.7647229969597178,0.9999999999999999,1.0,-0.06620349948536974,-0.0545875606528452
2019-01-02 21:00:00,-0.047392284396703954,-0.0014894766846156315,-0.10753449205834065,0.11215902647188034,0.659521467428696,0.37132894913266734,0.7904429830442224,-0.04564580359155446,-0.03377413780148775
2019-01-03 01:00:00,-0.036996237451413005,0.01392570070623056,-0.09981983084425616,0.11884978082083718,0.6209056117277506,0.12968901703326494,0.5003393220553107,-0.036743515850144015,-0.024761110268466613
2019-01-03 05:00:00,-0.03392871427289834,0.02078652090078159,-0.09823846954470816,0.12382004222108799,0.6136699378671937,0.0,0.16700598872197744,-0.035060396566132246,-0.023057053863101085
2019-01-03 09:00:00,-0.02103243888137407,0.036222386397986694,-0.08621084882395447,0.12557180597429465,0.5638304272574793,0.0,0.043229672344421675,-0.023036689485424144,-0.010883778170910019
2019-01-03 13:00:00,-0.02381110328401015,0.035092859832194234,-0.08934923865374123,0.12791212278066338,0.575295208032142,0.11981038929192422,0.03993679643064143,-0.026779557122059594,-0.014673205118381771
2019-01-03 17:00:00,-0.016291722251000396,0.0443159958302104,-0.0817234032376184,0.12844173522669863,0.5471087737110543,0.0,0.03993679643064143,-0.019945987654320874,-0.007754629629629584
2019-01-03 21:00:00,-0.01754513200984964,0.04393072010818799,-0.0804700701774943,0.12671584764387658,0.5538348481340881,0.10105103341125204,0.07362047423439211,-0.021908208840289434,-0.00974125981826579
2019-01-04 01:00:00,-0.01489042081393277,0.046210309513954106,-0.07277100092532929,0.12058269025195124,0.544786502130352,0.0,0.03368367780375071,-0.019870360367312268,-0.007678061578825557
2019-01-04 05:00:00,-0.025136574637481535,0.03577895619616012,-0.07888674473838397,0.1171916370898369,0.5853200089839913,1.0,0.367017011137084,-0.03108551376916624,-0.01903272560836078
2019-01-04 09:00:00,-0.023721932395686096,0.03693407047657593,-0.07304793752992333,0.11200446518910981,0.5830834803626278,0.9448227208803013,0.6482742402934337,-0.030641837747080736,-0.018583530489201028
2019-01-04 13:00:00,-0.03130403430868833,0.02812978753844697,-0.07482872121461825,0.10542000977538628,0.6147862732295565,1.0,0.9816075736267671,-0.03943885653785062,-0.027489979581033164
2019-01-04 17:00:00,-0.028666582071403046,0.02917686283176213,-0.06603969703611035,0.09700449008542064,0.6065084018527865,0.8817443079201155,0.942189009600139,-0.03798379156252352,-0.02601681436037262
2019-01-04 21:00:00,-0.01912646462623413,0.035360622629989846,-0.048390809867285056,0.08430065918397231,0.5587095665433012,0.0,0.6272481026400385,-0.029308368360718262,-0.017233473442873515
2019-01-05 01:00:00,-0.028916448765311187,0.02295155719523767,-0.0524233323029234,0.07650221757395034,0.6011654301312006,0.7571033695940205,0.5462825591713787,-0.04016473966598644,-0.02822489231466796
2019-01-05 05:00:00,-0.02253570874337374,0.026889265024878872,-0.04052251983147559,0.06787445975872997,0.571556220809825,0.2290907406242647,0.3287313700727617,-0.03476707956531644,-0.022760088152595226
2019-01-05 09:00:00,-0.016052053009601885,0.02888621954899473,-0.026287029884596413,0.05510163962748563,0.5412931556035745,0.0,0.3287313700727617,-0.029011543459980138,-0.01693295619600954
2019-01-05 13:00:00,-0.00975169887719951,0.033595031730263125,-0.01712191014293729,0.050302621274988406,0.512092852771568,0.0,0.07636358020808824,-0.023186956856110053,-0.011035914788894985
2019-01-05 17:00:00,-5.9789965253354005e-05,0.0425951731019365,-0.005544617848383782,0.04726420836848428,0.46815811844269656,0.0,0.0,-0.013628950842587417,-0.0013590121922808507
2019-01-05 21:00:00,-0.005030305287552217,0.037397325622613886,-0.011462529578115,0.04823438078671092,0.49306396973507705,0.240873388603874,0.08029112953462468,-0.018734548825710684,-0.006528121137206577
2019-01-06 01:00:00,-0.013106186465169478,0.019166779401274647,-0.014939162031281983,0.03403400006762848,0.5328021534249213,0.8838996668590576,0.3749243518209772,-0.0272267749100098,-0.015125986061116592
2019-01-06 05:00:00,-0.01244695722788236,0.016428741892719145,-0.013839695550322162,0.030229304907389502,0.5320072604694434,0.9877035374463152,0.7041588643030822,-0.02707774798927609,-0.014975105323630888
2019-01-06 09:00:00,-0.0171630336873263,0.010232181819613162,-0.01907654839232653,0.029438914487555045,0.5575960006825391,1.0000000000000002,0.9572010681017911,-0.032414108326350166,-0.020377847185190867
2019-01-06 13:00:00,-0.012008821679630688,0.014275981900602197,-0.01442140861319352,0.028699477349117597,0.5306873216496583,0.5830182525203922,0.8569072633222358,-0.02782242632988896,-0.015729047072330693
2019-01-06 17:00:00,-0.02365989490375997,0.0030718117052590532,-0.02699503975422446,0.03043085358449686,0.5889214104685104,1.0,0.861006084173464,-0.040237267643947305,-0.028298322502644746
2019-01-06 21:00:00,-0.042847048107158225,-0.010825963998667532,-0.05197350361446529,0.042481445702576844,0.6656004492030398,0.9999999999999999,0.861006084173464,-0.060817805383022616,-0.04913487133984029
2019-01-07 01:00:00,-0.02806287693182874,0.0054298933435315,-0.03782077379950943,0.04396266180456001,0.5881884031775784,0.42620820205334353,0.8087360673511145,-0.047435128243587754,-0.035585720713964375
2019-01-07 05:00:00,-0.004588508812298442,0.029436148733147594,-0.014407735278994305,0.043516889111240804,0.4878500497631039,0.0,0.47540273401778116,-0.024612194747350657,-0.012478881892182603
2019-01-07 09:00:00,-0.004482004727584088,0.02914897734073807,-0.013783854097246695,0.04260551196687312,0.4881514350809104,0.0016955535332473226,0.14263458519553032,-0.02468709206787978,-0.012554710896106935
2019-01-07 13:00:00,-0.0010636914696273703,0.0326735602827537,-0.011477782487855137,0.043688338611885986,0.47490885571127306,0.0,0.0005651845110824875,-0.021380691886894065,-0.009207180830572481
2019-01-07 17:00:00,-0.01844712071844068,0.01461646008123929,-0.029239351374076294,0.044178822514855776,0.547082747895528,0.6371308307505631,0.2129421280946035,-0.03914819577880313,-0.027195703154550332
2019-01-07 21:00:00,-0.014071206415547155,0.01812142511509207,-0.0254725794285805,0.043754828792880916,0.5303990697125777,0.7688405366810742,0.46865712247721253,-0.035426792223572146,-0.023428007290400954
2019-01-08 01:00:00,-0.013303534561957098,0.018077272601241923,-0.025262992312598986,0.043496541893069424,0.5293763912370258,0.7546708910571276,0.7202140861629216,-0.035206988226357705,-0.023205469046714833
2019-01-08 05:00:00,-0.026478823871279422,0.005736606563797375,-0.03967132733038048,0.04619168485787286,0.584835998361218,1.0,0.8411704759127339,-0.049146578829165954,-0.03731846084743229
2019-01-08 09:00:00,-0.010284238895509334,0.021432958578414096,-0.024179249943953485,0.045674926850983975,0.5129876242472379,0.0,0.5848902970190426,-0.03373906428299733,-0.021719284899201274
2019-01-08 13:00:00,-0.019830918064178693,0.011782284219268968,-0.03448628903709616,0.04679984521194806,0.5516935710182708,0.5387170864803398,0.5129056954934466,-0.04384974405299602,-0.03195573622402903
2019-01-08 17:00:00,-0.005169337806789742,0.02671353643429719,-0.020189970625727582,0.04675101539724405,0.49309397937986854,0.0,0.17957236216011324,-0.029753265602322165,-0.017683904972882192
2019-01-08 21:00:00,-0.010844331499683668,0.020616021122866757,-0.025148362452961592,0.045868329037548033,0.5163145089422536,0.25310680776608635,0.263941298082142,-0.035719708472517375,-0.02372456726389316
2019-01-09 01:00:00,-0.018076950619624776,0.01236274152796768,-0.029946896961359437,0.042684927690917335,0.5459064495249922,0.9012429723232747,0.38478326002978697,-0.0434897206114917,-0.031591234279689684
2019-01-09 05:00:00,-0.018645142626335987,0.011341121520389574,-0.028954116932889296,0.040653251216871786,0.550884302119755,0.9861898542995077,0.7135132114629562,-0.04478453786568393,-0.03290215838158983
2019-01-09 09:00:00,-0.020671304876696994,0.00957934802450544,-0.030897584377235554,0.040913029215097915,0.5620854582469355,1.0,0.9624776088742607,-0.04757798440311933,-0.0357303539292142
2019-01-09 13:00:00,-0.0035673045609228016,0.02691905170679365,-0.01356181621972441,0.040212305310761094,0.48609308737924345,0.0,0.6620632847665024,-0.03108551376916624,-0.01903272560836078
2019-01-09 17:00:00,0.010802869635291978,0.04334976653564837,-0.0016914867493208474,0.04412222528216926,0.4327951847065129,0.0,0.3333333333333332,-0.01668344042734371,-0.0044514980258574255
2019-01-09 21:00:00,0.0012924915853860242,0.03367005507600185,-0.011314046179614401,0.04448682730214686,0.4723822542232773,0.30618753006495514,0.10206251002165156,-0.02588388680113496,-0.013766393128307408
2019-01-10 01:00:00,-0.001260212875046296,0.030593432012757438,-0.014728672584929603,0.04496542179798901,0.48320739382757855,0.38991493900199936,0.23203415635565136,-0.0284173487340319,-0.016331369999235124
2019-01-10 05:00:00,0.03933564478138951,0.07583208277692388,0.017391229030458533,0.05583814533004123,0.3594154272684272,0.0,0.23203415635565136,0.01263653033564549,0.02523319779956945
2019-01-10 09:00:00,0.05743828037598653,0.10379731089250299,0.022208704878572405,0.07675293993402875,0.31920384313866096,0.0,0.12997164633399966,0.03255832859117147,0.0454028127794488
2019-01-10 13:00:00,0.04545146357605612,0.09690379913151626,0.0038852507879683085,0.08855581986883743,0.35728326572587826,0.232186574176351,0.07739552472545022,0.02266505636070848,0.035386473429951604
2019-01-10 17:00:00,0.05877361514899171,0.11831667144767666,0.007631350781810209,0.10412796503819546,0.3268417462610641,0.04657157171487567,0.09291938196374211,0.03804347826086962,0.050956194834913315
2019-01-10 21:00:00,0.04765032143834835,0.1108519584381158,-0.008486245078316412,0.11352753972163812,0.36094102755562785,1.0000000000000002,0.42625271529707554,0.029044802722190788,0.04184558049096654
2019-01-11 01:00:00,0.03769226568550743,0.10087594853980875,-0.021642644674180977,0.11784977951844841,0.3919419080167012,1.0,0.6821905239049585,0.020774732781483785,0.03347263521658772
2019-01-11 05:00:00,0.03605391287833304,0.09946906267252187,-0.026379468457977895,0.12141156994054718,0.39257656536656677,1.0,1.0,0.02061068702290081,0.03330654881478501
2019-01-11 09:00:00,0.034560054482851044,0.09760845949969776,-0.03046238847286198,0.1239107867292046,0.39291775549735874,1.0,1.0,0.02052868391451068,0.033223525630724726
2019-01-11 13:00:00,0.026068589077706594,0.08471991686765956,-0.038971671813415876,0.12092552344122443,0.42426194513408044,1.0,1.0,0.013201978302488815,0.025805679642629142
2019-01-11 17:00:00,0.023319243106071585,0.07995660950030326,-0.042466563314604966,0.12017057265540182,0.4319822820348565,1.0,1.0,0.011426978818283251,0.02400860009555661
2019-01-11 21:00:00,0.03276911230823498,0.08637562105896945,-0.03430351998871939,0.11761686247257014,0.3977776449607986,0.13198794575958644,0.7106626485865288,0.022088999758590244,0.03480325098575676
2019-01-12 01:00:00,0.04156643774496649,0.09479181458420927,-0.028282303935534436,0.11911304340536129,0.3678474081245134,0.0,0.3773293152531955,0.03247439440741351,0.0453178344984555
2019-01-12 05:00:00,0.04279162097543754,0.09361900648483501,-0.02859088224908035,0.1183614763398382,0.35968653408038315,0.0,0.04399598191986219,0.03542023314583842,0.0483003179261432
2019-01-12 09:00:00,0.03737053920498323,0.08229018633962282,-0.03282214443269471,0.11233386265951346,0.3791808739513847,0.269647115114954,0.0898823717049847,0.031552018192154696,0.04438398440672464
2019-01-12 13:00:00,0.03760780008728282,0.07518302817335476,-0.030389666637396062,0.10326001325772048,0.373589015835539,0.36497968774924416,0.2115422676213994,0.033314350797266634,0.0461682395053693
2019-01-12 17:00:00,0.031210135277087936,0.05788164015574515,-0.031143196053097566,0.08785034543345736,0.40121245220847845,1.0,0.5448756009547328,0.028211770420141002,0.04100218570387759
2019-01-12 21:00:00,0.03377023363832632,0.0533765088099869,-0.025422665156483837,0.07771298564123962,0.38705001068478917,0.6589493462853169,0.6746430113448537,0.03213879408418663,0.04497805948317901
2019-01-13 01:00:00,0.030030467597640165,0.04515362143804191,-0.02684136462870268,0.07134177164494686,0.4015706158484804,1.0,0.8863164487617723,0.02962872892347601,0.042436770428015524
2019-01-13 05:00:00,0.026691498138721625,0.03275520910913854,-0.024318745467627245,0.05683421468387858,0.41500261912803293,1.0,0.8863164487617723,0.027380085739707294,0.04016015530211092
2019-01-13 09:00:00,0.023654077923230377,0.014173300280545531,-0.015319570864981591,0.029509784244343338,0.4278090985095603,1.0000000000000002,1.0,0.02530674846625769,0.03806102680012913
2019-01-13 13:00:00,0.023998385266439604,0.013514578070352279,-0.013457998697574247,0.026971813743774387,0.421450129882786,0.843986483355262,0.947995494451754,0.026632719043000463,0.039403491755577225
2019-01-13 17:00:00,0.03988060735842702,0.032014549904038736,0.0011159992574221178,0.030395048325214953,0.34885470022759996,0.0,0.6146621611184208,0.04418776718184825,0.05717691548832615
2019-01-13 21:00:00,0.03963256710938845,0.03394223148938802,-0.0003729196685116065,0.03374869099216842,0.343946800369481,0.0,0.28132882778508733,0.04556305564702012,0.05856931182087566
2019-01-14 01:00:00,0.03414710840101498,0.030128338610429628,-0.004890555730795998,0.03458250150896659,0.37246957930404245,0.3401144443587561,0.1133714814529187,0.041448015742866495,0.05440308297802554
2019-01-14 05:00:00,0.023127015660929118,0.020022201215611934,-0.014736394135390296,0.034666973883001946,0.4382261274213335,1.0,0.446704814786252,0.031300746995777784,0.044129587528418224
2019-01-14 09:00:00,0.032706744671834986,0.030385484549416697,-0.0058163068044627675,0.03576246418430845,0.3904886537425757,0.49365915973813834,0.6112578680322981,0.04230264237649761,0.05526834071885767
2019-01-14 13:00:00,0.010930872445769513,0.009079879684470438,-0.026342597678522317,0.03573088344528988,0.5052340827919515,1.0,0.8312197199127128,0.020774732781483785,0.03347263521658772
2019-01-14 17:00:00,0.012692788524780507,0.011012699725622577,-0.024053376326507947,0.035296219342973216,0.49431547176025475,0.9177595611413478,0.803806240293162,0.023076923076922995,0.03580346355215447
2019-01-14 21:00:00,0.015892479496775858,0.012578547406772778,-0.019426865647393154,0.03211538122970578,0.4757305677525091,0.7428785156509654,0.8868793589307711,0.026964747736093253,0.03973965071151353
2019-01-15 01:00:00,0.008062429003226068,0.0031562162290872386,-0.025507741108701465,0.028987919439063807,0.5142305861886207,1.0,0.8868793589307711,0.01938202247191012,0.032062600321027146
2019-01-15 05:00:00,0.0033357542035064025,0.00010080588030891846,-0.03073913774896675,0.03131973585993323,0.536920540937023,1.0,0.9142928385503218,0.01473995366301839,0.027362786610209966
2019-01-15 09:00:00,0.004902240320283857,0.003692875442178112,-0.02931912594237729,0.03344047842301259,0.5266947949939317,0.832885268436769,0.944295089478923,0.016526610644257866,0.02917166866746701
2019-01-15 13:00:00,0.012735004790084936,0.012456141522295017,-0.020663049204670214,0.033255653767157424,0.48054999346269267,0.07876169018167327,0.6372156528728141,0.02497579083279544,0.03772595222724329
2019-01-15 17:00:00,0.012078578168085441,0.01268517016528592,-0.020559948283729645,0.03337653485217721,0.4814999200384559,0.016851469753700225,0.30949947612404743,0.024810392125221847,0.0375584960464741
2019-01-15 21:00:00,0.0129404999991245,0.014333763908756847,-0.018785569677521097,0.033193218467005584,0.47357241928034727,0.0,0.03187105331179112,0.026217984972125796,0.03898359861032552
2019-01-16 01:00:00,0.014560711051788466,0.016538686238682487,-0.016652046562568357,0.033192614163996895,0.460601668761764,0.0,0.005617156584566695,0.028461538461538538,0.04125506072874496
2019-01-16 05:00:00,0.011863266769307712,0.014554278191998726,-0.018456677804182475,0.03307549289149753,0.4760559323621041,0.7395003244877452,0.2465001081625817,0.026217984972125796,0.03898359861032552
2019-01-16 09:00:00,0.00936008680281697,0.012776603626728722,-0.02032316494253894,0.033225136333551286,0.491174202671852,1.0,0.579833441495915,0.02406675804240921,0.0368056115455937
2019-01-16 13:00:00,0.004634124908762249,0.00899850316222528,-0.024730102809066623,0.033996011794864986,0.5230932561833281,1.0,0.9131667748292484,0.019463841399791404,0.032145437033469726
2019-01-16 17:00:00,-0.008992928839629766,-0.0015809744058132846,-0.039835725238032915,0.039063695504054655,0.6066163404740313,0.9999999999999999,0.9999999999999999,0.0052631578947368585,0.017768104471705515
2019-01-16 21:00:00,-0.013289625523008164,-0.002172092403965209,-0.04624879441969321,0.04517029488391059,0.6311248110071683,1.0,0.9999999999999999,0.00035441442860517647,0.012798298810742681
2019-01-17 01:00:00,-0.01507742754590169,-0.0010855915633591895,-0.04765733741212741,0.04773512064642055,0.6430978326233692,1.0,0.9999999999999999,-0.0020820238843494154,0.010331552482715223
2019-01-17 05:00:00,-0.008274787976969233,0.006524121835813856,-0.0385288667942949,0.04578566794273925,0.5880616548048124,0.5413826751344353,0.847127558378145,0.00446816923685267,0.01696322657176741
2019-01-17 09:00:00,0.0096237302840263,0.024131862170368112,-0.018067107015728667,0.042071392837808835,0.46884376346555734,0.0,0.5137942250448116,0.02299452319587636,0.035720038659793785
2019-01-17 13:00:00,0.009324462857417837,0.024053944724711895,-0.01703018314597604,0.04094035024116605,0.46839720115453604,0.0,0.18046089171147828,0.023076923076922995,0.03580346355215447
2019-01-17 17:00:00,0.01044517382641974,0.024029383364789103,-0.0122352562270025,0.03605203842938523,0.4594430606676816,0.0,-1.6579330501069005e-16,0.024645046789286917,0.03739109390125828
2019-01-17 21:00:00,0.008784099452874061,0.022674955266914543,-0.013723940120281775,0.036236717682775026,0.46865471241872214,0.07161990700364272,0.02387330233454741,0.02332420238478905,0.03605381888494996
2019-01-18 01:00:00,0.004860856207121955,0.018972963002970467,-0.01709465187758885,0.03603377356167413,0.4952843565180045,0.9999999999999999,0.3572066356678807,0.0195456734628352,0.03222828704446945
2019-01-18 05:00:00,0.010047291770194366,0.024593899992393586,-0.011396708935810795,0.03575467826806923,0.45818982330711855,0.0,0.3572066356678807,0.0252239890225201,0.037977237872306
2019-01-18 09:00:00,0.011536863203866154,0.026579529370169608,-0.010243095888567866,0.03652428696649191,0.4456863277207461,0.0,0.33333333333333315,0.027213910230489358,0.03999191265669233
2019-01-18 13:00:00,0.011871056986175965,0.02705136428494148,-0.010394140488906967,0.03713621167940793,0.4402949083946941,0.0,-1.4210854715202004e-16,0.028045325779036956,0.04083367057871312
2019-01-18 17:00:00,0.006006209588251155,0.021044939793533946,-0.016159234706605186,0.03711351166377438,0.48645689360308025,0.8394698762000811,0.27982329206669354,0.022335801674179256,0.03505312298776553
2019-01-18 21:00:00,0.012350138634596775,0.028099425840650838,-0.009987594398187194,0.03774520286283151,0.4389896138639727,0.0,0.27982329206669354,0.029294975688817004,0.04209886547811981
2019-01-19 01:00:00,0.007081394174086597,0.023044307118793128,-0.014803036253539958,0.03769202826513607,0.4787653726787246,0.837961623951693,0.5591438333839246,0.02423191678090486,0.036972824772195656
2019-01-19 05:00:00,0.009306951896644877,0.025702140731547418,-0.012330000704059207,0.03777954475429206,0.4603271527225188,0.44952099584856514,0.4291608732667527,0.026881720430107725,0.03965559058937673
2019-01-19 09:00:00,0.007923846938583168,0.024563417847099034,-0.013046700030913905,0.03739478528306201,0.46926943584087455,0.637909358685131,0.6417973261617963,0.025803585850427968,0.03856404458084306
2019-01-19 13:00:00,0.006441375865576804,0.023311595525072004,-0.014067423547980407,0.037207044912089,0.4799765725416728,1.0,0.6958101181778987,0.02456239412761163,0.03730741308381047
2019-01-19 17:00:00,0.008926522286311078,0.02624456316844692,-0.011643365951167883,0.03761332930006041,0.4568183989712969,0.0,0.545969786228377,0.02746319365798433,0.04024429703931398
2019-01-19 21:00:00,0.00826290581173783,0.025775441960939283,-0.012577965008003789,0.03810198195458969,0.46002492381587606,0.1384619056781307,0.3794873018927102,0.02713084263302612,0.039907811741872745
2019-01-20 01:00:00,0.00660895878779022,0.022150157645956403,-0.013751546647005841,0.035751572517873004,0.4742304906753443,0.7518767251283174,0.2967795436021493,0.025720746184284993,0.03848017443268992
2019-01-20 05:00:00,0.010901003216467808,0.022963069530148594,-0.008131426528119934,0.03086560226137693,0.432431487989492,0.0,0.2967795436021493,0.030547667342799345,0.04336713995943198
2019-01-20 09:00:00,0.009057111623965941,0.014917676650776146,-0.006143472648507453,0.020969155475335552,0.4486725802469197,0.3885521475115203,0.3801429575466125,0.029044802722190788,0.04184558049096654
2019-01-20 13:00:00,0.009252060778521587,0.009082754265654192,-0.0016735454459394505,0.010716598951858029,0.4433592968827378,0.26143707244346603,0.21666307331832868,0.02962872892347601,0.042436770428015524
2019-01-20 17:00:00,0.00833931063002824,0.008221447680058391,-0.002542115264924316,0.01073308456743358,0.45036883628009394,0.4291334036224069,0.3597075411924643,0.029044802722190788,0.04184558049096654
2019-01-20 21:00:00,0.012744656562178935,0.01338638199762121,0.0010156370530991499,0.01228229998533437,0.40346984553985094,0.0,0.23019015868862425,0.034071480908572926,0.04693478791826089
2019-01-21 01:00:00,0.009874129862920134,0.010838814453673074,-0.002018868055557288,0.01280122943052691,0.4351427962483963,0.6753439724102104,0.3681591253442057,0.031552018192154696,0.04438398440672464
2019-01-21 05:00:00,0.010196632832786046,0.011284073185134247,-0.001872499713093001,0.013094950852198186,0.4278042978421081,0.5188694238014019,0.3980711320705374,0.032306566970091044,0.04514791937581264
2019-01-21 09:00:00,0.0009640627860847406,0.0012574199604380443,-0.01046254197058527,0.011774153189360483,0.5340547749632727,1.0000000000000002,0.7314044654038707,0.02291213658693736,0.03563662720463889
2019-01-21 13:00:00,-0.0006202750282982006,0.00036759772374250765,-0.012388181465802561,0.012832908716485425,0.5499824357444106,1.0,0.839623141267134,0.021267186620567813,0.03397121492321298
2019-01-21 17:00:00,-0.002522182990519095,-0.00035479812745864425,-0.014875501984882966,0.014632129720890282,0.5697795931126534,1.0,1.0,0.019218424008987434,0.03189696677900811
2019-01-21 21:00:00,-0.004341991399627432,-0.0007286041988361358,-0.017418268548821447,0.016842483552879553,0.58923975540295,1.0,1.0,0.01717786497957885,0.02983102426523576
2019-01-22 01:00:00,-0.011092670183155517,-0.0048277148031800055,-0.02643321698247747,0.021948568531119577,0.6511037331213407,1.0,1.0,0.00981873111782483,0.022380346636985182
2019-01-22 05:00:00,-0.013594569220523711,-0.004205992970256256,-0.03094499379363369,0.027217359342373328,0.6737798222368299,1.0,1.0,0.006697313148926076,0.019220099865261187
2019-01-22 09:00:00,-0.012384933489026584,-0.0007821032080032042,-0.03132449577676821,0.031040698193315057,0.6630697200631674,0.8970184752105246,0.9656728250701748,0.007415926395939243,0.019947652284263873
2019-01-22 13:00:00,-0.0234229656345053,-0.007139968215796766,-0.04577862459153659,0.039688793938461586,0.7397849916348521,0.9999999999999999,0.9656728250701748,-0.004818616312779023,0.0075609182794014185
2019-01-22 17:00:00,-0.02287185213227061,-0.002843679381115849,-0.04781421535572605,0.04613919317003544,0.7418270843356228,1.0,0.9656728250701748,-0.005208333333333259,0.007166353383458723
2019-01-22 21:00:00,-0.02344318293684755,-0.0001033540166587299,-0.05054569196394787,0.05175295689396661,0.7502693616395084,1.0,1.0,-0.0067641538942758705,0.005591179230528542
2019-01-23 01:00:00,-0.014084384189995025,0.010814888646165421,-0.0414681946269132,0.05309688073903719,0.6248452711737261,0.0,0.6666666666666667,0.002169796433643789,0.014636263216032841
2019-01-23 05:00:00,-0.0037151872873772973,0.021748674258432077,-0.03057361048292173,0.05255417837761014,0.5184151375845814,0.0,0.33333333333333337,0.012555803571428603,0.025151466836734748
2019-01-23 09:00:00,-0.016665529105436727,0.00993138095304169,-0.043364310658970284,0.05420175331629286,0.613345610439729,0.4094403422758361,0.13648011409194535,-0.001297373800911994,0.01112596320176129
2019-01-23 13:00:00,-0.012657228288308287,0.014644674457793494,-0.03834861196272521,0.05362889440119103,0.5814247715274805,0.27176401120029614,0.22706811782537742,0.002248875562218977,0.014716326047502504
2019-01-23 17:00:00,-0.009684238723611238,0.017920914113552344,-0.03411553436671666,0.052461243438012665,0.5584709128745798,0.37635746512004703,0.35252060619872644,0.004865506329114089,0.017365506329113822
2019-01-23 21:00:00,-0.0017933806070690173,0.025715880049311135,-0.024615489330867435,0.050303692522001224,0.4952975120921195,0.0,0.21604049210678103,0.012798022486245175,0.025396698827844677
2019-01-24 01:00:00,-0.005000200259696941,0.022045985564911996,-0.02586829961449877,0.04800603224516864,0.5206601919712611,0.21485038924098204,0.19706928478700966,0.009337253655435473,0.021892879847425384
2019-01-24 05:00:00,-0.007757708824901566,0.01807434537717434,-0.025370550716634188,0.04360396784531594,0.5430873238232686,0.5548744038119048,0.25657493101762896,0.006218806939713328,0.01873564128970906
2019-01-24 09:00:00,-0.010914943479977901,0.013742622926592674,-0.025464147908832557,0.039437907041743846,0.5687185245267656,1.0,0.5899082643509623,0.00256531691530526,0.015036703765095805
2019-01-24 13:00:00,-0.019477210333508355,0.004123284777687752,-0.030855106513418384,0.03545224280855115,0.627855554317775,1.0,0.8516248012706349,-0.006919468334636303,0.00543393275996884
2019-01-24 17:00:00,-0.022820199601482738,0.0014671880985661634,-0.03346158324102255,0.03549661774679448,0.6516616068457378,1.0,1.0,-0.01124863770823592,0.001050910789350823
2019-01-24 21:00:00,-0.01537528172914171,0.008516157603543517,-0.024272213102484952,0.03304872951422616,0.587353987742764,0.4077085538785876,0.8025695179595292,-0.004350552637767402,0.008034804421102049
2019-01-25 01:00:00,-0.005486689827163493,0.017554422791632662,-0.012480410284706256,0.029958827344020753,0.5116027812160692,0.0,0.46923618462619593,0.005422306657167697,0.017929232961291897
2019-01-25 05:00:00,-0.00851285163987725,0.013389522104804596,-0.013626189823327639,0.0270189091799285,0.5340449640618193,0.16023397843624548,0.18931417743827775,0.0020116756074473052,0.014476175449668727
2019-01-25 09:00:00,-0.006145624876130906,0.015415282636981997,-0.01082203415884142,0.026177197609282978,0.5179510878787283,0.045326002371638016,0.0685199936026279,0.004150525733259691,0.01664163174954525
2019-01-25 13:00:00,-0.02542667055976544,-0.0021618122642043103,-0.031935608939234084,0.03029020562479345,0.634070555117815,1.0,0.4018533269359612,-0.016378843026407464,-0.004143111592968429
2019-01-25 17:00:00,-0.03857021009147277,-0.010092298046424641,-0.04985736254391948,0.04099384813859526,0.6936708260611085,1.0,0.6817753341238795,-0.03123331553657227,-0.019182365952253866
2019-01-25 21:00:00,-0.03330841764939496,-0.0019593815579254104,-0.04785682306759187,0.04706986245965911,0.6625627429197128,0.8229676218325084,0.9409892072775028,-0.027301271251340076,-0.015201409097871044
2019-01-26 01:00:00,-0.010609072952765586,0.021006373351099672,-0.025934295632516258,0.04705661465353547,0.5225662076196311,0.026264094111685586,0.616410571981398,-0.004896584142901728,0.0074819805703540965
2019-01-26 05:00:00,-0.00419750086767634,0.027002916530511456,-0.02016753337062538,0.04700978495492151,0.49209652603996856,0.0,0.2830772386480647,0.0013796909492274079,0.013836329233680056
2019-01-26 09:00:00,-0.009880456916020242,0.021017450697067064,-0.02575808696097559,0.046886673991551865,0.521398059408608,0.14536343852150996,0.05720917754439859,-0.004740636263908415,0.007639868359191171
2019-01-26 13:00:00,-0.010907160240845037,0.01947324526686134,-0.025325682478347433,0.04493040392914986,0.528533223095632,0.21374732027617963,0.1197035862658966,-0.006220170565683358,0.006141929426492387
2019-01-26 17:00:00,-0.014035016158051472,0.01625483430349761,-0.028703193489716616,0.04523960723335632,0.5469106888479816,1.0,0.4530369195992299,-0.009938420765453149,0.0023774261438926914
2019-01-26 21:00:00,-0.00484097009281903,0.02555993842029758,-0.019558207908223824,0.044983157932774194,0.4965387034603516,0.08104068716586635,0.4315960024806821,-0.0009045858569967091,0.011523637221741545
2019-01-27 01:00:00,-0.00757531211822271,0.022504785319294562,-0.021759804139872108,0.04424810745552695,0.5127860945128365,0.32254815702528994,0.46786294806371875,-0.003960163111668691,0.008430050188205751
2019-01-27 05:00:00,-0.00921838488708715,0.019951142249232445,-0.021422421009602455,0.041404021687686476,0.5238188294955606,0.5415733730818608,0.3150540724243391,-0.0059868524025668,0.006378149945218237
2019-01-27 09:00:00,-0.012567229746010322,0.01591307504010775,-0.02327197744110654,0.03932976443016229,0.5451499231906647,0.965044743744619,0.6097220912839233,-0.009861241035235446,0.002455565949485372
2019-01-27 13:00:00,-0.013403743189928874,0.014627312315734109,-0.023042383154906365,0.03782886174632069,0.5529145155295012,1.0,0.8355393722754932,-0.01124863770823592,0.001050910789350823
2019-01-27 17:00:00,-0.01383640627968441,0.013936623366517242,-0.022887552676728484,0.036989722237722844,0.5587727698855681,1.0,0.988348247914873,-0.012248230811105043,3.888327241607925e-05
2019-01-27 21:00:00,-0.024866316426384927,0.003808744197413505,-0.03532664249208284,0.03976199392983313,0.6237157419047731,1.0,1.0,-0.024312490397910502,-0.012175449377784697
2019-01-28 01:00:00,-0.013264504281515821,0.015367414793053813,-0.024355916968317848,0.03990266435404426,0.5444686799408447,0.0,0.6666666666666667,-0.013245804847731413,-0.0009711000621503985
2019-01-28 05:00:00,-0.00322226877465126,0.025565172283910975,-0.01465807874969871,0.040005081450994705,0.48614989605172504,0.0,0.33333333333333337,-0.003334902699309361,0.009063088512240913
2019-01-28 09:00:00,-0.00030732646965248023,0.02817087512334382,-0.010826104524461089,0.038661690570846646,0.4704629842915436,0.0,0.0,-0.0004328322971589582,0.012001259148500809
2019-01-28 13:00:00,0.007169863612757288,0.036625004736376976,-0.004132340766196729,0.04010577378710946,0.43081115470182707,0.0,0.0,0.007336029819969836,0.019866761836783153
2019-01-28 17:00:00,0.013456259204867038,0.04483514714192749,0.00045389789160843463,0.04339851069763252,0.3993705197039768,0.0,0.0,0.014172788246566537,0.026788565953369536
2019-01-28 21:00:00,0.008979508554642468,0.04029590697159513,-0.005989743949725956,0.045505098261675495,0.42641853549907055,0.31168714196222236,0.10389571398740745,0.01005964214711752,0.022624254473160965
2019-01-29 01:00:00,0.0036422634085020444,0.030460684348273537,-0.01034201346219743,0.040396337500879516,0.4598076615005622,0.8501202222655125,0.38726912140924497,0.004865506329114089,0.017365506329113822
2019-01-29 05:00:00,0.004110122230329694,0.026963712583162103,-0.008938063438133748,0.035581089899928905,0.4562871200175193,0.9417487098431612,0.7011853580236321,0.005501899936668719,0.01800981633945531
2019-01-29 09:00:00,0.0010555026334597706,0.023685252901795906,-0.012453997968883357,0.03593743959779961,0.47677967740169996,1.0,0.9306229773695581,0.0024861878453039665,0.01495659037095498
2019-01-29 13:00:00,0.0016977993249780443,0.024429814671415917,-0.011950547630897757,0.03615476978882215,0.47223991807173316,0.9098559095672567,0.9505348731368061,0.0031987994629176786,0.015678066503435728
2019-01-29 17:00:00,3.7564473692519584e-05,0.022505502218098883,-0.01398949527912996,0.036340260541760074,0.4845722265499951,1.0,0.9699519698557525,0.001537612363980534,0.013996215108027066
2019-01-29 21:00:00,0.006980309994398581,0.029721988253311737,-0.008198677952302225,0.03751692202843566,0.43692659357881536,0.0,0.6366186365224191,0.008776109919784059,0.021324755777936577
2019-01-30 01:00:00,0.01009938329736526,0.03279249821415897,-0.006427630118199357,0.03870983844011373,0.41564598053692814,0.0,0.3333333333333335,0.012313700486171975,0.02490635211604353
2019-01-30 05:00:00,0.0121070616267962,0.03571913016775863,-0.0059092867673105065,0.041017060854657006,0.40083331663581545,0.0,1.8947806286936004e-16,0.014821029082774162,0.027444870565676016
2019-01-30 09:00:00,0.006838998660481099,0.030271783561348853,-0.011850730929769626,0.04173808476303796,0.4435456963191442,0.5100661057936245,0.1700220352645417,0.00981873111782483,0.022380346636985182
2019-01-30 13:00:00,-0.00482951693283129,0.017753658367360536,-0.023512614998409398,0.04138544184815005,0.5307088151281005,1.0,0.5033553685978751,-0.0020820238843494154,0.010331552482715223
2019-01-30 17:00:00,-0.006813690114820026,0.014720786535693309,-0.025569732212575857,0.04051026558360558,0.5455305609837902,1.0,0.8366887019312084,-0.004350552637767402,0.008034804421102049
2019-01-30 21:00:00,0.0006129348042418492,0.020790288249590505,-0.01816826961114404,0.038907549700488986,0.49084058626043175,0.6220385884347774,0.8740128628115927,0.0031195703680304554,0.01559785184015161
2019-01-31 01:00:00,-0.006345893723346707,0.012123344946770143,-0.024770357648667085,0.037128484804902086,0.5390358834212237,0.9363172409560697,0.8527852764636158,-0.00411635565312829,0.008271914693429583
2019-01-31 05:00:00,-0.004672688205009545,0.007996653588697278,-0.019900854609505414,0.02806455122789056,0.527921868034917,0.6780270417394734,0.7454609570434404,-0.002630545740086254,0.009776207302709006
2019-01-31 09:00:00,0.007447133759460156,0.017331941096415227,-0.0067579229695267085,0.02396317056597082,0.4460766130364517,0.0,0.5381147608985145,0.00981873111782483,0.022380346636985182
2019-01-31 13:00:00,0.0024834931605999255,0.011449388215936107,-0.011409828124156363,0.022858764192687835,0.47982026981891507,0.36299399342091954,0.3470070117201311,0.0049450114724267635,0.017446000474721224
2019-01-31 17:00:00,0.008212810779216762,0.017005360717574636,-0.006012763408014377,0.022892301201291536,0.44356523053339303,0.0,0.12099799780697333,0.011024436838334983,0.02360105070444951
2019-01-31 21:00:00,0.002599528662260875,0.011510614346784243,-0.011320620679906135,0.022829066337677943,0.48184502880214114,0.45378525510878176,0.2722597495099006,0.005501899936668719,0.01800981633945531
2019-02-01 01:00:00,-0.005893239260890137,0.0034349495554419907,-0.018949349618221478,0.022559296146438822,0.5370238673827917,1.0,0.48459508503626075,-0.00325668994742212,0.00914227418975111
2019-02-01 05:00:00,0.004258658347209732,0.013790039417243882,-0.008398348963707503,0.022128732742413403,0.47300452851419517,0.31499815290737926,0.5895944693387205,0.007096416111639803,0.019624167459562303
2019-02-01 09:00:00,0.004244685597604603,0.013900527571719445,-0.008428679831830488,0.022268283076338637,0.47207924273952584,0.305097668523466,0.5400319404769486,0.007256145915939927,0.01978588421887384
2019-02-01 13:00:00,0.008073517363986316,0.018196269357900308,-0.005009456171087168,0.023053722960020194,0.44756466537656714,0.0,0.20669860714361524,0.011426978818283251,0.02400860009555661
2019-02-01 17:00:00,0.00883787002580716,0.019245578222598425,-0.004816369038925239,0.02388959329206165,0.4409259426116103,0.0,0.10169922284115548,0.012555803571428603,0.025151466836734748
2019-02-01 21:00:00,0.01081494583099496,0.021758270312791428,-0.0036745241085405222,0.025204894959555278,0.4263325867757572,0.0,1.6579330501069005e-16,0.014983218794949682,0.027609077832827067
2019-02-02 01:00:00,0.009073299588509887,0.0200226568080617,-0.005881726315683178,0.025722512989607267,0.4376899551380735,0.24826663551782657,0.08275554517260902,0.013606256483919887,0.026214986832654885
2019-02-02 05:00:00,0.010189713310574389,0.02176056884986144,-0.0051924742207060115,0.026731597254120148,0.42750296180549496,0.055122960485515106,0.1011298653344474,0.015145460358056306,0.027773337595907943
2019-02-02 09:00:00,0.01126621646028192,0.023573496199273514,-0.004370742657290427,0.027678487271816002,0.4170496973928315,0.0,0.1011298653344474,0.016689346033778918,0.029336428399903802
2019-02-02 13:00:00,0.009116422284908055,0.02177908748649582,-0.00613386175737074,0.027696291874746447,0.4342983053388954,0.8356779338203782,0.29693363143529794,0.014902117459049125,0.027526967638833444
2019-02-02 17:00:00,0.013820787809883495,0.027684305570143453,-0.0025437433211478178,0.029852790917112387,0.39692933947242165,0.0,0.27855931127345956,0.02020080321285156,0.03289156626506018
2019-02-02 21:00:00,0.02467690175590964,0.0406435116345758,0.0047652320676834226,0.03508177001526991,0.3293241101043805,0.0,0.27855931127345956,0.03213879408418663,0.04497805948317901
2019-02-03 01:00:00,0.02051950412994441,0.0363062732052859,-0.0008534949775199641,0.03651253281853128,0.36183880363949344,0.3097398695219742,0.1032466231739916,0.028794751336465474,0.041592418597116376
2019-02-03 05:00:00,0.012932085606761845,0.0284066130794427,-0.008884412307242018,0.036930542652540095,0.4262435260819321,0.9232689592049862,0.411002942908987,0.021677927927927998,0.034387065637065506
2019-02-03 09:00:00,0.011095958136490891,0.024558340092838193,-0.010243937329564079,0.034554960610577765,0.4383110550358736,1.0,0.7443362762423203,0.02028275363483023,0.03297453610731771
2019-02-03 13:00:00,0.014814306890928775,0.02664097026458956,-0.006448972846067491,0.032759206207074024,0.409400853080508,0.734737018515952,0.8860019925736462,0.024645046789286917,0.03739109390125828
2019-02-03 17:00:00,0.01336890664627588,0.02536605288812588,-0.008343404383249653,0.03342496654300107,0.4179812460569802,0.7341544336975582,0.8229638174045035,0.023736600306278888,0.03647134682034325
2019-02-03 21:00:00,0.014495387286178607,0.025961156883004044,-0.007561350650160614,0.03321691513212271,0.4058585191227389,0.0,0.4896304840711702,0.025472307443888287,0.03822864524463099
2019-02-04 01:00:00,0.017084923082817616,0.029070954887095324,-0.005889357608624635,0.0345597375369049,0.3830684674151399,0.0,0.24471814456585292,0.028794751336465474,0.041592418597116376
2019-02-04 05:00:00,0.018715711838798832,0.030373820338415403,-0.004986144768065803,0.03491673770210307,0.366979252752213,0.0,1.8947806286936004e-16,0.031217017130794833,0.04404481610781841
2019-02-04 09:00:00,0.022933496073160642,0.032152791350724685,-0.0005004045698194792,0.03214447130129601,0.33462066393190276,0.0,1.8947806286936004e-16,0.0364341085271318,0.04932680538555689
2019-02-04 13:00:00,0.02436538287810386,0.03365102585547142,-0.00033677753222660645,0.033430940068143206,0.32039022453736155,0.0,1.8947806286936004e-16,0.03889252412890554,0.051815802388352594
2019-02-04 17:00:00,0.01195280704791335,0.01935952240225336,-0.011655399524323595,0.0308959089869466,0.44630704028127854,1.0,0.3333333333333335,0.02679870654810035,0.03957154405820518
2019-02-04 21:00:00,0.011955891766659565,0.018260022113121055,-0.011150672388113625,0.029306519353581043,0.44262714381281026,0.9707751784642314,0.6569250594880773,0.027296991264962767,0.04007602717567127
2019-02-05 01:00:00,0.009290164502629539,0.0144575384104626,-0.013109894769404606,0.027548870150029194,0.46480430427851827,1.0,0.9902583928214108,0.02497579083279544,0.03772595222724329
2019-02-05 05:00:00,0.008612933658727062,0.012996516502048916,-0.013246597173234065,0.026246395533388617,0.4680604888719772,1.0,0.9902583928214108,0.024645046789286917,0.03739109390125828
2019-02-05 09:00:00,0.001675535607920997,0.005329331638807222,-0.019599021567499597,0.025107491263918452,0.533071957923631,1.0,1.0000000000000004,0.017666853617498646,0.030326095665411223
2019-02-05 13:00:00,-8.357894309196645e-05,0.003416777794871706,-0.02125249722221012,0.024891251707910688,0.5484541429305323,1.0,1.0000000000000004,0.01587618971446858,0.02851315684235778
2019-02-05 17:00:00,0.004086942350281841,0.0072174572559640104,-0.016808589073781688,0.024141820018806878,0.5045199940089244,0.4747850129828069,0.824928337660936,0.02028275363483023,0.03297453610731771
2019-02-05 21:00:00,-0.00047030143865967045,0.0024733272272743356,-0.021208334423821196,0.023905597420955216,0.545872818021559,0.9678914344769892,0.8142254824865991,0.01563249640172737,0.028266432112585838
2019-02-06 01:00:00,0.002166110283423839,0.005463746105000666,-0.018621218843937082,0.024244462878635742,0.5180962713779035,0.3090142338526536,0.583896893770817,0.01840121872995515,0.03106959589480418
2019-02-06 05:00:00,0.0038600952990763826,0.00764806061657497,-0.015986079734577663,0.023733083804397686,0.49957704425104166,0.0,0.42563522277654803,0.02028275363483023,0.03297453610731771
2019-02-06 09:00:00,0.0025479844580342803,0.006972293862517631,-0.01676048384968165,0.023849499427949054,0.5118324970870923,0.2647207690446973,0.19124500096578406,0.0190548780487807,0.031731386392811256
2019-02-06 13:00:00,-0.004076341000592176,0.001639767320036567,-0.02397620847072668,0.025905291803695604,0.5753044930705549,1.0,0.4215735896815662,0.012152362738066858,0.024743007410949147
2019-02-06 17:00:00,-0.007184060464168418,0.00023252211326640904,-0.028186778784169753,0.028822151812219317,0.603397785414229,1.0,0.7549069230148996,0.008695997458703975,0.021243646759847357
2019-02-06 21:00:00,-0.011950921964959615,-0.0017661019398432787,-0.03454798290098238,0.033388110296123236,0.6430217362056232,1.0,1.0000000000000004,0.0033572952049925053,0.01583853384943512
2019-02-07 01:00:00,-0.01402509849734479,-0.0010067614861175578,-0.03831412404133927,0.03805555154827867,0.6615035889963322,1.0,1.0000000000000004,0.000669660442763842,0.013117466320018867
2019-02-07 05:00:00,-0.011830330778654918,0.003278447278150187,-0.03694587684172157,0.04091304261002385,0.6384694336525075,0.7327796179711852,0.9109265393237287,0.002407071265093652,0.0148764896219713
2019-02-07 09:00:00,-0.01413067566442705,0.0030861613296229162,-0.0396300706780659,0.04351126792299568,0.6599174978328369,0.9727033950876506,0.9018276710196124,-0.0005114888259364347,0.011921624173748757
2019-02-07 13:00:00,-0.02038458745532079,-0.0003564284779448146,-0.04652638402205622,0.047278223590064436,0.7065369617497218,1.0,0.9018276710196124,-0.0076953124999999956,0.004648437499999991
2019-02-07 17:00:00,-0.021200102232341367,0.0008577917004750635,-0.046669677521720354,0.04864165212893921,0.7165436131746498,1.0,0.9909011316958839,-0.009397909842458252,0.002924660739354268
2019-02-07 21:00:00,-0.01140956606833654,0.010300220809285943,-0.03375506688439889,0.04457807362124041,0.5961419655094724,0.0,0.666666666666667,3.9366978977994904e-05,0.012479332336036375
2019-02-08 01:00:00,-0.017128843703316576,0.005695492255176848,-0.03874461616005853,0.0451868004995224,0.640736378330286,0.37038041991605747,0.45679347330535286,-0.006453379224029998,0.005905819774718379
2019-02-08 05:00:00,-0.015791844913482622,0.007704113166028703,-0.03615029711906248,0.0444871551850619,0.6325796492250609,0.3026344275363852,0.22433828248414794,-0.005753424657534145,0.006614481409001893
2019-02-08 09:00:00,-0.035028302250968535,-0.007269350849619882,-0.0575402131016417,0.05195443437046393,0.7407745918053622,1.0,0.5576716158174813,-0.026630393133573405,-0.014522185608092597
2019-02-08 13:00:00,-0.05156177736060619,-0.015687709330076016,-0.07966025399474042,0.06717504660466664,0.8002036182955828,1.0,0.7675448091787955,-0.04543063279723425,-0.033556290395310495
2019-02-08 17:00:00,-0.030737507980229783,0.008194801877867253,-0.059978187626122836,0.0699850201515434,0.6358799803150872,0.019688897168624955,0.673229632389542,-0.025734448109227537,-0.013615095497430452
