timestamp,ema50_dist_neo_usd_12h,ema200_dist_neo_usd_12h,lower_bb_dist_neo_usd_12h,width_bb_neo_usd_12h,rsi_neo_usd_12h,stoch_rsi_fastk_neo_usd_12h,stoch_rsi_fastd_neo_usd_12h,kijun_dist_neo_usd_12h,tenkan_dist_neo_usd_12h
2018-07-15 14:00:00,,,,,,,,-0.7548748882931189,-0.7798972296693476
2018-07-16 02:00:00,,,,,,,,-0.7566221052320251,-0.7814660909171571
2018-07-16 14:00:00,,,,,,,,-0.764977294147888,-0.7889683831719647
2018-07-17 02:00:00,,,,,,,,-0.773528278519334,-0.7966464841062337
2018-07-17 14:00:00,,,,,,,,-0.7739264814967444,-0.7970040385724882
2018-07-18 02:00:00,,,,,,,,-0.7904065102773745,-0.8118017880339268
2018-07-18 14:00:00,,,,,,,,-0.7893764877524381,-0.8108769100821623
2018-07-19 02:00:00,,,,,,,,-0.782702210251129,-0.8048839420106155
2018-07-19 14:00:00,,,,,,,,-0.7791090650417416,-0.8016575846240571
2018-07-20 02:00:00,,,,,,,,-0.7705284439486894,-0.7939528722810931
2018-07-20 14:00:00,,,,,,,,-0.7628915141910387,-0.7870955193776112
2018-07-21 02:00:00,,,,,,,,-0.7523668371953054,-0.7776452001203731
2018-07-21 14:00:00,,,,,,,,-0.7475812883435583,-0.7733481595092024
2018-07-22 02:00:00,,,,,,,,-0.7611364296081278,-0.7855195936139332
2018-07-22 14:00:00,,,,,0.524226624956552,,,-0.7598607990194648,-0.7843741792395016
2018-07-23 02:00:00,,,,,0.48457542250144586,,,-0.7519488153373124,-0.7772698498824381
2018-07-23 14:00:00,,,,,0.479183046089487,,,-0.7508145837749448,-0.7762514005390183
2018-07-24 02:00:00,,,,,0.4576101407316929,,,-0.7462502698202227,-0.7721530111936847
2018-07-24 14:00:00,,,,,0.5182092857419063,,,-0.757761259935237,-0.782488960847807
2018-07-25 02:00:00,,0.14532057048417246,-0.09145411495500932,0.23056483034889297,0.5230873455650455,,,-0.7586918272191432,-0.7833245359373625
2018-07-25 14:00:00,,0.14453607575190874,-0.09020137469680933,0.22852892503656547,0.523840368595163,1.0,0.9698906395083103,-0.7588262016412661,-0.7834451934349356
2018-07-26 02:00:00,,0.13558119075243136,-0.0956916879900006,0.22675039842034658,0.5350747052518151,1.0,1.0,-0.7607196859552195,-0.7851453911020646
2018-07-26 14:00:00,,0.11095265821351563,-0.11526449870954858,0.22670591679943738,0.5664495618336343,1.0,1.0,-0.7659532409909269,-0.7898447054808158
2018-07-27 02:00:00,,0.1802602414433292,-0.0641117565948448,0.23095921650854376,0.47045848460162887,0.0,0.6666666666666667,-0.7506409090909091,-0.7760954545454546
2018-07-27 14:00:00,,0.1745726612847056,-0.07072802107642928,0.23319277257739957,0.4719314951847932,0.015345286516622559,0.33844842883887416,-0.7508900190718373,-0.7763191354100445
2018-07-28 02:00:00,,0.12176945695602281,-0.08468821618792854,0.20269949868676337,0.5083916027648951,0.39517337712112477,0.1368395545459158,-0.7569025110782865,-0.7817178729689809
2018-07-28 14:00:00,,0.11974005770774698,-0.05179971765813163,0.16590398866319606,0.47404948645144435,0.03740974633648746,0.14930946999141162,-0.7510482846251588,-0.7764612452350699
2018-07-29 02:00:00,,0.07817976269339622,-0.05740629846611722,0.13419224228714818,0.4996998652448579,0.770866779719307,0.40114996772563977,-0.7552030343596609,-0.7801918786256136
2018-07-29 14:00:00,,0.059960405959873286,-0.04236535204870018,0.10143339498202243,0.49350872903851345,0.5918038998188802,0.4666934752915582,-0.7542232908216601,-0.7793121471879574
2018-07-30 02:00:00,,0.05312862397636642,-0.03271611046609901,0.08497743294345246,0.4851514586019213,0.32327571338778177,0.561982130975323,-0.7529467395220367,-0.7781659060886273
2018-07-30 14:00:00,,0.06401737452646339,-0.020313625706535388,0.08252761710858832,0.4622025799324559,0.0,0.305026537735554,-0.7494031123427841,-0.7749840119377531
2018-07-31 02:00:00,,0.09401183044824224,-0.0018168151443513914,0.09160584447590288,0.4245925104591189,0.0,0.1077585711292606,-0.7429930039352864,-0.7692282466112812
2018-07-31 14:00:00,,0.15812304228012053,0.02878464347813936,0.11828427843046879,0.3665136872358001,0.0,0.0,-0.7305285391492289,-0.758036152863739
2018-08-01 02:00:00,,0.2037006167037856,0.034460209709014755,0.15123167647073868,0.33593934845439855,0.0,0.0,-0.7222047802309095,-0.7505620822361758
2018-08-01 14:00:00,,0.20848663131662115,0.013921632532414296,0.17509384027148608,0.336004540645005,0.0005163196747251399,0.0001721065582417133,-0.7222141579178342,-0.7505705026499679
2018-08-02 02:00:00,,0.2179289561278437,-0.0010049414996444739,0.19751141327611593,0.33280269247326005,0.0,0.0001721065582417133,-0.7213581877285656,-0.7498019097927672
2018-08-02 14:00:00,,0.26612282952429567,0.007655973930369875,0.22734564611229918,0.30112012920202946,0.0,0.0001721065582417133,-0.7122679114654359,-0.7416395678170565
2018-08-03 02:00:00,,0.2925511069640532,-0.0015972062548338384,0.25679112366933826,0.2884723686337643,0.0,0.0,-0.7081968085106383,-0.7379840425531915
2018-08-03 14:00:00,,0.3529743882813847,0.008958353773307781,0.2913004493166138,0.2554575289102444,0.0,0.0,-0.6959035476718404,-0.7269456762749446
2018-08-04 02:00:00,,0.3059357566469356,-0.04145251692311447,0.30681461224894546,0.32101145555280325,0.8475504300815128,0.28251681002717094,-0.7056183593889744,-0.7356688012020176
2018-08-04 14:00:00,,0.3091353057759183,-0.051119378421950135,0.31908958642291685,0.31427086497095114,0.8971748768215511,0.5815751023010213,-0.7034755504306152,-0.7337447299196426
2018-08-05 02:00:00,,0.35063130224468764,-0.03610039696106271,0.3341771745824754,0.28240381748109966,0.4110552937245596,0.7185935335425411,-0.6922989193433795,-0.7237090079647011
2018-08-05 14:00:00,,0.31290232367802484,-0.059553253155747665,0.33057956417506623,0.30998706864291703,0.8318272073921961,0.7133524593127689,-0.6964867955149012,-0.7274693862496311
2018-08-06 02:00:00,,0.2779700911284728,-0.08841478446063944,0.3346660159470407,0.3498080488171132,1.0000000000000002,0.7476275003722519,-0.7024778660097173,-0.7328488890022178
2018-08-06 14:00:00,,0.3081123482864301,-0.07331390589269493,0.3413518167397433,0.3193454138589577,0.5480604948033941,0.7932959007318634,-0.6931823266219239,-0.7245022371364653
2018-08-07 02:00:00,,0.33990424523740703,-0.053463331840925776,0.34408724474230107,0.2885085423528137,0.09056886712766841,0.5462097873103542,-0.6818538565629229,-0.7143301759133964
2018-08-07 14:00:00,,0.26402152107400956,-0.10070318312131243,0.33719004530834523,0.3704308676827655,1.0,0.5462097873103542,-0.6959035476718404,-0.7269456762749446
2018-08-08 02:00:00,,0.326800258834965,-0.05101578624032854,0.33203148156164636,0.3148851633043269,0.3219710969540752,0.47084665469391446,-0.6755185331230285,-0.7086415615141957
2018-08-08 14:00:00,,0.42806106896445506,0.008142541752745425,0.3447318814933442,0.2627470451233919,0.0,0.440657032318025,-0.6463903570968158,-0.682486786128658
2018-08-09 02:00:00,0.46734436616149955,0.5157791359772348,0.04228407398176692,0.3701980937390961,0.23183614991324375,0.0,0.10732369898469168,-0.6209475332811276,-0.6596411626514349
2018-08-09 14:00:00,0.42288491520022253,0.46384157973586615,-0.0016509642017111803,0.37811251574167165,0.2565595082875015,0.17838600757766135,0.05946200252588706,-0.6279736877797368,-0.6659500881595009
2018-08-10 02:00:00,0.370841735422234,0.3994804607239626,-0.042152901053363334,0.3746898558629141,0.29182193458003036,0.7222937662643824,0.3002265912806812,-0.6376233045622688,-0.6746146732429099
2018-08-10 14:00:00,0.47243047077468847,0.51442969407743,0.00441706771095296,0.404957247978331,0.2516637672481487,0.3305386008542665,0.41040612489877,-0.6056713628522139,-0.6459243818286371
2018-08-11 02:00:00,0.547811488701301,0.6156916662743432,0.018985334338870397,0.45296355628913226,0.22782750681662137,0.0,0.35094412237288286,-0.5794956308447033,-0.6224206653380346
2018-08-11 14:00:00,0.6430357070195887,0.7439992745405799,0.03418723551728564,0.5109894792545874,0.20491480576808768,0.0,0.11017953361808878,-0.5464949021769083,-0.5927886470101957
2018-08-12 02:00:00,0.5293702092676194,0.628835301005499,-0.05994578768742764,0.536248122094805,0.2651126962980965,0.6926691901221396,0.23088973004071317,-0.5719045884923526,-0.6156045156591405
2018-08-12 14:00:00,0.5384836358082441,0.6472405289808796,-0.07793248582572398,0.5644889617175513,0.25764215144289043,0.8759002219275116,0.5228564706832171,-0.5632013376506184,-0.6077896915972185
2018-08-13 02:00:00,0.5564264107995736,0.6744539066181985,-0.09089750338184832,0.5924789635258685,0.24810782831711817,0.7175172114627282,0.7620288745041264,-0.5516590389016018,-0.5974256292906178
2018-08-13 14:00:00,0.4915592964988029,0.6110746207136972,-0.14507852456595838,0.6132638623888188,0.2802798572951359,1.0,0.8644724777967464,-0.564565033336861,-0.6090141813948566
2018-08-14 02:00:00,0.7351325198411192,0.8904019481951586,-0.047143495881301734,0.6594866135461457,0.2245650935044673,0.0,0.5725057371542426,-0.48469847830170953,-0.5373003945143716
2018-08-14 14:00:00,0.8565226686929024,1.0433567508047128,-0.03333598317552444,0.7154055184996502,0.20480627767526896,0.0,0.33333333333333315,-0.43826541060823265,-0.49560720868318653
2018-08-15 02:00:00,0.7722980570462918,0.9629940689277585,-0.11579673358253206,0.7577913825066752,0.22850930814275924,0.314057324256698,0.1046857747522325,-0.4542117132055449,-0.5099257146647211
2018-08-15 14:00:00,0.6828173439008061,0.8545243135740825,-0.1798767959684504,0.7734859286942887,0.2586995064083412,0.7140674790372066,0.3427082677646347,-0.473185019206146,-0.5269622279129321
2018-08-16 02:00:00,0.6138025556270301,0.7469171287243586,-0.21458344208554248,0.7593790469897412,0.2820464741856417,1.0,0.6760416010979681,-0.4869474406135047,-0.5393197830288672
2018-08-16 14:00:00,0.5064839041870652,0.5955745838766393,-0.25744254068825223,0.7296569302404984,0.33130446259964264,0.9999999999999999,0.9046891596790687,-0.514493480441324,-0.5640539264853384
2018-08-17 02:00:00,0.563894745136136,0.6260686481873685,-0.22386230884616465,0.7076252719128395,0.30970397410908584,0.7898686119527457,0.9299562039842484,-0.4885736482287135,-0.5407799875699193
2018-08-17 14:00:00,0.43676927490173534,0.42926753960841624,-0.251372863615586,0.6250443703515834,0.3717854584737635,1.0,0.9299562039842484,-0.5243164344759813,-0.572874154575409
2018-08-18 02:00:00,0.20125844438693852,0.15550386362438262,-0.3455573916049196,0.5536752196546884,0.501589746505869,1.0,0.9299562039842484,-0.5995693430656934,-0.6404452554744526
2018-08-18 14:00:00,0.23914425303048392,0.17084487041643315,-0.3068410254300944,0.5125374576145562,0.47604437243844067,0.866871974152386,0.9556239913841285,-0.5836866336132753,-0.6261838510573712
2018-08-19 02:00:00,0.27607148521695457,0.19700305042585886,-0.274602125375929,0.49064185275455907,0.45261334607803727,0.7447627314100292,0.8705449018541382,-0.567494481236203,-0.611644591611479
2018-08-19 14:00:00,0.2623522089376549,0.16854445974649201,-0.2666620204407413,0.45765865564866126,0.4543721034107628,0.6362397282019877,0.7492914779214673,-0.5685150228095014,-0.6125609564259871
2018-08-20 02:00:00,0.20358659170563165,0.0911302305451438,-0.2795772479123736,0.40927036858591914,0.48576735939314203,0.6769385464323429,0.6859803353481196,-0.5857613893783036,-0.6280468160080543
2018-08-20 14:00:00,0.2565781711476731,0.13196179434156097,-0.23547530785507553,0.3874924549316107,0.4507644322471704,0.0,0.43772609154477665,-0.563918918918919,-0.6084340222575517
2018-08-21 02:00:00,0.35107577166592496,0.21899430395865105,-0.17094639425002656,0.380792555057127,0.4034420464766411,0.0,0.2256461821441141,-0.5261516756881263,-0.5745220545894276
2018-08-21 14:00:00,0.293258452104737,0.17700231050099102,-0.19939327623307945,0.3806572282103352,0.4295976634588574,0.31771050793022554,0.10590350264340832,-0.5422313084112149,-0.5889602803738317
2018-08-22 02:00:00,0.2928466454891645,0.17989188781506216,-0.19252027643267577,0.374778589081982,0.42437473803234105,0.25426798652962385,0.19065949815328292,-0.5381461525509346,-0.5852921367233541
2018-08-22 14:00:00,0.26730120464179774,0.1622131441710697,-0.20187797964080034,0.3714580347275591,0.4338846085415009,0.6433015066585746,0.40509333370614115,-0.5433743965373732,-0.5899866822040953
2018-08-23 02:00:00,0.36208454699775783,0.2583286098922004,-0.13916902708639,0.37514648750736884,0.38565266501359635,0.0,0.2991898310627326,-0.5038976306746248,-0.5545396997648762
2018-08-23 14:00:00,0.3304476441913484,0.23284237960751475,-0.15433425992397543,0.3725524436156056,0.39693013540766214,0.23381745725301786,0.2923729879705307,-0.5105080007138183,-0.5604752840402119
2018-08-24 02:00:00,0.2609480880748074,0.1787231757005121,-0.18294172138247344,0.36242935948772703,0.4356774312120853,1.0,0.4112724857510058,-0.5321593041105236,-0.5799164250383763
2018-08-24 14:00:00,0.24927011183066838,0.16914199959196696,-0.15892621310701627,0.3264009912812804,0.4367294299352909,1.0,0.7446058190843392,-0.5327172061328791,-0.5804173764906304
2018-08-25 02:00:00,0.22681628338672732,0.14968273043728542,-0.14541258772462184,0.2944666109355029,0.4466741371471249,1.0,1.0,-0.5376531070906843,-0.5848494212832902
2018-08-25 14:00:00,0.22250896600577064,0.1486624756938788,-0.1246960929311749,0.2701216492063674,0.44357870312005043,0.9377727179391999,0.9792575726464001,-0.5358536860511027,-0.5832336849230075
2018-08-26 02:00:00,0.2258306561878829,0.15605602150992492,-0.10272534739744132,0.2520601013465306,0.4351076852639164,0.0,0.6459242393130666,-0.5310929397686478,-0.578958915037894
2018-08-26 14:00:00,0.24353280170579428,0.18168433200418765,-0.0808103079976632,0.24989089017460822,0.41668325359428116,0.0,0.3125909059797334,-0.5205191702598765,-0.569464514625335
2018-08-27 02:00:00,0.22754301077933325,0.17011089995068174,-0.07380837894227998,0.2327138153472498,0.4230062814938502,0.21083166450991345,0.07027722150330458,-0.5231034482758621,-0.5717849898580122
2018-08-27 14:00:00,0.16120362395801302,0.11374012711108827,-0.11486483766352118,0.22873359431822224,0.48057731245692215,1.0,0.4036105548366379,-0.5463198809130003,-0.5926314918954682
2018-08-28 02:00:00,0.04783623276499771,0.0004012668845139178,-0.19574094689248978,0.21737299989825284,0.5791607344518594,1.0,0.7369438881699711,-0.5898494741564073,-0.6317175895927827
2018-08-28 14:00:00,0.03612192124175917,-0.0035500902508828203,-0.2069824599687523,0.22736638181693478,0.5878260162322629,1.0,1.0,-0.5938576575687281,-0.6353166181333596
2018-08-29 02:00:00,-0.014919720330140107,-0.028886969127979722,-0.2600738262199863,0.27022976032746365,0.6316741751935784,1.0,1.0,-0.6141038266741701,-0.6534960607765898
2018-08-29 14:00:00,0.01034902215560285,0.011051837101007767,-0.24715519577678624,0.29276889226791486,0.5968116542415198,0.7692703850984666,0.9230901283661553,-0.6040395534597247,-0.6444591473390434
2018-08-30 02:00:00,0.03934749610773891,0.04432445366780802,-0.22548056888272194,0.2966774936623106,0.5593347203912622,0.0,0.5897567950328221,-0.5920455108819593,-0.6336894551583957
2018-08-30 14:00:00,0.10653945138712695,0.11621693630633545,-0.17216755097356895,0.2966843223795378,0.4890256975168883,0.0,0.25642346169948876,-0.5639651335311573,-0.6084755192878338
2018-08-31 02:00:00,0.0807817219461826,0.09792569243118554,-0.1834886888491909,0.2939917905408618,0.509031023119712,0.14024212475765355,0.04674737491921776,-0.5728157607849245,-0.6164226755957016
2018-08-31 14:00:00,0.05825196331420024,0.08365277821321149,-0.19649092585191108,0.29689419984257764,0.5276724377088736,0.3585507923886494,0.16626430571543419,-0.5807809873146875,-0.6235748127770137
2018-09-01 02:00:00,0.032191594359711084,0.06708761088878745,-0.21270182055096132,0.3017596801027877,0.5512361718617219,0.8848149469519642,0.4612026213660889,-0.5905841086621225,-0.6323772326981443
2018-09-01 14:00:00,-0.036402294146967495,0.014782279140639787,-0.26987201619021683,0.3262681197708611,0.6155708380859592,1.0,0.7477885797802044,-0.6183810230487409,-0.6573366414691832
2018-09-02 02:00:00,-0.07757272439617335,-0.008051887453974671,-0.30070801167446126,0.34608465595117943,0.6535657132386657,1.0,0.9616049823173212,-0.6359399194797151,-0.6731031279033757
2018-09-02 14:00:00,-0.06681825659849117,0.018351955050539992,-0.2874165748291918,0.353298607647191,0.6407777298951771,0.8984220301706075,0.9661406767235355,-0.6327717779364512,-0.670258389860764
2018-09-03 02:00:00,-0.04172175089167296,0.05618777316931789,-0.26232226539255776,0.3551102768642041,0.6049543907176385,0.5249531868616386,0.8077917390107484,-0.6235658737419945,-0.6619922232387923
2018-09-03 14:00:00,-0.03261267569664328,0.0734859937328427,-0.24627238000843876,0.3499956122694586,0.5934786546388076,0.0,0.47445840567741504,-0.620510514665191,-0.6592487548422801
2018-09-04 02:00:00,-0.07988016215786087,0.033571599736994306,-0.2795875969396704,0.3570832985674052,0.6429973585284182,0.824115958469092,0.4496897151102433,-0.6403317452685869,-0.6770466366536999
2018-09-04 14:00:00,-0.09223637632582615,0.031399932563595856,-0.2842792214372174,0.3613707421478545,0.6583013973486406,0.9999999999999999,0.6080386528230304,-0.6466333147249539,-0.682704942671877
2018-09-05 02:00:00,-0.13681143353027592,-0.002375842658248306,-0.3182375696505686,0.3761632125769997,0.7039294075311185,1.0,0.9413719861563636,-0.6661588705424155,-0.7002373321432918
2018-09-05 14:00:00,-0.016172086416669784,0.1309842087016333,-0.19747374245700589,0.3397529590792323,0.5342532242456715,0.0,0.6666666666666663,-0.619756480754124,-0.6585716926204889
2018-09-06 02:00:00,0.038730878391311396,0.18369644749352765,-0.12348927462144821,0.2982085745160634,0.4850675408592984,0.0,0.333333333333333,-0.5979258282028731,-0.6389695104075052
2018-09-06 14:00:00,0.1362719208068437,0.2979620708228212,-0.030683093489059177,0.28990271386748817,0.41963261990185247,0.0,-3.315866100213801e-16,-0.55801643570738,-0.6031340638092169
2018-09-07 02:00:00,0.04877702538658024,0.20023509365491488,-0.10322024241565653,0.2894164873379324,0.48139695618449513,0.21725302208896483,0.07241767402965461,-0.5912755178065863,-0.6329980628818358
2018-09-07 14:00:00,0.10253072082465442,0.2690639910245909,-0.062396974933601634,0.30041774634884477,0.44584743784619896,0.22870947238868022,0.14865416482588137,-0.5686959484249698,-0.6127234131767912
2018-09-08 02:00:00,0.07755695533238405,0.24282988067604916,-0.08936707755233453,0.3085235164002034,0.4614907373630414,0.6396908080382707,0.36188443417197164,-0.5772271886559803,-0.6203837854500616
2018-09-08 14:00:00,0.04752570344511975,0.2097970969713574,-0.11646209572041988,0.31171235611768866,0.4827694269910781,1.0,0.62280009347565,-0.5882486865148862,-0.6302802101576181
2018-09-09 02:00:00,0.165409896124745,0.3613665317632242,-0.03190404576098538,0.33764920438717166,0.4113706322265063,0.0,0.5465636026794233,-0.5392581187010079,-0.5862905935050392
2018-09-09 14:00:00,0.11617065390938253,0.31048867763911114,-0.07160128467233917,0.34132128619933766,0.4410721638394169,0.4159948597290402,0.47199828657634646,-0.556850126555011,-0.6020868113522537
2018-09-10 02:00:00,0.12553840622466694,0.3305186224254366,-0.06764698421693782,0.35191179200743317,0.4331706313818627,0.3053272709607919,0.24044071022994376,-0.5510965031913153,-0.5969205171567291
2018-09-10 14:00:00,0.10103672093584315,0.30822681801671137,-0.09146641306733072,0.3606102221887792,0.4482867238363217,0.5170408230494833,0.4127876512464382,-0.5592238470191226,-0.6042182227221597
2018-09-11 02:00:00,0.11073465592858955,0.32720916631998387,-0.09087364464454661,0.3738998973206915,0.43940099267393684,0.7592992439096053,0.5272224459732933,-0.5535320926699583,-0.5991074819597417
2018-09-11 14:00:00,0.10842251696614769,0.3259876334149061,-0.10261298675258879,0.3855406202557009,0.43802596033167485,0.32120264972181267,0.5325142388936336,-0.5526826484018266,-0.5983447488584475
2018-09-12 02:00:00,0.14805152383988052,0.36935876813970236,-0.0823030742298092,0.3949723162161931,0.4093329198309522,0.0,0.36016729787713914,-0.5342511885895405,-0.5817947702060222
2018-09-12 14:00:00,0.22427693242113933,0.4642291618648453,-0.04334743489616277,0.41933200710021656,0.3659625498618787,0.0,0.10706754990727069,-0.49961386439647315,-0.5506932198236547
2018-09-13 02:00:00,0.1384766716358916,0.3570779936959376,-0.11890671450062151,0.425333586058426,0.42749528586346097,0.8378818183693698,0.2792939394564564,-0.5323719952264592,-0.5801074046712509
2018-09-13 14:00:00,0.09275349662262422,0.2944208660334242,-0.15738200451180517,0.42283074835947143,0.4604394699803762,1.0,0.6126272727897898,-0.5495977011494253,-0.5955747126436781
2018-09-14 02:00:00,0.09623230845856012,0.2756764042850919,-0.15022867187753264,0.4007673956585033,0.45528296054688033,0.9454204325561386,0.9277674169751693,-0.5465448834518102,-0.592833526202678
2018-09-14 14:00:00,0.11220716460469715,0.2606587897538941,-0.1260885320769175,0.3623655116901173,0.44084534189829944,0.7926040766623125,0.9126748364061501,-0.5380424409139393,-0.5851990119575591
2018-09-15 02:00:00,0.10398130682986251,0.17339568948161177,-0.08434831016741018,0.24675744763015847,0.44448056955703635,0.5155776094893265,0.7512007062359255,-0.5396962577613693,-0.5866840073837892
2018-09-15 14:00:00,0.08033565476036308,0.11813068362298473,-0.08644452538436553,0.20138465596941205,0.4641760148293692,1.0,0.7693938953838795,-0.5481881073958162,-0.5943090100477681
2018-09-16 02:00:00,0.08170710714287566,0.10397098525174586,-0.07629369397569108,0.17780411114038075,0.460046106549157,0.8229837479435769,0.7795204524776342,-0.5462198080952907,-0.5925416344987318
2018-09-16 14:00:00,0.08571657239519292,0.1101751556859123,-0.07180545164904284,0.1785550550271164,0.4531755520542904,0.5284978359784305,0.783827194640669,-0.5430701316008663,-0.5897134765950358
2018-09-17 02:00:00,0.08560895700536841,0.09579602079708804,-0.06321093752409868,0.15645786208874893,0.44993363731480085,0.27686948339394524,0.5427836891053173,-0.541644850442823,-0.5884336879630145
2018-09-17 14:00:00,0.0982376479578786,0.10673657618359966,-0.05090013234240609,0.1533553011945561,0.4337620512021718,0.0,0.26845577312412505,-0.5346199524940618,-0.582125890736342
2018-09-18 02:00:00,0.16553667544772432,0.17481324541325116,0.0021502317977344365,0.15862738665393117,0.3740807739716076,0.0,0.09228982779798159,-0.5032387564141263,-0.55394808330818
2018-09-18 14:00:00,0.16407004701410055,0.1602703290730625,0.005274513568376937,0.1431471770546466,0.3704443645256232,0.0,-1.6579330501069005e-16,-0.5010096416227032,-0.5519465162816082
2018-09-19 02:00:00,0.11963676286256231,0.12117372431339679,-0.033826761628142576,0.1485143473628745,0.41818348271876926,0.600573090154697,0.2001910300515655,-0.517963212465585,-0.5671694686895906
2018-09-19 14:00:00,0.11481910982311638,0.11610485023625117,-0.03776478112127568,0.14806973473118823,0.4183472739811569,0.7565486354585319,0.4523739085377428,-0.518019680196802,-0.567220172201722
2018-09-20 02:00:00,0.11283175386014599,0.11523176231172738,-0.03963145702199733,0.14922258292124074,0.4158259367467829,0.9473656764686829,0.7681624673606371,-0.5168878060236013,-0.5662038396054718
2018-09-20 14:00:00,0.092575353830888,0.09053755183054446,-0.053652827439314654,0.14157932213169674,0.4391242929792927,1.0,0.9013047706424048,-0.5240412979351032,-0.5726271039389208
2018-09-21 02:00:00,0.02294213228702424,0.02214773344066856,-0.11323668135112563,0.14184465498651586,0.5304983381326575,1.0,0.9824552254895609,-0.5539676947260015,-0.5994986178112636
2018-09-21 14:00:00,0.0030263913560004685,0.006889225089247608,-0.1326958481690338,0.14895482502201118,0.5549972606354896,0.9999999999999999,0.9999999999999999,-0.5625976718226757,-0.6072476479030458
2018-09-22 02:00:00,-0.03814115698404297,-0.01729792746557568,-0.1782542353842984,0.17839951325268663,0.6059190908149719,1.0,0.9999999999999999,-0.5812290076335878,-0.6239770992366411
2018-09-22 14:00:00,0.0020645280996343107,0.028025819266819463,-0.13518912785642856,0.17245539233670842,0.5427861012826434,0.6214930540308277,0.8738310180102757,-0.5636876988335101,-0.6082264050901378
2018-09-23 02:00:00,0.005518821586466549,0.037536215666480244,-0.13139497783986231,0.1772493980550549,0.5375181525828412,0.09307536984883273,0.5715228079598867,-0.5620855728806344,-0.6067878239582779
2018-09-23 14:00:00,-0.07154917362268864,-0.02323221351883642,-0.21175186681425295,0.21361807697575158,0.6288266545066402,1.0,0.5715228079598867,-0.596921381337252,-0.6380675973548862
2018-09-24 02:00:00,-0.03387349722190003,0.025242895226219364,-0.18359786036084635,0.22679805460158314,0.571375589108017,0.37080267238894526,0.4879593474125926,-0.5811650633684532,-0.6239196823942587
2018-09-24 14:00:00,0.020497114586383702,0.0862621423813994,-0.13522636083714468,0.2270470949981603,0.5029470331245018,0.0,0.4569342241296483,-0.5572316384180791,-0.6024293785310735
2018-09-25 02:00:00,0.026439468145815992,0.09538024818039714,-0.12777270673495444,0.22682669202560493,0.4953077136519489,0.0,0.12360089079631498,-0.5541851771589554,-0.5996938996641022
2018-09-25 14:00:00,0.0781426047272551,0.15303408452762368,-0.08415102990745482,0.22928808267379214,0.4419687538547803,0.0,-1.1842378929335003e-16,-0.5303435876947663,-0.5782860567319217
2018-09-26 02:00:00,0.053145681119384,0.12809482069599243,-0.10432387097532325,0.2296887320211758,0.46697240583166233,0.19321739789055425,0.0644057992968513,-0.5402877094972067,-0.5872150837988827
2018-09-26 14:00:00,0.05423702250639706,0.13133459791773183,-0.10213710856557012,0.23011235496633672,0.46366654785042205,0.35582824335969276,0.1830152137500822,-0.5388449899125758,-0.5859196368527236
2018-09-27 02:00:00,0.05211008044732268,0.13114833303669116,-0.10256169326982434,0.23041660802160704,0.46366654785042205,0.4067907225441158,0.3186121212647875,-0.5388449899125758,-0.5859196368527236
2018-09-27 14:00:00,0.05142796318258758,0.13279759044680906,-0.10070443668699025,0.22981429439075585,0.4620407526452315,0.8027626847873828,0.5217938835637304,-0.5382239057239058,-0.5853619528619529
2018-09-28 02:00:00,-0.015019697577532076,0.06234115196703782,-0.14688460053276342,0.21846045251523458,0.5483161161783758,1.0,0.7365178024438326,-0.5676762635284228,-0.6118078175895765
2018-09-28 14:00:00,-0.02271042156642844,0.05350480955247683,-0.14068843625802996,0.2030443157238845,0.5588597279348102,1.0,0.9342542282624606,-0.5714587022185189,-0.6152041454015207
2018-09-29 02:00:00,-0.021428459292843982,0.05602532761953638,-0.1313509502099306,0.19470958831140484,0.558191532593436,0.9930985084341616,0.9976995028113869,-0.5712800875273523,-0.6150437636761488
2018-09-29 14:00:00,-0.01208672160375246,0.06515206470412727,-0.11282843942813225,0.18232684563974275,0.5431550049356991,0.8377929228011419,0.9436304770784342,-0.5674035327515508,-0.6115629271369992
2018-09-30 02:00:00,-0.014845097627255277,0.05947536045769186,-0.10303904254497787,0.1661330875068332,0.5481091357245818,0.31545483413894365,0.7154487551247489,-0.5688767223764866,-0.6128857337454812
2018-09-30 14:00:00,-0.017524588419732146,0.05419459589377151,-0.09476787423136979,0.15204699260073348,0.5534048899588355,0.6526625795129655,0.6019701121510169,-0.5703623453244923,-0.6142197044849371
2018-10-01 02:00:00,-0.008434113410419553,0.06474567367115225,-0.08505751522193361,0.15134018785103373,0.5360807406488358,0.0,0.32270580455063624,-0.5665376106194691,-0.6107853982300886
2018-10-01 14:00:00,0.01052047425266256,0.08514379397955785,-0.0677914846347687,0.15161980176283443,0.4997899985333995,0.0,0.21755419317098837,-0.5580639097744362,-0.6031766917293233
2018-10-02 02:00:00,0.008858099013764997,0.07802878193933971,-0.06866920244996078,0.14601466645067046,0.5021829284068438,0.0446318142184844,0.014877271406161326,-0.5586328041192876,-0.6036875134091397
2018-10-02 14:00:00,0.008562715020639766,0.0774608988743366,-0.06915751422594407,0.14601221530675262,0.5020751529750738,0.04262163702881536,0.02908448374909978,-0.5586091294319584,-0.6036662554309928
2018-10-03 02:00:00,0.007551689316541932,0.07634142444505021,-0.07016110712086587,0.1460512101537505,0.5035667336171898,0.10406883033080463,0.06377409385936798,-0.5589167024013721,-0.6039424313893653
2018-10-03 14:00:00,0.04437801708205891,0.09917692212144313,-0.029688415414704128,0.12453834570090541,0.4300389773925136,0.0,0.04889682245320652,-0.5420020036734012,-0.5887543830355653
2018-10-04 02:00:00,0.048536219746547316,0.09694752502892245,-0.025287016687192576,0.11800634440240242,0.41997493600458374,0.0,0.03468961011026807,-0.5393097077594894,-0.5863369163587504
2018-10-04 14:00:00,0.025863628728778343,0.07366576002322356,-0.046617838101961184,0.11867859346036423,0.46798899674344374,0.5743872259019256,0.19146240863397504,-0.5488074350257703,-0.5948651167891217
2018-10-05 02:00:00,0.03660719165708448,0.08628504120290859,-0.03746963866171227,0.12080608112485379,0.44529033544323293,0.3028454963484533,0.2924109074167928,-0.5434250679687067,-0.5900321811019253
2018-10-05 14:00:00,0.040560867166921755,0.09017785180087201,-0.028016745028587087,0.11463177774161244,0.4350383010536657,0.3137282041402183,0.39698697546353223,-0.5409544795269441,-0.587813790025661
2018-10-06 02:00:00,0.022298528752302094,0.07142739754432559,-0.041844292771973324,0.11162064765907088,0.47577371297487825,1.0,0.5388579001628904,-0.5486094349972572,-0.594687328579265
2018-10-06 14:00:00,0.011028926786994298,0.05929540843005343,-0.048038963382564415,0.10673365107360389,0.5006455433642026,0.9999999999999999,0.7712427347134059,-0.5533867028493895,-0.598976933514247
2018-10-07 02:00:00,0.03602381861676873,0.08653723840753624,-0.022014821253540706,0.10515948750095837,0.4457509963850235,0.16328525562241628,0.7210950852074718,-0.5416959064327485,-0.5884795321637426
2018-10-07 14:00:00,0.030855535900140563,0.08155343373255786,-0.023694031857177222,0.10228829578329822,0.45506084466053387,0.3051880082399445,0.4894910879541201,-0.5434250679687067,-0.5900321811019253
2018-10-08 02:00:00,0.02674151062928587,0.07534476622913266,-0.028818986189301676,0.10179569046660832,0.4626371412592014,0.30761060621526926,0.2586946233592099,-0.5447637751714982,-0.591234233237442
2018-10-08 14:00:00,0.014150663879987535,0.05729946343950121,-0.039705149606806045,0.09615868996184253,0.49327137217525757,0.8656665990568791,0.49282173783736427,-0.5500902132312739,-0.5960169491525424
2018-10-09 02:00:00,-0.001457667476350677,0.035806487217673544,-0.05270372573842552,0.089264373662691,0.5318196782368001,1.0,0.7244257350907161,-0.5570409646336869,-0.6022581687032352
2018-10-09 14:00:00,0.013174538256456536,0.047009353760481876,-0.03773015817602443,0.0843481703515647,0.49271962898149274,0.4906117324404334,0.785426110499104,-0.5503114924312804,-0.596215640198918
2018-10-10 02:00:00,0.009793732394223209,0.03809870646873592,-0.038730755724989185,0.07685374987144838,0.5004032537892127,0.5458908299682611,0.6788341874695648,-0.5516346101454803,-0.5974036942189289
2018-10-10 14:00:00,0.022427728327895746,0.043695618493419186,-0.023259395412248973,0.06627778015537808,0.4661838444876084,0.0,0.34550085413623144,-0.5456184428492545,-0.5920016565433462
2018-10-11 02:00:00,0.01444000361253317,0.029237295434819455,-0.027488583670758793,0.05667632382846683,0.486717268614698,0.3128386272284146,0.2862431523988918,-0.5489063699155794,-0.594953952417498
2018-10-11 14:00:00,0.1327461626068842,0.17672190558384404,0.054645337174012765,0.10941862555887553,0.30001592620671647,0.0,0.10427954240947143,-0.49388953810197433,-0.5455532320560921
2018-10-12 02:00:00,0.14723522417454427,0.21161116004915304,0.04339197082122892,0.14919641301162653,0.2829792418924642,0.0,0.10427954240947143,-0.484730745147151,-0.5373293675641828
2018-10-12 14:00:00,0.1398761222413556,0.21573594998003998,0.019454445818121613,0.17562844268738784,0.2864520326452431,0.017045373456539635,0.0056817911521797595,-0.4854717688988933,-0.5379947477021196
2018-10-13 02:00:00,0.15447422430385482,0.2425038784401301,0.014885488003677061,0.2016651569463475,0.26889014827944147,0.0,0.0056817911521797595,-0.47603629417383,-0.5295224450811844
2018-10-13 14:00:00,0.12518273265677027,0.21918907694856848,-0.021090454668162284,0.21862488714674128,0.3211786470214687,1.0,0.3390151244855131,-0.4870114082663176,-0.5393772208715168
2018-10-14 02:00:00,0.1282165710074019,0.23046476295446627,-0.02838613949302482,0.23509687591499712,0.31278970382945925,0.8395642752453562,0.6131880917484519,-0.48324227581009793,-0.535992840994725
2018-10-14 14:00:00,0.10426058113278525,0.20583269439828444,-0.05473748862300265,0.24226745736005145,0.3565670229047038,1.0,0.9465214250817853,-0.49226568766582346,-0.5440951440735485
2018-10-15 02:00:00,0.1169291213431567,0.22311004905437382,-0.05100099233234345,0.2523916011845033,0.33603896201152106,0.7658668721835569,0.8684770491429709,-0.4842463177687246,-0.536894390473206
2018-10-15 14:00:00,0.04342430270884168,0.14113185450620902,-0.11365971374374628,0.251339155914751,0.47695081957691116,1.0,0.9219556240611854,-0.5173695014662757,-0.5666363636363636
2018-10-16 02:00:00,0.07088651132125912,0.16786204439963082,-0.09143761175839571,0.24975592858748485,0.433353037863627,0.734420776109029,0.8334292160975285,-0.5033287059391599,-0.5540288507967166
2018-10-16 14:00:00,0.05850924380010469,0.14788167351372983,-0.10099695693874855,0.24317796545857545,0.4508492727235256,0.8147668528088691,0.8497292096392992,-0.5079616120545325,-0.5581888304233438
2018-10-17 02:00:00,0.05901977369780864,0.1454975072214859,-0.1006240211919871,0.24072054344189645,0.4464715950093734,0.7837000725549739,0.7776292338242905,-0.5066045089339251,-0.5569702602230484
2018-10-17 14:00:00,0.04763566033836075,0.1289136334593095,-0.10936882718405483,0.2359764040916134,0.4647235203445856,0.7195430879319272,0.7726700044319231,-0.5110024958402662,-0.5609193011647254
2018-10-18 02:00:00,0.02537401905591352,0.09993986462076565,-0.12655258003762748,0.2295468775215482,0.5054651452147114,1.0,0.8344143868289667,-0.5209099906846762,-0.5698154401490452
2018-10-18 14:00:00,-0.008284207861995574,0.058619910347657456,-0.15361568856325125,0.222819032613071,0.5657149688132835,1.0,0.9065143626439754,-0.5367942583732057,-0.5840782437376866
2018-10-19 02:00:00,0.043900854374116616,0.10161905842667007,-0.1031919454162249,0.20497220289847476,0.46975886924522336,0.19529197718059138,0.7317639923935302,-0.5115829772079772,-0.561440527065527
2018-10-19 14:00:00,0.045643926859195716,0.09282355497480888,-0.09648049362877076,0.18965081930952388,0.46439344169137653,0.0,0.3984306590601968,-0.5098957712924359,-0.5599255509231685
2018-10-20 02:00:00,0.042778083109733966,0.07652394724477185,-0.09151085823953753,0.16930347352874936,0.46643024805455513,0.02010240489889116,0.07179812735982719,-0.5104206330318897,-0.5603968348405521
2018-10-20 14:00:00,0.035646463655310434,0.05793085956826971,-0.0908835222901645,0.15130737226116323,0.47736977111779066,0.12807080385594088,0.04939106958494368,-0.513085798816568,-0.5627899408284023
2018-10-21 02:00:00,0.03213347197866301,0.03833453862943892,-0.0831798385822039,0.1243015472982339,0.48184654277992967,1.0,0.382724402918277,-0.5141208077468116,-0.5637192961738309
2018-10-21 14:00:00,0.024069609498991174,0.034257401381123875,-0.08786087291106182,0.12548139344265588,0.4969288530926334,0.9999999999999999,0.7093569346186466,-0.5174544068492348,-0.5667126018882309
2018-10-22 02:00:00,0.03409368920264,0.046357868922302314,-0.07295733527273396,0.12092345386608075,0.47309916675927083,0.21866307315988456,0.739554357719961,-0.512075303883783,-0.5618825970945746
2018-10-22 14:00:00,0.03046443741326299,0.044289025534628434,-0.07005215852090585,0.11583329839087589,0.4786840813977933,0.2343679459474592,0.48434367303578085,-0.5132010175106484,-0.5628933980123048
2018-10-23 02:00:00,0.021540858191751333,0.034094092045156454,-0.06745090369040085,0.10326733017645914,0.49821735390600436,1.0,0.48434367303578085,-0.5170012326113753,-0.56630568762106
2018-10-23 14:00:00,0.0375727300659805,0.05017788222942121,-0.04549103525348397,0.09544524884494686,0.4581825167741725,0.0,0.411455981982486,-0.5086960415547197,-0.5588482894501163
2018-10-24 02:00:00,0.030123904274021118,0.0404004293760043,-0.042234257269181286,0.08271052507916041,0.47414137391450883,0.3986242553650205,0.46620808512167317,-0.5116409495548961,-0.5614925816023739
2018-10-24 14:00:00,0.024847959908039785,0.03454337748963687,-0.04042990231233334,0.07519459723354426,0.48545325821708457,0.6811752812459677,0.3599331788703291,-0.5136613475177305,-0.5633067375886525
2018-10-25 02:00:00,0.023815338638908612,0.027945322901245406,-0.028240813711482682,0.0561944390828959,0.4856234872865935,0.685427304776084,0.5884089471290238,-0.5136900892382247,-0.5633325453578394
2018-10-25 14:00:00,0.0346470364380822,0.03946115048384713,-0.017805747098883384,0.05665347070212413,0.4533214550744361,0.0,0.4555341953406835,-0.5078733329346331,-0.55810956282519
2018-10-26 02:00:00,0.028849447951867058,0.034188094603360586,-0.02020262187175892,0.05401301768214688,0.46762243699328193,0.4427270032089009,0.3760514359949946,-0.5100708502024291,-0.560082757799476
2018-10-26 14:00:00,0.05053849137990407,0.05974986448368358,-0.0011398870212985246,0.05915618030768504,0.40934670273456125,0.0,0.1475756677362999,-0.498760431260279,-0.5499269050374612
2018-10-27 02:00:00,0.04947965484387429,0.062157178859394646,-0.0033472776278390404,0.06363332180212428,0.4071838859634893,0.0,0.1475756677362999,-0.4983020363370321,-0.5495153030118278
2018-10-27 14:00:00,0.04729343358206117,0.06298486575760309,-0.007249159308744257,0.0683298196806358,0.4080820245939564,0.014860360070915915,0.004953453356971569,-0.498424356942582,-0.549625137144947
2018-10-28 02:00:00,0.06360887432366336,0.08301877294806626,0.0032548851344644802,0.07646541239169158,0.3647832196816143,0.0,0.004953453356971569,-0.48936704933291963,-0.5414923983865962
2018-10-28 14:00:00,0.055627111487768,0.06538626874950104,3.7752976210780886e-05,0.0632785472483175,0.3857664770100518,0.4708621474561751,0.16190750250902994,-0.49210899888902615,-0.543954450067893
2018-10-29 02:00:00,0.051321745136583496,0.06367006761628091,-0.0063406761405493395,0.06805982945357254,0.39418881335274736,0.6791317619658155,0.38333130314066316,-0.49317257945306736,-0.544909460458241
2018-10-29 14:00:00,0.07273453645497052,0.09197784616483218,0.00725331088079284,0.08071958631109245,0.3398683599345739,0.0,0.38333130314066316,-0.48141857827073364,-0.5343553062767835
2018-10-30 02:00:00,0.09845249110904475,0.12938514588970684,0.019177030276094742,0.10258778343597487,0.28984178986576,0.0,0.22637725398860478,-0.46704339378238346,-0.5214475388601036
2018-10-30 14:00:00,0.09843333113275166,0.1373068963279751,0.009221964826469975,0.1193414482511253,0.28395247742148283,0.0,-3.7895612573872007e-16,-0.46510335413416537,-0.5197055382215289
2018-10-31 02:00:00,0.10182580466225777,0.14723346485755795,0.003201773050681034,0.13395585160423512,0.27276138617404255,0.0,-3.7895612573872007e-16,-0.4614274494404085,-0.5164048694286276
2018-10-31 14:00:00,0.09894236992739991,0.14722877072023488,-0.006266967667101109,0.14338951602820962,0.27100861493541084,0.0,-3.7895612573872007e-16,-0.46086287099521717,-0.5158979230819629
2018-11-01 02:00:00,0.07979078242459314,0.12811126127478412,-0.02701356643395103,0.1476607471319761,0.3353983291058958,1.0,0.3333333333333329,-0.4686608122941822,-0.5228998514883452
2018-11-01 14:00:00,0.07880979253249354,0.12659960658551572,-0.030527138128706888,0.14992491631732946,0.33090177481805144,0.9301665748051181,0.6433888582683722,-0.4675606599805888,-0.5219120025881592
2018-11-02 02:00:00,0.05014349119576744,0.09157351544470793,-0.05473772092243201,0.143665225012855,0.4312386330484048,1.0,0.9767221916017057,-0.4806985990155245,-0.5337088224157516
2018-11-02 14:00:00,0.032135959621284904,0.07007190712364064,-0.06963717851849993,0.1396787244736114,0.48562594177877166,1.0,0.9767221916017057,-0.4889547882250652,-0.5411222208421315
2018-11-03 02:00:00,0.0188297941408333,0.052423396943608314,-0.07966266074729067,0.13390986070168284,0.5235726471559862,1.0,0.9999999999999996,-0.4951625766871166,-0.5466963190184049
2018-11-03 14:00:00,0.03457898374406265,0.06290016405017718,-0.06246348282747172,0.12533628087745755,0.4723946542634511,0.7343760773409928,0.9114586924469973,-0.4866593886462883,-0.5390611353711792
2018-11-04 02:00:00,0.03477559630440119,0.05631422604495584,-0.05847605047482307,0.11491448899460592,0.4678347086095956,0.3963444664991116,0.7102401812800345,-0.4858575445173383,-0.5383411433926898
2018-11-04 14:00:00,-0.0006618519328686068,0.018360659815333635,-0.08988663580037115,0.11226212463089404,0.5695091183252164,1.0,0.7102401812800345,-0.5034785494478973,-0.5541633982984373
2018-11-05 02:00:00,-0.018489074124878768,0.0007166909727058801,-0.10756219343021922,0.114389908001151,0.6134743557090193,1.0,0.7987814888330369,-0.512710961094333,-0.5624533664949369
2018-11-05 14:00:00,0.003769522045350193,0.024433223877529997,-0.08748591921369164,0.11556240360461999,0.5419140391363317,0.5086481051149793,0.8362160350383262,-0.5015838885523926,-0.5524621441550577
2018-11-06 02:00:00,0.008848671344402259,0.03014887330546423,-0.08258782343030602,0.11577218259011382,0.5263060294753751,0.40147941875925414,0.6367091746247442,-0.49888252846964254,-0.5500365385786493
2018-11-06 14:00:00,-0.01891526523187359,0.006421959128925181,-0.11103169935024182,0.1239361212005824,0.5939486808268836,0.7760003463895874,0.5620426234212732,-0.513056985620451,-0.5627640688798154
2018-11-07 02:00:00,-0.02947115259189237,0.0035472875807867066,-0.1250919554947264,0.13696279158542105,0.6190719616769269,1.0000000000000002,0.7258265883829468,-0.5188932413470533,-0.5680045603367634
2018-11-07 14:00:00,-0.020065430915319427,0.01851702712780945,-0.11900658711365508,0.14479900857027103,0.5902923667985555,0.6897611634426067,0.8219205032773976,-0.5146366639141207,-0.5641824938067713
2018-11-08 02:00:00,-0.0117778513804504,0.03077510356199653,-0.11265976467971506,0.14955812649440928,0.5650222463789555,0.4173538279059386,0.7023716637828481,-0.5107699167657551,-0.5607104637336504
2018-11-08 14:00:00,0.0006302585332189636,0.04664209172194922,-0.09992004006943145,0.1505732486740654,0.5271191158265685,0.0,0.3690383304495147,-0.5046144121365361,-0.5551833122629584
2018-11-09 02:00:00,0.012144095069810845,0.05953193440239102,-0.08351146407218724,0.14477926784905729,0.49351340319213644,0.0,0.13911794263531244,-0.49866881930059714,-0.5498446448154015
2018-11-09 14:00:00,0.030572118462156128,0.07851722439038311,-0.05963019873980413,0.13685503089076484,0.44497326016129707,0.0,-4.263256414560601e-16,-0.48892304825787214,-0.5410937208869014
2018-11-10 02:00:00,0.03500121528040001,0.0815773631448351,-0.04664919325102068,0.12602563401787967,0.43167957650833894,0.0,-4.263256414560601e-16,-0.48601811367895076,-0.5384853216739538
2018-11-10 14:00:00,0.024520244176163608,0.06757802487799136,-0.045749828319012975,0.11210433546221288,0.4599387496368676,0.2960950286474296,0.0986983428824761,-0.490725956182696,-0.542712588191608
2018-11-11 02:00:00,0.03589533698080527,0.0782612056863643,-0.02814214314720065,0.10380211645052433,0.42890193410137295,0.0,0.0986983428824761,-0.4843432760997619,-0.536981451309688
2018-11-11 14:00:00,0.032682279339027565,0.07260073825449287,-0.022872834332557934,0.0931573136164779,0.4348570220004261,0.19187174316394506,0.16265559060379114,-0.48527866391443053,-0.5378213548508164
2018-11-12 02:00:00,0.01516231499929277,0.053975742854351916,-0.03528996176778476,0.08843942475692183,0.48763197201704644,1.0,0.39729058105464793,-0.49370270103980807,-0.5453854672983449
2018-11-12 14:00:00,0.03816940190270057,0.08039024309597331,-0.014324328419561216,0.09168591460971731,0.42581288772332004,0.0,0.39729058105464793,-0.4814512571680636,-0.534384649316277
2018-11-13 02:00:00,0.032010113698067943,0.07575924774860154,-0.021586678111024438,0.0947787223902039,0.4406341142815038,0.23975163539728941,0.41325054513242937,-0.48387512839537994,-0.5365610920656232
2018-11-13 14:00:00,0.04735479002226972,0.09550629854235182,-0.009169168257295301,0.10034377021833021,0.4013344498168817,0.0,0.07991721179909608,-0.475234360053568,-0.5288023722976851
2018-11-14 02:00:00,0.05130656406174672,0.1039461248591429,-0.008220864131801453,0.10704360069794229,0.38854055017749917,0.0,0.07991721179909608,-0.47220511833750245,-0.5260823552049259
2018-11-14 14:00:00,0.08101206992729226,0.14309846014135208,0.008798366982002648,0.12482019720144384,0.3289753635981685,0.0,-3.907985046680551e-16,-0.45563180939645254,-0.5112008476104168
2018-11-15 02:00:00,0.17312553037630307,0.2665859214192918,0.060778348767042134,0.17685892602946265,0.22816318467348728,0.0,-3.907985046680551e-16,-0.40568756319514665,-0.4663549039433772
2018-11-15 14:00:00,0.24422780372160569,0.38226982168392754,0.0784502528276918,0.24693549827404482,0.18512086526484917,0.0,-3.907985046680551e-16,-0.3646166319203151,-0.42947648830206164
2018-11-16 02:00:00,0.20873320715754007,0.36352413553534735,0.019803080433831166,0.28843798937758736,0.23496078539162307,0.24501031032554965,0.0816701034418495,-0.3783917510197915,-0.44184544493125855
2018-11-16 14:00:00,0.22830314526429296,0.4002484197517908,0.009333580789626206,0.3244669315045753,0.21940165550525165,0.23830183023524143,0.16110404685359664,-0.3635354629128317,-0.4285056848944234
2018-11-17 02:00:00,0.22255348572368372,0.3995751984024065,-0.0161033754615052,0.34880091290612963,0.21764361008825664,0.6525440799399737,0.3786187401669212,-0.3618078175895766,-0.4269543973941369
2018-11-17 14:00:00,0.2362931499648786,0.42060840462433746,-0.02554946651178769,0.3725652542711323,0.20538900325089912,0.40666473651032076,0.43250354889517817,-0.34960085361998106,-0.4159935188112551
2018-11-18 02:00:00,0.23401498684978517,0.420227525043678,-0.04480331729999987,0.391534986321784,0.20165002635426194,0.0,0.3530696054834311,-0.34577436794402927,-0.4125576403243759
2018-11-18 14:00:00,0.22559250117028284,0.41043683591140345,-0.06564879414529512,0.4060798857521535,0.20122354765347503,0.0,0.13555491217010648,-0.3453579952267304,-0.4121837708830549
2018-11-19 02:00:00,0.2065305703683622,0.38537184050924633,-0.09037296945246542,0.41459263092590964,0.2254795558530072,1.0,0.3333333333333329,-0.3510370662460568,-0.4172831230283912
2018-11-19 14:00:00,0.3898409175333193,0.6182273147308286,0.007775229144939111,0.4649287846346953,0.14696524824731275,0.0,0.3333333333333329,-0.24388036387025636,-0.3210649637048608
2018-11-20 02:00:00,0.46104098745228583,0.728100016490161,0.011346777854813084,0.5232831972608031,0.12912696074160995,0.0,0.3333333333333329,-0.1949075432932199,-0.2770912826533608
2018-11-20 14:00:00,0.6312619715514085,0.97066197205901,0.05696706945184493,0.603571236819165,0.1042437876253442,0.0,-4.263256414560601e-16,-0.0869109308596221,-0.1801189511878475
2018-11-21 02:00:00,0.5688268497500082,0.9169375828106578,-0.03491273090305702,0.6605427521443398,0.1371276385334337,0.2712388545791079,0.09041295152636888,-0.10886280200560972,-0.19982997801626579
2018-11-21 14:00:00,0.5558819505126913,0.9101030599397635,-0.08438298660505206,0.7038815032878997,0.13574967349151043,0.7374721137218103,0.336236989433639,-0.10332784866679012,-0.19486003203626412
2018-11-22 02:00:00,0.506690728988018,0.8379348168389071,-0.13785184167738396,0.7227827200072753,0.16297170502089656,1.0,0.6695703227669724,-0.11975846134097812,-0.209613409781353
2018-11-22 14:00:00,0.5378136155828923,0.8648160006488546,-0.14535090148271612,0.7429158788920036,0.1533144215669746,0.8355588980130713,0.8576770039116268,-0.08875120427892769,-0.1817713697219362
2018-11-23 02:00:00,0.6219736712454542,0.9493365235735358,-0.1252821990344033,0.7610467782225189,0.1368305281145495,0.039705141839700024,0.6250880132842567,-0.023838050724809712,-0.1234845429310304
2018-11-23 14:00:00,0.6003047953233029,0.8969709625777038,-0.15432700766332674,0.7666310228546243,0.13644378769571383,0.02549825142381809,0.300254097092196,-0.022132832646076794,-0.12195339330489252
2018-11-24 02:00:00,0.5195898267263763,0.7581574237125175,-0.19588317685035583,0.7446826597357563,0.19089319109623457,1.0,0.3550677977545056,-0.05849475406459881,-0.1546034942391964
2018-11-24 14:00:00,0.5323213719226478,0.7292024336423113,-0.18570056733759677,0.7194042301286848,0.1834645435666217,0.8635678801663086,0.6296887105300417,-0.0371447292980589,-0.13543287738553533
2018-11-25 02:00:00,0.6967864156326067,0.9054379266963131,-0.12413975920188158,0.740357648763493,0.15204508168171732,0.2865282815174846,0.7166987205612638,0.08406998037071678,-0.026591750431449013
2018-11-25 14:00:00,0.687506295873721,0.8973024616581147,-0.15772390126598113,0.7702107018775056,0.1496450415964952,0.24244992738809557,0.46418202969062894,0.09606931642602157,-0.01581730513080082
2018-11-26 02:00:00,0.588760450730722,0.7650928697083488,-0.2153309225127914,0.7690316292464029,0.2061270778661003,1.0,0.5096594029685262,0.04754054535733365,-0.059392265193370264
2018-11-26 14:00:00,0.586970826746815,0.740286507224087,-0.2218310453212331,0.7640536567745208,0.20164400082429565,0.9206282680672909,0.721026065151795,0.062157138616034,-0.0462677319840461
2018-11-27 02:00:00,0.6665859392440348,0.7990054569373861,-0.18866200700833835,0.756733727105964,0.1823404730450645,0.5788642479620343,0.8331641720097746,0.13365340901263312,0.01793020788846489
2018-11-27 14:00:00,0.7118082175805889,0.8161950806934455,-0.17158434533584255,0.7470130955932318,0.17115599017652555,0.38084584056694376,0.6267794521987557,0.18417757950784286,0.06329687724852495
2018-11-28 02:00:00,0.5871300322727349,0.6346908339398594,-0.21603005435322142,0.7034644092905608,0.24143993087278873,1.0,0.6532366961763255,0.11450686675515342,0.0007381423192567294
2018-11-28 14:00:00,0.4658338007558982,0.44195152814516114,-0.2384365762951891,0.6175479806652794,0.3147103530468323,1.0,0.7936152801889808,0.042682463253927994,-0.06375443487075527
2018-11-29 02:00:00,0.3564040872547205,0.23830667894090607,-0.2276930409612442,0.46353979809905577,0.38357252653377705,1.0,0.9999999999999994,-0.024809793557867832,-0.12435709037472453
2018-11-29 14:00:00,0.2783329143552662,0.1298343067696428,-0.24073649439014844,0.3923256897884211,0.4326361555513126,1.0,0.9999999999999994,-0.07277158388584837,-0.16742294702114513
2018-11-30 02:00:00,0.3207269844488645,0.14179453098898098,-0.1908713155401559,0.34103427945789716,0.4033905367225078,0.8470387222447607,0.9490129074149196,-0.03252601258009524,-0.1312856387043677
2018-11-30 14:00:00,0.44379347357520516,0.2531301654293956,-0.11094338896891487,0.3399083202258082,0.34715959615827335,0.2751666083443294,0.7074017768630294,0.0708931429835633,-0.03842349787222965
2018-12-01 02:00:00,0.41494938120568103,0.22484406659484435,-0.11950495856696952,0.3271197726283387,0.35469566861474905,0.08816536966378352,0.4034569000842907,0.062061177077955554,-0.04635389778007237
2018-12-01 14:00:00,0.3234901140129025,0.14088728446498755,-0.16388067490100244,0.3083125346082726,0.4070234620646553,0.7003541828481332,0.35456205361874815,0.003322522434646924,-0.09909651775263362
2018-12-02 02:00:00,0.3027928619509652,0.11089806370144095,-0.15961166637179403,0.2772629691299339,0.41290098288358235,1.0000000000000002,0.5961731841706384,-0.0029986914800815834,-0.1047724629252691
2018-12-02 14:00:00,0.3202532372283171,0.1193228313675958,-0.13428111708542734,0.25551498150227203,0.39747989622620045,0.7654280290463492,0.8219274039648269,0.02036678818540283,-0.08379212856186302
2018-12-03 02:00:00,0.30896961433070835,0.11586192303264897,-0.13345797479210053,0.25153289070679,0.3967959150470769,0.7233058864329657,0.8295779718264378,0.02139266430832243,-0.08287097374790542
2018-12-03 14:00:00,0.3404121081601952,0.14835299045601325,-0.10535619986167688,0.24836964158312017,0.37373515854676964,0.0,0.49624463849310435,0.05676914778856523,-0.05110571736785341
2018-12-04 02:00:00,0.39275082032306297,0.1922331098462846,-0.06299835043530921,0.23974008422838272,0.34360212676241964,0.0,0.24110196214432125,0.11067094980361447,-0.002706204699753023
2018-12-04 14:00:00,0.33801104726603093,0.14537472338359136,-0.09069491137568209,0.22978727233278992,0.37578633222706065,0.5973559370581732,0.1991186456860571,0.07801999135367388,-0.032024157310730716
2018-12-05 02:00:00,0.3154431123343864,0.13713464650627105,-0.09606072154854273,0.22850261835532812,0.3838618568972294,0.7568502156561382,0.45140205090476987,0.07021069059695662,-0.03903628560280925
2018-12-05 14:00:00,0.36010698746616066,0.18928864930806766,-0.058154027995035884,0.23221684339269905,0.35442888255350224,0.2689227114744487,0.5410429547295861,0.1185061845861084,0.004329210275927586
2018-12-06 02:00:00,0.40618609812184747,0.2475225093185287,-0.029903085317395384,0.2502012668480147,0.32799741805446364,0.0,0.34192430904352833,0.17003412484003966,0.05059718470069652
2018-12-06 14:00:00,0.39453536274134127,0.2545997378549396,-0.04046334700083276,0.2665265663620219,0.32620238725747214,0.0,0.08964090382481558,0.17373908826382145,0.05392394591202154
2018-12-07 02:00:00,0.5983128107707352,0.4884024345528035,0.06757150841719928,0.3292920315506856,0.2585342600552876,0.0,-6.394884621840901e-16,0.36580690135935856,0.22638550017427672
2018-12-07 14:00:00,0.603936981345929,0.5398083240029579,0.04705724263946354,0.38096381019370273,0.2521354276677836,0.0,-6.394884621840901e-16,0.39167751864567313,0.2496152480170475
2018-12-08 02:00:00,0.5162545713218307,0.487754121586925,-0.02800352441716447,0.4193576752029501,0.2951135632916991,0.5665305564070942,0.18884351880236405,0.3338817655735844,0.19771927833881753
2018-12-08 14:00:00,0.5036530154655392,0.4996260319906518,-0.05556837926696889,0.4543218615476655,0.29283579156377965,0.5495076903583643,0.37201274892181885,0.3408805748830843,0.20400365005132892
2018-12-09 02:00:00,0.5005948199584265,0.5058941578433997,-0.07268432580674589,0.4755680961274613,0.2876309975635246,0.825898317375807,0.6473121880470878,0.3563740357354783,0.21791554031779525
2018-12-09 14:00:00,0.4265390826798172,0.4156802637297632,-0.11508230661772656,0.46141271116641447,0.3311004260419042,1.0,0.7918020025780566,0.3051722497145031,0.1719404263418347
2018-12-10 02:00:00,0.3768216822793875,0.3548897585710318,-0.14132537301618653,0.44834036436924196,0.35863767076555836,1.0,0.9419661057919352,0.27375663668869854,0.14373171524542205
2018-12-10 14:00:00,0.38739989936688324,0.3730153184877545,-0.13824533047741072,0.4575510246764588,0.34663006658505024,0.8308947083558873,0.9436315694519618,0.29817157821669715,0.1656543825329715
2018-12-11 02:00:00,0.3996359198993349,0.39087030252985544,-0.1348632183244186,0.4660743528112074,0.33396406730568456,0.6525171177972172,0.8278039420510342,0.3248832716148766,0.1896393495411366
2018-12-11 14:00:00,0.4502324109807754,0.4348166696404314,-0.10619166330522778,0.46465904254554025,0.30644021344690875,0.0,0.4944706087177008,0.39017282448938206,0.24826415285591197
2018-12-12 02:00:00,0.44325005868235845,0.41358035149431727,-0.107620492447287,0.45204676212967365,0.30230107492326774,0.0,0.21750570593240512,0.4008222256268832,0.2578264644298043
2018-12-12 14:00:00,0.33643192764452357,0.29111525644735115,-0.16231586798048891,0.4259970449863725,0.3830672018400458,1.0,0.3333333333333327,0.3104725048970425,0.17669963212459971
2018-12-13 02:00:00,0.3539540634323115,0.28511899862538725,-0.13676756530184297,0.39275377145773854,0.36651656953688844,0.7950795347632403,0.5983598449210795,0.3418207611779669,0.20484786224439877
2018-12-13 14:00:00,0.37248897140615345,0.28546562683321985,-0.11371832174423047,0.3676154657975675,0.34996655511732905,0.5901667198078737,0.7950820848570375,0.37525695663073444,0.2348708949611431
2018-12-14 02:00:00,0.3998594738894945,0.3055609356918183,-0.0924429305529183,0.35967703965225944,0.33009281651219524,0.3441014525503286,0.5764492357071469,0.4190363689665282,0.27418131024849535
2018-12-14 14:00:00,0.4164549727808362,0.3018088909601431,-0.07037325613761702,0.33358089410216046,0.31587162174570677,0.0,0.31142272411940014,0.45309023485784916,0.30475896168108774
2018-12-15 02:00:00,0.38840178220054344,0.2423432407450088,-0.06473380422619013,0.2820313319932155,0.3271729921285702,0.2231490183277721,0.18908349029269964,0.44057463537207897,0.2935209530577161
2018-12-15 14:00:00,0.4000671090346555,0.22828414378301187,-0.03815859773261898,0.24331275619895465,0.31434056096684027,0.0,0.07438300610925677,0.469621202650331,0.3196024503062882
2018-12-16 02:00:00,0.35475145299299116,0.1713384215240923,-0.05228822939778377,0.21106309964039435,0.3452311703671808,1.0,0.40771633944259006,0.4372532923463863,0.2905386523212352
2018-12-16 14:00:00,0.2807513355687987,0.08071274026263264,-0.07628459032511281,0.15665049464869993,0.4083145601238138,1.0,0.6666666666666662,0.37090379008746344,0.23096209912536425
2018-12-17 02:00:00,0.31437470023544734,0.11961345590180161,-0.046495237201441664,0.1602500924499877,0.3785356993682177,0.6831159573633374,0.8943719857877785,0.4206287549202403,0.27561114563911326
2018-12-17 14:00:00,0.2329068259271445,0.06022759654727894,-0.09710320319882937,0.16028612377206847,0.4477931012949864,1.0,0.8943719857877785,0.3428499159581584,0.20577196103069562
2018-12-18 02:00:00,0.12405101342163327,-0.01310891893806776,-0.18122991863965165,0.186215446397541,0.5404033009545873,1.0,0.8943719857877785,0.22980182926829262,0.10426380918220945
2018-12-18 14:00:00,0.1410544205824198,0.01660663206450108,-0.16795605113013234,0.19967286960345906,0.5183329705716592,0.8636519589675153,0.9545506529891712,0.25470389119297376,0.12662387167601863
2018-12-19 02:00:00,0.06974758600510733,-0.020717120430559732,-0.22850031256356895,0.2373603622160265,0.5769789984785725,1.0,0.9545506529891712,0.17942525440733825,0.0590296689121399
2018-12-19 14:00:00,0.017515492256705123,-0.03729541606970066,-0.28225029061516094,0.29153411136487656,0.6190968677250402,1.0,0.9545506529891712,0.12262619372442018,0.008028649386084608
2018-12-20 02:00:00,0.10081517849362509,0.05169236009173761,-0.22257724031573944,0.2998932078600557,0.5263785155474195,0.07984551216308783,0.6932818373876954,0.21907082858031734,0.09462822772995949
2018-12-20 14:00:00,0.002516631640561817,-0.015321160857453164,-0.30425596970170543,0.3438834523126848,0.5999372066209628,0.80985589436946,0.6299004688441819,0.11032626295336789,-0.003015705958549275
2018-12-21 02:00:00,0.001288563849658253,0.007763304973556373,-0.3130180968171171,0.37856003397657956,0.6008158500503007,0.8028328022944308,0.5641780696089922,0.10902438038248485,-0.004184692516071675
2018-12-21 14:00:00,0.022575369223543973,0.04745916644557502,-0.29667048358729586,0.39311386165811435,0.5756209632564412,0.5310970973113048,0.714595264658398,0.133622174158619,0.017902161484522505
2018-12-22 02:00:00,0.05075891648938957,0.08887526189284056,-0.2696051641665078,0.3940925830720418,0.543802074966003,0.23407016834958042,0.5226666893184381,0.1671630994425768,0.04801923322411805
2018-12-22 14:00:00,0.03352297440038088,0.08400232183366052,-0.27992459915820755,0.40344927096839633,0.557454274391426,0.23945440212014685,0.3348738892603435,0.14953760616897616,0.03219294814483664
2018-12-23 02:00:00,0.013414092272111766,0.07696789874106535,-0.29108426001017207,0.41217932766637266,0.5749542585422861,0.5463974895579712,0.3399740200092322,0.12778044267799626,0.012656753237853646
2018-12-23 14:00:00,-0.09814963812757382,-0.011566888094284966,-0.3788650156904616,0.45639339952108066,0.6704100962386056,1.0,0.5952839638927054,-0.0008317447211529938,-0.10282671782605002
2018-12-24 02:00:00,-0.045829361840392324,0.060618293049796046,-0.335361225839503,0.459038280630944,0.6026963000907676,0.46516977781335095,0.6705224224571067,0.05506192784060304,-0.052638664512654865
2018-12-24 14:00:00,-0.13896012761371945,-0.015423616445498833,-0.40305620953751775,0.4902025272399166,0.6755649111581791,1.0,0.8217232592711163,-0.05418778662804735,-0.15073618151098245
2018-12-25 02:00:00,-0.12299537783311221,0.02163395792875611,-0.3865010878655559,0.49920719382093637,0.6597691477527181,0.8430010839332753,0.7693902872488748,-0.0421657296504524,-0.1399413346370082
2018-12-25 14:00:00,0.0031259916592245585,0.1659052494780049,-0.2699451962156936,0.45976754092866673,0.5281161149804635,0.0,0.6143336946444244,0.09571904127829556,-0.01613182423435422
2018-12-26 02:00:00,-0.038740268088727214,0.1158007448519196,-0.2748937384824983,0.4244586847490284,0.5579885172984591,0.20259509126131653,0.34853205839819673,0.04826114649681523,-0.058745222929936336
2018-12-26 14:00:00,-0.017759901145479984,0.13780554364115893,-0.2361835353165026,0.39333692744453336,0.5404336258907613,0.08353754814960844,0.09537754647030773,0.07034989594172725,-0.03891129032258067
2018-12-27 02:00:00,-0.053131080474248304,0.08899695630859439,-0.23251606558488658,0.3463682535058536,0.5680333049905494,0.30319992763963316,0.19644418901685212,0.02944267217113894,-0.07564270970163267
2018-12-27 14:00:00,-0.014577069984937685,0.12435391615392932,-0.1731828645495943,0.3049827747894029,0.5332514304379286,0.12864922245697885,0.1717955660820729,0.07071199937543904,-0.03858615036302593
2018-12-28 02:00:00,0.0695133908001897,0.22026315461318902,-0.09171620173598638,0.29313833639184333,0.47051323022996483,0.0,0.14394971669887008,0.16516340054372436,0.04622366334390571
2018-12-28 14:00:00,0.03334202843990264,0.17400818623174863,-0.1045821588344944,0.26924407190976535,0.4949196229786405,0.25027044748062655,0.12630655664586787,0.1272397260273972,0.01217123287671229
2018-12-29 02:00:00,-0.07707352092924258,0.05260277331669694,-0.19567277441408915,0.26740431559349004,0.5749563985007776,1.0,0.41675681582687496,0.0033592235377317703,-0.09906356309365594
2018-12-29 14:00:00,-0.0473197186799299,0.08853645913537878,-0.16769815383348652,0.2667945680400138,0.5499649926343806,0.7607176584149926,0.6703293686318724,0.033606320575785276,-0.07190408601610287
2018-12-30 02:00:00,-0.0605818099771096,0.07018513788671044,-0.1644581459163642,0.24625067996804206,0.5614023816830309,0.8702259128849649,0.8769811904333186,0.01653489808523756,-0.08723285978999396
2018-12-30 14:00:00,-0.08311052093844606,0.04914611848312611,-0.18502969386722967,0.25124590852592055,0.5810996322258889,1.0,0.8769811904333186,-0.011513928429853326,-0.11241846553028945
2018-12-31 02:00:00,-0.07877058040384888,0.057690574032290165,-0.18052778613164056,0.25380682133630567,0.5798543089977347,0.9600020027694863,0.9434093052181498,-0.010301280894822407,-0.1113296049070901
2018-12-31 14:00:00,-0.026260639666721097,0.116607073570977,-0.12680923743546213,0.24466436397296512,0.5273855610564757,0.0,0.6533340009231615,0.04495987199674922,-0.061709503733428095
2019-01-01 02:00:00,0.0002510014243508607,0.14250098960079138,-0.09047516126789923,0.22706941370027992,0.5040604794322551,0.0,0.32000066758982826,0.07342160187842417,-0.0361531437516307
2019-01-01 14:00:00,-0.0061595349113446884,0.13111465408396694,-0.08551250828357404,0.2117979420507308,0.5098079729231471,0.07460483770230279,0.02486827923410041,0.06627231969316094,-0.042572628087179654
2019-01-02 02:00:00,-0.05016627593819756,0.0783323919276977,-0.11768783654240389,0.19995488517456536,0.5507172967720736,0.6155754051127719,0.2300600809383577,0.016861499678710867,-0.08693959764717507
2019-01-02 14:00:00,-0.05330134791413221,0.07092324135190742,-0.12244267511246631,0.19847867083177453,0.5555638197592248,1.0,0.563393414271691,0.01117610194276164,-0.09204463067867641
2019-01-03 02:00:00,-0.06572925087016579,0.0580330077714204,-0.13496380499992944,0.2007174910743789,0.5700539328938035,1.0000000000000002,0.8718584683709235,-0.0049637843262917425,-0.10653695933445384
2019-01-03 14:00:00,-0.02888387625921407,0.08410921930433024,-0.09684616976756644,0.18211518511761982,0.5273935856889417,0.2918969632878279,0.7639656544292756,0.033022420849130096,-0.07242838133018659
2019-01-04 02:00:00,-0.012017399670595563,0.08863886135634536,-0.07753299822654103,0.16525421424039782,0.5095545964373557,0.0,0.43063232109594224,0.0504423197212045,-0.05678670360110816
2019-01-04 14:00:00,-0.0053994298153628995,0.09484214583746797,-0.06720219877131983,0.1598354232892822,0.5025699516984402,0.0,0.09729898776260887,0.05724435650688009,-0.0506790178972929
2019-01-05 02:00:00,-0.010024976250003648,0.08918579597729459,-0.07215630563484465,0.15997991341687987,0.5082732588036645,0.08451349496873099,0.02817116498957656,0.05189252067647554,-0.055484538981707576
2019-01-05 14:00:00,-0.03554548168342064,0.061245684652287524,-0.09476719671396949,0.15867234991197185,0.5397181750801672,1.0,0.3615044983229099,0.02323427008206913,-0.08121735886595371
2019-01-06 02:00:00,-0.02940314181610959,0.06675760592535696,-0.09010843707146943,0.15871915509192894,0.5328513052892847,0.8151494428059171,0.6332209792582156,0.02847769028871383,-0.076509186351706
2019-01-06 14:00:00,-0.03251956160539493,0.06329630536237718,-0.09131267800166254,0.1568055446494423,0.5385265828104668,0.9679233039638049,0.9276909155899068,0.023768941750230033,-0.08073726641618362
2019-01-07 02:00:00,-0.11690471023041948,-0.025355882814093955,-0.1641535878027155,0.15332607681290444,0.6422886252730229,1.0,0.9276909155899068,-0.07057501383602338,-0.16545060257293565
2019-01-07 14:00:00,-0.09655585380669474,-0.0020839338148933573,-0.1377701882715805,0.14588775651174482,0.6129114629034124,0.7315617526637554,0.8998283522091863,-0.05330641264582037,-0.14994477807689655
2019-01-08 02:00:00,-0.08688787650960328,0.012453114110894115,-0.13469502661654587,0.1567274737970024,0.6021674891203626,0.633387073453351,0.7883162753723684,-0.04689183084888282,-0.14418499600403067
2019-01-08 14:00:00,-0.14634383883206648,-0.03341110752069398,-0.2089862860557241,0.19978939254339795,0.6725781819176214,0.9999999999999999,0.7883162753723684,-0.11518693347383369,-0.20550854291889342
2019-01-09 02:00:00,-0.1426194640717411,-0.014181076714635976,-0.21936177429899106,0.23230758549913502,0.674708752382153,1.0,0.8777956911511166,-0.11736029175158225,-0.2074600450498767
2019-01-09 14:00:00,-0.18352220800721475,-0.03767891688290037,-0.27982085540044443,0.28783584635368326,0.7221306358836741,1.0,0.9999999999999996,-0.16717945084862407,-0.25219367048893293
2019-01-10 02:00:00,-0.12550174621094468,0.03764347146511726,-0.23573819639642246,0.30343622569295997,0.6176055317035297,0.1286898768471504,0.7095632922823831,-0.1132226951883184,-0.20374481383695253
2019-01-10 14:00:00,-0.03799168539323261,0.14073895812065196,-0.1549181509245393,0.2977681651575053,0.5081781153141761,0.0,0.3762299589490498,-0.02605633802816909,-0.12547638773819392
2019-01-11 02:00:00,0.010517033107785512,0.19697748438088314,-0.10548494706745593,0.28923118400112435,0.46452709738115966,0.0,0.04289662561571646,0.02348880597014924,-0.08098880597014924
2019-01-11 14:00:00,0.009187711457862902,0.19425366432102797,-0.1006332060477595,0.2817004096454026,0.46544594820906793,0.0035669185029434157,0.0011889728343141344,0.022522242656195735,-0.08185670261941447
2019-01-12 02:00:00,0.014828306795624968,0.2018020901260984,-0.09640330791532936,0.28327687900369924,0.4599104453952496,0.0,0.0011889728343141344,0.028850602017979288,-0.07617434140608403
2019-01-12 14:00:00,0.023861694762632002,0.21404454579598342,-0.09063545488689839,0.28697249341853437,0.45080076820574194,0.0,0.0011889728343141344,0.03899621212121218,-0.06706439393939401
2019-01-13 02:00:00,0.03679378913862785,0.231664506963839,-0.08421063431502784,0.2941857287851736,0.4376403985656305,0.0,-3.375077994860476e-16,0.053643452541005665,-0.053912342027426785
2019-01-13 14:00:00,0.029606302696189912,0.22493252067284497,-0.09127074248770006,0.29639492668749207,0.44482183602810965,0.258273530089131,0.08609117669637667,0.04756721662083718,-0.05936831652917818
2019-01-14 02:00:00,0.11669928754567382,0.34122227273116046,-0.02582944431107781,0.3170535146666214,0.3721336614708431,0.0,0.08609117669637667,0.1410258187969715,0.024550042985107767
2019-01-14 14:00:00,0.08196316200519949,0.30644907195152715,-0.06103323091263502,0.32731781449812714,0.4060214590327458,0.4307746778599795,0.22968273598303654,0.10895130369143247,-0.0042503095474530905
2019-01-15 02:00:00,-0.00493041987785392,0.2010509157291025,-0.1333224281206824,0.3234209383423725,0.49706245331300525,1.0,0.47692489261999294,0.019684014869888466,-0.08440520446096667
2019-01-15 14:00:00,0.024667744751674325,0.23824582460609856,-0.10963895608824836,0.32686616381782063,0.4684026414830026,0.7705908189185716,0.7337884989261835,0.051046083891074456,-0.05624457160373986
2019-01-16 02:00:00,0.04915129620609626,0.27140401323825913,-0.09260464545304814,0.3341369233655771,0.44572565736804626,0.5890715407716499,0.7865541198967402,0.0782177439431857,-0.03184659128133238
2019-01-16 14:00:00,0.02701962571439731,0.24613187467819997,-0.11421111260835515,0.3380453848919828,0.46768382636600736,0.677303316168109,0.6789885586194433,0.056606317411401985,-0.05125192604006168
2019-01-17 02:00:00,0.03317093024873441,0.24758840957994077,-0.11460271534208843,0.339609520964411,0.46057171031436683,0.2891893168057824,0.5185213912485136,0.06432775011317338,-0.04431869624264373
2019-01-17 14:00:00,0.04920511523926496,0.2636702051668429,-0.10782469074351886,0.3446396260074642,0.4435124779512286,0.0,0.3221642109912969,0.08291440753803236,-0.02762936253092596
2019-01-18 02:00:00,0.00884162733761773,0.20960214399642862,-0.14523899273061147,0.34377782466177054,0.4897128610413412,1.0,0.42972977226859393,0.04162658227848093,-0.06470253164556972
2019-01-18 14:00:00,0.036014103798339914,0.2216972837980702,-0.11978904560179648,0.324929816815323,0.4599363852666593,0.3554928815935646,0.45183096053118793,0.07119983337455582,-0.03814811439878152
2019-01-19 02:00:00,0.035496660802081914,0.19602069133056066,-0.11369510240548486,0.2974710538863665,0.4589855420787841,0.3349120308672706,0.5634683041536115,0.07216286644951131,-0.03728338762214989
2019-01-19 14:00:00,-0.0227287018568606,0.07173897511679472,-0.12975139587847095,0.20750943327278457,0.529567965414929,1.0,0.5634683041536115,0.010915233415233372,-0.0922788697788699
2019-01-20 02:00:00,-0.019536294763653372,0.03254806730098814,-0.1000793914226179,0.1372622080544955,0.5264028414397675,0.9551570514930066,0.763356360786759,0.013392692208223922,-0.09005430967598937
2019-01-20 14:00:00,0.03873862327107913,0.08107630627124296,-0.04103542046325459,0.119714979816332,0.4572987895797672,0.0,0.6517190171643353,0.07525905212403128,-0.034503260202014885
2019-01-21 02:00:00,0.05075440450387214,0.09245825987353218,-0.03123332178996785,0.1200175481852097,0.443554752119675,0.0,0.31838568383100196,0.08984173233560688,-0.02140917820011934
2019-01-21 14:00:00,0.03819277952462041,0.0766764004367837,-0.042502714260442165,0.1171769308659656,0.45726156125609596,0.1593570175011388,0.053119005833712735,0.07842970224365686,-0.031656269658209335
2019-01-22 02:00:00,0.052227948964773896,0.09001556143429545,-0.030616501754262893,0.11715268356711864,0.44016331615450716,0.0,0.053119005833712735,0.09522320121383121,-0.01657704900577639
2019-01-22 14:00:00,0.05514219499649409,0.09310677536031231,-0.029528071520389165,0.1188564765206208,0.43467278726049857,0.0,0.053119005833712735,0.10059919483194446,-0.01174983615766323
2019-01-23 02:00:00,0.016095415613958775,0.052803131433766026,-0.06496076837152132,0.11848414340448371,0.48761766857712646,1.0,0.33333333333333315,0.060555483954117584,-0.04770588993426994
2019-01-23 14:00:00,0.02201282603146204,0.058288371688910656,-0.05903066860223183,0.11736259923871961,0.4787742692091043,0.8329697007887187,0.6109899002629061,0.06766961192635557,-0.041317971273987064
2019-01-24 02:00:00,0.034096596399967094,0.06736153310856574,-0.03654795416812151,0.10233286634896434,0.46129537405519355,0.5028358952300442,0.7786018653395875,0.0817470750624425,-0.02867753385040106
2019-01-24 14:00:00,0.02203592042610203,0.05437536932744602,-0.04197484917140493,0.0957565032743878,0.4782696447401348,0.8234385722561663,0.7197480560916429,0.07007152145643691,-0.0391612483745124
2019-01-25 02:00:00,0.006059334113006409,0.032572081168886324,-0.054469087647598835,0.08800468843287097,0.5027075160039113,1.0,0.7754248224954035,0.05360298071752312,-0.0539486824921257
2019-01-25 14:00:00,0.031276764258009626,0.05831774595364658,-0.03100559583144069,0.0881199688757381,0.463709609317702,0.058297763624447524,0.6272454452935379,0.08134904990932745,-0.02903492864464241
2019-01-26 02:00:00,0.027893524948114923,0.05601391806716105,-0.03318663389639109,0.0881939379220098,0.46739535968476326,0.14729944751767549,0.40186573704737427,0.0789953320046155,-0.031148379313962082
2019-01-26 14:00:00,0.01980500334562496,0.04764236589466653,-0.04053763722057524,0.08786786444720707,0.4800077745468546,0.4179241044985652,0.207840438546896,0.07135324445370284,-0.038010363503801714
2019-01-27 02:00:00,0.03205803511603467,0.06114415682870056,-0.029347323055618824,0.0890753232608155,0.45834890356464764,0.0,0.18840785067208013,0.08560026385224262,-0.025217678100263874
2019-01-27 14:00:00,0.05492049656279163,0.08858970239959452,-0.010057269967167604,0.09491982980637863,0.42175223198123535,0.0,0.139308034832855,0.11200675675675664,-0.0015067567567568219
2019-01-28 02:00:00,0.04929970644921555,0.08222756753545868,-0.017196727446041393,0.09629327858095814,0.4286843730198901,0.11899539053895854,0.03966513017965278,0.10820292509494434,-0.004922293748484963
2019-01-28 14:00:00,0.106802993113017,0.1551200912468751,0.022103240184950357,0.12218944114883037,0.35424841534742657,0.0,0.03966513017965278,0.17353822019395326,0.053743582430119785
2019-01-29 02:00:00,0.09821974339937212,0.15520093710612226,0.004021343503435526,0.14003152427642426,0.3626379625230691,0.08059085331220091,0.06652874795038642,0.16868813111587677,0.04938858985101757
2019-01-29 14:00:00,0.11616146119219328,0.17345825032217155,0.012366616201367142,0.14739665248388695,0.3393873953136136,0.0,0.02686361777073357,0.19282661094648623,0.07106301661738201
2019-01-30 02:00:00,0.08408769272829564,0.13128308858997118,-0.016234097728008545,0.13949292612636924,0.392843203737476,0.5986295370454072,0.2264067967858693,0.16221770263971846,0.04357866192110493
2019-01-30 14:00:00,0.0886755740601537,0.13976643087326934,-0.017610581376328094,0.14831805334834747,0.383068609321314,0.8171462614753263,0.4719252661735777,0.17101649329026203,0.05147927309985634
2019-01-31 02:00:00,0.062396362455164,0.11383135566438063,-0.04304313093339884,0.1515118588412481,0.4281720516166263,1.0000000000000002,0.805258599506911,0.14548909336414373,0.028557707031195534
2019-01-31 14:00:00,0.07833439950108967,0.13210718459270243,-0.03215233806605322,0.15644100436772995,0.4024545855074255,0.7103388447950991,0.8424950354234749,0.16612107813961385,0.047083581328118296
2019-02-01 02:00:00,0.08531339681992622,0.1430128610086383,-0.030192152160201435,0.16395618657414868,0.38903116842237195,0.13219742879087673,0.6141787578619918,0.17743389423076916,0.05724158653846145
2019-02-01 14:00:00,0.0742518019144165,0.1337480323290674,-0.042750948149494206,0.1688180072693052,0.40544209399071846,0.4960482732762461,0.4461948489540739,0.16872132823928765,0.04941839821613714
2019-02-02 02:00:00,0.06479979039233252,0.11939557488664021,-0.05114902968356394,0.16491709362769297,0.4199034040722669,0.7887465261495893,0.47233074273890396,0.1613155889243274,0.04276863586327573
2019-02-02 14:00:00,0.0449297590470179,0.09363613257603376,-0.06735132246759856,0.15889913820655566,0.4584739353268429,1.0,0.7615982664752784,0.1416445876939858,0.025105648028911354
2019-02-03 02:00:00,0.020060350791704984,0.0647876662785356,-0.08824884089935825,0.154853024097349,0.5075200130526627,1.0,0.9295821753831963,0.11536793309568028,0.001511311113219449
2019-02-03 14:00:00,0.04935452243687877,0.08980613206618604,-0.06003378057136155,0.147642086588871,0.4506505158907303,0.4428814998920371,0.8142938332973456,0.149601844090528,0.03225062866722528
2019-02-04 02:00:00,0.055700764448422646,0.08553876659611026,-0.04910095974139195,0.13223062927264495,0.4366630770476086,0.19128420022614306,0.5447219000393932,0.15904505110792377,0.04072987426903918
2019-02-04 14:00:00,0.04856624219713934,0.07243968977550064,-0.052602478898781224,0.12381410541496733,0.44768547917551244,0.1555585486665362,0.263241416261572,0.15338846450346888,0.03565071133225861
2019-02-05 02:00:00,0.051143697155508816,0.0675409894594794,-0.04608797998448233,0.11242306292687244,0.4392849155715799,0.03700186138142188,0.12794820342470026,0.15851975953483777,0.04025820439538785
2019-02-05 14:00:00,0.04446767163702581,0.04869376570404049,-0.044225011797742075,0.09271162478407592,0.4508732117735716,1.0,0.39752013668265257,0.15316217996328407,0.035447525890216935
2019-02-06 02:00:00,0.05273705010303731,0.046595944889928465,-0.029409574549968398,0.07535795458214163,0.4304079415156194,0.0,0.3456672871271405,0.16466866702522132,0.04577943216236857
2019-02-06 14:00:00,0.08074099476669439,0.07271794934959819,-0.0034072283597194053,0.07357539584282656,0.37707274198255647,0.0,0.3333333333333332,0.19929606202815742,0.07687206692511728
2019-02-07 02:00:00,0.06327657400238107,0.04878347017353524,-0.014696685116334929,0.06241636861928196,0.4138088330675764,0.497775843284569,0.16592528109485624,0.18278186626803872,0.06204363824527093
2019-02-07 14:00:00,0.05214681724464865,0.039901036547145274,-0.022968536333372813,0.062341771847946884,0.4360177147445254,0.798707283691915,0.43216104232549446,0.1727688624119943,0.05305276059630004
2019-02-08 02:00:00,0.051732468486916705,0.04156257494613724,-0.021887674370864696,0.06283214125097962,0.4326594855579785,0.9430277251953598,0.7465036173906143,0.17466061410646216,0.05475140250952837
2019-02-08 14:00:00,0.02078341543868789,0.012854694943566392,-0.046641844852747916,0.060518920719662826,0.507304487993605,1.0,0.9139116696290914,0.141041640667249,0.02456424976080518
2019-02-09 02:00:00,-0.04698550001294477,-0.03384649593543598,-0.12564534383408132,0.09975380699985549,0.6384521429735075,1.0,0.9810092417317863,0.06314517900285521,-0.04538055063888069
