timestamp,ema50_dist_ltc_btc_12h,ema200_dist_ltc_btc_12h,lower_bb_dist_ltc_btc_12h,width_bb_ltc_btc_12h,rsi_ltc_btc_12h,stoch_rsi_fastk_ltc_btc_12h,stoch_rsi_fastd_ltc_btc_12h,kijun_dist_ltc_btc_12h,tenkan_dist_ltc_btc_12h
2018-07-04 02:00:00,,,,,,,,-0.21801526717557262,-0.19591603053435125
2018-07-04 14:00:00,,,,,,,,-0.209384888477271,-0.18704175349232077
2018-07-05 02:00:00,,,,,,,,-0.19528672427337002,-0.17254516889238025
2018-07-05 14:00:00,,,,,,,,-0.19673802242609584,-0.17403748137693098
2018-07-06 02:00:00,,,,,,,,-0.18549733640772836,-0.16247912856802105
2018-07-06 14:00:00,,,,,,,,-0.1863383637807785,-0.1633439237490072
2018-07-07 02:00:00,,,,,,,,-0.17373769962897245,-0.15038715921922885
2018-07-07 14:00:00,,,,,,,,-0.18387507966857874,-0.16081102613129394
2018-07-08 02:00:00,,,,,,,,-0.17929818939272557,-0.1561047908988945
2018-07-08 14:00:00,,,,,,,,-0.16457347904093955,-0.14096395367802972
2018-07-09 02:00:00,,,,,,,,-0.16334531198954594,-0.13970107807905918
2018-07-09 14:00:00,,,,,,,,-0.1516356107660456,-0.1276604554865426
2018-07-10 02:00:00,,,,,,,,-0.13259949195596954,-0.10808636748518208
2018-07-10 14:00:00,,,,,,,,-0.14881595346904863,-0.12476111341919405
2018-07-11 02:00:00,,,,,0.37181663837011913,,,-0.18021766965428943,-0.15705025608194623
2018-07-11 14:00:00,,,,,0.33588957055214763,,,-0.16457347904093955,-0.14096395367802972
2018-07-12 02:00:00,,,,,0.33059704158925307,,,-0.16211352854572236,-0.1384344838867987
2018-07-12 14:00:00,,,,,0.35783882049889437,,,-0.16823644040272823,-0.14473043195842816
2018-07-13 02:00:00,,,,,0.3701080159079568,,,-0.1709291032696666,-0.14749919067659445
2018-07-13 14:00:00,,0.05911395606404857,-0.03908632052800032,0.09722666647180772,0.36028557396574845,,,-0.16735755506786965,-0.1438267089327806
2018-07-14 02:00:00,,0.0589070815165873,-0.02746069543077234,0.08503082093519859,0.3394194687157046,0.22329054847617738,0.644412832861005,-0.15957010419230455,-0.13581918122897696
2018-07-14 14:00:00,,0.050441694225284106,-0.02513811693614698,0.0746355381079161,0.33923387060105425,0.0,0.3248967336881268,-0.15950114867082377,-0.13574827699376435
2018-07-15 02:00:00,,0.046740560889779736,-0.023832963353845327,0.06977434296019186,0.3366566473505214,0.0,0.07443018282539242,-0.15860369609856262,-0.13482546201232037
2018-07-15 14:00:00,,0.026141378307837027,-0.035467803178303225,0.06189782418961517,0.403143718128169,0.9999999999999999,0.3333333333333332,-0.17066062176165808,-0.14722312176165808
2018-07-16 02:00:00,,0.017187765620206408,-0.04139583765751109,0.05930138943135072,0.4328863103838784,1.0,0.6666666666666665,-0.17639491879723423,-0.1531194725840167
2018-07-16 14:00:00,,0.014638014078631523,-0.04082141036569997,0.056195113912819596,0.43465024504008914,1.0,1.0,-0.17672586996704975,-0.15345977658121035
2018-07-17 02:00:00,,0.03156426570852022,-0.024277114322243554,0.05563865637479771,0.37970533226391373,0.43930099443604,0.81310033147868,-0.16218205610534064,-0.1385049480657562
2018-07-17 14:00:00,,0.03319790888276475,-0.019176375226152342,0.052009656534136084,0.3658697866891418,0.0,0.4797669981453467,-0.15805046437083925,-0.13425659570970672
2018-07-18 02:00:00,,0.023237496128899693,-0.025840090564732132,0.049141534435677064,0.40112027565335856,0.5125073285256939,0.3172694409872447,-0.16423268336460806,-0.14061352696418383
2018-07-18 14:00:00,,0.07736065387209812,0.01168313675397159,0.0628780664271702,0.29155043771537353,0.0,0.17083577617523138,-0.12384536435169347,-0.0990848443380089
2018-07-19 02:00:00,,0.06865824511282836,-0.0029969725550033077,0.06937750987518278,0.33025693263505657,0.35325866724006993,0.2885886652552547,-0.13208506311954582,-0.10755740066084896
2018-07-19 14:00:00,,0.10031016646296287,0.011278375203704227,0.08432683688365357,0.28717719942047903,0.0,0.11775288908002336,-0.110763888888889,-0.08563368055555565
2018-07-20 02:00:00,,0.12657774555157197,0.017989392257615977,0.10126831786193087,0.2612418525657756,0.0,0.11775288908002336,-0.09505300353356894,-0.06947879858657247
2018-07-20 14:00:00,,0.15245051988949188,0.017619460372486184,0.12426425022544976,0.24086142495148605,0.0,4.736951571734001e-17,-0.08092589269693162,-0.054952449309169205
2018-07-21 02:00:00,,0.1387913976029458,-0.0043789807515040025,0.13415437168946587,0.285373206573234,0.4979196692892492,0.16597322309641643,-0.09144124168514423,-0.06576496674057652
2018-07-21 14:00:00,,0.14032569396945638,-0.013228862514764739,0.14437946990801293,0.28426005395664,0.9370161570807375,0.4783119421233289,-0.09079613029200317,-0.06510162421230137
2018-07-22 02:00:00,,0.15517658597772477,-0.012295062578819849,0.15630509361143918,0.26557363952809093,0.5551836766859671,0.663373167685318,-0.0798526902003055,-0.053848917632264515
2018-07-22 14:00:00,,0.15646155836248532,-0.019815595629565363,0.16500361507395442,0.2622484666720011,0.48048046924424975,0.6575601010036515,-0.0778647943109192,-0.05180484292015497
2018-07-23 02:00:00,,0.17735033114914023,-0.013093450415194607,0.17598999754571767,0.2346906516949238,0.0,0.3452213819767389,-0.06018348623853209,-0.03362385321100925
2018-07-23 14:00:00,,0.21930577497913029,0.0021458379240961722,0.19551174177611438,0.19640579557828988,0.0,0.1601601564147499,-0.028083491461100674,-0.0006166982922202191
2018-07-24 02:00:00,,0.20498455206290012,-0.02190618509903275,0.2078631171426821,0.2391065079953471,0.6173491897195393,0.2057830632398464,-0.03857343969967153,-0.0114030971374941
2018-07-24 14:00:00,,0.2049531316002795,-0.031202073175215284,0.21727897852902714,0.2360525211701166,0.6021433355186812,0.4064975084127401,-0.036221657728854995,-0.008984852761313444
2018-07-25 02:00:00,,0.21597584007384296,-0.03166958352684679,0.22674972692901915,0.22108156310565552,0.5778771858969886,0.5991232370450696,-0.024473859632415995,0.0030949433387295056
2018-07-25 14:00:00,,0.19937312584350897,-0.04501871463563267,0.22688174165560726,0.24641468092349547,1.0,0.7266735071385565,-0.030291556228701277,-0.002887163953048222
2018-07-26 02:00:00,,0.18566107551055766,-0.049238926906676306,0.21990036245480543,0.2468334087671617,1.0,0.8592923952989961,-0.030383341221012827,-0.0029815428300994373
2018-07-26 14:00:00,,0.17299680945766482,-0.04764068410153899,0.20762402208922387,0.24176986798101763,0.8033717329351252,0.9344572443117084,-0.02716049382716046,0.0003323836657169732
2018-07-27 02:00:00,,0.1727956752838773,-0.03980826296524498,0.1993485165653315,0.22435173676190384,0.12698793318478846,0.6434532220399712,-0.015662534832324382,0.01215528009993272
2018-07-27 14:00:00,,0.16725496886394975,-0.03438024742222856,0.18907366125084232,0.212807522379099,0.0,0.31011988870663787,-0.007460517391725707,0.020589090204437444
2018-07-28 02:00:00,,0.15367930099978633,-0.025611008316858808,0.16850052221830508,0.20349774841652335,0.0,0.04232931106159616,-0.0005853658536586481,0.027658536585365656
2018-07-28 14:00:00,0.14932876712328724,0.14711194238926661,-0.027200005011575046,0.1644520645668553,0.199525842938264,0.0,5.921189464667501e-18,0.0023483365949119595,0.03067514677103711
2018-07-29 02:00:00,0.14131598498774456,0.1290456751905542,-0.028537862690553806,0.15004327710026824,0.21058791520409006,0.4455860620531804,0.14852868735106015,0.0003906249999998668,0.02866210937499991
2018-07-29 14:00:00,0.13975072427265878,0.12207781469577861,-0.026860721683918953,0.14217002799036874,0.20494526060037738,0.4080370774083872,0.2845410464871892,0.00401842595315105,0.03239243359796129
2018-07-30 02:00:00,0.1370679277724336,0.11667037097291266,-0.02733166605004711,0.13784460765855192,0.20087215133906583,0.12170490017145771,0.32510934654434176,0.0065834725361106905,0.035029969539156935
2018-07-30 14:00:00,0.14549814602685163,0.12551310693704631,-0.020677286041523413,0.13890906979754036,0.18185963691198825,0.0,0.1765806591932816,0.019303482587064602,0.04810945273631839
2018-07-31 02:00:00,0.15725827533217784,0.13478483790069462,-0.010515152264385597,0.1367999469630022,0.16150820251589987,0.0,0.040568300057152555,0.035479632063074806,0.06474274739714936
2018-07-31 14:00:00,0.11815490056679212,0.08816919397880207,-0.03734035631327881,0.12239885453819699,0.3193064908078544,1.0,0.33333333333333337,0.004806277587052543,0.03320255026974017
2018-08-01 02:00:00,0.10412054744229415,0.06694668292443962,-0.04230886085346208,0.10792601282746513,0.3580774336608583,1.0,0.6666666666666667,-0.0039863879436072835,0.02416140009722878
2018-08-01 14:00:00,0.10762062258887228,0.06092204244981092,-0.030594976253179085,0.09015002580291341,0.3411063493627326,0.9136635769531471,0.9712211923177158,0.003133568350959459,0.031482569526047666
2018-08-02 02:00:00,0.11466866159443634,0.06264952298842652,-0.018691086570810977,0.07959125597661454,0.31736337897926037,0.7928767669057337,0.902180114619627,0.01375556655121235,0.04240475012370104
2018-08-02 14:00:00,0.109536331902504,0.059708628588331925,-0.021206007680409256,0.07938634509354013,0.3202207412949172,0.07018122704807149,0.5922405236356508,0.013153990703194562,0.04178617347443381
2018-08-03 02:00:00,0.09170858916091751,0.04109365847196589,-0.032510512294833926,0.07328964290762693,0.3807059803293459,0.9999999999999999,0.6210193313179351,0.000292940142564202,0.028561663900009693
2018-08-03 14:00:00,0.06644614718773778,0.016398716814683523,-0.05094973527121904,0.06853238391669059,0.46576306349198826,0.9999999999999999,0.6900604090160237,-0.020369130725829576,0.007315673711389525
2018-08-04 02:00:00,0.07553455637414497,0.025874693730183473,-0.039560736867817026,0.06588629191466192,0.4309417529147986,0.7653545511803084,0.9217848503934362,-0.00918850952703354,0.018812264242189736
2018-08-04 14:00:00,0.06503183970943449,0.01571116460923383,-0.04532230239127821,0.06195068209207203,0.45899588914537676,0.9535037352403348,0.9062860954735477,-0.01641862698031693,0.011377820451272003
2018-08-05 02:00:00,0.05246099854612307,0.004737870135044897,-0.054091359391556626,0.0603176733483902,0.4953098268549404,1.0,0.9062860954735477,-0.026050579958166953,0.0014736641947137308
2018-08-05 14:00:00,0.040126242979111604,-0.0032255036518795688,-0.06505042331969901,0.06401009391666858,0.530867970365258,1.0,0.9845012450801117,-0.03594955768868813,-0.008705063052889206
2018-08-06 02:00:00,0.04100386873271544,0.002638208314364565,-0.06435518944643936,0.0691265383936883,0.521344972317385,0.904699704533555,0.9682332348445182,-0.03358490566037742,-0.006273584905660434
2018-08-06 14:00:00,0.03807662358588981,0.005491181571633641,-0.067004277482694,0.07479592346113832,0.5262727927184778,0.9360644972458503,0.946921400593135,-0.034859619370642636,-0.007584322592802062
2018-08-07 02:00:00,0.043395268327792724,0.01517193926417848,-0.06067563875194093,0.07761342704638648,0.497883836953829,0.07238876512610147,0.6377176556351689,-0.0282678808575223,-0.0008062986150635387
2018-08-07 14:00:00,0.09412894636099711,0.06902098144698998,-0.014309462181667398,0.08111157488273861,0.3499355266796996,0.0,0.33615108745731725,0.02255939309243349,0.05145737672190043
2018-08-08 02:00:00,0.07830214737819641,0.05666492761902764,-0.02670932821103522,0.08214392063981875,0.3932870632250005,0.24584444070811148,0.10607773527807093,0.010754810064134146,0.039319190922545655
2018-08-08 14:00:00,0.10143318936440227,0.08521849126602832,-0.007140595464307897,0.08888895543032979,0.3409637640366444,0.0,0.08194814690270379,0.03631765300961054,0.06560445118866975
2018-08-09 02:00:00,0.10827033528006802,0.09898750977467063,-0.003678363121629613,0.0979959191800355,0.3224823142898339,0.0,0.08194814690270379,0.046908533469596225,0.0764946346448645
2018-08-09 14:00:00,0.12116310611255243,0.12104469900242676,0.00362819819383553,0.11052666126963356,0.2957255813051195,0.0,-4.736951571734001e-17,0.06375908618899273,0.09382139148494284
2018-08-10 02:00:00,0.11440191786437515,0.12162633224460806,-0.003456763422053588,0.11810489349650385,0.3029584625087038,0.07413664759135212,0.02471221586378399,0.061774461028192285,0.0917806799336649
2018-08-10 14:00:00,0.11392568006131842,0.12856036747861066,-0.008522914295089778,0.12932156605804446,0.29640206432510774,0.014953806257049484,0.029696817949467155,0.06575114440282959,0.09586974615064481
2018-08-11 02:00:00,0.1676897078197357,0.1996384953768906,0.022926225992131233,0.15901653408402064,0.22435932511087592,0.0,0.029696817949467155,0.1237384817902587,0.15549583150504587
2018-08-11 14:00:00,0.14247585389883222,0.1834164592289944,-0.007936416079047826,0.17591784021238502,0.2826580368408064,0.7417220297832633,0.2522252786801042,0.1050701186623515,0.13629989212513482
2018-08-12 02:00:00,0.11484228146678799,0.16051890506144706,-0.03555061753501909,0.18453877523480697,0.34779125865433175,1.0,0.5805740099277543,0.0828752642706132,0.11347780126849893
2018-08-12 14:00:00,0.1176345193847923,0.16910723882034295,-0.037274544056613124,0.19361911784529534,0.33670124445920374,0.9101527953361953,0.8839582750398195,0.0902511707109408,0.12106215410813115
2018-08-13 02:00:00,0.12527365132830126,0.18199781943342996,-0.03607747497702474,0.20324640192149968,0.31858179613098586,0.7633557080019142,0.8911695011127033,0.10269106566200215,0.13385360602798713
2018-08-13 14:00:00,0.1506287198839542,0.21284094966636458,-0.022556563254944817,0.21494698531544268,0.27986901220790017,0.0,0.55783616777937,0.13356202279517526,0.165596990151599
2018-08-14 02:00:00,0.21332051032003818,0.29356444895309197,0.011124703708795813,0.24510007774200843,0.2198316338705988,0.0,0.2544519026673048,0.20390175108708442,0.2379245504759666
2018-08-14 14:00:00,0.16987518945907354,0.2504845025839231,-0.03386533012296289,0.25656173711715385,0.30061766140778234,0.6912492232181733,0.23041640773939112,0.1676735438276531,0.20067251795280971
2018-08-15 02:00:00,0.17251439843312588,0.2526590357658911,-0.038580194253421185,0.26307936696632045,0.2917447881942041,0.7282332775715623,0.4731608335965785,0.1773359383978852,0.21060797609470172
2018-08-15 14:00:00,0.17042947457670543,0.24430953400414324,-0.04366325587373365,0.26171656275676286,0.28718064110252606,0.833671481134883,0.7510513273082061,0.18222735141373336,0.2156376226197343
2018-08-16 02:00:00,0.1387479444359272,0.19907896643506628,-0.06696431962847593,0.2495581430970543,0.34735125491934066,1.0,0.8539682529021485,0.15594673888512744,0.18861430828255465
2018-08-16 14:00:00,0.1456673444181935,0.1913378772397729,-0.05625856650144112,0.231931846743054,0.33217630529369624,0.747801315907404,0.860490932347429,0.1690060481570239,0.20204267944767773
2018-08-17 02:00:00,0.1269217897744146,0.15329208035742403,-0.06236966267587207,0.20628383072426507,0.3639166195398294,1.0,0.9159337719691348,0.15516463689670723,0.18781010374379803
2018-08-17 14:00:00,0.06164554538921463,0.07924883855026965,-0.11144988210260687,0.19381931271793368,0.4931384334233211,1.0,0.9159337719691348,0.09083164732190396,0.12165903524651256
2018-08-18 02:00:00,0.0974278298821527,0.10292420107972267,-0.07339481530862213,0.17375359787791786,0.4318921440947443,0.619498760110488,0.8731662533701627,0.13168360583296512,0.1636654882898807
2018-08-18 14:00:00,0.10801203058333675,0.10579665615284406,-0.05923450609685288,0.16127647259105413,0.4120579724396139,0.49627616181607626,0.7052583073088549,0.14714445688689803,0.1795632698768197
2018-08-19 02:00:00,0.1074847013485778,0.09831257308965413,-0.054577321937839374,0.1496181023851571,0.4069439816727797,0.3329729001617667,0.4829159406961105,0.15114057759298793,0.18367232273289114
2018-08-19 14:00:00,0.10135992765607371,0.08754120978023217,-0.05549409817058504,0.1407795194645014,0.4110070552150936,0.04713845798419878,0.2921291733206808,0.14907459338194062,0.18154795288839032
2018-08-20 02:00:00,0.11931411611516163,0.09953213778049608,-0.03583852660577669,0.1311925991855115,0.37934516798149537,0.0,0.12670378604865534,0.1728875658346689,0.2060338905427066
2018-08-20 14:00:00,0.13855012350678697,0.11370201222562826,-0.016616338068324854,0.12428519435317818,0.34895605853599176,0.0,0.01571281932806644,0.19897003745318353,0.23285346441947574
2018-08-21 02:00:00,0.11846406852976821,0.09726432616071023,-0.03353453401290407,0.12675967626312815,0.38153148313597895,0.5249782653524767,0.17499275511749243,0.18290993071593542,0.21633949191685908
2018-08-21 14:00:00,0.108386143940856,0.08695126970530942,-0.040156692499427105,0.12420197280203277,0.39391915554994905,0.724615226512556,0.41653116395501116,0.1769301470588236,0.21019071691176472
2018-08-22 02:00:00,0.10683419119611748,0.07899829112199641,-0.035978249656896666,0.11255547027961658,0.3897160040521779,0.9065199735581726,0.718704488474402,0.17991246256622895,0.213257313982953
2018-08-22 14:00:00,0.10166562411216384,0.06731289137473495,-0.03429793165091444,0.09996072339718819,0.39225546183748483,0.9629986850783934,0.8647112950497076,0.17882623705408518,0.21214039125431516
2018-08-23 02:00:00,0.11087407027388951,0.07177842986289917,-0.021656095014944143,0.09115019459048321,0.37007467939267047,0.0,0.6231728862121889,0.19352207852732128,0.2272515437492717
2018-08-23 14:00:00,0.08352998201246131,0.045439541101739866,-0.042509764539952366,0.08782065818869118,0.4312520003562519,1.0,0.6543328950261313,0.16780665754673962,0.2008093935248516
2018-08-24 02:00:00,0.09007767573377623,0.05424571365589226,-0.030333170502842233,0.0835795839547189,0.4125324160289256,0.6940110480079702,0.5646703493359904,0.17882623705408518,0.21214039125431516
2018-08-24 14:00:00,0.09199690426110352,0.05964640093406515,-0.026679367967032075,0.0849258915675659,0.40221417206576865,0.525349789217326,0.7397869457417657,0.18496240601503766,0.21844997108154995
2018-08-25 02:00:00,0.09707722990510481,0.06883102322648171,-0.020510519377636482,0.08723394843360027,0.3858173391354004,0.25732836114385416,0.492229732789717,0.19477490086307436,0.22853977140191262
2018-08-25 14:00:00,0.0908172785644159,0.06657250163460016,-0.023845017343233854,0.08852626664412873,0.3933200562303481,0.16513201360692517,0.315936721322702,0.19199441470793577,0.2256807074703282
2018-08-26 02:00:00,0.0961104152738399,0.07514570374567908,-0.01914945873277163,0.09172697927554692,0.3755348678281162,0.0,0.14082012491692672,0.20206524290072747,0.2360361417507626
2018-08-26 14:00:00,0.09407430835388952,0.07715551693941647,-0.020773288448584726,0.09524377718423543,0.37201237604814336,0.0,0.05504400453564202,0.20404325340855656,0.2380700517160319
2018-08-27 02:00:00,0.08424367650099152,0.06952010181965829,-0.028774600534311245,0.09633215145353444,0.3938791928490561,1.0,0.33333333333333365,0.19700864688011221,0.23083664407571858
2018-08-27 14:00:00,0.05460027645557797,0.02466135773105904,-0.04247456957616169,0.06773925414941716,0.4803915832822493,1.0,0.666666666666667,0.16674259681093395,0.1997152619589977
2018-08-28 02:00:00,0.062481970745474014,0.02726202968493152,-0.02958547113880794,0.056913618554058805,0.45339399070003883,0.7508969361263741,0.9169656453754582,0.17828387393604772,0.21158270071313545
2018-08-28 14:00:00,0.033499172783181264,0.0004508467218322654,-0.05474168248253153,0.05673255820423913,0.5301121359863322,1.0,0.9169656453754582,0.14765852565538862,0.18009186645753972
2018-08-29 02:00:00,0.04298107431632592,0.009753904943216485,-0.04367236473936564,0.054347969389959956,0.49890800469691166,0.7709501786364735,0.8406157049209493,0.1601359003397509,0.1929218573046434
2018-08-29 14:00:00,0.052658032623095874,0.0173741317911551,-0.031106808460494184,0.048816128304778564,0.46829456613532605,0.194224917451822,0.6550583653627653,0.17329057381743218,0.20644828771045698
2018-08-30 02:00:00,0.06564082036767882,0.031739367159024034,-0.017442029021164873,0.048832310155019334,0.43143372898572663,0.0,0.321725032029432,0.19074741369289794,0.224398465651517
2018-08-30 14:00:00,0.061759222113417556,0.03014845703986313,-0.01761072776194328,0.04746165411660817,0.4355456268328435,0.0416696820723056,0.07863153317470929,0.1892268400278616,0.22283491989784054
2018-08-31 02:00:00,0.04855723351703367,0.019597671537357808,-0.027798912061134495,0.047591739248754275,0.4700650561807359,0.5725341515389613,0.20473461120375572,0.17665977486790707,0.20991270388237981
2018-08-31 14:00:00,0.030372822618630835,0.005516319345633125,-0.0442664606045321,0.05076638219071185,0.519276181858177,1.0,0.5380679445370891,0.1576449316306927,0.19036049271104094
2018-09-01 02:00:00,0.006873869696018664,-0.009106359813567222,-0.06974043130539853,0.06312257784702899,0.5792961839622356,1.0,0.8575113838463205,0.13155859935932823,0.1635369490776537
2018-09-01 14:00:00,-0.012768598636610173,-0.016507154577691918,-0.09488059168773333,0.08299579435118505,0.62501927238856,1.0,1.0000000000000002,0.10889802987659669,0.14023598181424557
2018-09-02 02:00:00,0.02287025675082721,0.022029603927784303,-0.05980463760537702,0.08340964256156068,0.5170667873935898,0.3033265719586184,0.7677755239862063,0.1499775482712169,0.18247642568477773
2018-09-02 14:00:00,0.004207481995197382,0.008261952708823017,-0.07820242889929907,0.08959763213671237,0.5579310648206978,0.3785394790033033,0.5606220169873074,0.1291887125220459,0.16110008818342147
2018-09-03 02:00:00,0.02059349737256455,0.027414537123044536,-0.06167846805700561,0.09064594843841876,0.5142156776039757,0.0,0.22728868365397403,0.1485592555219195,0.1810180513510482
2018-09-03 14:00:00,0.010960777233615104,0.021071852489336074,-0.06908296360044652,0.09237226359531231,0.5349885111448728,0.1874743647196831,0.1886712812409956,0.13822222222222225,0.17038888888888892
2018-09-04 02:00:00,-0.028421119504065007,-0.008905581540540553,-0.10883119320348644,0.10617602290918347,0.6168855638214155,1.0,0.3958247882398945,0.09257679180887357,0.12345349829351515
2018-09-04 14:00:00,-0.007895106913521688,0.01629479903310349,-0.0884559313139961,0.10867166556407674,0.5626740332821071,0.47198216987894265,0.553152178199542,0.11529667936853549,0.1468154599891125
2018-09-05 02:00:00,0.021723951465507207,0.04699313235988889,-0.05551069492301286,0.10294223574959431,0.49541398119032315,0.0,0.49066072329298094,0.1495903938951857,0.18207833015374253
2018-09-05 14:00:00,0.05566231594908144,0.0830555588772699,-0.019855465918868442,0.09975864691686326,0.43332081105141307,0.0,0.1573273899596476,0.19033232628398777,0.22397164768765965
2018-09-06 02:00:00,0.056197418658936016,0.08569659319379097,-0.016676437071222794,0.09895798256201158,0.42895465116124293,0.0,7.105427357601002e-17,0.19352207852732128,0.2272515437492717
2018-09-06 14:00:00,0.02482605394238746,0.05460091993252614,-0.044405152138025095,0.09850391057103502,0.4900625762833669,0.45698629587512407,0.1523287652917081,0.15921692882199845,0.19197691524272953
2018-09-07 02:00:00,0.03855361833222992,0.07029700591540622,-0.02993867353915658,0.09825301552578357,0.46276751205354344,0.5087752295652878,0.32192050848013737,0.17652463535086715,0.20977374526243264
2018-09-07 14:00:00,0.03968450290847603,0.07264531443101085,-0.02966972714404581,0.10016276475523549,0.45790814043171274,0.47380907161561064,0.47985686568534086,0.1796407185628741,0.2129778903730999
2018-09-08 02:00:00,0.025521164965840892,0.05901110650051011,-0.04221747375463181,0.10038566029913391,0.48596198061116375,0.9328958451132463,0.6384933820980482,0.1647527003979532,0.19766913018760635
2018-09-08 14:00:00,0.04921036987031857,0.08629959948026689,-0.020728503909170914,0.10363052002317677,0.43861393840600654,0.0,0.468901638909619,0.19393939393939386,0.22768065268065252
2018-09-09 02:00:00,0.041440082932041156,0.07982670169113959,-0.025910131586851626,0.10296117653174439,0.45198627789460255,0.28242645029870855,0.405107431803985,0.1870220162224796,0.22056778679026645
2018-09-09 14:00:00,0.02496590533949372,0.06330836720251298,-0.03820562747648526,0.10025564894819299,0.4862515602895829,1.0,0.4274754834329028,0.16940639269406388,0.20245433789954337
2018-09-10 02:00:00,0.041725319770594904,0.082981661528714,-0.022574921261427128,0.10246188844873202,0.45011403055885163,0.2414077718016789,0.5079447407001292,0.19047065659500295,0.22411388727484027
2018-09-10 14:00:00,0.03834737376523467,0.08120775065114705,-0.027043017472491937,0.10539638459874592,0.4543403617702475,0.3301261218008627,0.5238446312008472,0.18839907192575422,0.2219837587006961
2018-09-11 02:00:00,0.04878979170052755,0.09246459205133983,-0.019982788811142238,0.10851470993538047,0.430130900259641,0.0,0.19051129786751392,0.20262972528762613,0.23661657666118807
2018-09-11 14:00:00,0.07809907120136517,0.12293341924272005,0.0019515964919691875,0.11387140655130541,0.37598137877521864,0.0,0.11004204060028763,0.2398934882595012,0.2749334301621882
2018-09-12 02:00:00,0.15834088925560508,0.23083369849364033,0.04845229601400969,0.16003380261986566,0.2836103324808942,0.0,7.105427357601002e-17,0.3396103046946515,0.3774682882176015
2018-09-12 14:00:00,0.08203725088174729,0.15011758682162601,-0.025549519182855862,0.1653673597755961,0.41333740367682226,0.7598374564562779,0.2532791521520927,0.25523832863619655,0.29071192255850997
2018-09-13 02:00:00,0.06140986113359559,0.12804512495574794,-0.04651500447382029,0.16772289549108516,0.4427264886732159,1.0,0.586612485485426,0.23421686746987946,0.26909638554216864
2018-09-13 14:00:00,0.047581583771399316,0.11031931826649188,-0.059318603470208786,0.1654196612540431,0.46234208193897147,1.0,0.9199458188187593,0.22039552060995948,0.2548844412675719
2018-09-14 02:00:00,0.055522748198968186,0.10470838663367199,-0.04651038350604031,0.14694287907181008,0.4477176465473137,0.9181766225866435,0.9727255408622143,0.23228677974257206,0.26711175267653076
2018-09-14 14:00:00,0.011138696404225934,0.04811917038511515,-0.08147171822924693,0.13178863194041482,0.5205123783456646,1.0,0.9727255408622143,0.18100069172238875,0.2143762969794789
2018-09-15 02:00:00,-0.007109428501268056,0.02742457941598908,-0.0976826147260843,0.1296620962089894,0.5492261345347352,1.0,0.9727255408622143,0.15934812132186504,0.19211181530104104
2018-09-15 14:00:00,0.01311918396569367,0.04940597741083108,-0.07874162154716868,0.13005522587009796,0.5123117867212926,0.6363422552603002,0.8787807517534333,0.18359329867128826,0.2170421721548239
2018-09-16 02:00:00,0.010248646986347199,0.047783944007078194,-0.08081760006978012,0.1307613060825791,0.5163732239564262,0.6763530692883526,0.7708984415162174,0.1807284462886123,0.21409635776855684
2018-09-16 14:00:00,0.002959679833012263,0.03872926729069115,-0.08685240759739798,0.12867786639759876,0.5288486393283117,0.44797899967223886,0.5868914414069638,0.17235065232318614,0.20548180361638813
2018-09-17 02:00:00,0.013322677492859425,0.04926264904234401,-0.07688874807057222,0.12791833946977554,0.5074749197159932,0.0,0.3747773563201971,0.18509949097639966,0.21859093012494202
2018-09-17 14:00:00,0.04998492788516384,0.08735564788399719,-0.043949450430238235,0.12851590494131973,0.4423432684430823,0.0,0.1493263332240795,0.23036271919288964,0.26513331731924095
2018-09-18 02:00:00,0.04320135883576803,0.077987177351867,-0.049478929682730155,0.12567472395644683,0.4518729048485952,0.11016236689114199,0.036720788963713905,0.2244800382500598,0.25908438919435794
2018-09-18 14:00:00,0.021891263751069534,0.056464591726523405,-0.06820723792364058,0.12540814136732123,0.4909824948438989,0.5622682834959282,0.22414355012902332,0.20051564514238818,0.23444275166998696
2018-09-19 02:00:00,0.044356092371657274,0.07969863551818412,-0.047749025440199766,0.12544372195675912,0.4499870666947919,0.11735919637107027,0.2632632822527134,0.22903419316136753,0.2637672465506897
2018-09-19 14:00:00,0.024878259133119585,0.0569914096950217,-0.06420413803915814,0.1216342049730929,0.4850648929219224,0.8783368412726829,0.5193214403798937,0.2073070123747791,0.24142604596346495
2018-09-20 02:00:00,0.02297511308847522,0.05483471187526767,-0.06524328364025056,0.12070618501009574,0.48694424326133046,0.9014950748195467,0.6323970374877665,0.20616978688331544,0.24025668197338979
2018-09-20 14:00:00,-0.002192587979589211,0.030134454228226915,-0.08865535454977014,0.12237042242450176,0.5359608275878941,1.0,0.9266106386974097,0.17638952687184184,0.20963481855764798
2018-09-21 02:00:00,0.0009859046033546814,0.0354050261686778,-0.08579673123780196,0.12433447038732168,0.5288742723736212,0.9175730462334414,0.9396893736843291,0.18018433179723492,0.21353686635944702
2018-09-21 14:00:00,-0.03231919294916086,0.008012217442999292,-0.11773304938605333,0.13304412274543406,0.5932109233009141,1.0,0.9725243487444801,0.13936158380602803,0.171560449338227
2018-09-22 02:00:00,-0.008600093642559092,0.022441613647899317,-0.07362056341438705,0.0985849132230749,0.5391604149698592,0.4913691825987094,0.80298074294405,0.16687549834833115,0.19985191935300128
2018-09-22 14:00:00,-0.03360989736767739,0.0006269728055006141,-0.09415175382335095,0.099428228266668,0.5852341765781299,0.8760155120321893,0.7891282315436325,0.13582437077281306,0.167923273090143
2018-09-23 02:00:00,-0.06208572813655011,-0.017319761443639226,-0.1264557268585711,0.11758918678981457,0.6342894811033297,1.0,0.7891282315436325,0.0993775488302211,0.13044644773556557
2018-09-23 14:00:00,-0.04420749067132912,0.007224398708889357,-0.11081570970113885,0.12448804848261873,0.5945274919939034,0.5820206092043578,0.8193453737455154,0.11821853509442182,0.1498198886584432
2018-09-24 02:00:00,0.005741655222835984,0.05915163160031378,-0.058680583806195674,0.11780446963872918,0.496885215061457,0.0,0.5273402030681189,0.1769301470588236,0.21019071691176472
2018-09-24 14:00:00,-0.0071922258105049375,0.046289721553656626,-0.07047339502304384,0.11819227830931815,0.5185018006196409,0.1573210656472372,0.24644722495053129,0.16145124716553294,0.19427437641723344
2018-09-25 02:00:00,0.021833051305623075,0.07631078023860072,-0.044157077832620906,0.1185617583242773,0.47012069530467426,0.0,0.05244035521574531,0.19644942770380736,0.23026162111656157
2018-09-25 14:00:00,-0.020218227639975384,0.033808670377991845,-0.08376950734789212,0.12059058090216332,0.5376500469595993,0.5428107905037923,0.2333772853836761,0.14624594382902534,0.17863936443996864
2018-09-26 02:00:00,-0.008233928141216595,0.04722625258307489,-0.07223757504684258,0.12097672152626901,0.5177533381215439,0.70536206330356,0.41605761793578366,0.15987318840579712,0.19265172101449268
2018-09-26 14:00:00,-0.010063928421666257,0.04584779863368604,-0.0740335193747611,0.12159493849847022,0.5213865592173332,0.7591641657486587,0.6691123398520032,0.15725259828287386,0.1899570718481698
2018-09-27 02:00:00,-0.023330754523254726,0.033778582927594725,-0.08653440076525165,0.12357256968075077,0.5451877741174523,1.0,0.8215087430174058,0.1406302193519653,0.17286493708941109
2018-09-27 14:00:00,-0.06992940723022467,-0.007452381910069805,-0.13191336861847114,0.1337833985843873,0.6206290165071071,1.0,0.9197213885828859,0.0828752642706132,0.11347780126849893
2018-09-28 02:00:00,-0.04352847015314032,0.022457114278169765,-0.10333819066705874,0.1310969355755461,0.5688653337773361,0.4968326475013052,0.8322775491671014,0.11154513888888884,0.14295789930555536
2018-09-28 14:00:00,-0.053147237787673274,0.016128436669337942,-0.11210957481101658,0.13470245915021486,0.5863755686182813,0.6548508690306748,0.7172278388439929,0.0978458900439394,0.12887150359018307
2018-09-29 02:00:00,-0.05774077370471875,0.012710803347016242,-0.11133846292148464,0.13048392850896134,0.5969527730285028,0.6861631286993353,0.612615548410438,0.08978723404255318,0.12058510638297859
2018-09-29 14:00:00,-0.04868419470902097,0.023261658803181984,-0.09856712504112419,0.12659544848000007,0.5807282731907828,0.22917495023251003,0.5233963159875062,0.09796355841371907,0.12899249732047147
2018-09-30 02:00:00,-0.04175135778898398,0.029675164567694257,-0.08593122664334918,0.11895228476904772,0.5686028420674303,0.0,0.30511269297728133,0.10399827567625808,0.1351977583791355
2018-09-30 14:00:00,-0.03622810372055674,0.03565647722156862,-0.07795084951594089,0.11606170522240748,0.5589909668810505,0.0,0.07639165007750293,0.10865800865800868,0.1399891774891775
2018-10-01 02:00:00,-0.036108344809249515,0.03507316701101626,-0.07392543114156824,0.1111579675095323,0.5616509726132434,0.07007057888291025,0.023356859627636336,0.10710039987031217,0.138387549983789
2018-10-01 14:00:00,-0.023242835224351777,0.048610881303193576,-0.061586811281311826,0.11091732027513078,0.5316339528389716,0.0,0.023356859627636336,0.12078774617067833,0.15246170678336957
2018-10-02 02:00:00,-0.017999077977875255,0.05307261110563677,-0.05336937962619037,0.10645778739185992,0.5204992986158917,0.0,0.023356859627636336,0.12596174983512864,0.15778193009452623
2018-10-02 14:00:00,-0.018432588671606354,0.05215232052336849,-0.05387589061887843,0.10611966348150814,0.523315238457307,0.06842831816748265,0.02280943938916047,0.12460204193654612,0.15638379624547127
2018-10-03 02:00:00,0.0023804214833866855,0.07182068932333374,-0.03544889876385371,0.10535363786169494,0.47177839947067013,0.0,0.02280943938916047,0.1485592555219195,0.1810180513510482
2018-10-03 14:00:00,0.010893705042378521,0.08067587129449816,-0.029736957267348485,0.107670518908868,0.45185288121858747,0.0,0.02280943938916047,0.15882352941176459,0.191572398190045
2018-10-04 02:00:00,0.0015399635098012343,0.06932200666898458,-0.03478939066360387,0.10234428931102776,0.4765647714500963,0.34580289800627395,0.11526763266875756,0.14817305536875147,0.18062093700963922
2018-10-04 14:00:00,0.009198557750842218,0.07770965456705792,-0.02650640069743826,0.10161455727792108,0.4573393197763004,0.0767738256853951,0.1408589078972226,0.15738334651451824,0.19009151508304156
2018-10-05 02:00:00,0.010044373387415595,0.07510022446183151,-0.018199771973143264,0.09071901979708252,0.4542815923017176,0.09828107281058522,0.17361926550075102,0.15882352941176459,0.191572398190045
2018-10-05 14:00:00,0.0051703698278389165,0.0703721986853405,-0.02359818674974723,0.0918229222054875,0.4685443376279291,0.6754423175633568,0.2834990720197786,0.1534737079157753,0.18607138835716697
2018-10-06 02:00:00,0.023024224542440352,0.0916412141137577,-0.007906412553766229,0.09554730918060912,0.42139141279979514,0.0,0.2579077967913136,0.17504014682266567,0.20824730442762096
2018-10-06 14:00:00,0.014181127230091128,0.08331887452105158,-0.017133870538800555,0.09723499576876704,0.4474748844521615,0.5531676295253602,0.40953664902957193,0.1655478438957787,0.1984867447946297
2018-10-07 02:00:00,0.0060347762165546825,0.07516580440921183,-0.026464065867779718,0.09921392496044515,0.472368427878796,1.0,0.5177225431751197,0.15646872883269358,0.18915104989839704
2018-10-07 14:00:00,0.010843827798514116,0.07446876696272708,-0.022426097875118955,0.0944374756894583,0.45756768659861147,0.7096585341992397,0.7542753879081995,0.16250567408079886,0.19535860190649101
2018-10-08 02:00:00,0.014958463200844374,0.07781862605750867,-0.021257230549584172,0.09635098356266039,0.44420789791183074,0.44758378019340894,0.7190807714642159,0.1679398016189717,0.20094630030783267
2018-10-08 14:00:00,-0.00491766512399372,0.05172501893007686,-0.04012466130826153,0.09132000786371539,0.5106357990451211,1.0,0.7190807714642159,0.144836835046938,0.1771904336164507
2018-10-09 02:00:00,0.0023794320548160552,0.05202273587815065,-0.03130668093556943,0.0824751370781661,0.4872503521457208,0.6479574621441612,0.6985137474458564,0.15334384147714486,0.1859378518351722
2018-10-09 14:00:00,0.004459604258837846,0.04774821773102067,-0.027752731384822704,0.07475358200172094,0.4800754715834897,0.5399474175721609,0.7293016265721071,0.15594673888512744,0.18861430828255465
2018-10-10 02:00:00,0.01086323882305984,0.04872470939650242,-0.020378878903432374,0.06813787595889063,0.45827362326870175,0.21174423874461287,0.4665497061536447,0.16382640309020657,0.1967166553056121
2018-10-10 14:00:00,0.009445174765740916,0.041514988457005186,-0.02010992660250477,0.06097235652806117,0.46221879000693095,0.07534382748101653,0.27567849459926314,0.1626376120758144,0.19549426852797636
2018-10-11 02:00:00,0.06767018590327578,0.10631374606471988,0.025856190149024627,0.0754701157249876,0.32155404816601935,0.0,0.0956960220752095,0.23288000962811406,0.26772174750270783
2018-10-11 14:00:00,0.07763900154522996,0.12400569569925679,0.023045961220821587,0.09404499808193792,0.3016628120644786,0.0,0.025114609160338534,0.24805068226120852,0.2833211500974657
2018-10-12 02:00:00,0.052859286852358967,0.0982709334587677,-0.0048071930007520525,0.09847615171683642,0.37429863641162875,0.4524018680462015,0.15080062268206687,0.22185114503816772,0.2563812022900762
2018-10-12 14:00:00,0.03347226809079573,0.07421702546699249,-0.023372945748351803,0.09517054190558735,0.4274958864746548,0.7837333497185526,0.4120450725882511,0.20093786635404465,0.23487690504103176
2018-10-13 02:00:00,0.027986622657542037,0.06755328955854312,-0.029449156941218746,0.09518890124146089,0.4401356578268432,1.0,0.7453784059215844,0.1958907307961708,0.22968713518561734
2018-10-13 14:00:00,0.03047643974531833,0.0702266857730065,-0.028293469604289245,0.09649694181688198,0.43130508132126155,0.9362288219255924,0.9066540572147147,0.2002343292325719,0.23415348564733462
2018-10-14 02:00:00,0.03900388873752636,0.07835654581990825,-0.0219320309121942,0.09753684222793176,0.4077185511086998,0.5076158364805355,0.8146148861353757,0.21202082347373397,0.24627307146237576
2018-10-14 14:00:00,0.05698191185427537,0.09932335861502928,-0.009480174055319646,0.10412602579391325,0.36568394507238644,0.0,0.4812815528020423,0.23570566948130267,0.2706272617611578
2018-10-15 02:00:00,0.06215095993692432,0.10720193166418457,-0.009534859975242505,0.11130154371488145,0.351240460998204,0.0,0.16920527882684486,0.24471445929526126,0.2798906439854192
2018-10-15 14:00:00,0.04916017696517794,0.09289740764776644,-0.02371751346787354,0.11271607794339186,0.38852078328472506,0.4656279157522573,0.15520930525075213,0.23184223184223174,0.2666546416546416
2018-10-16 02:00:00,0.04433155957699397,0.08869256680534221,-0.029999521241793947,0.11530819351910261,0.3989017744488792,0.8438903184833068,0.43650607807852104,0.2282973621103117,0.2630095923261391
2018-10-16 14:00:00,0.0571170797329994,0.10280003347165523,-0.021216284536003105,0.1191557323322397,0.36574614472678724,0.3043492232666907,0.5379558191674179,0.24607711957182832,0.28129181364797473
2018-10-17 02:00:00,0.06422836207777749,0.10982430443761881,-0.017815956782328723,0.12202653145529364,0.3462146390031205,0.0,0.3827465139166655,0.25754971765283563,0.2930886324576478
2018-10-17 14:00:00,0.05472842022460633,0.09848532791592457,-0.02819759321707138,0.1223819462480885,0.37313265591176537,0.5109030255850013,0.2717507496172304,0.24896366739819564,0.28425993660082916
2018-10-18 02:00:00,0.0642042432432346,0.1080521862118129,-0.022184631642816144,0.12487544338023884,0.3475412671242675,0.025179355641999458,0.17869412707566665,0.26328770501911447,0.29898877790109757
2018-10-18 14:00:00,0.06459476852878154,0.10249992650064299,-0.021359684106382115,0.11903052767316631,0.3413067186827948,0.0,0.17869412707566665,0.26688102893890675,0.3026836507543904
2018-10-19 02:00:00,0.05378050284271052,0.08459699212135341,-0.02926087828425905,0.11079245836152005,0.37590466667680195,1.0,0.3417264518806662,0.25662414131501476,0.2921368989205104
2018-10-19 14:00:00,0.04341808268148406,0.06544549074609307,-0.0346874909894328,0.09861636073576907,0.40979571602850273,1.0,0.6666666666666664,0.24638033824066174,0.28160360141136365
2018-10-20 02:00:00,0.04379325907214615,0.05747061272056553,-0.0298188204747728,0.08609903685549287,0.40380383309229323,0.91251320404116,0.9708377346803865,0.24896366739819564,0.28425993660082916
2018-10-20 14:00:00,0.03696669053328705,0.0388434470760437,-0.028399487832959203,0.06689361780003972,0.4261290258550815,1.0,0.9708377346803865,0.242600679281902,0.2777171276079573
2018-10-21 02:00:00,0.04787443188559548,0.0515361724597021,-0.018194652135498424,0.06858742016351728,0.3884580452730954,0.24994601826044532,0.7208197407672016,0.25801301731548576,0.29356502517499705
2018-10-21 14:00:00,0.04723489979911366,0.053052341897137145,-0.018132877984683105,0.06996367290620471,0.38483061782054373,0.0,0.4166486727534815,0.2595598180253289,0.2951555391614411
2018-10-22 02:00:00,0.045506280111598185,0.051860760082081736,-0.019789928798266132,0.07051987339937416,0.3844440084330756,0.0,0.0833153394201482,0.2597147073290702,0.2953148057058532
2018-10-22 14:00:00,0.051188315997950484,0.05483714272784157,-0.013335656107426708,0.06678692058963345,0.3610094243297992,0.0,-2.486899575160351e-16,0.26907829534192285,0.3049430128840436
2018-10-23 02:00:00,0.04793128338946695,0.046034832103910794,-0.013047947669366344,0.058124113072879464,0.3679249663272371,0.25194497063164495,0.08398165687721473,0.26750804256372174,0.3033283840633505
2018-10-23 14:00:00,0.03998411064246965,0.0313317860964335,-0.015564967746908076,0.04652993929301783,0.40207262790997084,1.0,0.4173149902105481,0.25986963473127545,0.2954741114254089
2018-10-24 02:00:00,0.04026282960325789,0.026473263398155478,-0.01112087305808751,0.03730775484866889,0.39503688689419536,0.8286606888320596,0.6935352198212347,0.2621981271562346,0.29786840808279935
2018-10-24 14:00:00,0.04226799033050366,0.028389540652653977,-0.008320293713122262,0.036345124724207166,0.38115037686714814,0.49048663478059656,0.7730491078708852,0.26672437244961045,0.30252256708297254
2018-10-25 02:00:00,0.04371571461452284,0.031033891846776074,-0.006784325982226558,0.037365173214549234,0.36910468596147356,0.034547596513400156,0.4512316400420186,0.2706524435623914,0.306561647233937
2018-10-25 14:00:00,0.03902501168781636,0.02470737249863375,-0.009310390059850682,0.033757877832406434,0.38906584181789716,0.6054716999807591,0.3768353104249184,0.26688102893890675,0.3026836507543904
2018-10-26 02:00:00,0.03724776473709901,0.01923821033591344,-0.00745532210643729,0.026537190070090644,0.39079563756831853,0.8364485399106595,0.49215594546827274,0.2665677546983185,0.30236152324431265
2018-10-26 14:00:00,0.03937319167825781,0.02158422831365958,-0.004572192080876225,0.025935809925446775,0.3742488541311348,0.23715733006558903,0.5596925233190023,0.2711254498076683,0.3070480208462587
2018-10-27 02:00:00,0.039815694161087434,0.02369690966741622,-0.003953033004479356,0.027379652431554127,0.36506467480834454,0.0,0.357868623325416,0.2736541091632476,0.3096481412408305
2018-10-27 14:00:00,0.03937345638571288,0.02380565880292762,-0.00389029908174221,0.027422889529878834,0.35971720554933645,0.0,0.07905244335519622,0.27508090614886727,0.3111152601443863
2018-10-28 02:00:00,0.03894933988525584,0.025251076807121242,-0.00411712042082768,0.02906110912159251,0.35413087079761835,0.0,-1.3026616822268503e-16,0.2765109034267914,0.3125856697819316
2018-10-28 13:00:00,0.036924614391408817,0.024986039616324618,-0.005568926650824091,0.03026117395061479,0.35889623652622066,0.23687094524346264,0.07895698174782076,0.2758749532943081,0.31193174741561847
2018-10-29 01:00:00,0.04071547322851221,0.030427276334002107,-0.002456824349526543,0.032430552083586535,0.3312590726109469,0.0,0.07895698174782076,0.28258419932390133,0.3188305997245524
2018-10-29 13:00:00,0.06929772851781624,0.06608421785559737,0.017083588154979568,0.047044342332130736,0.2265738130789035,0.0,0.07895698174782076,0.3212949825873854,0.3586353669547271
2018-10-30 01:00:00,0.06104465952466498,0.06115664906809659,0.005565608789505294,0.05379633384915283,0.27109887086151796,0.33648913481653153,0.11216304493884371,0.31417575368826167,0.35131494547787034
2018-10-30 13:00:00,0.05917414243368624,0.0601678726364514,0.001801065882352848,0.05661269252292993,0.2695075711876963,0.32446320880668006,0.22031744787440374,0.31485046848928233,0.35200872801950966
2018-10-31 01:00:00,0.05685358782844374,0.06007766678054738,-0.0026267618902890977,0.060953511475581035,0.2695075711876963,0.41012228751891366,0.357024877047375,0.31485046848928233,0.35200872801950966
2018-10-31 13:00:00,0.04814904270363396,0.05207475125509031,-0.011467685829761542,0.06227797419843542,0.32679398459105047,1.0,0.5781951654418644,0.30646601198826673,0.34338732304552977
2018-11-01 01:00:00,0.04690342098339628,0.05112310323399516,-0.012991403387133782,0.06291497907220246,0.3240571896501842,0.9522261077579353,0.7874494650922829,0.30729964267483423,0.3442445125063809
2018-11-01 13:00:00,0.03691542599768849,0.041434015304813165,-0.021990977330129113,0.06281434181827847,0.3940133427484555,1.0,0.9840753692526449,0.29670886075949343,0.33335443037974666
2018-11-02 01:00:00,0.029825050663767394,0.03411594441529342,-0.027835264742542942,0.06175727034159698,0.43805155341450513,1.0,0.9840753692526449,0.2893643801132786,0.32580239144115786
2018-11-02 13:00:00,0.015749704904781447,0.019105054835726998,-0.03999946477361482,0.059728515654879175,0.524824122668691,1.0,1.0,0.27254658385093156,0.3085093167701862
2018-11-03 01:00:00,0.016589023461330843,0.019204179087325413,-0.038114355748186224,0.057865659759839524,0.515035982416718,0.9512462530317642,0.9837487510105882,0.2744463796964418,0.31046280169196305
2018-11-03 13:00:00,0.022052161473893772,0.02411250721565228,-0.03186163090118055,0.05619185694161295,0.475262519676259,0.6211198876525829,0.8574553802281157,0.2824236354531797,0.3186654982473709
2018-11-04 01:00:00,-0.014699424542984785,-0.007087703208189522,-0.07070749640584961,0.06619460443016881,0.651100715151144,1.0,0.8574553802281157,0.23555662766855634,0.2704740079604391
2018-11-04 13:00:00,-0.028294216688933616,-0.012650684993582573,-0.08998683431258314,0.08151963592188245,0.6966268584894716,1.0,0.8737066292175275,0.21706071046691222,0.25145538790542954
2018-11-05 01:00:00,-0.013339358647325716,0.006187107519213031,-0.07820302263857615,0.08754235143285823,0.6125933817009295,0.62038385568757,0.87346128522919,0.23510971786833856,0.2700144682903305
2018-11-05 13:00:00,-0.018270869802288314,0.005772591929382509,-0.08548968615139207,0.09505086756349614,0.631285689373634,0.7048252240349676,0.775069693240846,0.22800287700791166,0.2627067849436584
2018-11-06 01:00:00,-0.0250696946983594,0.004451632524846483,-0.09511639646824088,0.10429601582038316,0.6562198595087032,0.519155930172369,0.6147883366316357,0.21821857533594957,0.2526459745510763
2018-11-06 13:00:00,-0.051445670006036615,-0.01166686598872424,-0.1275157708157092,0.12451399811536434,0.7303688697966861,1.0,0.7413270514024457,0.18263680443315633,0.21605864696374977
2018-11-07 01:00:00,-0.023680002248529286,0.02148806821020477,-0.10336128758342433,0.1301784189185163,0.5993964479858438,0.0,0.5063853100574565,0.21604938271604945,0.25041547958214627
2018-11-07 13:00:00,-0.006553003705953353,0.04144904931321758,-0.08715608952575293,0.13161295822603458,0.5370777297543493,0.0,0.33333333333333337,0.23704866562009408,0.27200821156865107
2018-11-08 01:00:00,0.005607364242809609,0.05549107877135073,-0.07447873007346628,0.13121554636471183,0.497356645898563,0.0,0.0,0.25247585279373985,0.2878713779190609
2018-11-08 13:00:00,0.010135823823216317,0.060035605417944726,-0.06454475887660127,0.12486187497223869,0.4822926868785183,0.0,0.0,0.2586312814842118,0.2942007617643443
2018-11-09 01:00:00,0.009857598665087952,0.05950616677753873,-0.05955531890336818,0.11906441181538258,0.4818997230568484,0.0,0.0,0.2587859424920129,0.29435979356107156
2018-11-09 13:00:00,0.010067519061503827,0.05896886024816439,-0.0535833936306801,0.11224999457953405,0.479794723313654,0.0,0.0,0.2595598180253289,0.2951555391614411
2018-11-10 01:00:00,0.006936016054182037,0.05436169861088125,-0.050156205722210134,0.10429859084204902,0.49081303771482865,0.6273979598704486,0.20913265329014952,0.2560078469838156,0.291503187837175
2018-11-10 13:00:00,0.00642683760427043,0.05262323966089166,-0.04502333772414302,0.09727692982135941,0.49182099926403194,1.0,0.5424659866234829,0.2556999264525619,0.2911865653346408
2018-11-11 01:00:00,0.020000528818400642,0.06555210435736436,-0.02667357644489443,0.09046706759591534,0.4381167030927097,0.0,0.5424659866234829,0.2736541091632476,0.3096481412408305
2018-11-11 13:00:00,0.02881318614781203,0.07519807669913336,-0.015537059749980986,0.08810686389890948,0.40575390144112256,0.0,0.33333333333333337,0.2861268047708725,0.3224733207784054
2018-11-12 01:00:00,0.0312953489575889,0.07923447685523732,-0.012160384113302447,0.08842920656734292,0.3940979284810314,0.0,0.0,0.29082661290322576,0.327305947580645
2018-11-12 13:00:00,0.029943240709420005,0.0799750923848992,-0.014585146561540419,0.09156647551002152,0.3947436004053688,0.006607159590503456,0.0022023865301678183,0.2906639788333123,0.3271387173995213
2018-11-13 01:00:00,0.02677819339113019,0.07838753235626772,-0.018221557252533715,0.09378767611569447,0.40565678349647977,0.2625892046613608,0.0897321214172881,0.2880673959512132,0.3244687539293347
2018-11-13 13:00:00,0.04469216623556882,0.10141487228707713,-0.004016435788294803,0.10053531674350824,0.34318349052136765,0.0,0.0897321214172881,0.31282839933358964,0.3499295142893759
2018-11-14 01:00:00,0.04332557989861985,0.102393785100102,-0.0104835286898457,0.10791793141608905,0.34204890161020834,0.0,0.08752973488712028,0.31333333333333324,0.3504487179487179
2018-11-14 13:00:00,0.0658444467716377,0.12932713334966706,0.0026056397595763947,0.11887944609555226,0.28074299399957314,0.0,0.0,0.3450630252100839,0.3830751050420167
2018-11-15 01:00:00,0.05353992850501199,0.11821602480706828,-0.014392380640076752,0.12606418395839583,0.33190439859434484,0.4095737132051275,0.13652457106837582,0.33229288594095463,0.36994407595265955
2018-11-15 13:00:00,0.04063041033038872,0.10309162943968042,-0.029069498713998665,0.1274442795915945,0.3854309154699951,1.0,0.46985790440170916,0.31806484817292846,0.3553139475038598
2018-11-16 01:00:00,0.05101408778927019,0.11144589026997642,-0.022070890269976662,0.12780547344536342,0.35178713839469355,0.6786279008815062,0.6960672046955445,0.33385416666666656,0.3715494791666665
2018-11-16 13:00:00,0.06058372008495483,0.10951483776270998,-0.010278699214047005,0.11413059710336161,0.32306819157524613,0.40429876705147294,0.6943088893109929,0.34913736336099044,0.38726458580271306
2018-11-17 01:00:00,0.06892127412789728,0.11394135148539686,-0.004745184330752328,0.1125419604533608,0.29918354710656336,0.0,0.3609755559776596,0.3633217993079585,0.4018498802235826
2018-11-17 13:00:00,0.06335622841394795,0.1057799004924651,-0.01236251495829166,0.11287038721197062,0.31370834785657364,0.16840862539486703,0.19090246414877993,0.3595222295952223,0.3979429329794293
2018-11-18 01:00:00,0.058841890335945335,0.09966863712413554,-0.01874148480625537,0.11380515824256274,0.32447800887435513,0.4808504732926736,0.21641969956251347,0.35682119205298,0.39516556291390725
2018-11-18 13:00:00,0.060457014033341805,0.10016866941996727,-0.019434724465839492,0.11496269782674554,0.3142118655988627,0.5941347410457807,0.4144646132444404,0.36205291849488086,0.40054514027389976
2018-11-19 01:00:00,0.10247706593723827,0.14864938520613857,0.00982154583312811,0.12863535698038533,0.22953179103657154,0.0,0.35832840477948474,0.4213958651311225,0.46156514499791856
2018-11-19 13:00:00,0.05194610963607693,0.0919415582447436,-0.03614426453288455,0.12460938942706935,0.41002958976927045,1.0,0.5313782470152603,0.35898116211196585,0.3973865746882461
2018-11-20 01:00:00,0.084005353563402,0.12298696552610733,-0.009684716486064171,0.12555864365585845,0.34528710760406783,0.6413115139366299,0.5471038379788766,0.40482720789906734,0.4445282501371366
2018-11-20 13:00:00,0.06384925576709732,0.09553476838629216,-0.026511562773772535,0.11797483066308449,0.39543449727977503,0.9191397757093455,0.8534837632153252,0.38208310847274674,0.4211413923367511
2018-11-21 01:00:00,0.0625879903047799,0.08975880342717568,-0.026865381841333025,0.11306855123795419,0.3930031921672802,0.9056697770192487,0.8220403555550747,0.38376333918681604,0.4228691071187356
2018-11-21 13:00:00,0.04145080285052938,0.06357294759522603,-0.04405299002991736,0.1065856638078437,0.4489502180402042,1.0,0.9416031842428647,0.35844052512929325,0.3968306590637847
2018-11-22 01:00:00,0.03757463773094938,0.055061638354611864,-0.04508545417890475,0.09965002901224633,0.4556068987861765,1.0,0.9685565923397497,0.35538502249272286,0.39368880656258276
2018-11-22 13:00:00,0.06473087984839809,0.07868742078883106,-0.01901680693283625,0.09487364344996024,0.39226831594430805,0.0,0.6666666666666667,0.39431060296719744,0.43371444126854497
2018-11-23 01:00:00,0.048998034574038396,0.0554710638343856,-0.029218208802813006,0.08359200820065368,0.4310248398840199,0.6118943967608445,0.5372981322536148,0.37632674996641136,0.4152223565766491
2018-11-23 13:00:00,0.050882356102214255,0.054166228016607976,-0.025494616418496818,0.0785349821821098,0.4225604957027753,0.4782579337793985,0.36338411018008093,0.3815239379635873,0.42056641942009443
2018-11-24 01:00:00,0.05491404006266731,0.05447820341978815,-0.019516868458454018,0.07272381111815882,0.40896919744369015,0.26367627360842016,0.4512762013828877,0.38977072310405636,0.42904626237959564
2018-11-24 13:00:00,0.027683426147061763,0.027502477139897064,-0.04365754461806659,0.0717394999895543,0.4848115477601268,0.9999999999999999,0.5806447357959396,0.35538502249272286,0.39368880656258276
2018-11-25 01:00:00,0.019207022790815653,0.018172718750091077,-0.0501490811926395,0.06943188957580398,0.5056356710648767,1.0,0.7545587578694735,0.3452396585686144,0.3832567301378855
2018-11-25 13:00:00,0.006387966860077476,0.0036468424232420915,-0.06067667381105102,0.06621153250153865,0.5390754846299468,0.9999999999999999,1.0,0.32866407263294417,0.36621271076524
2018-11-26 01:00:00,-0.011348900741989909,-0.008928465176258893,-0.0810486107279701,0.07551757064471236,0.5843349719492583,1.0,1.0,0.304635761589404,0.3415053489556801
2018-11-26 13:00:00,-0.007382622038782483,0.0002200614652518862,-0.08017659987762626,0.08374462656840127,0.5719824157916616,0.8758829264744525,0.9586276421581509,0.30947206953854023,0.3464783331202863
2018-11-27 01:00:00,-0.014471996792362662,-0.00013305400086738306,-0.08998617481699223,0.09409291110932475,0.5915419684646559,1.0,0.9586276421581509,0.29934043632673757,0.33606037544393685
2018-11-27 13:00:00,-0.0454826085279173,-0.018228361321457776,-0.12797075589286377,0.11839717586766689,0.6650453154550423,1.0,0.9586276421581509,0.2560078469838156,0.291503187837175
2018-11-28 01:00:00,-0.035416503779491126,0.0006947297546835429,-0.12355752822060029,0.13238484419118546,0.6321655191309349,0.646692758950801,0.882230919650267,0.26735123097859703,0.3031671409130272
2018-11-28 13:00:00,-0.041984565773772076,0.0028437727585763906,-0.1340715416779934,0.146529697048635,0.6500330591883441,0.8386869921203908,0.8284599170237306,0.25647001103888134,0.29197841285416404
2018-11-29 01:00:00,-0.021560548904082544,0.026814463890811657,-0.11011859405351576,0.14288449210875726,0.5794497009391277,0.0,0.4951265836903972,0.2821026282853565,0.31833541927409237
2018-11-29 13:00:00,-0.00880034419701603,0.042837799559641176,-0.09738786293099766,0.14415756463375473,0.5406623533091786,0.0,0.27956233070679687,0.29835234474017747,0.33504435994930293
2018-11-30 01:00:00,-0.007004617151781245,0.045277989337393576,-0.08942625031733797,0.13774483716462327,0.536025474990703,0.0,-4.736951571734001e-17,0.3003300330033003,0.3370779385630871
2018-11-30 13:00:00,-0.01715085932859428,0.03655752558964931,-0.09512626381940492,0.13565640154468495,0.565143896524311,0.2554077585148101,0.08513591950493665,0.2861268047708725,0.3224733207784054
2018-12-01 01:00:00,-0.024937905161814156,0.030380041106595312,-0.09845270503592285,0.1333722482591399,0.5881784947616965,1.0,0.41846925283826997,0.2746049520965532,0.3106258554186885
2018-12-01 13:00:00,-0.03717569908380347,0.021525027433006105,-0.10935623449875709,0.13689300067587026,0.6225678468568112,1.0,0.7518025861716033,0.25662414131501476,0.2921368989205104
2018-12-02 01:00:00,-0.029088985420396507,0.03261633917497431,-0.10012313433188147,0.13737639353576234,0.595556111016307,0.6878784893682522,0.895959496456084,0.2656288608846058,0.3013960958734865
2018-12-02 13:00:00,-0.030247565697733014,0.030825563567610237,-0.09364291629129795,0.1285046405241255,0.6019692276931543,0.6412887123859412,0.7763890672513977,0.2625092432832141,0.2981883164900172
2018-12-03 01:00:00,-0.014009131473225356,0.04645172985957169,-0.07118560587710532,0.119110366252321,0.5422449659127341,0.0,0.44305573391806435,0.28290544771446435,0.31916092673763297
2018-12-03 13:00:00,-0.010006710500575333,0.047095820250503184,-0.05782985745512936,0.10549185445086286,0.5295258582585705,0.0,0.2137629041286469,0.2875816993464053,0.32396933132227246
2018-12-04 01:00:00,-0.00781759606605159,0.04230183158180845,-0.042100345622862134,0.08439367513438885,0.5226963640976843,0.0,-1.4210854715202004e-16,0.29001385215967757,0.32647021785669295
2018-12-04 13:00:00,0.0010890276112682784,0.0476908077926359,-0.025479880219574702,0.072367018706625,0.4904522903868407,0.0,-1.4210854715202004e-16,0.30165184243964416,0.3384371029224904
2018-12-05 01:00:00,0.0008019531069001218,0.043662797393460906,-0.018700907149559964,0.061594941458882856,0.49140405521029784,0.018376436702547093,0.00612547890084889,0.30132113821138207,0.33809705284552827
2018-12-05 13:00:00,0.013518624215442365,0.05640801180418875,-0.003840113747811791,0.05870512308903485,0.4452759180999042,0.0,0.00612547890084889,0.31857381902432746,0.35583730209808206
2018-12-06 01:00:00,0.028782834827219883,0.07690514302080587,0.006247244160357379,0.06783747487245503,0.39696467770004257,0.0,0.00612547890084889,0.33996075866579467,0.37782864617396994
2018-12-06 13:00:00,0.03154814115703197,0.08431881829699561,0.004308890173128077,0.07661482972709698,0.3860515671862433,0.0,-1.4210854715202004e-16,0.3452396585686144,0.3832567301378855
2018-12-07 01:00:00,0.05498829770836067,0.11840453885065938,0.016117668417172437,0.09584053057420577,0.32645106309556715,0.0,-1.4210854715202004e-16,0.37873485868102286,0.41769851951547765
2018-12-07 13:00:00,0.0673615459992849,0.13800111579024898,0.01577362823705375,0.11350071579411727,0.29830205402671606,0.0,-1.4210854715202004e-16,0.39849829351535826,0.4380204778156995
2018-12-08 01:00:00,0.08586728000336952,0.16726575573444258,0.01829924356888646,0.13631853750681472,0.2637766709303206,0.0,-1.4210854715202004e-16,0.4273373275741952,0.4676745158144071
2018-12-08 13:00:00,0.09099979331924501,0.17878016022222654,0.01006658791655557,0.15415750092977615,0.2514921652902207,0.0,-1.4210854715202004e-16,0.43896614693074865,0.47963197078241304
2018-12-09 01:00:00,0.053383402627913634,0.13904758846905363,-0.02988749061637752,0.16019180265872,0.3796909747401447,1.0,0.3333333333333332,0.3922261484098939,0.43157107909758086
2018-12-09 13:00:00,0.08000427166049584,0.17318021385788507,-0.014452051733498061,0.17383593625492494,0.3282637192906516,0.5988476361819788,0.5329492120606595,0.4317260656883297,0.4721872816212438
2018-12-10 01:00:00,0.08800705102031015,0.18739910292661532,-0.016781784096273733,0.18813162988390236,0.3112657645873055,0.466257054597945,0.6883682302599745,0.447097047605594,0.4879926543297075
2018-12-10 13:00:00,0.09094431382153978,0.1937142647596768,-0.023034901485090464,0.19970629463928707,0.3017453913647161,0.3919944833350806,0.4856997247050013,0.45594087549744167,0.49708641273450827
2018-12-11 01:00:00,0.08842170785560466,0.1906371365890056,-0.032136638651889204,0.2064153104933727,0.30013602466199585,0.0,0.28608384597767506,0.45739080950348554,0.4985773225209844
2018-12-11 13:00:00,0.10065914360114725,0.2004202015745138,-0.027221645617836243,0.20949935436722067,0.27653732334677805,0.0,0.13066482777836008,0.47927797833935015,0.5210830324909748
2018-12-12 01:00:00,0.07093730877645554,0.16066649929182053,-0.05446757001596947,0.20428656222112598,0.36585834943344686,1.0,0.3333333333333332,0.4432234432234432,0.4840095801634261
2018-12-12 13:00:00,0.08018126038821283,0.1614762761740387,-0.046310939800037865,0.19647373413397876,0.34416828449185954,0.7571673110814773,0.585722437027159,0.4600912200684151,0.5013540478905358
2018-12-13 01:00:00,0.08000379606638353,0.15396686053080755,-0.0468913888326955,0.19065121497677492,0.3388910211003576,0.698085327558568,0.8184175462133483,0.4642652944539738,0.5056460834762722
2018-12-13 13:00:00,0.07790567616546018,0.14310798953792503,-0.04775815408221029,0.1821806940210766,0.33694365353654665,0.6762834333223618,0.7105120239874689,0.46573186435827707,0.5071540992988981
2018-12-14 01:00:00,0.06226191579103357,0.1151435337609783,-0.057503957789248106,0.1678112081108207,0.3837926044755261,1.0,0.7914562536269766,0.4479151943462898,0.48883392226148414
2018-12-14 13:00:00,0.03738785163974212,0.07746057713355614,-0.07383879112305158,0.15102587655314553,0.4597894938885374,1.0,0.8920944777741205,0.41609068288636997,0.4561100359413879
2018-12-15 01:00:00,0.022063426720050572,0.04817850996812112,-0.07972158521348738,0.12994960019005866,0.5022034266958233,1.0,1.0,0.3964013086150491,0.4358642311886587
2018-12-15 13:00:00,0.020262081327277803,0.035045317034980705,-0.07426634386325381,0.11149819780188035,0.5050753126322339,0.9999999999999999,1.0,0.3950701348222798,0.43449543783194877
2018-12-16 01:00:00,-0.06417382617670542,-0.037697059002613775,-0.1640592937627089,0.1405396148118346,0.6922080461556296,1.0,1.0,0.27603388141504714,0.31209516691579453
2018-12-16 13:00:00,-0.04778248922581252,-0.013661769612476782,-0.1566645648170717,0.15631508273363035,0.6454027097348526,0.7986161777352916,0.9328720592450971,0.295724766000506,0.3323425246648115
2018-12-17 01:00:00,-0.0994044316274122,-0.042709158816477966,-0.22308814974610525,0.20802526927243747,0.7257701017427781,1.0,0.9328720592450971,0.2199595093485769,0.2544361081338573
2018-12-17 13:00:00,-0.08094171690053054,-0.007411299842405739,-0.21789749163252903,0.23720880655633275,0.678862394504374,0.7874543960577679,0.8620235245976865,0.24049406635989334,0.275550980867038
2018-12-18 01:00:00,-0.07368545921011527,0.013149032843611685,-0.21756509123777334,0.2569794914461656,0.6661860467598834,0.2586040993215402,0.6820194984597694,0.24622871046228711,0.2814476885644768
2018-12-18 13:00:00,-0.06862512974808754,0.029034588856810872,-0.21588824739339763,0.27016334054153424,0.6592090799666471,0.17179069628678417,0.40594973055536415,0.2492682926829266,0.2845731707317072
2018-12-19 01:00:00,-0.0469894199027705,0.05899569090500134,-0.19909531730599905,0.27753207846459116,0.6015404578462065,0.0,0.1434649318694415,0.2757160647571606,0.31176836861768353
2018-12-19 13:00:00,-0.026650142989886105,0.08542021577457759,-0.17885180007136436,0.27722269357794704,0.5528280753639828,0.0,0.05726356542892808,0.3014864693177488,0.33826705628255627
2018-12-20 01:00:00,-0.01648719138260135,0.09909993015191709,-0.16475740289085383,0.27281345400225504,0.5307058136664802,0.0,2.3684757858670005e-17,0.31417575368826167,0.35131494547787034
2018-12-20 13:00:00,-0.032629578748966104,0.083564175704671,-0.17224865151112412,0.26768246684307323,0.565449055325562,0.2703685490602718,0.0901228496867573,0.29082661290322576,0.327305947580645
2018-12-21 01:00:00,-0.036822042208904615,0.08073625833802511,-0.16872323065419859,0.2609391101214553,0.5766986845722468,0.6492991026971281,0.3065558839191333,0.28322685707127637,0.31949141926593994
2018-12-21 13:00:00,-0.02435152392567108,0.09345883916833508,-0.146444008391305,0.24643145369765646,0.5462410265626337,0.33777436785764503,0.4191473398716817,0.2985169222968689,0.33521358854100636
2018-12-22 01:00:00,-0.028478215419871167,0.08858423913772473,-0.14160995774589524,0.23646352094498282,0.5577475229269127,0.5879543661416013,0.5250092788987916,0.29147755925365604,0.32797528996469993
2018-12-22 13:00:00,-0.025001910800200533,0.0898264493840839,-0.12660602471269988,0.22048718664182765,0.5507519999993374,0.14810637887128217,0.35794503762350965,0.29474216380181995,0.33133215369059643
2018-12-23 01:00:00,-0.06554722862311235,0.04325887688447705,-0.15156905927365538,0.20598296226407495,0.639984734567658,1.0,0.5786869150042946,0.23734750573740793,0.27231549704070535
2018-12-23 13:00:00,-0.07464353788036726,0.03041258315145745,-0.14662622168269324,0.1879605972899345,0.6614904592017418,1.0,0.7160354596237609,0.2212684787792083,0.2557820696232713
2018-12-24 01:00:00,-0.0721401096078561,0.028864757044151812,-0.13028277420335188,0.16764883759127983,0.6622877159415094,1.0,1.0,0.2206863679694946,0.2551835081029552
2018-12-24 13:00:00,-0.043740512600712766,0.05338860419931879,-0.08902233795759351,0.14499428604969528,0.5767160695560182,0.23278704348069404,0.744262347826898,0.2556999264525619,0.2911865653346408
2018-12-25 01:00:00,-0.041687212195174794,0.048039907898408174,-0.0729080869296781,0.12247080781551667,0.5756890912521181,0.0,0.41092901449356467,0.25616186388718565,0.2916615573267931
2018-12-25 13:00:00,-0.03858232442077347,0.039575762183927665,-0.05147701494737711,0.09159784166442222,0.5709444882240081,0.0,0.07759568116023133,0.2581675264062884,0.2937239007614836
2018-12-26 01:00:00,-0.02975092598697726,0.04798173623160906,-0.043512808279146165,0.09129055904519863,0.5470414333729076,0.0,-2.3684757858670005e-17,0.2681356771478087,0.3039737558801683
2018-12-26 13:00:00,-0.021256886049483947,0.05586991696015864,-0.03428538795204916,0.08919271355568036,0.5237944976846689,0.0,-2.3684757858670005e-17,0.27810355583281354,0.3142233312538989
2018-12-27 01:00:00,-0.008903325613628166,0.06344404231764722,-0.023143461362860718,0.08487720337754176,0.4893158187772341,0.0,-2.3684757858670005e-17,0.2937610507703965,0.3303233139681738
2018-12-27 13:00:00,0.015741814206158722,0.09003146596373401,-0.004628020814142264,0.0907829005442983,0.4277352243839944,0.0,-2.3684757858670005e-17,0.3267711436342442,0.3642662867504207
2018-12-28 01:00:00,-0.025921800158609787,0.04216742972440857,-0.04646023369463159,0.08881830320134566,0.5359603031009381,0.9071202549651105,0.3023734183217035,0.2709677419354839,0.30688585607940455
2018-12-28 13:00:00,-0.04944141396935364,0.016308222054104426,-0.07199264877876321,0.09082977274529405,0.5894795954952357,0.9999999999999999,0.6357067516550368,0.23764649027425389,0.2726229310136523
2018-12-29 01:00:00,-0.041952019743200286,0.024680381723720668,-0.06615357973028446,0.09275743519215786,0.5730788142571237,0.8986006058483963,0.9352402869378357,0.24516834812203725,0.28035735991248334
2018-12-29 13:00:00,-0.03727600204432846,0.02943058702580026,-0.06044278214775123,0.09128890382245698,0.5639541271423106,0.842186357537168,0.9135956544618548,0.2492682926829266,0.2845731707317072
2018-12-30 01:00:00,-0.04342159618802255,0.02214156940962808,-0.06362681372506074,0.08758512835887207,0.5820052525796064,0.8603430168589891,0.8670433267481844,0.23899371069182407,0.2740082244799227
2018-12-30 13:00:00,-0.040159917964542324,0.025595752424465656,-0.05990638969124473,0.08699456153827155,0.5767118516824982,0.499803739692226,0.734111038029461,0.24109522655682092,0.27616913011873034
2018-12-31 01:00:00,-0.022673273937293903,0.04347965444241941,-0.042259541058144556,0.0856869216206007,0.5252636808574017,0.0,0.45338225218373845,0.2625092432832141,0.2981883164900172
2018-12-31 13:00:00,-0.018998464072403465,0.045851563788595895,-0.03621003103210585,0.08166789298800306,0.5167530452487442,0.0,0.16660124656407535,0.2662546353522868,0.3020395550061805
2019-01-01 01:00:00,-0.03214287181218267,0.030796216160040357,-0.04737154194252646,0.07882099997914474,0.5558276799072485,0.5988247180723832,0.19960823935746108,0.24759469004993306,0.2828522713433199
2019-01-01 13:00:00,-0.0401881135478086,0.021335749722271036,-0.053153931540452226,0.07569390243787127,0.5808633295208914,1.0,0.5329415726907945,0.23510971786833856,0.2700144682903305
2019-01-02 01:00:00,-0.058732625412520334,0.003335551768639533,-0.07573795771273584,0.08204358599036733,0.630812945898084,1.0,0.8662749060241278,0.20816133978063434,0.24230451704210387
2019-01-02 13:00:00,-0.055895779507247556,0.005960436928174051,-0.07621061394021045,0.08516238725821293,0.6286324451027075,0.9808828450405187,0.9936276150135064,0.20887420344583418,0.24303752655180544
2019-01-03 01:00:00,-0.037912375474485116,0.02228011978627409,-0.059691573742330584,0.08353426263883769,0.5673814096249473,0.1540799991175722,0.7116542813860305,0.22991955817024845,0.2646776323688318
2019-01-03 13:00:00,-0.03731260972471484,0.02324179593605047,-0.0603894509678361,0.0852139969858415,0.5698715366038368,0.03925692368803745,0.39140658928204297,0.2287393546839389,0.2634640758066449
2019-01-04 01:00:00,-0.043659834090017946,0.017681631534909092,-0.06839523762434696,0.08831628787658331,0.5923005165201395,0.39285043937593267,0.19539578739384758,0.21836346336822055,0.25279495718363454
2019-01-04 13:00:00,-0.0387675593428356,0.023542666351312524,-0.06468122703874457,0.09007670641678243,0.5790195733893588,0.19000762474680571,0.20737166260359208,0.22258026017424526,0.25713092254445646
2019-01-05 01:00:00,-0.08797617602152175,-0.017742134479641902,-0.1221067263369604,0.11221087325531448,0.7004787020904735,0.9999999999999999,0.5276193547075796,0.15542521994134884,0.18807805098127672
2019-01-05 13:00:00,-0.10771469060372396,-0.02454393642657937,-0.15253962566851176,0.1404295738196741,0.7403953042833707,1.0,0.7300025415822686,0.12484901723948605,0.15663775118041046
2019-01-06 01:00:00,-0.16411349875765813,-0.05653247102593684,-0.2302532432597768,0.20280098488836845,0.8162341284573883,1.0,1.0000000000000002,0.04530612244897969,0.07484693877551019
2019-01-06 13:00:00,-0.14111705098902472,-0.01768861367847674,-0.2141797470796979,0.22225848917615265,0.7489164605293763,0.7162161153698756,0.9054053717899587,0.06686107061028945,0.09701103936679867
2019-01-07 01:00:00,-0.12372720998627529,0.011114082352568833,-0.20272616771069196,0.23649820741653046,0.7058550510355295,0.04644576167007818,0.5875539590133182,0.08218888654130563,0.11277202619902793
2019-01-07 13:00:00,-0.11278345980324145,0.03014225083132427,-0.19674152727312,0.2475004784159959,0.6846576309928938,0.0,0.2542206256799848,0.09001915301127905,0.12082357948499678
2019-01-08 01:00:00,-0.14623644807223568,0.0035116037194948824,-0.235224872656963,0.27002009592981047,0.7389199524323505,0.41240132155136094,0.15294902774047997,0.041586171835282126,0.07102186070157601
2019-01-08 13:00:00,-0.1363101543433456,0.023640954269711578,-0.23012025932847469,0.2829755065708907,0.7235782069826366,0.6056844836808921,0.33936193507741796,0.046908533469596225,0.0764946346448645
2019-01-09 01:00:00,-0.13316375207546582,0.0343966681720258,-0.2299017135292778,0.29293335625161576,0.7267552076042789,0.7758159897076182,0.5979672649799573,0.04413413515441844,0.07364183059830798
2019-01-09 13:00:00,-0.11184722996487373,0.06267369353046126,-0.20906330392007155,0.29319753382224967,0.6676384457774625,0.0,0.4605001577961703,0.06431168831168832,0.09438961038961025
2019-01-10 01:00:00,-0.06208245599484985,0.1192013906591618,-0.15580276936580384,0.280130745781833,0.5432849105957949,0.0,0.2586053299025396,0.12091038406827881,0.15258781048254733
2019-01-10 13:00:00,-0.060927873263552756,0.11625908009078079,-0.14404535631455762,0.2639718335464477,0.54572232827209,0.013285080560928314,0.004428360186976341,0.11931818181818166,0.15095061188811187
2019-01-11 01:00:00,-0.04197344510544365,0.1344501731240575,-0.11739220049693,0.24971257845700298,0.5086198295243816,0.0,0.004428360186976341,0.13986869923222423,0.172081896072104
2019-01-11 13:00:00,-0.014422795002520306,0.16379519758102878,-0.08485686100626666,0.23921061458414605,0.45856269313668435,0.0,0.004428360186976341,0.17194828966937403,0.20506807001487237
2019-01-12 01:00:00,-0.022551493158224023,0.15183410056297975,-0.08809571924355131,0.23251960808436842,0.476820882600219,0.20947987488898837,0.06982662496299635,0.16118793924280195,0.19400362729539777
2019-01-12 13:00:00,-0.023048957154478633,0.14859455181034686,-0.08380677591900587,0.22510916661062483,0.47985253243707,0.24426260237678965,0.15124749242192623,0.1594793435200903,0.1922467458970003
2019-01-13 01:00:00,-0.03129791369764767,0.1339056669980323,-0.08260551008254269,0.21109653441078036,0.5007044922478214,0.8418739494953315,0.43187214225370335,0.14817305536875147,0.18062093700963922
2019-01-13 13:00:00,0.015218066238672279,0.18699539129406006,-0.03386892208860681,0.2051568419612344,0.415370541084833,0.0,0.3620455172907072,0.20404325340855656,0.2380700517160319
2019-01-14 01:00:00,0.00880918851701229,0.1782217604494145,-0.03616077201618684,0.200164732585329,0.42829658630446743,0.15147599570240888,0.331116648399247,0.19686879308330396,0.23069283794835838
2019-01-14 13:00:00,-0.012585204401313388,0.14894450142277282,-0.04917309897677902,0.1887039705072346,0.4748780623179343,0.6973487155123226,0.28294157040491075,0.17087667161961373,0.20396616756200703
2019-01-15 01:00:00,-0.004329834994164838,0.15928452645021407,-0.044500013889716694,0.19272369277302542,0.4598015017468521,0.5206715504964208,0.4564987539037177,0.18045632634247522,0.21381654759161095
2019-01-15 13:00:00,-0.002060965913033397,0.1624881219577594,-0.04823705370507492,0.19933789210473238,0.4556326643464853,0.6765888147808846,0.6315363602632096,0.1830465411710358,0.21647996304423134
2019-01-16 01:00:00,-0.0066083215321358635,0.14706053439598032,-0.05564575448562581,0.19384609005229939,0.46713386199551665,0.8337493573587327,0.6770032408786797,0.1773359383978852,0.21060797609470172
2019-01-16 13:00:00,-0.007225906211299482,0.13902293613930694,-0.059783069334852224,0.19122950521307625,0.4694332719168435,0.7170861101875731,0.7424747607757304,0.17625444942014012,0.20949592375703285
2019-01-17 01:00:00,0.01136408072025552,0.15612813549352555,-0.04776066913893273,0.19340917357730428,0.4286021625033601,0.0,0.5169451558487689,0.19882972498537144,0.23270918665886464
2019-01-17 13:00:00,-0.005185286291717439,0.13188599821746005,-0.0666195693994146,0.19223240628617566,0.4720264596751319,1.0,0.5723620367291914,0.17896190585798122,0.21227989411900094
2019-01-18 01:00:00,0.008063890924286277,0.1305577438311598,-0.05183632525906512,0.1754867847712988,0.4425951931538925,0.32223965756269346,0.44074655252089817,0.1950536630891273,0.22882641157256178
2019-01-18 13:00:00,0.008878858195002337,0.1132442893648713,-0.04637907095795746,0.1544593802259273,0.4400696034335098,0.26407890690293545,0.5287728548218766,0.19644942770380736,0.23026162111656157
2019-01-19 01:00:00,-0.014998003665906978,0.06187074746918353,-0.0569818585802947,0.11856278590615205,0.5048781771432528,1.0,0.5287728548218766,0.16740740740740745,0.20039886039886046
2019-01-19 13:00:00,-0.008986497277933325,0.04396440739886587,-0.03790137014958228,0.0816183500003096,0.49052543009852007,0.778536291987938,0.6808717329636249,0.1740974212034383,0.20727793696275065
2019-01-20 01:00:00,-0.011571477777064798,0.03313048074295222,-0.03767801273563953,0.07096986233834177,0.4988111129818116,0.9063848528959508,0.8949737149612967,0.17047531992687381,0.20355347349177344
2019-01-20 13:00:00,-0.0001414273515784048,0.034569084740033285,-0.021832145304065076,0.0560443135305141,0.46842554976992434,0.43753387419713585,0.707485006360342,0.18400369856680543,0.21746417013407293
2019-01-21 01:00:00,-0.011871168574725255,0.016689165979147935,-0.031142870739965578,0.04818022811535766,0.5032914787896868,0.9564723185158686,0.7667970152029856,0.16953990181527567,0.20259162004795073
2019-01-21 13:00:00,-0.009123994613912778,0.01910101842703682,-0.02881720061975801,0.048152146561274756,0.4964097485415143,0.8026230637860857,0.7322097521663639,0.17235065232318614,0.20548180361638813
2019-01-22 01:00:00,3.0465347967467693e-05,0.026675310262323837,-0.01989545348246735,0.04641342555582572,0.47004216899569556,0.04636673311802252,0.6018207051399928,0.18318318318318294,0.21662046662046652
2019-01-22 13:00:00,-0.01504488519703151,0.009770983087254548,-0.03491877753927841,0.04525884063727458,0.5176387899703463,1.0,0.6163299323013698,0.16462028194633915,0.19753296953160526
2019-01-23 01:00:00,-0.030322250933622175,-0.006359084585787045,-0.051633314251682494,0.04662621262531955,0.5635258460279787,1.0,0.6821222443726747,0.14509277889559558,0.177453610552202
2019-01-23 13:00:00,-0.026312806512989506,-0.00030262065633257507,-0.04720270505282753,0.0480411905999482,0.5533222526158894,0.8908516038734152,0.9636172012911389,0.1485592555219195,0.1810180513510482
2019-01-24 01:00:00,-0.021595360116839935,0.005681750172771283,-0.041836635359623675,0.04839321102664066,0.5396806585394262,0.744926726830417,0.8785927769012778,0.15308419630796943,0.18567086897793783
2019-01-24 13:00:00,-0.044672168272596124,-0.01123301155617562,-0.07087536931262639,0.062195754089033085,0.6085691481557255,1.0,0.8785927769012778,0.1237384817902587,0.15549583150504587
2019-01-25 01:00:00,-0.041710480229927516,-0.0031489908091660856,-0.07175215154584225,0.07127235099043147,0.6035379667154369,0.9269662977325867,0.8906310081876683,0.12521968365553615,0.15701889279437609
2019-01-25 13:00:00,-0.045503724138436286,-0.0019410578188033822,-0.07886261110454207,0.08016017125521117,0.6188100636368801,0.9999999999999999,0.9756554325775294,0.11858484385236956,0.15019654946494865
2019-01-26 01:00:00,-0.05907916856625317,-0.008381656739917753,-0.09798510297663765,0.09463653713990335,0.6596041194002993,1.0,0.9756554325775294,0.09984968864075583,0.13093193042731377
2019-01-26 13:00:00,-0.045659797049506734,0.00954531294652794,-0.0873085995458106,0.10077209723144842,0.6087816740254041,0.09352714710854287,0.6978423823695147,0.11335724377785006,0.14482121508531676
2019-01-27 01:00:00,-0.03764876201749667,0.019172004466389447,-0.07739500479465267,0.09946251220131579,0.5822724876749272,0.0,0.36450904903618137,0.12091038406827881,0.15258781048254733
2019-01-27 13:00:00,-0.02954904503670741,0.02857343204381846,-0.06864396323182831,0.09920499367211917,0.554987463008114,0.0,0.031175715702848047,0.1289398280802292,0.16084417015649088
2019-01-28 01:00:00,-0.012505491379517841,0.04523940854449893,-0.047996637865278635,0.09336476043728024,0.496407230165859,0.0,4.2040445199139265e-16,0.14817305536875147,0.18062093700963922
2019-01-28 13:00:00,-0.021177353605685956,0.03427486709096894,-0.05135778417388592,0.08637038028728887,0.5271705225213225,0.2737570153754353,0.09125233845847885,0.13708513708513714,0.16921966921966924
2019-01-29 01:00:00,-0.020138045470184607,0.03516208255982911,-0.04922891946445884,0.08498876356216536,0.5263744666180039,0.3490030464181632,0.20758668726453325,0.13733762629066293,0.1694792938825358
2019-01-29 13:00:00,-0.02174621718877756,0.03288187314273516,-0.048629381448383247,0.08215814764734507,0.5350693379901168,0.6599855608011528,0.42758187419825083,0.13444075304540415,0.16650055370985606
2019-01-30 01:00:00,-0.021205576762151734,0.032833447671907434,-0.046129141239935834,0.07949103312073282,0.5362651856489,1.0,0.6696628690731058,0.13406398760101856,0.16611314070629923
2019-01-30 13:00:00,-0.033716050633586625,0.018439936768186893,-0.05434520796757558,0.0741157171988433,0.5859626233631237,1.0,0.8866618536003847,0.11797446251227761,0.14956891847648146
2019-01-31 01:00:00,-0.030769905113692597,0.02090983190998741,-0.04913766617258741,0.07105029607351061,0.5777558961718025,0.8622758675616641,0.9540919558538883,0.11993003170438388,0.15157975292445602
2019-01-31 13:00:00,-0.029461424863054586,0.020765871742455255,-0.04431715099021405,0.06585854927508421,0.5772117695673132,0.8280548459060237,0.8967769044892294,0.1200524819593265,0.15170566367811067
2019-02-01 01:00:00,-0.04177073909330076,0.005296273459958201,-0.05068420449444089,0.057280397315899914,0.6277971223136578,0.9999999999999999,0.8967769044892294,0.10387931034482745,0.1350754310344826
2019-02-01 13:00:00,-0.05285155650123097,-0.004427351210612551,-0.061438748683117494,0.058952896145786506,0.6691542773052312,1.0,0.9426849486353415,0.08862911795961748,0.11939426142401688
2019-02-02 01:00:00,-0.0669272671561516,-0.012283866480335637,-0.08128607088918449,0.0723889176544353,0.7139202743755243,1.0000000000000002,1.0000000000000002,0.06931106471816273,0.09953027139874737
2019-02-02 13:00:00,-0.09046670511226762,-0.024524440301003092,-0.11506818231756233,0.09733754350512377,0.7705598933677031,1.0,1.0000000000000002,0.038102959059586494,0.06744021078232665
2019-02-03 01:00:00,-0.08112471943631683,-0.007782356296560988,-0.11009992463784679,0.10872600295382477,0.7351818685219227,0.7521901222246001,0.9173967074082001,0.04498622870549829,0.07451800469244119
2019-02-03 13:00:00,-0.06524521086359836,0.012635558505156963,-0.09777628698197882,0.11532110701723641,0.6648815064086687,0.0,0.5840633740748669,0.06001655629139058,0.08997309602648995
2019-02-04 01:00:00,-0.07460741504703738,0.007259048507932464,-0.11077140301068988,0.12447268169540421,0.6943216973845051,0.27858289497973393,0.34359100573477813,0.04594649785582994,0.07550541147641399
2019-02-04 13:00:00,-0.07673643102530803,0.009711801908293571,-0.11698083744128862,0.1338728448237323,0.7062915294555735,0.3918494995855408,0.22347746485509173,0.040000000000000036,0.06939086294416241
2019-02-05 01:00:00,-0.07309631495731006,0.017182667699058962,-0.1177312809267338,0.14205570046733074,0.7025879739942538,0.5363623522285679,0.40226491559794764,0.04073961190693898,0.07015137661282123
2019-02-05 13:00:00,-0.07499933500189293,0.01901155059774462,-0.1227100146236142,0.14947155031286366,0.7147827319162292,1.0,0.6427372839380364,0.0351657235246563,0.0644199676637025
2019-02-06 01:00:00,-0.03928035587445933,0.05809002317056722,-0.08760594940694677,0.1478783558998628,0.5526945596658764,0.0,0.5121207840761894,0.07334450963956396,0.10367770326906944
2019-02-06 13:00:00,-0.045317680693164,0.05112519904450541,-0.09111272892084377,0.1451398193975522,0.5759367483894647,0.14339225620787244,0.38113075206929087,0.06453288995115858,0.0946170632858776
2019-02-07 01:00:00,-0.05863416467102267,0.03563245579544039,-0.09906254573820439,0.1391067792948036,0.6193463957097475,0.41120727761014014,0.18486651127267098,0.04701553556827487,0.07660466067048244
2019-02-07 13:00:00,-0.05614986447681625,0.03741408430697524,-0.09254595917918984,0.1336440674892815,0.6184993951436066,0.4059817231826857,0.3201937523335662,0.04722960539766907,0.07682478020854622
2019-02-08 01:00:00,-0.1514901151163368,-0.04506204136205416,-0.2014391902773951,0.1783601468526233,0.7957921551152822,1.0,0.605729666930942,-0.06541373962229724,-0.03900191588358737
2019-02-08 13:00:00,-0.20145471674217597,-0.06685203928986605,-0.2766302856591485,0.2532761944273558,0.8478969870960321,1.0,0.8019939077275618,-0.1295037389530932,-0.1049031271244053
